-- MySQL dump 10.11
--
-- Host: localhost    Database: digitalgreen
-- ------------------------------------------------------
-- Server version	5.0.51a-3ubuntu5.4

/*!40101 SET @OLD_CHARACTER_SET_CLIENT=@@CHARACTER_SET_CLIENT */;
/*!40101 SET @OLD_CHARACTER_SET_RESULTS=@@CHARACTER_SET_RESULTS */;
/*!40101 SET @OLD_COLLATION_CONNECTION=@@COLLATION_CONNECTION */;
/*!40101 SET NAMES utf8 */;
/*!40103 SET @OLD_TIME_ZONE=@@TIME_ZONE */;
/*!40103 SET TIME_ZONE='+00:00' */;
/*!40014 SET @OLD_UNIQUE_CHECKS=@@UNIQUE_CHECKS, UNIQUE_CHECKS=0 */;
/*!40014 SET @OLD_FOREIGN_KEY_CHECKS=@@FOREIGN_KEY_CHECKS, FOREIGN_KEY_CHECKS=0 */;
/*!40101 SET @OLD_SQL_MODE=@@SQL_MODE, SQL_MODE='NO_AUTO_VALUE_ON_ZERO' */;
/*!40111 SET @OLD_SQL_NOTES=@@SQL_NOTES, SQL_NOTES=0 */;

--
-- Table structure for table `ANIMATOR`
--

DROP TABLE IF EXISTS `ANIMATOR`;
SET @saved_cs_client     = @@character_set_client;
SET character_set_client = utf8;
CREATE TABLE `ANIMATOR` (
  `id` int(11) NOT NULL auto_increment,
  `NAME` varchar(100) NOT NULL,
  `AGE` int(11) default NULL,
  `GENDER` varchar(1) NOT NULL,
  `CSP_FLAG` tinyint(1) default NULL,
  `CAMERA_OPERATOR_FLAG` tinyint(1) default NULL,
  `FACILITATOR_FLAG` tinyint(1) default NULL,
  `PHONE_NO` varchar(100) NOT NULL,
  `ADDRESS` varchar(500) NOT NULL,
  `partner_id` int(11) NOT NULL,
  `home_village_id` int(11) NOT NULL,
  `equipmentholder_id` int(11) default NULL,
  PRIMARY KEY  (`id`),
  KEY `ANIMATOR_partner_id` (`partner_id`),
  KEY `ANIMATOR_home_village_id` (`home_village_id`),
  KEY `ANIMATOR_equipmentholder_id` (`equipmentholder_id`)
) ENGINE=MyISAM AUTO_INCREMENT=105 DEFAULT CHARSET=latin1;
SET character_set_client = @saved_cs_client;

--
-- Dumping data for table `ANIMATOR`
--

LOCK TABLES `ANIMATOR` WRITE;
/*!40000 ALTER TABLE `ANIMATOR` DISABLE KEYS */;
INSERT INTO `ANIMATOR` VALUES (34,'Salim',NULL,'M',NULL,1,NULL,'','',1,25,NULL),(33,'Shyam',38,'M',1,0,0,'','Navatoli, Torpa',1,97,NULL),(85,'Sadanand',NULL,'M',1,1,1,'','',2,44,NULL),(58,'Bihar Singh',29,'M',0,1,1,'09938314839','Kendumudhi,Orissa',1,70,NULL),(83,'Shilwanti Gagrai',NULL,'F',0,1,1,'','',1,93,NULL),(84,'John Singh Diggi',NULL,'M',0,NULL,1,'','',1,91,NULL),(55,'Kalappa Badiger',30,'M',NULL,NULL,1,'','',2,50,NULL),(35,'Sameer',21,'M',1,0,0,'','',1,29,NULL),(43,'Ramlal Alawa',21,'M',1,1,NULL,'9770022849','Mansingpura',4,33,NULL),(44,'Jyoti',18,'F',1,1,NULL,'9669422105','SPS Neemkhada',4,34,NULL),(39,'Sameer',21,'M',1,0,0,'','',1,29,NULL),(40,'Habil',NULL,'M',0,0,1,'','',1,26,NULL),(41,'Sudeep',NULL,'M',NULL,NULL,1,'','',1,28,NULL),(42,'Asiyan Gudia',NULL,'M',1,0,NULL,'','',1,31,NULL),(45,'Kalpna Solanki',18,'F',1,1,0,'+919302453156','',4,35,NULL),(46,'Sikdar Lahra',NULL,'M',0,0,1,'917961054','Pandutalab',4,37,NULL),(47,'Mohan Mujalde',NULL,'M',0,0,1,'','Pandutalab',4,37,NULL),(48,'Papu',NULL,'M',0,0,1,'9165368276','Pandutalab',4,37,NULL),(49,'Vandana',NULL,'F',NULL,NULL,NULL,'','',2,43,NULL),(50,'Channabasappa',NULL,'M',NULL,NULL,NULL,'','',2,45,NULL),(51,'Taramati',NULL,'F',NULL,NULL,NULL,'','',2,46,NULL),(52,'Laxmi',NULL,'F',NULL,NULL,NULL,'','',2,47,NULL),(53,'Mahadevi',NULL,'F',1,1,1,'','',2,48,NULL),(54,'Patil',NULL,'M',NULL,NULL,NULL,'','',2,49,NULL),(59,'Koutaki Nayak',26,'F',1,1,1,'','',1,52,NULL),(76,'Bihar Singh',32,'M',0,1,1,'09938314839','Kendumundhi',1,70,NULL),(62,'Ramakant',32,'M',1,0,0,'09178623616','',1,52,NULL),(63,'Hrushikesh Goipai',28,'M',1,1,1,'09338919118','Ektali,Orissa',1,55,NULL),(87,'Hiremath',NULL,'M',NULL,NULL,1,'','',2,95,NULL),(88,'N.U.Bulla ',NULL,'M',1,NULL,1,'','',2,44,NULL),(89,'Ram',NULL,'M',1,1,1,'','',2,44,NULL),(90,'Ram',NULL,'M',1,1,1,'','',2,48,NULL),(91,'Ramesh',NULL,'M',NULL,NULL,1,'','',2,43,NULL),(81,'Jaishree Diggi',NULL,'F',NULL,1,1,'','',1,91,NULL),(77,'Paray Pingua',NULL,'M',1,0,0,'','',1,62,NULL),(79,'Paribal',NULL,'M',1,NULL,NULL,'','',1,80,NULL),(82,'Arti Bodra',NULL,'F',NULL,1,1,'','',1,92,NULL),(78,'Santosh Naik',NULL,'M',1,1,0,'','',1,70,NULL),(86,'Ram',NULL,'M',NULL,1,NULL,'','',2,95,NULL),(75,'Kuni Rani Sundhi',24,'F',1,0,0,'','Chandusahi',1,69,NULL),(92,'ram',NULL,'M',NULL,1,1,'','',2,43,NULL),(93,'Rajendran',NULL,'M',NULL,NULL,1,'','',2,44,NULL),(94,'N U Bulla',NULL,'M',NULL,NULL,1,'','',2,43,NULL),(95,'Mrs.Sujatha',NULL,'F',NULL,0,1,'','',2,46,NULL),(96,'Suraj',NULL,'M',NULL,NULL,NULL,'','',1,104,NULL),(97,'Markush',NULL,'M',0,1,1,'','',1,109,NULL),(98,'Maheswar',NULL,'M',0,1,1,'','',1,27,NULL),(99,'Mohan',NULL,'M',NULL,NULL,NULL,'','',1,27,NULL),(100,'Gurbari Jamuda',NULL,'F',1,NULL,NULL,'','',1,91,NULL),(101,'Savitri Melgandi',NULL,'F',1,0,0,'','',1,112,NULL),(102,'DR. Nadagouda',NULL,'M',1,1,NULL,'','',2,43,NULL),(103,'B.V kulkarni',NULL,'M',1,NULL,1,'','',2,47,NULL),(104,'Jeevan',NULL,'M',1,NULL,1,'','',1,119,NULL);
/*!40000 ALTER TABLE `ANIMATOR` ENABLE KEYS */;
UNLOCK TABLES;

--
-- Table structure for table `ANIMATOR_ASSIGNED_VILLAGE`
--

DROP TABLE IF EXISTS `ANIMATOR_ASSIGNED_VILLAGE`;
SET @saved_cs_client     = @@character_set_client;
SET character_set_client = utf8;
CREATE TABLE `ANIMATOR_ASSIGNED_VILLAGE` (
  `id` int(11) NOT NULL auto_increment,
  `animator_id` int(11) NOT NULL,
  `village_id` int(11) NOT NULL,
  `START_DATE` date default NULL,
  PRIMARY KEY  (`id`),
  KEY `ANIMATOR_ASSIGNED_VILLAGE_animator_id` (`animator_id`),
  KEY `ANIMATOR_ASSIGNED_VILLAGE_village_id` (`village_id`)
) ENGINE=MyISAM AUTO_INCREMENT=248 DEFAULT CHARSET=latin1;
SET character_set_client = @saved_cs_client;

--
-- Dumping data for table `ANIMATOR_ASSIGNED_VILLAGE`
--

LOCK TABLES `ANIMATOR_ASSIGNED_VILLAGE` WRITE;
/*!40000 ALTER TABLE `ANIMATOR_ASSIGNED_VILLAGE` DISABLE KEYS */;
INSERT INTO `ANIMATOR_ASSIGNED_VILLAGE` VALUES (37,34,24,NULL),(36,34,25,NULL),(35,34,26,NULL),(126,63,75,NULL),(124,63,73,NULL),(123,63,72,NULL),(122,63,71,NULL),(121,63,62,NULL),(58,62,53,NULL),(108,58,62,NULL),(56,59,52,'2009-11-19'),(38,35,28,NULL),(104,76,62,NULL),(40,40,26,NULL),(41,41,28,NULL),(42,41,27,NULL),(43,41,29,NULL),(44,41,30,NULL),(45,34,30,NULL),(46,39,28,NULL),(47,39,27,NULL),(48,39,29,NULL),(49,47,38,NULL),(50,54,49,NULL),(51,53,48,NULL),(52,51,46,NULL),(53,50,45,NULL),(54,49,43,NULL),(55,52,47,NULL),(125,63,74,NULL),(111,58,74,NULL),(110,58,73,NULL),(109,58,72,NULL),(107,58,60,NULL),(106,58,70,NULL),(105,58,71,NULL),(115,58,67,NULL),(114,58,76,NULL),(113,58,69,NULL),(74,75,69,NULL),(75,75,67,NULL),(112,58,75,NULL),(117,58,55,NULL),(116,58,52,NULL),(103,63,58,NULL),(120,58,79,NULL),(119,58,78,NULL),(118,58,77,NULL),(141,59,69,NULL),(140,59,75,NULL),(139,59,74,NULL),(138,59,73,NULL),(137,59,72,NULL),(136,59,71,NULL),(135,59,62,NULL),(134,63,70,NULL),(133,63,79,NULL),(132,63,78,NULL),(131,63,77,NULL),(130,63,52,NULL),(129,63,67,NULL),(128,63,76,NULL),(127,63,69,NULL),(98,63,55,NULL),(99,63,57,NULL),(100,63,56,NULL),(101,63,59,NULL),(102,63,60,NULL),(142,59,76,NULL),(143,59,67,NULL),(144,59,55,NULL),(145,59,77,NULL),(146,59,78,NULL),(147,59,79,NULL),(148,59,70,NULL),(149,78,74,NULL),(150,78,72,NULL),(151,78,70,NULL),(152,79,80,NULL),(153,79,81,NULL),(154,79,82,NULL),(155,79,83,NULL),(156,79,84,NULL),(157,77,62,NULL),(158,77,63,NULL),(159,62,52,NULL),(160,75,86,NULL),(161,75,87,NULL),(162,75,88,NULL),(163,63,89,NULL),(164,84,94,NULL),(165,84,91,NULL),(166,81,91,NULL),(167,81,94,NULL),(168,81,93,NULL),(169,82,93,NULL),(170,82,91,NULL),(171,83,93,NULL),(172,85,44,NULL),(173,55,50,NULL),(174,85,45,NULL),(175,50,45,NULL),(176,91,45,NULL),(177,91,44,NULL),(178,91,45,NULL),(179,52,45,NULL),(180,50,48,NULL),(181,52,50,NULL),(182,55,50,NULL),(183,51,101,NULL),(184,55,101,NULL),(185,92,44,NULL),(186,93,44,NULL),(187,50,48,NULL),(188,50,47,NULL),(189,50,46,NULL),(190,51,47,NULL),(191,85,43,NULL),(192,87,43,NULL),(193,86,95,NULL),(194,87,95,NULL),(195,92,44,NULL),(196,87,44,NULL),(197,94,44,NULL),(198,86,48,NULL),(199,95,46,NULL),(200,86,46,NULL),(201,34,104,NULL),(202,96,104,NULL),(203,96,31,NULL),(204,96,103,NULL),(205,42,31,NULL),(206,42,102,NULL),(207,42,103,NULL),(208,33,97,NULL),(209,33,98,NULL),(210,33,100,NULL),(211,33,96,NULL),(212,33,99,NULL),(213,35,27,NULL),(214,35,29,NULL),(215,34,96,NULL),(216,82,105,NULL),(217,83,105,NULL),(218,83,107,NULL),(219,83,106,NULL),(220,82,107,NULL),(221,82,106,NULL),(222,97,25,NULL),(223,98,27,NULL),(224,99,27,NULL),(225,98,110,NULL),(226,34,110,NULL),(227,100,91,NULL),(228,101,113,NULL),(229,75,68,NULL),(230,75,68,NULL),(231,101,112,NULL),(232,102,47,NULL),(233,50,50,NULL),(234,52,115,NULL),(235,50,115,NULL),(236,50,44,NULL),(237,85,48,NULL),(238,102,44,NULL),(239,85,116,NULL),(240,50,116,NULL),(241,103,47,NULL),(242,54,49,NULL),(243,52,49,NULL),(244,102,49,NULL),(245,52,118,NULL),(246,55,118,NULL),(247,50,43,NULL);
/*!40000 ALTER TABLE `ANIMATOR_ASSIGNED_VILLAGE` ENABLE KEYS */;
UNLOCK TABLES;

--
-- Table structure for table `ANIMATOR_SALARY_PER_MONTH`
--

DROP TABLE IF EXISTS `ANIMATOR_SALARY_PER_MONTH`;
SET @saved_cs_client     = @@character_set_client;
SET character_set_client = utf8;
CREATE TABLE `ANIMATOR_SALARY_PER_MONTH` (
  `id` int(11) NOT NULL auto_increment,
  `animator_id` int(11) NOT NULL,
  `DATE` date NOT NULL,
  `TOTAL_SALARY` double default NULL,
  `PAY_DATE` date default NULL,
  PRIMARY KEY  (`id`),
  KEY `ANIMATOR_SALARY_PER_MONTH_animator_id` (`animator_id`)
) ENGINE=MyISAM DEFAULT CHARSET=latin1;
SET character_set_client = @saved_cs_client;

--
-- Dumping data for table `ANIMATOR_SALARY_PER_MONTH`
--

LOCK TABLES `ANIMATOR_SALARY_PER_MONTH` WRITE;
/*!40000 ALTER TABLE `ANIMATOR_SALARY_PER_MONTH` DISABLE KEYS */;
/*!40000 ALTER TABLE `ANIMATOR_SALARY_PER_MONTH` ENABLE KEYS */;
UNLOCK TABLES;

--
-- Table structure for table `BLOCK`
--

DROP TABLE IF EXISTS `BLOCK`;
SET @saved_cs_client     = @@character_set_client;
SET character_set_client = utf8;
CREATE TABLE `BLOCK` (
  `id` int(11) NOT NULL auto_increment,
  `BLOCK_NAME` varchar(100) NOT NULL,
  `START_DATE` date default NULL,
  `district_id` int(11) NOT NULL,
  PRIMARY KEY  (`id`),
  KEY `BLOCK_district_id` (`district_id`)
) ENGINE=MyISAM AUTO_INCREMENT=31 DEFAULT CHARSET=latin1;
SET character_set_client = @saved_cs_client;

--
-- Dumping data for table `BLOCK`
--

LOCK TABLES `BLOCK` WRITE;
/*!40000 ALTER TABLE `BLOCK` DISABLE KEYS */;
INSERT INTO `BLOCK` VALUES (1,'Samnapur',NULL,1),(2,'Saka',NULL,1),(3,'Mogaon',NULL,2),(4,'Bagli',NULL,3),(5,'Jhikpani',NULL,4),(6,'Chaibasa',NULL,4),(7,'Chakradhapur',NULL,4),(8,'Hatgamaria',NULL,4),(9,'Torpa',NULL,5),(10,'Erki',NULL,5),(11,'Murhu',NULL,5),(12,'Karanjia',NULL,6),(13,'Jashipur',NULL,6),(14,'Purulia',NULL,7),(15,'Surshettikoppa',NULL,8),(16,'Kushalnagar',NULL,9),(17,'Kodugu',NULL,9),(18,'Hunsur',NULL,9),(19,'Kanakapura',NULL,10),(25,'ss koppa',NULL,8),(24,'Khunti',NULL,5),(26,'kalgattigi',NULL,8),(27,'Jashipur',NULL,14),(29,'Bandhgaon',NULL,4),(30,'Sonua',NULL,4);
/*!40000 ALTER TABLE `BLOCK` ENABLE KEYS */;
UNLOCK TABLES;

--
-- Table structure for table `DEVELOPMENT_MANAGER`
--

DROP TABLE IF EXISTS `DEVELOPMENT_MANAGER`;
SET @saved_cs_client     = @@character_set_client;
SET character_set_client = utf8;
CREATE TABLE `DEVELOPMENT_MANAGER` (
  `id` int(11) NOT NULL auto_increment,
  `NAME` varchar(100) NOT NULL,
  `AGE` int(11) default NULL,
  `GENDER` varchar(1) NOT NULL,
  `HIRE_DATE` date default NULL,
  `PHONE_NO` varchar(100) NOT NULL,
  `ADDRESS` varchar(500) NOT NULL,
  `SPECIALITY` longtext NOT NULL,
  `region_id` int(11) NOT NULL,
  `START_DAY` date default NULL,
  `equipmentholder_id` int(11) default NULL,
  `SALARY` double default NULL,
  PRIMARY KEY  (`id`),
  KEY `DEVELOPMENT_MANAGER_region_id` (`region_id`),
  KEY `DEVELOPMENT_MANAGER_equipmentholder_id` (`equipmentholder_id`)
) ENGINE=MyISAM AUTO_INCREMENT=4 DEFAULT CHARSET=latin1;
SET character_set_client = @saved_cs_client;

--
-- Dumping data for table `DEVELOPMENT_MANAGER`
--

LOCK TABLES `DEVELOPMENT_MANAGER` WRITE;
/*!40000 ALTER TABLE `DEVELOPMENT_MANAGER` DISABLE KEYS */;
INSERT INTO `DEVELOPMENT_MANAGER` VALUES (1,'Dr. Nadagouda',NULL,'M',NULL,'','','',3,NULL,NULL,NULL),(2,'Mr. Avinash Upadhyay',34,'M','2009-06-01','+91 94370 54909','Plot-424, Saheed Nagar, Bhubaneswar, Orissa, Pin-751007','Natural Resource Management, Livelihoods esppecially agriculture and forestry and environmental pollution',2,NULL,NULL,NULL),(3,'Mr. Gulzar',NULL,'M',NULL,'','','',1,NULL,NULL,NULL);
/*!40000 ALTER TABLE `DEVELOPMENT_MANAGER` ENABLE KEYS */;
UNLOCK TABLES;

--
-- Table structure for table `DISTRICT`
--

DROP TABLE IF EXISTS `DISTRICT`;
SET @saved_cs_client     = @@character_set_client;
SET character_set_client = utf8;
CREATE TABLE `DISTRICT` (
  `id` int(11) NOT NULL auto_increment,
  `DISTRICT_NAME` varchar(100) NOT NULL,
  `START_DATE` date default NULL,
  `state_id` int(11) NOT NULL,
  `fieldofficer_id` int(11) NOT NULL,
  `FIELDOFFICER_STARTDAY` date default NULL,
  `partner_id` int(11) NOT NULL,
  PRIMARY KEY  (`id`),
  KEY `DISTRICT_state_id` (`state_id`),
  KEY `DISTRICT_fieldofficer_id` (`fieldofficer_id`),
  KEY `DISTRICT_partner_id` (`partner_id`)
) ENGINE=MyISAM AUTO_INCREMENT=16 DEFAULT CHARSET=latin1;
SET character_set_client = @saved_cs_client;

--
-- Dumping data for table `DISTRICT`
--

LOCK TABLES `DISTRICT` WRITE;
/*!40000 ALTER TABLE `DISTRICT` DISABLE KEYS */;
INSERT INTO `DISTRICT` VALUES (1,'Dindori ',NULL,1,10,NULL,1),(2,'Mandla ',NULL,1,10,NULL,1),(3,'Dewas',NULL,1,1,NULL,4),(4,'West Singhbum',NULL,2,2,NULL,1),(5,'Khunti ',NULL,2,3,NULL,1),(6,'Karanjia ',NULL,3,4,NULL,1),(7,'Purulia ',NULL,4,4,NULL,1),(8,'Dharwad ',NULL,5,5,NULL,2),(9,'Kushalnagar ',NULL,5,6,NULL,2),(10,'Bangalore Rural',NULL,5,6,NULL,3),(14,'Mayurbhanj',NULL,3,4,NULL,1);
/*!40000 ALTER TABLE `DISTRICT` ENABLE KEYS */;
UNLOCK TABLES;

--
-- Table structure for table `EQUIPMENT_HOLDER`
--

DROP TABLE IF EXISTS `EQUIPMENT_HOLDER`;
SET @saved_cs_client     = @@character_set_client;
SET character_set_client = utf8;
CREATE TABLE `EQUIPMENT_HOLDER` (
  `id` int(11) NOT NULL auto_increment,
  `content_type_id` int(11) NOT NULL,
  `object_id` int(10) unsigned NOT NULL,
  PRIMARY KEY  (`id`),
  KEY `EQUIPMENT_HOLDER_content_type_id` (`content_type_id`)
) ENGINE=MyISAM AUTO_INCREMENT=11 DEFAULT CHARSET=latin1;
SET character_set_client = @saved_cs_client;

--
-- Dumping data for table `EQUIPMENT_HOLDER`
--

LOCK TABLES `EQUIPMENT_HOLDER` WRITE;
/*!40000 ALTER TABLE `EQUIPMENT_HOLDER` DISABLE KEYS */;
INSERT INTO `EQUIPMENT_HOLDER` VALUES (1,11,1),(2,11,2),(3,11,3),(4,14,1),(5,14,2),(6,14,3),(7,14,4),(8,14,5),(9,14,6),(10,14,10);
/*!40000 ALTER TABLE `EQUIPMENT_HOLDER` ENABLE KEYS */;
UNLOCK TABLES;

--
-- Table structure for table `EQUIPMENT_ID`
--

DROP TABLE IF EXISTS `EQUIPMENT_ID`;
SET @saved_cs_client     = @@character_set_client;
SET character_set_client = utf8;
CREATE TABLE `EQUIPMENT_ID` (
  `id` int(11) NOT NULL auto_increment,
  `EQUIPMENT_TYPE` varchar(300) NOT NULL,
  `MODEL_NO` varchar(300) NOT NULL,
  `SERIAL_NO` varchar(300) NOT NULL,
  `COST` double default NULL,
  `PROCUREMENT_DATE` date default NULL,
  `WARRANTY_EXPIRATION_DATE` date default NULL,
  `equipmentholder_id` int(11) default NULL,
  PRIMARY KEY  (`id`),
  KEY `EQUIPMENT_ID_equipmentholder_id` (`equipmentholder_id`)
) ENGINE=MyISAM AUTO_INCREMENT=3 DEFAULT CHARSET=latin1;
SET character_set_client = @saved_cs_client;

--
-- Dumping data for table `EQUIPMENT_ID`
--

LOCK TABLES `EQUIPMENT_ID` WRITE;
/*!40000 ALTER TABLE `EQUIPMENT_ID` DISABLE KEYS */;
/*!40000 ALTER TABLE `EQUIPMENT_ID` ENABLE KEYS */;
UNLOCK TABLES;

--
-- Table structure for table `FIELD_OFFICER`
--

DROP TABLE IF EXISTS `FIELD_OFFICER`;
SET @saved_cs_client     = @@character_set_client;
SET character_set_client = utf8;
CREATE TABLE `FIELD_OFFICER` (
  `id` int(11) NOT NULL auto_increment,
  `NAME` varchar(100) NOT NULL,
  `AGE` int(11) default NULL,
  `GENDER` varchar(1) NOT NULL,
  `HIRE_DATE` date default NULL,
  `SALARY` double default NULL,
  `PHONE_NO` varchar(100) NOT NULL,
  `ADDRESS` varchar(500) NOT NULL,
  `reviewer_id` int(11) default NULL,
  `equipmentholder_id` int(11) default NULL,
  PRIMARY KEY  (`id`),
  KEY `FIELD_OFFICER_reviewer_id` (`reviewer_id`),
  KEY `FIELD_OFFICER_equipmentholder_id` (`equipmentholder_id`)
) ENGINE=MyISAM AUTO_INCREMENT=12 DEFAULT CHARSET=latin1;
SET character_set_client = @saved_cs_client;

--
-- Dumping data for table `FIELD_OFFICER`
--

LOCK TABLES `FIELD_OFFICER` WRITE;
/*!40000 ALTER TABLE `FIELD_OFFICER` DISABLE KEYS */;
INSERT INTO `FIELD_OFFICER` VALUES (1,'Kevin Gandhi',22,'M','2009-08-08',NULL,'9650924406','sps',NULL,NULL),(2,'Abhishek',NULL,'M',NULL,NULL,'','',NULL,NULL),(3,'Muthumari',NULL,'F',NULL,NULL,'','',NULL,NULL),(4,'Chandrashekhar',NULL,'M',NULL,NULL,'','',NULL,NULL),(5,'Ramachandra',NULL,'M',NULL,NULL,'','',NULL,NULL),(6,'Archana',NULL,'F',NULL,NULL,'','',NULL,NULL),(10,'Satyam Salil',NULL,'M','2009-10-05',NULL,'','',NULL,NULL);
/*!40000 ALTER TABLE `FIELD_OFFICER` ENABLE KEYS */;
UNLOCK TABLES;

--
-- Table structure for table `LANGUAGE`
--

DROP TABLE IF EXISTS `LANGUAGE`;
SET @saved_cs_client     = @@character_set_client;
SET character_set_client = utf8;
CREATE TABLE `LANGUAGE` (
  `id` int(11) NOT NULL auto_increment,
  `language_name` varchar(100) NOT NULL,
  PRIMARY KEY  (`id`)
) ENGINE=MyISAM AUTO_INCREMENT=147 DEFAULT CHARSET=latin1;
SET character_set_client = @saved_cs_client;

--
-- Dumping data for table `LANGUAGE`
--

LOCK TABLES `LANGUAGE` WRITE;
/*!40000 ALTER TABLE `LANGUAGE` DISABLE KEYS */;
INSERT INTO `LANGUAGE` VALUES (1,'Hindi'),(2,'English'),(3,'Mundari'),(4,'Sadri'),(19,'Telgu'),(132,'Santhali'),(127,'kannada'),(126,'Bengali'),(125,'Oriya'),(128,'Neemardi'),(123,'Ho');
/*!40000 ALTER TABLE `LANGUAGE` ENABLE KEYS */;
UNLOCK TABLES;

--
-- Table structure for table `MONTHLY_COST_PER_VILLAGE`
--

DROP TABLE IF EXISTS `MONTHLY_COST_PER_VILLAGE`;
SET @saved_cs_client     = @@character_set_client;
SET character_set_client = utf8;
CREATE TABLE `MONTHLY_COST_PER_VILLAGE` (
  `id` int(11) NOT NULL auto_increment,
  `village_id` int(11) NOT NULL,
  `DATE` date NOT NULL,
  `LABOR_COST` double default NULL,
  `EQUIPMENT_COST` double default NULL,
  `TRANSPORTATION_COST` double default NULL,
  `MISCELLANEOUS_COST` double default NULL,
  `TOTAL_COST` double default NULL,
  `PARTNERS_COST` double default NULL,
  `DIGITALGREEN_COST` double default NULL,
  `COMMUNITY_COST` double default NULL,
  PRIMARY KEY  (`id`),
  KEY `MONTHLY_COST_PER_VILLAGE_village_id` (`village_id`)
) ENGINE=MyISAM DEFAULT CHARSET=latin1;
SET character_set_client = @saved_cs_client;

--
-- Dumping data for table `MONTHLY_COST_PER_VILLAGE`
--

LOCK TABLES `MONTHLY_COST_PER_VILLAGE` WRITE;
/*!40000 ALTER TABLE `MONTHLY_COST_PER_VILLAGE` DISABLE KEYS */;
/*!40000 ALTER TABLE `MONTHLY_COST_PER_VILLAGE` ENABLE KEYS */;
UNLOCK TABLES;

--
-- Table structure for table `PARTNERS`
--

DROP TABLE IF EXISTS `PARTNERS`;
SET @saved_cs_client     = @@character_set_client;
SET character_set_client = utf8;
CREATE TABLE `PARTNERS` (
  `id` int(11) NOT NULL auto_increment,
  `PARTNER_NAME` varchar(100) NOT NULL,
  `DATE_OF_ASSOCIATION` date default NULL,
  `PHONE_NO` varchar(100) NOT NULL,
  `ADDRESS` varchar(500) NOT NULL,
  `reviewer_id` int(11) default NULL,
  `equipmentholder_id` int(11) default NULL,
  PRIMARY KEY  (`id`),
  KEY `PARTNERS_reviewer_id` (`reviewer_id`),
  KEY `PARTNERS_equipmentholder_id` (`equipmentholder_id`)
) ENGINE=MyISAM AUTO_INCREMENT=7 DEFAULT CHARSET=latin1;
SET character_set_client = @saved_cs_client;

--
-- Dumping data for table `PARTNERS`
--

LOCK TABLES `PARTNERS` WRITE;
/*!40000 ALTER TABLE `PARTNERS` DISABLE KEYS */;
INSERT INTO `PARTNERS` VALUES (1,'PRADAN',NULL,'','',NULL,NULL),(2,'BAIF',NULL,'','',NULL,NULL),(3,'GREEN Foundation',NULL,'','',NULL,NULL),(4,'SPS',NULL,'','',NULL,NULL);
/*!40000 ALTER TABLE `PARTNERS` ENABLE KEYS */;
UNLOCK TABLES;

--
-- Table structure for table `PERSON`
--

DROP TABLE IF EXISTS `PERSON`;
SET @saved_cs_client     = @@character_set_client;
SET character_set_client = utf8;
CREATE TABLE `PERSON` (
  `id` int(11) NOT NULL auto_increment,
  `PERSON_NAME` varchar(100) NOT NULL,
  `FATHER_NAME` varchar(100) NOT NULL,
  `AGE` int(11) default NULL,
  `GENDER` varchar(1) NOT NULL,
  `PHONE_NO` varchar(100) NOT NULL,
  `ADDRESS` varchar(500) NOT NULL,
  `LAND_HOLDINGS` int(11) default NULL,
  `village_id` int(11) NOT NULL,
  `group_id` int(11) default NULL,
  `equipmentholder_id` int(11) default NULL,
  PRIMARY KEY  (`id`),
  KEY `PERSON_village_id` (`village_id`),
  KEY `PERSON_group_id` (`group_id`),
  KEY `PERSON_equipmentholder_id` (`equipmentholder_id`)
) ENGINE=MyISAM AUTO_INCREMENT=3086 DEFAULT CHARSET=latin1;
SET character_set_client = @saved_cs_client;

--
-- Dumping data for table `PERSON`
--

LOCK TABLES `PERSON` WRITE;
/*!40000 ALTER TABLE `PERSON` DISABLE KEYS */;
INSERT INTO `PERSON` VALUES (109,'Rahil Gudia','',NULL,'F','','',NULL,29,81,NULL),(110,'Salomi Gudia','',NULL,'F','','',NULL,29,81,NULL),(106,'Subatra devi','',NULL,'F','','',NULL,29,81,NULL),(107,'Milo Devi','',NULL,'F','','',NULL,29,81,NULL),(108,'Milo Kumari','',NULL,'F','','',NULL,29,81,NULL),(104,'Sulil','',NULL,'M','','',NULL,26,76,NULL),(105,'Dropathi Devi','',NULL,'F','','',NULL,29,81,NULL),(279,'devemma','',NULL,'F','','',NULL,50,117,NULL),(280,'chenama','',NULL,'F','','',NULL,50,117,NULL),(281,'saraswati','',NULL,'F','','',NULL,50,117,NULL),(282,'Jyosnamayee Nayak','',NULL,'F','','',NULL,52,134,NULL),(283,'Padmasani Nayak','',NULL,'F','','',NULL,52,134,NULL),(284,'Dalimba Nayak','',NULL,'F','','',NULL,52,134,NULL),(285,'Tribeni Nayak','',NULL,'F','','',NULL,52,134,NULL),(946,'Smt. Sulochana Dei','',NULL,'F','','',NULL,68,141,NULL),(945,'Smt. Binodini Dei','',NULL,'F','','',NULL,68,141,NULL),(944,'Smt. Laxmi Dei','',NULL,'F','','',NULL,68,141,NULL),(289,'Droupadri Nayak(A)','',NULL,'F','','',NULL,52,134,NULL),(111,'Bahamani Gudia','',NULL,'F','','',NULL,29,81,NULL),(112,'Gaangi Gudia','',NULL,'F','','',NULL,29,81,NULL),(113,'Juliani Gudia','',NULL,'F','','',NULL,29,81,NULL),(114,'Sibiyani Gudia','',NULL,'F','','',NULL,29,81,NULL),(115,'Magdali Kandulona','',NULL,'F','','',NULL,29,81,NULL),(116,'Magadali Gudia','',NULL,'F','','',NULL,29,81,NULL),(117,'Somari Gudia','',NULL,'F','','',NULL,29,81,NULL),(118,'Munni Gudia','',NULL,'F','','',NULL,29,81,NULL),(119,'Binna Gudia','',NULL,'F','','',NULL,29,81,NULL),(120,'Pyari Devi','',NULL,'F','','',NULL,29,81,NULL),(121,'Ethwari Gudia','',NULL,'F','','',NULL,29,81,NULL),(122,'Hanna Bhengra','',NULL,'F','','',NULL,28,80,NULL),(123,'Barosi Bhengra','',NULL,'F','','',NULL,28,80,NULL),(124,'Jyoti Bhengra','',NULL,'F','','',NULL,28,80,NULL),(125,'Kuwari Bhengra','',NULL,'F','','',NULL,28,80,NULL),(126,'Mukta Bhengra','',NULL,'F','','',NULL,28,80,NULL),(127,'Somari Bhengra','',NULL,'F','','',NULL,28,80,NULL),(128,'Saniyaro Bhengra','',NULL,'F','','',NULL,28,80,NULL),(129,'Agata Bhengra','',NULL,'F','','',NULL,28,80,NULL),(130,'Gaangi Bhengra','',NULL,'F','','',NULL,28,80,NULL),(131,'Chandu Bhengra','',NULL,'F','','',NULL,28,80,NULL),(132,'Sushma Bhengra','',NULL,'F','','',NULL,28,80,NULL),(133,'Ethwari badh','',NULL,'F','','',NULL,28,80,NULL),(134,'Jano Bhengra','',NULL,'F','','',NULL,28,80,NULL),(135,'Birsi Bhengra','',NULL,'F','','',NULL,28,80,NULL),(136,'Birsi Bhengra','',NULL,'F','','',NULL,28,80,NULL),(137,'Shanti Bhengra','',NULL,'F','','',NULL,28,79,NULL),(138,'Sumanti Bhengra','',NULL,'F','','',NULL,28,79,NULL),(139,'Pyaro Bhengra','',NULL,'F','','',NULL,28,79,NULL),(140,'Josphina Bhengra','',NULL,'F','','',NULL,28,79,NULL),(141,'Jhony Topno','',NULL,'F','','',NULL,28,79,NULL),(142,'Birsi Topno','',NULL,'F','','',NULL,28,79,NULL),(143,'Jhariyo Topno','',NULL,'F','','',NULL,28,79,NULL),(144,'Ushki Topno','',NULL,'F','','',NULL,28,79,NULL),(145,'Gaangimuni Topno','',NULL,'F','','',NULL,28,79,NULL),(146,'Dashmi Topno','',NULL,'F','','',NULL,28,79,NULL),(147,'Chami Topno','',NULL,'F','','',NULL,28,79,NULL),(148,'Somari Topna','',NULL,'F','','',NULL,28,79,NULL),(149,'Nandi Bhengra','',NULL,'F','','',NULL,28,79,NULL),(150,'Mukta Bhengra','',NULL,'F','','',NULL,28,79,NULL),(151,'Jhony Bhengra','',NULL,'F','','',NULL,28,79,NULL),(152,'Anju Bhengra','',NULL,'F','','',NULL,28,79,NULL),(153,'Sushila Bhengra','',NULL,'F','','',NULL,28,79,NULL),(154,'Samme Bhengra','',NULL,'F','','',NULL,28,78,NULL),(155,'Dulari Bhengra','',NULL,'F','','',NULL,28,78,NULL),(156,'Sunita Gudia','',NULL,'F','','',NULL,28,78,NULL),(157,'Jagangi Gudia','',NULL,'F','','',NULL,28,78,NULL),(158,'Hanna Gudia','',NULL,'F','','',NULL,28,78,NULL),(159,'Butan Hemrom','',NULL,'F','','',NULL,28,78,NULL),(160,'MuniBhengra','',NULL,'F','','',NULL,28,78,NULL),(161,'Randai Bhengra','',NULL,'F','','',NULL,28,78,NULL),(162,'Budhni Bhengra','',NULL,'F','','',NULL,28,78,NULL),(163,'Somari Bhengra','',NULL,'F','','',NULL,28,78,NULL),(164,'Luisa Bhengra','',NULL,'F','','',NULL,28,78,NULL),(165,'Rahil Bhengra','',NULL,'F','','',NULL,28,78,NULL),(166,'Chandu Bhengra','',NULL,'F','','',NULL,28,78,NULL),(167,'Chirlu Bhengra','',NULL,'F','','',NULL,28,78,NULL),(168,'Pratima Bhengra','',NULL,'F','','',NULL,28,78,NULL),(169,'Gaangi Bhengra','',NULL,'F','','',NULL,28,78,NULL),(170,'Jhingi Bhengra','',NULL,'F','','',NULL,28,78,NULL),(171,'Chami Bhengra','',NULL,'F','','',NULL,28,78,NULL),(172,'Singi Bhengra','',NULL,'F','','',NULL,28,78,NULL),(173,'Radhi Bhengra','',NULL,'F','','',NULL,28,78,NULL),(174,'Lalita Devi','',NULL,'F','','',NULL,27,77,NULL),(175,'Pushpa devi','',NULL,'F','','',NULL,27,77,NULL),(176,'Bimala Devi A','',NULL,'F','','',NULL,27,77,NULL),(177,'Kalavati Devi ','',NULL,'F','','',NULL,27,77,NULL),(178,'Dasmi Devi','',NULL,'F','','',NULL,27,77,NULL),(179,'Malati devi A','',NULL,'F','','',NULL,27,77,NULL),(180,'Kunti Devi A','',NULL,'F','','',NULL,27,77,NULL),(181,'Shanti Devi','',NULL,'F','','',NULL,27,77,NULL),(182,'Bijan Devi','',NULL,'F','','',NULL,27,77,NULL),(183,'Rajmuni Devi','',NULL,'F','','',NULL,27,77,NULL),(184,'Malati devi B','',NULL,'F','','',NULL,27,77,NULL),(185,'Nankur Devi','',NULL,'F','','',NULL,27,77,NULL),(186,'Mankuwar Devi','',NULL,'F','','',NULL,27,77,NULL),(187,'Itwari Devi','',NULL,'F','','',NULL,27,77,NULL),(188,'Bimala Devi B','',NULL,'F','','',NULL,27,77,NULL),(189,'Rita Devi','',NULL,'F','','',NULL,27,77,NULL),(190,'Bolo Devi','',NULL,'F','','',NULL,27,77,NULL),(191,'Urmila Devi','',NULL,'F','','',NULL,27,77,NULL),(192,'Achcheswar Singh','',NULL,'M','','',NULL,30,82,NULL),(193,'Tej Devi','',NULL,'F','','',NULL,25,83,NULL),(194,'Rahil Topno','',NULL,'F','','',NULL,25,83,NULL),(195,'Lakshman','',NULL,'M','','',NULL,38,88,NULL),(196,'Gender Singh','',NULL,'M','','',NULL,38,88,NULL),(197,'Hajari','',NULL,'M','','',NULL,38,88,NULL),(198,'Naval','',NULL,'M','','',NULL,38,88,NULL),(199,'Ramesh','',NULL,'M','','',NULL,38,88,NULL),(200,'Nahar Singh','',NULL,'M','','',NULL,38,88,NULL),(201,'Birmal','',NULL,'M','','',NULL,38,88,NULL),(202,'Amar Singh','',NULL,'M','','',NULL,38,88,NULL),(203,'Kailash','',NULL,'M','','',NULL,38,88,NULL),(204,'Bhim Singh','',NULL,'M','','',NULL,38,88,NULL),(205,'Nan Singh','',NULL,'M','','',NULL,38,88,NULL),(206,'Dema','',NULL,'M','','',NULL,38,88,NULL),(207,'Manohar','',NULL,'M','','',NULL,38,88,NULL),(208,'Jamla','',NULL,'M','','',NULL,38,88,NULL),(209,'Bhayla','',NULL,'M','','',NULL,38,88,NULL),(210,'Rakesh','',NULL,'M','','',NULL,38,88,NULL),(211,'Nagappa Jaygoudar','',NULL,'M','','',NULL,50,116,NULL),(212,'Ramesh kamplikoppa','',NULL,'M','','',NULL,50,116,NULL),(213,'Shankarappa chinchali','',NULL,'M','','',NULL,50,116,NULL),(214,'Basappa goudara','',NULL,'M','','',NULL,50,116,NULL),(215,'Lingareddy naduvinamnai','',NULL,'M','','',NULL,50,116,NULL),(216,'Nagaraj muttagi','',NULL,'M','','',NULL,50,116,NULL),(217,'Nigappa sherewad','',NULL,'M','','',NULL,50,116,NULL),(218,'Chanabasappa shetteppanavar','',NULL,'M','','',NULL,50,116,NULL),(219,'Swamiji','',NULL,'M','','',NULL,50,116,NULL),(220,'Ireppa kabber','',NULL,'M','','',NULL,50,116,NULL),(221,'Parappa ganti','',NULL,'M','','',NULL,50,116,NULL),(222,'Irapaiah neeralagi','',NULL,'M','','',NULL,50,116,NULL),(223,'Fakirappa siddappanavar','',NULL,'M','','',NULL,50,116,NULL),(224,'Kubergouda doddagoudar','',NULL,'M','','',NULL,50,116,NULL),(225,'Honavva','',NULL,'F','','',NULL,50,116,NULL),(226,'Reshma','',NULL,'F','','',NULL,50,116,NULL),(227,'Sharravva','',NULL,'F','','',NULL,50,116,NULL),(228,'Gangamma','',NULL,'F','','',NULL,50,116,NULL),(229,'Kammalavva','',NULL,'F','','',NULL,50,116,NULL),(230,'Sahebi','',NULL,'F','','',NULL,50,116,NULL),(231,'Paravva','',NULL,'F','','',NULL,50,116,NULL),(232,'Rajibi','',NULL,'F','','',NULL,50,116,NULL),(233,'Manjula','',NULL,'F','','',NULL,50,116,NULL),(234,'Yallamma','',NULL,'F','','',NULL,50,116,NULL),(235,'Tayavva','',NULL,'F','','',NULL,50,116,NULL),(236,'Renuka','',NULL,'F','','',NULL,50,116,NULL),(237,'Tippava','',NULL,'F','','',NULL,50,116,NULL),(238,'Manjula ','',NULL,'F','','',NULL,50,116,NULL),(239,'Devakka','',NULL,'F','','',NULL,50,116,NULL),(240,'Savavva','',NULL,'F','','',NULL,50,116,NULL),(241,'Madevi Ganti','',NULL,'F','','',NULL,50,116,NULL),(242,'Iravva hulugur','',NULL,'F','','',NULL,50,115,NULL),(243,'Shantavva','',NULL,'F','','',NULL,50,115,NULL),(244,'Ningavva','',NULL,'F','','',NULL,50,115,NULL),(245,'Devakka','',NULL,'F','','',NULL,50,115,NULL),(246,'Kamalavva','',NULL,'F','','',NULL,50,115,NULL),(247,'Sushilavva','',NULL,'F','','',NULL,50,115,NULL),(248,'Renavva','',NULL,'F','','',NULL,50,115,NULL),(249,'Iravva hulgur','',NULL,'F','','',NULL,50,115,NULL),(250,'Shivakka','',NULL,'F','','',NULL,50,115,NULL),(251,'Sarswati','',NULL,'F','','',NULL,50,115,NULL),(252,'Shekavva','',NULL,'F','','',NULL,50,115,NULL),(253,'Kallavva','',NULL,'F','','',NULL,50,115,NULL),(254,'Devakka','',NULL,'F','','',NULL,50,115,NULL),(255,'Manjula','',NULL,'F','','',NULL,50,115,NULL),(256,'Basavva','',NULL,'F','','',NULL,50,115,NULL),(257,'Nelavva','',NULL,'F','','',NULL,50,115,NULL),(258,'Yellavva ','',NULL,'F','','',NULL,50,115,NULL),(259,'Jayashri','',NULL,'F','','',NULL,50,115,NULL),(260,'Neelamma','',NULL,'F','','',NULL,50,115,NULL),(261,'Gangavva ','',NULL,'F','','',NULL,50,115,NULL),(262,'Gadigavva','',NULL,'F','','',NULL,50,115,NULL),(263,'Neelavva','',NULL,'F','','',NULL,50,115,NULL),(264,'Rudravva Jaygoudra','',NULL,'F','','',NULL,50,115,NULL),(265,'Fakiravva','',NULL,'F','','',NULL,50,115,NULL),(266,'Channavva','',NULL,'F','','',NULL,50,115,NULL),(267,'Madevi','',NULL,'F','','',NULL,50,115,NULL),(268,'Ratnavva','',NULL,'F','','',NULL,50,115,NULL),(269,'Parvatavva','',NULL,'F','','',NULL,50,115,NULL),(270,'Mallavva ','',NULL,'F','','',NULL,50,115,NULL),(271,'Gangavva','',NULL,'F','','',NULL,50,115,NULL),(272,'Hanumavva','',NULL,'F','','',NULL,50,115,NULL),(273,'Shantavva','',NULL,'F','','',NULL,50,115,NULL),(274,'Chanamma','',NULL,'F','','',NULL,50,115,NULL),(275,'Saraswati Aralikatti','',NULL,'F','','',NULL,50,115,NULL),(276,'Basavva','',NULL,'F','','',NULL,50,115,NULL),(277,'Shantavva','',NULL,'F','','',NULL,50,115,NULL),(278,'Akkamma','',NULL,'F','','',NULL,50,115,NULL),(290,'Droupadri Nayak(B)','',NULL,'F','','',NULL,52,134,NULL),(291,'Sabita Nayak(B)','',NULL,'F','','',NULL,52,134,NULL),(292,'Sakuntala Nayak','',NULL,'F','','',NULL,52,134,NULL),(293,'Damayanti Nayak','',NULL,'F','','',NULL,52,134,NULL),(294,'Bhanumati Nayak','',NULL,'F','','',NULL,52,134,NULL),(295,'Jayanti Nayak','',NULL,'F','','',NULL,52,134,NULL),(296,'Droupadri Nayak(C)','',NULL,'F','','',NULL,52,134,NULL),(297,'Nidramani Nayak','',NULL,'F','','',NULL,52,134,NULL),(298,'Mandodari Nayak','',NULL,'F','','',NULL,52,134,NULL),(299,'Sasikala Nayak','',NULL,'F','','',NULL,52,134,NULL),(300,'Kusumanjali Nayak','',NULL,'F','','',NULL,52,134,NULL),(301,'Manjulata Nayak','',NULL,'F','','',NULL,52,134,NULL),(302,'Bhabani Nayak','',NULL,'F','','',NULL,52,134,NULL),(303,'Kautuki Nayak','',NULL,'F','','',NULL,52,134,NULL),(943,'Smt. Bela Pingua','',NULL,'F','','',NULL,68,141,NULL),(942,'Rashasmi Purty','',NULL,'F','','',NULL,68,141,NULL),(941,'Smt. Jambi Buliuli','',NULL,'F','','',NULL,68,141,NULL),(309,'Pramila Nayak','',NULL,'F','','',NULL,52,134,NULL),(310,'Gandhari Nayak','',NULL,'F','','',NULL,52,134,NULL),(311,'Gitanjali Nayak','',NULL,'F','','',NULL,52,134,NULL),(312,'Pramila Nayak(B)','',NULL,'F','','',NULL,52,134,NULL),(933,'Smt. Jayanti Hesah','',NULL,'F','','',NULL,68,141,NULL),(932,'Smt. Balema Hesah','',NULL,'F','','',NULL,68,141,NULL),(931,'Laxmi Chattar ','',NULL,'F','','',NULL,62,132,NULL),(319,'Binati Naik','',NULL,'F','','',NULL,63,133,NULL),(320,'Hemalata Naik','',NULL,'F','','',NULL,63,133,NULL),(321,'Maalati Naik','',NULL,'F','','',NULL,63,133,NULL),(322,'Srimani Naik','',NULL,'F','','',NULL,63,133,NULL),(323,'Keshni Naik','',NULL,'F','','',NULL,63,133,NULL),(324,'Pakana Naik','',NULL,'F','','',NULL,63,133,NULL),(325,'Painta Naik','',NULL,'F','','',NULL,63,133,NULL),(326,'Sita Naik','',NULL,'F','','',NULL,63,133,NULL),(327,'Malli Naik','',NULL,'F','','',NULL,63,133,NULL),(328,'Ratani Naik','',NULL,'F','','',NULL,63,133,NULL),(329,'Somabari Naik','',NULL,'F','','',NULL,63,133,NULL),(330,'Saita Naik','',NULL,'F','','',NULL,63,133,NULL),(331,'Sukumati Naik','',NULL,'F','','',NULL,63,133,NULL),(332,'Khaira Naik','',NULL,'F','','',NULL,63,133,NULL),(333,'Padmini Naik','',NULL,'F','','',NULL,63,133,NULL),(334,'Dhukhini Hembram','',NULL,'F','','',NULL,63,133,NULL),(335,'Bini Hembram','',NULL,'F','','',NULL,63,133,NULL),(336,'Raibari Hembram','',NULL,'F','','',NULL,63,133,NULL),(337,'Suryamani  Hembram','',NULL,'F','','',NULL,63,133,NULL),(338,'Sumi Purty (A)','',NULL,'F','','',NULL,63,133,NULL),(339,'Bali Hembram','',NULL,'F','','',NULL,63,133,NULL),(340,'Mani Purty','',NULL,'F','','',NULL,63,133,NULL),(341,'Jayanti Lohar','',NULL,'F','','',NULL,63,133,NULL),(342,'Gurubari Lohar','',NULL,'F','','',NULL,63,133,NULL),(343,'Laxmi Hembram','',NULL,'F','','',NULL,63,133,NULL),(344,'Khirodi Behera','',NULL,'F','','',NULL,63,133,NULL),(345,'Sumi Purty (b)','',NULL,'F','','',NULL,63,133,NULL),(346,'Pani Hembram','',NULL,'F','','',NULL,63,133,NULL),(347,'Binati Naik','',NULL,'F','','',NULL,63,133,NULL),(348,'Hemalata Naik','',NULL,'F','','',NULL,63,133,NULL),(349,'Maalati Naik','',NULL,'F','','',NULL,63,133,NULL),(350,'Srimani Naik','',NULL,'F','','',NULL,63,133,NULL),(351,'Keshni Naik','',NULL,'F','','',NULL,63,133,NULL),(352,'Pakana Naik','',NULL,'F','','',NULL,63,133,NULL),(353,'Painta Naik','',NULL,'F','','',NULL,63,133,NULL),(354,'Sita Naik','',NULL,'F','','',NULL,63,133,NULL),(355,'Malli Naik','',NULL,'F','','',NULL,63,133,NULL),(356,'Ratani Naik','',NULL,'F','','',NULL,63,133,NULL),(357,'Somabari Naik','',NULL,'F','','',NULL,63,133,NULL),(358,'Saita Naik','',NULL,'F','','',NULL,63,133,NULL),(359,'Sukumati Naik','',NULL,'F','','',NULL,63,133,NULL),(360,'Khaira Naik','',NULL,'F','','',NULL,63,133,NULL),(361,'Padmini Naik','',NULL,'F','','',NULL,63,133,NULL),(362,'Dhukhini Hembram','',NULL,'F','','',NULL,63,133,NULL),(363,'Bini Hembram','',NULL,'F','','',NULL,63,133,NULL),(364,'Raibari Hembram','',NULL,'F','','',NULL,63,133,NULL),(365,'Suryamani  Hembram','',NULL,'F','','',NULL,63,133,NULL),(366,'Sumi Purty (A)','',NULL,'F','','',NULL,63,133,NULL),(367,'Bali Hembram','',NULL,'F','','',NULL,63,133,NULL),(368,'Mani Purty','',NULL,'F','','',NULL,63,133,NULL),(369,'Jayanti Lohar','',NULL,'F','','',NULL,63,133,NULL),(370,'Gurubari Lohar','',NULL,'F','','',NULL,63,133,NULL),(371,'Laxmi Hembram','',NULL,'F','','',NULL,63,133,NULL),(372,'Khirodi Behera','',NULL,'F','','',NULL,63,133,NULL),(373,'Sumi Purty (b)','',NULL,'F','','',NULL,63,133,NULL),(374,'Pani Hembram','',NULL,'F','','',NULL,63,133,NULL),(375,'Binati Naik','',NULL,'F','','',NULL,63,133,NULL),(376,'Hemalata Naik','',NULL,'F','','',NULL,63,133,NULL),(377,'Maalati Naik','',NULL,'F','','',NULL,63,133,NULL),(378,'Srimani Naik','',NULL,'F','','',NULL,63,133,NULL),(379,'Keshni Naik','',NULL,'F','','',NULL,63,133,NULL),(380,'Pakana Naik','',NULL,'F','','',NULL,63,133,NULL),(381,'Painta Naik','',NULL,'F','','',NULL,63,133,NULL),(382,'Sita Naik','',NULL,'F','','',NULL,63,133,NULL),(383,'Malli Naik','',NULL,'F','','',NULL,63,133,NULL),(384,'Ratani Naik','',NULL,'F','','',NULL,63,133,NULL),(385,'Somabari Naik','',NULL,'F','','',NULL,63,133,NULL),(386,'Saita Naik','',NULL,'F','','',NULL,63,133,NULL),(387,'Sukumati Naik','',NULL,'F','','',NULL,63,133,NULL),(388,'Khaira Naik','',NULL,'F','','',NULL,63,133,NULL),(389,'Padmini Naik','',NULL,'F','','',NULL,63,133,NULL),(390,'Dhukhini Hembram','',NULL,'F','','',NULL,63,133,NULL),(391,'Bini Hembram','',NULL,'F','','',NULL,63,133,NULL),(392,'Raibari Hembram','',NULL,'F','','',NULL,63,133,NULL),(393,'Suryamani  Hembram','',NULL,'F','','',NULL,63,133,NULL),(394,'Sumi Purty (A)','',NULL,'F','','',NULL,63,133,NULL),(395,'Bali Hembram','',NULL,'F','','',NULL,63,133,NULL),(396,'Mani Purty','',NULL,'F','','',NULL,63,133,NULL),(397,'Jayanti Lohar','',NULL,'F','','',NULL,63,133,NULL),(398,'Gurubari Lohar','',NULL,'F','','',NULL,63,133,NULL),(399,'Laxmi Hembram','',NULL,'F','','',NULL,63,133,NULL),(400,'Khirodi Behera','',NULL,'F','','',NULL,63,133,NULL),(401,'Sumi Purty (b)','',NULL,'F','','',NULL,63,133,NULL),(402,'Pani Hembram','',NULL,'F','','',NULL,63,133,NULL),(1008,'Suniti Naik ','',NULL,'F','','',NULL,62,132,NULL),(1014,'Sita Chattar ','',NULL,'F','','',NULL,62,131,NULL),(1013,'Jana Pingua ','',NULL,'F','','',NULL,62,131,NULL),(1012,'Jamuna Chattar ','',NULL,'F','','',NULL,62,131,NULL),(1006,'Beni Naik ','',NULL,'F','','',NULL,62,132,NULL),(1007,'Jaumani Naik ','',NULL,'F','','',NULL,62,132,NULL),(1005,'Sadhabani Naik ','',NULL,'F','','',NULL,62,132,NULL),(1004,'Saraswati Naik ','',NULL,'F','','',NULL,62,132,NULL),(1003,'Kainta Naik ','',NULL,'F','','',NULL,62,132,NULL),(1002,'Sumitra Naik ','',NULL,'F','','',NULL,62,132,NULL),(1001,'Sabita Naik ','',NULL,'F','','',NULL,62,132,NULL),(1000,'Rajani Naik ','',NULL,'F','','',NULL,62,132,NULL),(999,'Malli Naik ','',NULL,'F','','',NULL,62,132,NULL),(998,'Pramila Naik ','',NULL,'F','','',NULL,62,132,NULL),(997,'Jaumani Naik ','',NULL,'F','','',NULL,62,132,NULL),(996,'Padmini Naik ','',NULL,'F','','',NULL,62,132,NULL),(995,'Suryamani Chattar ','',NULL,'F','','',NULL,62,132,NULL),(994,'Sukrumani Pingua ','',NULL,'F','','',NULL,62,132,NULL),(993,'Mukta Chattar ','',NULL,'F','','',NULL,62,132,NULL),(1011,'Sangita Chattar ','',NULL,'F','','',NULL,62,131,NULL),(992,'Yatri Chattar ','',NULL,'F','','',NULL,62,132,NULL),(991,'Gurubari Chattar ','',NULL,'F','','',NULL,62,132,NULL),(990,'Sandhari Chattar ','',NULL,'F','','',NULL,62,132,NULL),(438,'Binati Chattar ','',NULL,'F','','',NULL,62,131,NULL),(1010,'Mandakini Naik ','',NULL,'F','','',NULL,62,132,NULL),(988,'Sumtra Sai ','',NULL,'F','','',NULL,62,132,NULL),(989,'Nirash Chattar ','',NULL,'F','','',NULL,62,132,NULL),(1009,'Daimati Naik ','',NULL,'F','','',NULL,62,132,NULL),(987,'Rani Chattar ','',NULL,'F','','',NULL,62,132,NULL),(986,'Chmpabati Pingua ','',NULL,'F','','',NULL,62,132,NULL),(985,'Malati Pingua ','',NULL,'F','','',NULL,62,132,NULL),(984,'Minako Kuldi','',NULL,'F','','',NULL,68,140,NULL),(983,'Parbati Purti','',NULL,'F','','',NULL,68,140,NULL),(981,'Suduni Pingua','',NULL,'F','','',NULL,68,140,NULL),(982,'Malati Nayak','',NULL,'F','','',NULL,68,140,NULL),(980,'Padmabati Nayak','',NULL,'F','','',NULL,68,140,NULL),(979,'Belmatee Pingua','',NULL,'F','','',NULL,68,140,NULL),(978,'Sombari Pingua','',NULL,'F','','',NULL,68,140,NULL),(977,'Mita Pingua','',NULL,'F','','',NULL,68,140,NULL),(976,'Masuree Pingua','',NULL,'F','','',NULL,68,140,NULL),(975,'Namsi Purty','',NULL,'F','','',NULL,68,140,NULL),(974,'Subhadra Pingua','',NULL,'F','','',NULL,68,140,NULL),(973,'Jemamani Purty','',NULL,'F','','',NULL,68,140,NULL),(972,'Indumati Nayak','',NULL,'F','','',NULL,68,140,NULL),(971,'Sabitri Nayak','',NULL,'F','','',NULL,68,140,NULL),(970,'Debasri Nayak','',NULL,'F','','',NULL,68,140,NULL),(969,'Saraswati Nayak','',NULL,'F','','',NULL,68,140,NULL),(968,'Purnami Naik','',NULL,'F','','',NULL,68,140,NULL),(967,'Jayimani Nayak','',NULL,'F','','',NULL,68,140,NULL),(966,'Bimala Nayak','',NULL,'F','','',NULL,68,140,NULL),(965,'Labanya Bewa','',NULL,'F','','',NULL,68,140,NULL),(964,'Sarojeeni Nayak','',NULL,'F','','',NULL,68,140,NULL),(963,'Bhanumati Nayak','',NULL,'F','','',NULL,68,140,NULL),(962,'Gitamani Nayak','',NULL,'F','','',NULL,68,140,NULL),(484,'Malati Tudu','',NULL,'F','','',NULL,60,129,NULL),(485,'Maidi Tudu','',NULL,'F','','',NULL,60,129,NULL),(486,'Duli Tudu(A)','',NULL,'F','','',NULL,60,129,NULL),(487,'Duli Tudu(B)','',NULL,'F','','',NULL,60,129,NULL),(488,'Hiramani Tudu','',NULL,'F','','',NULL,60,129,NULL),(489,'Sebati Tudu','',NULL,'F','','',NULL,60,129,NULL),(490,'Sita Tudu(A)','',NULL,'F','','',NULL,60,129,NULL),(491,'Raude Tudu','',NULL,'F','','',NULL,60,129,NULL),(492,'Sita Tudu(B)','',NULL,'F','','',NULL,60,129,NULL),(493,'Jhanamani Tudu','',NULL,'F','','',NULL,60,129,NULL),(494,'Paya Hansda','',NULL,'F','','',NULL,60,129,NULL),(495,'Jaba Tudu','',NULL,'F','','',NULL,60,129,NULL),(496,'Hiramani Tudu','',NULL,'F','','',NULL,60,129,NULL),(497,'Sukmati Hansda','',NULL,'F','','',NULL,60,129,NULL),(498,'Parbati Tudu','',NULL,'F','','',NULL,60,129,NULL),(499,'Jima Honaga','',NULL,'F','','',NULL,60,129,NULL),(500,'Chhabi Kisku','',NULL,'F','','',NULL,60,129,NULL),(501,'Nangi Tudu','',NULL,'F','','',NULL,60,129,NULL),(502,'Nitima Honaga','',NULL,'F','','',NULL,60,129,NULL),(503,'Rani Tudu','',NULL,'F','','',NULL,60,129,NULL),(504,'Raimat Tudu','',NULL,'F','','',NULL,60,129,NULL),(505,'Phulamani Soren','',NULL,'F','','',NULL,60,129,NULL),(506,'Manki Soren','',NULL,'F','','',NULL,60,129,NULL),(507,'Metal Soren','',NULL,'F','','',NULL,60,129,NULL),(508,'Sakra Tudu','',NULL,'F','','',NULL,60,129,NULL),(509,'Jayanti Honnaga(A)','',NULL,'F','','',NULL,59,128,NULL),(510,'Raimani Honnaga','',NULL,'F','','',NULL,59,128,NULL),(511,'Lalmati Honnaga','',NULL,'F','','',NULL,59,128,NULL),(512,'Harsamani Honnaga','',NULL,'F','','',NULL,59,128,NULL),(513,'Hiramani Honnaga','',NULL,'F','','',NULL,59,128,NULL),(514,'Jayanti Honaga(B)','',NULL,'F','','',NULL,59,128,NULL),(515,'Dusi Honnaga','',NULL,'F','','',NULL,59,128,NULL),(516,'Champabati Honnaga','',NULL,'F','','',NULL,59,128,NULL),(517,'Sulekha Honnaga','',NULL,'F','','',NULL,59,128,NULL),(518,'Kanti Dehuri','',NULL,'F','','',NULL,59,128,NULL),(519,'Budhini Honnaga','',NULL,'F','','',NULL,59,128,NULL),(520,'Panabati Honnga','',NULL,'F','','',NULL,59,128,NULL),(521,'Sumitra Honnaga','',NULL,'F','','',NULL,59,128,NULL),(522,'Chandumani Honnaga','',NULL,'F','','',NULL,59,128,NULL),(523,'Damayanti Honnaga','',NULL,'F','','',NULL,59,128,NULL),(524,'Jemamani Honnga','',NULL,'F','','',NULL,59,128,NULL),(525,'Keshini Honnaga','',NULL,'F','','',NULL,59,128,NULL),(526,'Juneidevi Honnaga','',NULL,'F','','',NULL,59,128,NULL),(527,'Sabitri Honnaga','',NULL,'F','','',NULL,59,128,NULL),(528,'Muni Honnaga','',NULL,'F','','',NULL,59,128,NULL),(529,'Menjri Honnaga','',NULL,'F','','',NULL,59,128,NULL),(530,'Tribeni Dehuri','',NULL,'F','','',NULL,59,128,NULL),(531,'Sakuntala Tudu','',NULL,'F','','',NULL,58,127,NULL),(532,'Manania Tudu','',NULL,'F','','',NULL,58,127,NULL),(533,'Basumati Tudu','',NULL,'F','','',NULL,58,127,NULL),(534,'Sanamani Tudu','',NULL,'F','','',NULL,58,127,NULL),(535,'Gurubari Pingua','',NULL,'F','','',NULL,58,127,NULL),(536,'Padmabati Tudu','',NULL,'F','','',NULL,58,127,NULL),(537,'Dhujamani Tudu','',NULL,'F','','',NULL,58,127,NULL),(538,'Parbati Tudu','',NULL,'F','','',NULL,58,127,NULL),(539,'Baijaynti Hansda','',NULL,'F','','',NULL,58,127,NULL),(540,'Baijaynti Hansda','',NULL,'F','','',NULL,58,127,NULL),(541,'Manita Tudu','',NULL,'F','','',NULL,58,127,NULL),(542,'Pana Murmu','',NULL,'F','','',NULL,58,127,NULL),(543,'Hira mani Hasada','',NULL,'F','','',NULL,58,127,NULL),(544,'Jhingimani Alda','',NULL,'F','','',NULL,58,127,NULL),(545,'Sakra Murmu','',NULL,'F','','',NULL,58,127,NULL),(546,'Ranimani Hembram','',NULL,'F','','',NULL,58,127,NULL),(547,'Champa Hembram','',NULL,'F','','',NULL,58,127,NULL),(548,'Mainabati Tudu','',NULL,'F','','',NULL,58,127,NULL),(549,'Champabati Hansda','',NULL,'F','','',NULL,58,127,NULL),(550,'Bija Soren','',NULL,'F','','',NULL,58,127,NULL),(551,'Rani Soren','',NULL,'F','','',NULL,58,127,NULL),(552,'Nasa Besra','',NULL,'F','','',NULL,58,127,NULL),(553,'Pani Besra','',NULL,'F','','',NULL,58,127,NULL),(554,'Raimani Soren','',NULL,'F','','',NULL,58,127,NULL),(555,'Dulari Hembram','',NULL,'F','','',NULL,58,127,NULL),(556,'Yamunamani Soren','',NULL,'F','','',NULL,58,127,NULL),(557,'Salama Soren','',NULL,'F','','',NULL,58,127,NULL),(558,'Nagimani Soren','',NULL,'F','','',NULL,58,127,NULL),(559,'Chhita Hansda','',NULL,'F','','',NULL,58,127,NULL),(560,'Karmi Hansda','',NULL,'F','','',NULL,58,127,NULL),(561,'Bini Hembram','',NULL,'F','','',NULL,58,127,NULL),(562,'Raibari Hembram','',NULL,'F','','',NULL,58,127,NULL),(563,'Bimala Naik','',NULL,'F','','',NULL,57,126,NULL),(564,'Tulasi Naik','',NULL,'F','','',NULL,57,126,NULL),(565,'Nandini Naik','',NULL,'F','','',NULL,57,126,NULL),(566,'Srimati Naik','',NULL,'F','','',NULL,57,126,NULL),(567,'Padmabati Naik','',NULL,'F','','',NULL,57,126,NULL),(568,'Bilasi Naik','',NULL,'F','','',NULL,57,126,NULL),(569,'Puspalata Naik','',NULL,'F','','',NULL,57,126,NULL),(570,'Daita Naik','',NULL,'F','','',NULL,57,126,NULL),(571,'Beni Naik','',NULL,'F','','',NULL,57,126,NULL),(572,'Ruduni Naik','',NULL,'F','','',NULL,57,126,NULL),(573,'Sasmita Mohakud','',NULL,'F','','',NULL,57,126,NULL),(574,'Pramila Naik','',NULL,'F','','',NULL,57,126,NULL),(575,'Bimala Naik','',NULL,'F','','',NULL,57,126,NULL),(576,'Mandadari Naik','',NULL,'F','','',NULL,57,126,NULL),(577,'Rahaswari Naik','',NULL,'F','','',NULL,57,126,NULL),(578,'Bilasi Naik','',NULL,'F','','',NULL,57,126,NULL),(579,'Sabitri Naik','',NULL,'F','','',NULL,57,126,NULL),(580,'Aira  Naik','',NULL,'F','','',NULL,57,126,NULL),(581,'Nalita Naik','',NULL,'F','','',NULL,57,126,NULL),(582,'Saradi Naik','',NULL,'F','','',NULL,57,126,NULL),(583,'Mangali  Naik','',NULL,'F','','',NULL,57,126,NULL),(584,'Sulekha Naik','',NULL,'F','','',NULL,57,126,NULL),(585,'Adara Naik','',NULL,'F','','',NULL,57,126,NULL),(586,'Pemi Naik','',NULL,'F','','',NULL,57,126,NULL),(587,'Jaleswari Naik','',NULL,'F','','',NULL,57,126,NULL),(588,'Ruduna Naik','',NULL,'F','','',NULL,57,126,NULL),(589,'Sebati Naik','',NULL,'F','','',NULL,57,126,NULL),(590,'Binati Naik','',NULL,'F','','',NULL,57,126,NULL),(591,'Phulamani Marandi','',NULL,'F','','',NULL,56,125,NULL),(592,'Basanti Tudu (A)','',NULL,'F','','',NULL,56,125,NULL),(593,'Dulimani Beshra','',NULL,'F','','',NULL,56,125,NULL),(594,'Basanti Tudu (B)','',NULL,'F','','',NULL,56,125,NULL),(595,'Yamuna Hembram','',NULL,'F','','',NULL,56,125,NULL),(596,'Malaho Tudu','',NULL,'F','','',NULL,56,125,NULL),(597,'Phulamani Soren','',NULL,'F','','',NULL,56,125,NULL),(598,'Jauna Beshara','',NULL,'F','','',NULL,56,125,NULL),(599,'Sumi Tudu','',NULL,'F','','',NULL,56,125,NULL),(600,'Pauri Tudu','',NULL,'F','','',NULL,56,125,NULL),(601,'Samiya Tudu','',NULL,'F','','',NULL,56,125,NULL),(602,'Sahagi Tudu','',NULL,'F','','',NULL,56,125,NULL),(603,'Jamumuna Majhi','',NULL,'F','','',NULL,56,125,NULL),(604,'Subani Besra','',NULL,'F','','',NULL,56,125,NULL),(605,'Lilmani Soren','',NULL,'F','','',NULL,56,125,NULL),(606,'Gouri Tudu','',NULL,'F','','',NULL,56,125,NULL),(607,'Padmabati Tudu','',NULL,'F','','',NULL,56,125,NULL),(608,'Ganga Kisku','',NULL,'F','','',NULL,56,125,NULL),(609,'Maina Tudu','',NULL,'F','','',NULL,56,125,NULL),(610,'Manak Tudu','',NULL,'F','','',NULL,56,125,NULL),(611,'Gangi Tudu','',NULL,'F','','',NULL,56,125,NULL),(612,'Shanti Tudu','',NULL,'F','','',NULL,56,125,NULL),(613,'Manasirani Majhi','',NULL,'F','','',NULL,56,125,NULL),(614,'Dukhini Hembram','',NULL,'F','','',NULL,56,125,NULL),(961,'Kanchana Nayak','',NULL,'F','','',NULL,68,140,NULL),(616,'Kanchan Lohar ','',NULL,'F','','',NULL,55,124,NULL),(960,'Rukmani Bewa','',NULL,'F','','',NULL,68,140,NULL),(959,'Tilattama Nayak','',NULL,'F','','',NULL,68,140,NULL),(619,'Jeetmani Mohanta ','',NULL,'F','','',NULL,55,124,NULL),(958,'Lilabati Dei','',NULL,'F','','',NULL,68,141,NULL),(957,'Dalimba Dei','',NULL,'F','','',NULL,68,141,NULL),(956,'Smt. Ambika Dei','',NULL,'F','','',NULL,68,141,NULL),(955,'Smt. Dukhini Mahakud','',NULL,'F','','',NULL,68,141,NULL),(954,'Smt. Sharala Mahakud','',NULL,'F','','',NULL,68,141,NULL),(953,'Smt. Padmabati Dei','',NULL,'F','','',NULL,68,141,NULL),(952,'Smt. Saraswati Mahakud','',NULL,'F','','',NULL,68,141,NULL),(951,'Smt. Surekha Dei','',NULL,'F','','',NULL,68,141,NULL),(950,'Smt. Sumati Dei','',NULL,'F','','',NULL,68,141,NULL),(949,'Smt. Mithila Dei','',NULL,'F','','',NULL,68,141,NULL),(948,'Smt. Kokila Dei','',NULL,'F','','',NULL,68,141,NULL),(947,'Smt. Kunta Dei','',NULL,'F','','',NULL,68,141,NULL),(940,'Premanjali Pat Pingua','',NULL,'F','','',NULL,68,141,NULL),(939,'Laxmi Buliuli','',NULL,'F','','',NULL,68,141,NULL),(938,'Laxmi Buliuli','',NULL,'F','','',NULL,68,141,NULL),(937,'Jayanti Hesah','',NULL,'F','','',NULL,68,141,NULL),(936,'Mani Purtty','',NULL,'F','','',NULL,68,141,NULL),(935,'Smt. Bahmain Hesah','',NULL,'F','','',NULL,68,141,NULL),(934,'Smt . Naguri Purtty','',NULL,'F','','',NULL,68,141,NULL),(650,'Sunamani Chattar','',NULL,'F','','',NULL,53,122,NULL),(651,'Sarojini Chattar','',NULL,'F','','',NULL,53,122,NULL),(652,'Srimati Chattar','',NULL,'F','','',NULL,53,122,NULL),(653,'Malati Chattar','',NULL,'F','','',NULL,53,122,NULL),(654,'Damayanti Chatar','',NULL,'F','','',NULL,53,122,NULL),(655,'Jannamani Chattar','',NULL,'F','','',NULL,53,122,NULL),(656,'Sita Chattar','',NULL,'F','','',NULL,53,122,NULL),(657,'Gurubari Chatar','',NULL,'F','','',NULL,53,122,NULL),(658,'Sabitree Chattar','',NULL,'F','','',NULL,53,122,NULL),(659,'Nandi Chatar','',NULL,'F','','',NULL,53,122,NULL),(660,'Jhunu Guiya','',NULL,'F','','',NULL,53,122,NULL),(661,'Junee Purty','',NULL,'F','','',NULL,53,122,NULL),(662,'Pyari Chatar','',NULL,'F','','',NULL,53,122,NULL),(663,'Kuni Guiya','',NULL,'F','','',NULL,53,122,NULL),(664,'Binapani Chattar','',NULL,'F','','',NULL,53,122,NULL),(665,'Parbati Guiya','',NULL,'F','','',NULL,53,122,NULL),(666,'Sukumati Chatar','',NULL,'F','','',NULL,53,122,NULL),(667,'Sushama Chatar','',NULL,'F','','',NULL,53,122,NULL),(668,'Sumitra Chatar','',NULL,'F','','',NULL,53,122,NULL),(669,'Menja Chatar','',NULL,'F','','',NULL,53,122,NULL),(670,'Mangulli Chatar','',NULL,'F','','',NULL,53,122,NULL),(671,'Jana Chatar','',NULL,'F','','',NULL,53,122,NULL),(672,'Sukumati Chatar(B)','',NULL,'F','','',NULL,53,122,NULL),(673,'Basanti Chatar','',NULL,'F','','',NULL,53,122,NULL),(674,'Saibanee Chatar','',NULL,'F','','',NULL,53,122,NULL),(675,'Baijayanti Chatar','',NULL,'F','','',NULL,53,122,NULL),(676,'Somabari Chatar','',NULL,'F','','',NULL,53,122,NULL),(677,'Sini Chatar','',NULL,'F','','',NULL,53,122,NULL),(678,'Sakuntalla Bankira','',NULL,'F','','',NULL,53,122,NULL),(679,'Kasturi Chattar','',NULL,'F','','',NULL,53,121,NULL),(680,'Sasmita Chattar','',NULL,'F','','',NULL,53,121,NULL),(681,'Raibari Chattar','',NULL,'F','','',NULL,53,121,NULL),(682,'Suru Chatar','',NULL,'F','','',NULL,53,121,NULL),(683,'Basanti Chattar','',NULL,'F','','',NULL,53,121,NULL),(684,'Sushilla Chattar','',NULL,'F','','',NULL,53,121,NULL),(685,'Lakshmi  Chattar','',NULL,'F','','',NULL,53,121,NULL),(686,'Meena Chattar','',NULL,'F','','',NULL,53,121,NULL),(687,'Tillatamma  Chattar','',NULL,'F','','',NULL,53,121,NULL),(688,'Samabari Chattar','',NULL,'F','','',NULL,53,121,NULL),(689,'Jemamani Chattar','',NULL,'F','','',NULL,53,121,NULL),(690,'Chamanu Chattar','',NULL,'F','','',NULL,53,121,NULL),(691,'Sushama Tiria','',NULL,'F','','',NULL,53,121,NULL),(692,'Basanti Bankira','',NULL,'F','','',NULL,53,121,NULL),(693,'Hachi Chatar','',NULL,'F','','',NULL,53,121,NULL),(694,'Sukanti Bankira','',NULL,'F','','',NULL,53,121,NULL),(695,'Jayanti Chatar','',NULL,'F','','',NULL,53,121,NULL),(696,'Pullamani Bankira','',NULL,'F','','',NULL,53,121,NULL),(697,'Raimani Chatar','',NULL,'F','','',NULL,53,121,NULL),(698,'Dashama Tiria','',NULL,'F','','',NULL,53,121,NULL),(699,'Nillima Chatar','',NULL,'F','','',NULL,53,121,NULL),(700,'Surjyamani Tiria','',NULL,'F','','',NULL,53,121,NULL),(701,'Durapati Bankira','',NULL,'F','','',NULL,53,121,NULL),(702,'Buduni  Bankira','',NULL,'F','','',NULL,53,121,NULL),(703,'Debaki Chatar','',NULL,'F','','',NULL,53,121,NULL),(704,'Srimati Chatar','',NULL,'F','','',NULL,53,121,NULL),(705,'Rebati Nayak','',NULL,'F','','',NULL,52,120,NULL),(706,'Pramila Nayak','',NULL,'F','','',NULL,46,120,NULL),(707,'Purabi Nayak','',NULL,'F','','',NULL,52,120,NULL),(708,'Padmini Nayak','',NULL,'F','','',NULL,52,120,NULL),(709,'Tilattama Nayak','',NULL,'F','','',NULL,52,120,NULL),(710,'Satyabhama Nayak','',NULL,'F','','',NULL,52,120,NULL),(711,'Shakuntala Nayak','',NULL,'F','','',NULL,52,120,NULL),(712,'Jayanti Nayak','',NULL,'F','','',NULL,52,120,NULL),(713,'Netramani Nayak','',NULL,'F','','',NULL,52,120,NULL),(714,'Tapaswini Nayak','',NULL,'F','','',NULL,52,120,NULL),(715,'Bhabani Nayak(B)','',NULL,'F','','',NULL,52,120,NULL),(716,'Binati Nayak','',NULL,'F','','',NULL,52,120,NULL),(717,'Raimani Pingua','',NULL,'F','','',NULL,52,120,NULL),(718,'Gurubari Pingua','',NULL,'F','','',NULL,52,120,NULL),(719,'Chandu Pingua','',NULL,'F','','',NULL,52,120,NULL),(720,'Samabari Pingua(A)','',NULL,'F','','',NULL,52,120,NULL),(721,'Damayanti Nayak','',NULL,'F','','',NULL,52,120,NULL),(722,'Rukmani Patra','',NULL,'F','','',NULL,52,120,NULL),(723,'Jayanti Patra','',NULL,'F','','',NULL,52,120,NULL),(724,'Damayanti Pingua','',NULL,'F','','',NULL,52,120,NULL),(725,'Chami Pingua','',NULL,'F','','',NULL,52,120,NULL),(726,'Gangi Hembram','',NULL,'F','','',NULL,52,120,NULL),(727,'Pramila Tiria','',NULL,'F','','',NULL,52,120,NULL),(728,'Asha Patra','',NULL,'F','','',NULL,52,120,NULL),(729,'Samabari Pingua(B)','',NULL,'F','','',NULL,52,120,NULL),(730,'Sukanti Pingua','',NULL,'F','','',NULL,52,120,NULL),(731,'Laxmi Pingua','',NULL,'F','','',NULL,52,120,NULL),(732,'Charima Pingua','',NULL,'F','','',NULL,52,120,NULL),(733,'Jashoda Nayak','',NULL,'F','','',NULL,52,119,NULL),(734,'Jatani Nayak','',NULL,'F','','',NULL,52,119,NULL),(735,'Pukulli Nayak','',NULL,'F','','',NULL,52,119,NULL),(736,'Babita Nayak','',NULL,'F','','',NULL,52,119,NULL),(737,'Chabirani Nayak','',NULL,'F','','',NULL,52,119,NULL),(738,'Sakuntala Nayak','',NULL,'F','','',NULL,52,119,NULL),(739,'Mahendri Nayak','',NULL,'F','','',NULL,52,119,NULL),(740,'Gitarani Nayak','',NULL,'F','','',NULL,52,119,NULL),(741,'Sumanti Nayak','',NULL,'F','','',NULL,52,119,NULL),(742,'Kasturi Nayak','',NULL,'F','','',NULL,52,119,NULL),(743,'Bhabani Nayak','',NULL,'F','','',NULL,52,119,NULL),(744,'Runurani Nayak','',NULL,'F','','',NULL,52,119,NULL),(745,'Bhoumirani Nayak','',NULL,'F','','',NULL,52,119,NULL),(746,'Manjulata Nayak','',NULL,'F','','',NULL,52,119,NULL),(747,'Ranjeeta Nayak','',NULL,'F','','',NULL,52,119,NULL),(748,'Surekha Nayak','',NULL,'F','','',NULL,52,119,NULL),(749,'Manjubala  Nayak','',NULL,'F','','',NULL,52,119,NULL),(750,'Mahendri Nayak','',NULL,'F','','',NULL,52,119,NULL),(751,'Sujata Nayak','',NULL,'F','','',NULL,52,119,NULL),(752,'Kanakalata  Nayak','',NULL,'F','','',NULL,52,119,NULL),(753,'Mita Nayak','',NULL,'F','','',NULL,52,119,NULL),(754,'Dalimba Nayak','',NULL,'F','','',NULL,52,119,NULL),(755,'Sanjukta Nayak','',NULL,'F','','',NULL,52,119,NULL),(756,'Premalata Nayak','',NULL,'F','','',NULL,52,119,NULL),(757,'Kasturi Nayak','',NULL,'F','','',NULL,52,119,NULL),(758,'Banita Nayak','',NULL,'F','','',NULL,52,119,NULL),(759,'Rajani Nayak','',NULL,'F','','',NULL,52,119,NULL),(760,'Srimati Bewa','',NULL,'F','','',NULL,52,119,NULL),(761,'Kishori Nayak','',NULL,'F','','',NULL,52,119,NULL),(762,'Maitree Nayak','',NULL,'F','','',NULL,52,119,NULL),(763,'Jyosnamayee Nayak','',NULL,'F','','',NULL,52,118,NULL),(764,'Padmasani Nayak','',NULL,'F','','',NULL,52,118,NULL),(765,'Dalimba Nayak','',NULL,'F','','',NULL,52,118,NULL),(766,'Tribeni Nayak','',NULL,'F','','',NULL,52,118,NULL),(767,'Tilottama Nayak','',NULL,'F','','',NULL,52,118,NULL),(768,'Sabita Nayak(A)','',NULL,'F','','',NULL,52,118,NULL),(769,'Gouribati Nayak','',NULL,'F','','',NULL,52,118,NULL),(770,'Droupadri Nayak(A)','',NULL,'F','','',NULL,52,118,NULL),(771,'Droupadri Nayak(B)','',NULL,'F','','',NULL,52,118,NULL),(772,'Sabita Nayak(B)','',NULL,'F','','',NULL,52,118,NULL),(773,'Sakuntala Nayak','',NULL,'F','','',NULL,52,118,NULL),(774,'Damayanti Nayak','',NULL,'F','','',NULL,52,118,NULL),(775,'Bhanumati Nayak','',NULL,'F','','',NULL,52,118,NULL),(776,'Jayanti Nayak','',NULL,'F','','',NULL,52,118,NULL),(777,'Droupadri Nayak(C)','',NULL,'F','','',NULL,52,118,NULL),(778,'Nidramani Nayak','',NULL,'F','','',NULL,52,118,NULL),(779,'Mandodari Nayak','',NULL,'F','','',NULL,52,118,NULL),(780,'Sasikala Nayak','',NULL,'F','','',NULL,52,118,NULL),(781,'Kusumanjali Nayak','',NULL,'F','','',NULL,52,118,NULL),(782,'Manjulata Nayak','',NULL,'F','','',NULL,52,118,NULL),(783,'Bhabani Nayak','',NULL,'F','','',NULL,52,118,NULL),(784,'Kautuki Nayak','',NULL,'F','','',NULL,52,118,NULL),(785,'Sulochana Nayak','',NULL,'F','','',NULL,52,118,NULL),(786,'Bharati Nayak','',NULL,'F','','',NULL,52,118,NULL),(787,'Kanakalata Nayak','',NULL,'F','','',NULL,52,118,NULL),(788,'Tusarkanti Nayak','',NULL,'F','','',NULL,52,118,NULL),(789,'Debaki Nayak','',NULL,'F','','',NULL,52,118,NULL),(790,'Pramila Nayak','',NULL,'F','','',NULL,52,118,NULL),(791,'Gandhari Nayak','',NULL,'F','','',NULL,52,118,NULL),(792,'Gitanjali Nayak','',NULL,'F','','',NULL,52,118,NULL),(793,'Pramila Naik(B)','',NULL,'F','','',NULL,52,118,NULL),(794,'Pyari Sundhi','',NULL,'F','','',NULL,69,143,NULL),(795,'Hemamalini Sundhi','',NULL,'F','','',NULL,69,143,NULL),(796,'Sini Soye','',NULL,'F','','',NULL,69,143,NULL),(797,'Subani soye','',NULL,'F','','',NULL,69,143,NULL),(798,'Rina Soye','',NULL,'F','','',NULL,69,143,NULL),(799,'Barsa Hesa','',NULL,'F','','',NULL,69,143,NULL),(800,'Menjari Hesa','',NULL,'F','','',NULL,69,143,NULL),(801,'Jambi Kandayang','',NULL,'F','','',NULL,69,143,NULL),(802,'Dasama Kandayang','',NULL,'F','','',NULL,69,143,NULL),(803,'Kirati Soya','',NULL,'F','','',NULL,69,143,NULL),(804,'Rajani Soya','',NULL,'F','','',NULL,69,143,NULL),(805,'Kuni Rani Sundhi','',NULL,'F','','',NULL,69,143,NULL),(806,'Dasama Soya','',NULL,'F','','',NULL,69,143,NULL),(807,'Chireng Hesa','',NULL,'F','','',NULL,69,143,NULL),(808,'Anami Kendayang','',NULL,'F','','',NULL,69,143,NULL),(809,'Surmi Soya','',NULL,'F','','',NULL,69,143,NULL),(810,'Kudugi Kendayang','',NULL,'F','','',NULL,69,143,NULL),(811,'Juguni Hesa','',NULL,'F','','',NULL,69,143,NULL),(812,'Jatri Mahakud','',NULL,'F','','',NULL,69,143,NULL),(813,'Purnami sundhi','',NULL,'F','','',NULL,69,143,NULL),(814,'Surjamani Sundhi','',NULL,'F','','',NULL,69,143,NULL),(815,'Sujuki Soye','',NULL,'F','','',NULL,69,143,NULL),(816,'Srimati Tiu','',NULL,'F','','',NULL,69,143,NULL),(817,'Jangamani Honnaga','',NULL,'F','','',NULL,69,142,NULL),(818,'Assai Honnaga','',NULL,'F','','',NULL,69,142,NULL),(819,'Gangi Honnaga','',NULL,'F','','',NULL,69,142,NULL),(820,'Sumitra Honnaga','',NULL,'F','','',NULL,69,142,NULL),(821,'Mechcha Honnaga','',NULL,'F','','',NULL,69,142,NULL),(822,'Basanti Honnaga','',NULL,'F','','',NULL,69,142,NULL),(823,'Jana Honnaga','',NULL,'F','','',NULL,69,142,NULL),(824,'Budhuni Honnaga','',NULL,'F','','',NULL,69,142,NULL),(825,'Diugi Honnaga','',NULL,'F','','',NULL,69,142,NULL),(826,'Hauri Honnaga','',NULL,'F','','',NULL,69,142,NULL),(827,'Jahari Honnaga','',NULL,'F','','',NULL,69,142,NULL),(828,'Munguli Honnaga','',NULL,'F','','',NULL,69,142,NULL),(829,'Malati Honnaga','',NULL,'F','','',NULL,69,142,NULL),(830,'Pangela Honnaga','',NULL,'F','','',NULL,69,142,NULL),(831,'Parbati Honnaga','',NULL,'F','','',NULL,69,142,NULL),(832,'Buduni Honnaga(B)','',NULL,'F','','',NULL,69,142,NULL),(833,'Sita Honnaga','',NULL,'F','','',NULL,69,142,NULL),(834,'Budhuni Honnaga(C)','',NULL,'F','','',NULL,69,142,NULL),(835,'Masuri Honnaga','',NULL,'F','','',NULL,69,142,NULL),(836,'Binati Honnaga','',NULL,'F','','',NULL,69,142,NULL),(837,'Gangi Honnaga','',NULL,'F','','',NULL,69,142,NULL),(838,'Phulmani Honnaga','',NULL,'F','','',NULL,69,142,NULL),(839,'Sabitri Honnaga','',NULL,'F','','',NULL,69,142,NULL),(840,'Manju Honnaga','',NULL,'F','','',NULL,69,142,NULL),(1057,'Budhuni Chattar ','',NULL,'F','','',NULL,62,130,NULL),(1056,'Padmini Pingua ','',NULL,'F','','',NULL,62,130,NULL),(1055,'Menjari Hembram ','',NULL,'F','','',NULL,62,130,NULL),(1054,'Khaira Hembram ','',NULL,'F','','',NULL,62,130,NULL),(1053,'Suryamani chattar ','',NULL,'F','','',NULL,62,130,NULL),(1052,'Sumitra Chattar ','',NULL,'F','','',NULL,62,130,NULL),(1051,'Laxmi Chattar ','',NULL,'F','','',NULL,62,130,NULL),(1050,'Padmini munda Lohar ','',NULL,'F','','',NULL,62,130,NULL),(1049,'Lembo Pingua ','',NULL,'F','','',NULL,62,130,NULL),(1048,'Menja Chatter ','',NULL,'F','','',NULL,62,130,NULL),(1047,'Pani Pingua ','',NULL,'F','','',NULL,62,130,NULL),(1046,'Malati Sae ','',NULL,'F','','',NULL,62,130,NULL),(1045,'Shrimati Naik ','',NULL,'F','','',NULL,62,130,NULL),(1044,'Bhabani Pingua ','',NULL,'F','','',NULL,62,130,NULL),(1043,'Dasama Tiu ','',NULL,'F','','',NULL,62,130,NULL),(1042,'Rajani Chatter ','',NULL,'F','','',NULL,62,130,NULL),(1041,'Muktamani Tiria ','',NULL,'F','','',NULL,62,130,NULL),(1040,'Janaki Chatter ','',NULL,'F','','',NULL,62,130,NULL),(1039,'Sansari Sinku ','',NULL,'F','','',NULL,62,130,NULL),(1038,'Budhuni Chatter ','',NULL,'F','','',NULL,62,130,NULL),(1037,'Jemamani Tiu ','',NULL,'F','','',NULL,62,130,NULL),(1036,'Malati Chatter ','',NULL,'F','','',NULL,62,130,NULL),(1035,'Sukanti Purty ','',NULL,'F','','',NULL,62,130,NULL),(1034,'Kasturi Chatter ','',NULL,'F','','',NULL,62,130,NULL),(1033,'Sunita Chattar ','',NULL,'F','','',NULL,62,131,NULL),(1032,'Sabita Chattar ','',NULL,'F','','',NULL,62,131,NULL),(1031,'Jana Pingua ','',NULL,'F','','',NULL,62,131,NULL),(1030,'Subha Bandar ','',NULL,'F','','',NULL,62,131,NULL),(1029,'Subuni Pingua ','',NULL,'F','','',NULL,62,131,NULL),(1028,'Kuni Chattar ','',NULL,'F','','',NULL,62,131,NULL),(1027,'Seti Pingua ','',NULL,'F','','',NULL,62,131,NULL),(1026,'Asha Pingua ','',NULL,'F','','',NULL,62,131,NULL),(1025,'Dasama Pingua ','',NULL,'F','','',NULL,62,131,NULL),(1024,'Meena Pingua ','',NULL,'F','','',NULL,62,131,NULL),(1023,'Rukmani Chattar ','',NULL,'F','','',NULL,62,131,NULL),(1022,'Sanjulata Chattar ','',NULL,'F','','',NULL,62,131,NULL),(1021,'Turi Pingua ','',NULL,'F','','',NULL,62,131,NULL),(1020,'Sini Chattar ','',NULL,'F','','',NULL,62,131,NULL),(1019,'Mirju Chattar ','',NULL,'F','','',NULL,62,131,NULL),(1018,'Sambari Pingua ','',NULL,'F','','',NULL,62,131,NULL),(1017,'Nagari Chattar ','',NULL,'F','','',NULL,62,131,NULL),(1016,'Padmabati Chattar ','',NULL,'F','','',NULL,62,131,NULL),(1015,'Mukta Chattar ','',NULL,'F','','',NULL,62,131,NULL),(894,'Mina Mahakud','',NULL,'F','','',NULL,67,139,NULL),(895,'Purnnami Mahakud','',NULL,'F','','',NULL,67,139,NULL),(896,'Gauri Mahakud','',NULL,'F','','',NULL,67,139,NULL),(897,'Sumitra Kandeyang','',NULL,'F','','',NULL,67,139,NULL),(898,'Jayanti Kandeyang','',NULL,'F','','',NULL,67,139,NULL),(899,'Minakumari Mahakud','',NULL,'F','','',NULL,67,139,NULL),(900,'Parbati Hembram','',NULL,'F','','',NULL,67,139,NULL),(901,'Sarati Behera','',NULL,'F','','',NULL,67,139,NULL),(902,'Saibani Behera','',NULL,'F','','',NULL,67,139,NULL),(903,'Pala Hembram','',NULL,'F','','',NULL,67,139,NULL),(904,'Sukanti Hembram(A)','',NULL,'F','','',NULL,67,139,NULL),(905,'Sukanti Hembram(B)','',NULL,'F','','',NULL,67,139,NULL),(906,'Shakuntala Kandeyang','',NULL,'F','','',NULL,67,139,NULL),(907,'Tulasi Tiu','',NULL,'F','','',NULL,67,139,NULL),(908,'Ambika kandeyang','',NULL,'F','','',NULL,67,139,NULL),(909,'Rajani Mahakud','',NULL,'F','','',NULL,67,139,NULL),(910,'Gangamani Hembramf','',NULL,'F','','',NULL,67,139,NULL),(911,'Hiramani Munduri','',NULL,'F','','',NULL,67,138,NULL),(912,'Sukamati Hembram','',NULL,'F','','',NULL,67,138,NULL),(913,'Nandi Hembram','',NULL,'F','','',NULL,67,138,NULL),(914,'Priyamani Mahakud','',NULL,'F','','',NULL,67,138,NULL),(915,'Phulamani Kandeyan','',NULL,'F','','',NULL,67,138,NULL),(916,'Marsa Malen Hembram','',NULL,'F','','',NULL,67,138,NULL),(917,'Somabari Hembram','',NULL,'F','','',NULL,67,138,NULL),(918,'Bhanumati Mahakud','',NULL,'F','','',NULL,67,138,NULL),(919,'Sanjita Kandeyan','',NULL,'F','','',NULL,67,138,NULL),(920,'Chandrika Kandeyan','',NULL,'F','','',NULL,67,138,NULL),(921,'Basanti Mahakud','',NULL,'F','','',NULL,67,138,NULL),(922,'Sunai Hembram','',NULL,'F','','',NULL,67,138,NULL),(923,'Bharati Mahakud','',NULL,'F','','',NULL,67,138,NULL),(924,'Sumitra Behera','',NULL,'F','','',NULL,67,138,NULL),(925,'Menja Hembram','',NULL,'F','','',NULL,67,138,NULL),(926,'Gangi Hembram','',NULL,'F','','',NULL,67,138,NULL),(927,'Subasini Mahakud','',NULL,'F','','',NULL,67,138,NULL),(928,'Jemamani Kandeyan','',NULL,'F','','',NULL,67,138,NULL),(929,'Ramani Hembram','',NULL,'F','','',NULL,67,138,NULL),(930,'Lillmani Mahakud','',NULL,'F','','',NULL,67,138,NULL),(1058,'Bela Purti ','',NULL,'F','','',NULL,62,130,NULL),(1059,'Dubgi Hembram ','',NULL,'F','','',NULL,62,130,NULL),(1060,'Sapani Pingua ','',NULL,'F','','',NULL,62,130,NULL),(1061,'Sombari soya ','',NULL,'F','','',NULL,62,130,NULL),(1062,'Pani Chattar ','',NULL,'F','','',NULL,62,130,NULL),(1063,'Turi Pingua ','',NULL,'F','','',NULL,62,130,NULL),(1064,'Deepanjali Patra ','',NULL,'F','','',NULL,55,124,NULL),(1065,'Minaka Mohanta ','',NULL,'F','','',NULL,55,124,NULL),(1066,'Tobharani Mohakud ','',NULL,'F','','',NULL,55,124,NULL),(1067,'Rebati Mohanta ','',NULL,'F','','',NULL,55,124,NULL),(1068,'Nirupama Mohanta ','',NULL,'F','','',NULL,55,124,NULL),(1069,'Sushanti Mohanta ','',NULL,'F','','',NULL,55,124,NULL),(1070,'Shantilata Mohanta ','',NULL,'F','','',NULL,55,124,NULL),(1071,'Chmpabati Hembram ','',NULL,'F','','',NULL,55,124,NULL),(1072,'Chanchala Mohanta ','',NULL,'F','','',NULL,55,124,NULL),(1073,'Parbati Bandra ','',NULL,'F','','',NULL,55,124,NULL),(1074,'Parbati Gagrai ','',NULL,'F','','',NULL,55,124,NULL),(1075,'Raimani Honnaga ','',NULL,'F','','',NULL,55,124,NULL),(1076,'Basanti Jamuda ','',NULL,'F','','',NULL,55,124,NULL),(1077,'Laxmirani Sinku ','',NULL,'F','','',NULL,55,124,NULL),(1078,'Nasamani Sinku ','',NULL,'F','','',NULL,55,124,NULL),(1079,'Menga Sinku ','',NULL,'F','','',NULL,55,124,NULL),(1080,'Lilmani Goipai ','',NULL,'F','','',NULL,55,124,NULL),(1081,'Namita Goipai ','',NULL,'F','','',NULL,55,124,NULL),(1082,'Bela Goipai ','',NULL,'F','','',NULL,55,124,NULL),(1083,'Laxmi Sinku ','',NULL,'F','','',NULL,55,124,NULL),(1084,'Sumati Bandra ','',NULL,'F','','',NULL,55,124,NULL),(1085,'Laxmi Goipai ','',NULL,'F','','',NULL,55,124,NULL),(1087,'Sanatan Purty','',NULL,'M','','',NULL,71,NULL,NULL),(1088,'Bagun Singh','',NULL,'M','','',NULL,71,NULL,NULL),(1089,'Ghanshyam Munda','',NULL,'M','','',NULL,85,NULL,NULL),(1090,'Ghanshyam Chattar','',NULL,'M','','',NULL,73,NULL,NULL),(1091,'Ranjan Purty','',NULL,'M','','',NULL,74,NULL,NULL),(1092,'Shaila Naik','',NULL,'M','','',NULL,70,NULL,NULL),(1093,'Padmini Naik','',NULL,'F','','',NULL,62,NULL,NULL),(1094,'Kasturi','',NULL,'F','','',NULL,62,NULL,NULL),(1095,'Fakir Honnaga','',NULL,'M','','',NULL,69,NULL,NULL),(1096,'Rangdhar Sundi','',NULL,'M','','',NULL,69,NULL,NULL),(1097,'Tapan Sundhi','',NULL,'M','','',NULL,69,NULL,NULL),(1098,'Budani Gudiya','',NULL,'F','','',NULL,80,144,NULL),(1099,'Sallu Gudiya','',NULL,'F','','',NULL,80,144,NULL),(1100,'Etwari Gudiya','',NULL,'F','','',NULL,80,144,NULL),(1101,'Pallo Barla','',NULL,'F','','',NULL,80,144,NULL),(1102,'Itwari Bhengra','',NULL,'F','','',NULL,80,144,NULL),(1103,'Chilagi Bhengra','',NULL,'F','','',NULL,80,144,NULL),(1104,'Fudungi Bhengra','',NULL,'F','','',NULL,80,144,NULL),(1105,'Kiran Bhengra','',NULL,'F','','',NULL,80,144,NULL),(1106,'SHG Group','',NULL,'F','','',NULL,76,NULL,NULL),(1107,'Khetra Mohan','',NULL,'M','','',NULL,69,NULL,NULL),(1108,'Phulo Bhengra','',NULL,'F','','',NULL,80,144,NULL),(1109,'Yashoda Bhengra','',NULL,'F','','',NULL,80,144,NULL),(1110,'Sthr Bhengra','',NULL,'F','','',NULL,80,144,NULL),(1111,'Mangari Barala','',NULL,'F','','',NULL,80,144,NULL),(1112,'Mariyam Barala','',NULL,'F','','',NULL,80,144,NULL),(1113,'Padao Barala','',NULL,'F','','',NULL,80,144,NULL),(1114,'Sisaliya Dodroy','',NULL,'F','','',NULL,80,144,NULL),(1115,'Hiramani longa','',NULL,'F','','',NULL,80,144,NULL),(1116,'Kripa Dodroy','',NULL,'F','','',NULL,80,144,NULL),(1117,'Mangari Gudiya','',NULL,'F','','',NULL,80,144,NULL),(1118,'Jaranga Bhengra','',NULL,'F','','',NULL,80,144,NULL),(1119,'Malati Sundi','',NULL,'F','','',NULL,69,NULL,NULL),(1120,'Kiran Mahakud','',NULL,'M','','',NULL,67,NULL,NULL),(1121,'Nabin Nayak','',NULL,'M','','',NULL,52,NULL,NULL),(1122,'Tapan Sundi','',NULL,'M','','',NULL,69,NULL,NULL),(1123,'Kshetra Mohan Sundi','',NULL,'M','','',NULL,69,NULL,NULL),(1124,'Ramakanta Nayak','',NULL,'M','','',NULL,69,NULL,NULL),(1125,'Bhima Purty','',NULL,'M','','',NULL,71,NULL,NULL),(1126,'Aleksiyas Hembram','',NULL,'M','','',NULL,69,NULL,NULL),(1127,'Trilochan Mohanta','',NULL,'M','','',NULL,77,NULL,NULL),(1128,'Sundar Guye','',NULL,'M','','',NULL,72,NULL,NULL),(1129,'Bamdev','',NULL,'M','','',NULL,72,NULL,NULL),(1130,'Barisa Hembram','',NULL,'M','','',NULL,78,NULL,NULL),(1131,'Lachamani','',NULL,'F','','',NULL,78,NULL,NULL),(1132,'Raibari','',NULL,'F','','',NULL,62,NULL,NULL),(1133,'Chatur Bhuja','',NULL,'M','','',NULL,79,NULL,NULL),(1134,'Phulmani Nayak','',NULL,'F','','',NULL,79,NULL,NULL),(1135,'Dabendra Balmuch','',NULL,'M','','',NULL,74,NULL,NULL),(1136,'Pandu Hansdah','',NULL,'M','','',NULL,70,NULL,NULL),(1137,'Sushila Bhengra','',NULL,'F','','',NULL,81,145,NULL),(1138,'Juliyani Bhengra','',NULL,'F','','',NULL,81,145,NULL),(1139,'Kuwari Bodra','',NULL,'F','','',NULL,81,145,NULL),(1140,'Bhudani Devi','',NULL,'F','','',NULL,81,145,NULL),(1141,'Bilasi Devi','',NULL,'F','','',NULL,81,145,NULL),(1142,'Sarita devi','',NULL,'F','','',NULL,81,145,NULL),(1143,'Sati Devi','',NULL,'F','','',NULL,81,145,NULL),(1144,'Margrat Dhana','',NULL,'F','','',NULL,81,145,NULL),(1145,'Niramala Badara','',NULL,'F','','',NULL,81,145,NULL),(1146,'Barnadet Bodra','',NULL,'F','','',NULL,81,145,NULL),(1147,'Khistina Bodra','',NULL,'F','','',NULL,81,145,NULL),(1148,'Lusiya Bhengra','',NULL,'F','','',NULL,81,145,NULL),(1149,'Nimunati Harenj','',NULL,'F','','',NULL,81,145,NULL),(1150,'Karolina Bhengra','',NULL,'F','','',NULL,81,145,NULL),(1151,'Jitin Herenj','',NULL,'F','','',NULL,81,145,NULL),(1152,'Mukta Bhengra','',NULL,'F','','',NULL,81,145,NULL),(1153,'Ramiya Bhengra','',NULL,'F','','',NULL,81,145,NULL),(1154,'Karami Bhengra','',NULL,'F','','',NULL,81,145,NULL),(1155,'Filomina Bhengra','',NULL,'F','','',NULL,81,145,NULL),(1156,'Kanhuch Naik','',NULL,'M','','',NULL,70,NULL,NULL),(1157,'Biswashi Horo','',NULL,'F','','',NULL,82,146,NULL),(1158,'Mshlayani Sanjaa','',NULL,'F','','',NULL,82,146,NULL),(1159,'Rahil Topno','',NULL,'F','','',NULL,82,146,NULL),(1160,'Susana Dodroy','',NULL,'F','','',NULL,82,146,NULL),(1161,'Lushiya Kongadi','',NULL,'F','','',NULL,82,146,NULL),(1162,'Lalita Horo','',NULL,'F','','',NULL,82,146,NULL),(1163,'Kripa Kangadi','',NULL,'F','','',NULL,82,146,NULL),(1164,'Baronika Purti','',NULL,'F','','',NULL,82,146,NULL),(1165,'Jaywanti Kundaluna','',NULL,'F','','',NULL,82,146,NULL),(1166,'Fuljanshiya Ainand','',NULL,'F','','',NULL,82,146,NULL),(1167,'Mariyam Dhana','',NULL,'F','','',NULL,82,146,NULL),(1168,'Budani Gudiya','',NULL,'F','','',NULL,84,152,NULL),(1169,'Sallu Gudiya','',NULL,'F','','',NULL,84,152,NULL),(1170,'Etwari Gudiya','',NULL,'F','','',NULL,84,152,NULL),(1171,'Pallo Barla','',NULL,'F','','',NULL,84,152,NULL),(1172,'Itwari Bhengra','',NULL,'F','','',NULL,84,152,NULL),(1173,'Chilagi Bhengra','',NULL,'F','','',NULL,84,152,NULL),(1174,'Fudungi Bhengra','',NULL,'F','','',NULL,84,152,NULL),(1175,'Payari nandi Bhengra','',NULL,'F','','',NULL,84,152,NULL),(1176,'Kiran Bhengra','',NULL,'F','','',NULL,84,152,NULL),(1177,'Phulo Bhengra','',NULL,'F','','',NULL,84,152,NULL),(1178,'Yashoda Bhengra','',NULL,'F','','',NULL,84,152,NULL),(1179,'Sthr Bhengra','',NULL,'F','','',NULL,84,152,NULL),(1180,'Mangari Barala','',NULL,'F','','',NULL,84,152,NULL),(1181,'Mariyam Barala','',NULL,'F','','',NULL,84,152,NULL),(1182,'Padao Barala','',NULL,'F','','',NULL,84,152,NULL),(1183,'Sisaliya Dodroy','',NULL,'F','','',NULL,84,152,NULL),(1184,'Hiramani longa','',NULL,'F','','',NULL,84,152,NULL),(1185,'Kripa Dodroy','',NULL,'F','','',NULL,84,152,NULL),(1186,'Mangari Gudiya','',NULL,'F','','',NULL,84,152,NULL),(1187,'Jaranga Bhengra','',NULL,'F','','',NULL,84,152,NULL),(1188,'Sumanti Barla','',NULL,'F','','',NULL,84,151,NULL),(1189,'Injalina Banjra','',NULL,'F','','',NULL,84,151,NULL),(1190,'Saniyaro  Bhengra \'A\'','',NULL,'F','','',NULL,84,151,NULL),(1191,'Itawari Bhengra \'A\'','',NULL,'F','','',NULL,84,151,NULL),(1192,'Birsi Bhengra   ','',NULL,'F','','',NULL,84,151,NULL),(1193,'Maghiya Bhengra','',NULL,'F','','',NULL,84,151,NULL),(1194,'Shanti Bhengra','',NULL,'F','','',NULL,84,151,NULL),(1195,'Chandu Bhengra','',NULL,'F','','',NULL,84,151,NULL),(1196,'Saniyaro Bhengra','',NULL,'F','','',NULL,84,151,NULL),(1197,'Sujii Bhengra','',NULL,'F','','',NULL,84,151,NULL),(1198,'Sucita Bhengra','',NULL,'F','','',NULL,84,151,NULL),(1199,'Rahil Bhengra','',NULL,'F','','',NULL,84,151,NULL),(1200,'Salomi Bhengra','',NULL,'F','','',NULL,84,151,NULL),(1201,'Narami Bhengra','',NULL,'F','','',NULL,84,151,NULL),(1202,'Anita Bhengra','',NULL,'F','','',NULL,84,151,NULL),(1203,'Itwari Bhengra \'B\'','',NULL,'F','','',NULL,84,151,NULL),(1204,'Sudaki Barla','',NULL,'F','','',NULL,84,151,NULL),(1205,'Biranj Bhengra','',NULL,'F','','',NULL,84,151,NULL),(1206,'Jiramuni Bhengara','',NULL,'F','','',NULL,84,150,NULL),(1207,'Jasmati Sawasi','',NULL,'F','','',NULL,84,150,NULL),(1208,'Lathko Bhengara','',NULL,'F','','',NULL,84,150,NULL),(1209,'Mariyam Bhengara','',NULL,'F','','',NULL,84,150,NULL),(1210,'Champu Bhengara','',NULL,'F','','',NULL,84,150,NULL),(1211,'Dashmi Bhengara','',NULL,'F','','',NULL,84,150,NULL),(1212,'Inday Bhengara','',NULL,'F','','',NULL,84,150,NULL),(1213,'Sukwaro Bhengara','',NULL,'F','','',NULL,84,150,NULL),(1214,'Ratani Bhengara ','',NULL,'F','','',NULL,84,150,NULL),(1215,'Suray Bhengara','',NULL,'F','','',NULL,84,150,NULL),(1216,'Norri Bhengara','',NULL,'F','','',NULL,84,150,NULL),(1217,'Yasoda Bhengara','',NULL,'F','','',NULL,84,150,NULL),(1218,'Bilan Bhengara','',NULL,'F','','',NULL,84,150,NULL),(1219,'Roni Bhengara','',NULL,'F','','',NULL,84,150,NULL),(1220,'Guinandi Bhengara','',NULL,'F','','',NULL,84,150,NULL),(1221,'Mandaki Bhengara','',NULL,'F','','',NULL,84,150,NULL),(1222,'Ratani Bhengara','',NULL,'F','','',NULL,84,150,NULL),(1223,'Narami Bhengara','',NULL,'F','','',NULL,84,150,NULL),(1224,'Gangamuni Bhengara','',NULL,'F','','',NULL,84,150,NULL),(1225,'Mina Bhengara','',NULL,'F','','',NULL,84,150,NULL),(1226,'Sabina Bhengra','',NULL,'F','','',NULL,84,149,NULL),(1227,'Baduni Aodaya','',NULL,'F','','',NULL,84,149,NULL),(1228,'Gorii Bhengra','',NULL,'F','','',NULL,84,149,NULL),(1229,'Budhni Bhengra','',NULL,'F','','',NULL,84,149,NULL),(1230,'Margarad Bhengra','',NULL,'F','','',NULL,84,149,NULL),(1231,'Aswanti Bhengra','',NULL,'F','','',NULL,84,149,NULL),(1232,'Birasi Bhengra','',NULL,'F','','',NULL,84,149,NULL),(1233,'Birasi Dodray','',NULL,'F','','',NULL,84,149,NULL),(1234,'Dukhani Bhengra','',NULL,'F','','',NULL,84,149,NULL),(1235,'Chandu Aodaya','',NULL,'F','','',NULL,84,149,NULL),(1236,'Kangaya Bhengara','',NULL,'F','','',NULL,84,148,NULL),(1237,'Ashadi  Bhengara','',NULL,'F','','',NULL,84,148,NULL),(1238,'Siniyaro  Bhengara','',NULL,'F','','',NULL,84,148,NULL),(1239,'Visvasi  Bhengara','',NULL,'F','','',NULL,84,148,NULL),(1240,'Jhirmait  Bhengara','',NULL,'F','','',NULL,84,148,NULL),(1241,'Fulmani  Bhengara','',NULL,'F','','',NULL,84,148,NULL),(1242,'Sunila  Bhengara','',NULL,'F','','',NULL,84,148,NULL),(1243,'Jawani  Bhengara','',NULL,'F','','',NULL,84,148,NULL),(1244,'Krpa  Bhengara','',NULL,'F','','',NULL,84,148,NULL),(1245,'Dashami  Bhengara','',NULL,'F','','',NULL,84,148,NULL),(1246,'Randay  Bhengara','',NULL,'F','','',NULL,84,148,NULL),(1247,'Ashadi Barala','',NULL,'F','','',NULL,84,148,NULL),(1248,'Dashami Barala','',NULL,'F','','',NULL,84,148,NULL),(1249,'Nanki Bhengara','',NULL,'F','','',NULL,84,148,NULL),(1250,'Gandari Bhengara','',NULL,'F','','',NULL,84,148,NULL),(1251,'Jhariyo Bhengara','',NULL,'F','','',NULL,84,148,NULL),(1252,'Halane Bhengara','',NULL,'F','','',NULL,84,148,NULL),(1253,'Paalo Bhengara','',NULL,'F','','',NULL,84,148,NULL),(1254,'Baasi Bhengara','',NULL,'F','','',NULL,84,148,NULL),(1255,'Basanti Bhengara','',NULL,'F','','',NULL,83,147,NULL),(1256,'Naloni Bhengara','',NULL,'F','','',NULL,83,147,NULL),(1257,'Mariyam Bhengara','',NULL,'F','','',NULL,83,147,NULL),(1258,'Annna Bhengara','',NULL,'F','','',NULL,83,147,NULL),(1259,'Nilam Bhengara','',NULL,'F','','',NULL,83,147,NULL),(1260,'Salomi Bhengara(A)','',NULL,'F','','',NULL,83,147,NULL),(1261,'Ulasha Bhengara','',NULL,'F','','',NULL,83,147,NULL),(1262,'Susan Bhengara','',NULL,'F','','',NULL,83,147,NULL),(1263,'Salomi Bhengara(B)','',NULL,'F','','',NULL,83,147,NULL),(1264,'Anita Bhengara','',NULL,'F','','',NULL,83,147,NULL),(1265,'Filomina Topno','',NULL,'F','','',NULL,82,146,NULL),(1266,'Anima Hemrom','',NULL,'F','','',NULL,82,146,NULL),(1267,'Nilmani Topno','',NULL,'F','','',NULL,82,146,NULL),(1268,'Telani Purti','',NULL,'F','','',NULL,82,146,NULL),(1269,'Namlen Surin','',NULL,'F','','',NULL,82,146,NULL),(1270,'Anjola Soy Marum','',NULL,'F','','',NULL,82,146,NULL),(1271,'Payari judiya','',NULL,'F','','',NULL,82,146,NULL),(1272,'Pushpa Purti','',NULL,'F','','',NULL,82,146,NULL),(1273,'Pusha Kundlana','',NULL,'F','','',NULL,82,146,NULL),(1274,'Sisiliya Kunduluna','',NULL,'F','','',NULL,82,146,NULL),(1275,'Anita Bhengara','',NULL,'F','','',NULL,82,146,NULL),(1276,'halavva.C.Doddapujar','',NULL,'F','','',NULL,45,97,NULL),(1277,'Savakka.m.sannpujar','',NULL,'F','','',NULL,45,97,NULL),(1278,'Patavva.H.belagali','',NULL,'F','','',NULL,45,97,NULL),(1279,'Saidabi.M.kusugal','',NULL,'F','','',NULL,45,97,NULL),(1280,'Basavva.B.Akki','',NULL,'F','','',NULL,45,97,NULL),(1281,'Samavva.C.akki','',NULL,'F','','',NULL,45,97,NULL),(1282,'Channabasavva.Y.vadli','',NULL,'F','','',NULL,45,97,NULL),(1283,'Neelavva.B.Jodalli','',NULL,'F','','',NULL,45,97,NULL),(1284,'Parvatavva.B.sannpujar','',NULL,'F','','',NULL,45,97,NULL),(1285,'patavva.M.Angadi','',NULL,'F','','',NULL,45,97,NULL),(1286,'Masubi.M.angadi','',NULL,'F','','',NULL,45,97,NULL),(1287,'Paravva.B.bellad','',NULL,'F','','',NULL,45,97,NULL),(1288,'Noorjabi.B.Kusugal','',NULL,'F','','',NULL,45,97,NULL),(1289,'Shivakka>B.Kurubar','',NULL,'F','','',NULL,45,97,NULL),(1290,'kamlavva.S.Silliketar','',NULL,'F','','',NULL,45,153,NULL),(1291,'Ambavva.h.Silliketar','',NULL,'F','','',NULL,45,153,NULL),(1292,'Shantavva.M.silliketar','',NULL,'F','','',NULL,45,153,NULL),(1293,'Akkava.P.Silliketar','',NULL,'F','','',NULL,45,153,NULL),(1294,'Rukummavva.B.Silliketar','',NULL,'F','','',NULL,45,153,NULL),(1295,'Sugandamma.S.Silliketar','',NULL,'F','','',NULL,45,153,NULL),(1296,'premavva.m.Silliketar','',NULL,'F','','',NULL,45,153,NULL),(1297,'Neelavava.S.Silliketar','',NULL,'F','','',NULL,45,153,NULL),(1298,'Yallamma.M.Silliketar','',NULL,'F','','',NULL,45,153,NULL),(1299,'Savakka.M.Silliketar','',NULL,'F','','',NULL,45,153,NULL),(1300,'Hanumavva.P.Silliketar','',NULL,'F','','',NULL,45,153,NULL),(1301,'Ratanavva.S.Silliketar','',NULL,'F','','',NULL,45,153,NULL),(1302,'Shekavva.S.Doddapujar','',NULL,'F','','',NULL,45,153,NULL),(1303,'Renavva.D.Silliketar','',NULL,'F','','',NULL,45,153,NULL),(1304,'Kamalavva.S.Silliketar','',NULL,'F','','',NULL,45,153,NULL),(1305,'Yallavva.Y.Silliketar','',NULL,'F','','',NULL,45,153,NULL),(1306,'mallamma.M.Silliketar','',NULL,'F','','',NULL,45,153,NULL),(1307,'Renavva.S.Silliketar','',NULL,'F','','',NULL,45,153,NULL),(1308,'Baramavva.C.Silliketar','',NULL,'F','','',NULL,45,153,NULL),(1309,'Rajibi.L.Doddamani','',NULL,'F','','',NULL,45,98,NULL),(1310,'Jannatabi.D.Khadunavar','',NULL,'F','','',NULL,45,98,NULL),(1311,'Renuka.M.Purandannavar','',NULL,'F','','',NULL,45,98,NULL),(1312,'Bibijan.M.Hulakoppa','',NULL,'F','','',NULL,45,98,NULL),(1313,'Patima.R.Kamadolli','',NULL,'F','','',NULL,45,98,NULL),(1314,'Mabubi.S.Khadunavvar','',NULL,'F','','',NULL,45,98,NULL),(1315,'Sumitra.I.Purandannavar','',NULL,'F','','',NULL,45,98,NULL),(1316,'Mabubi.L.Doddamani','',NULL,'F','','',NULL,45,98,NULL),(1317,'Mamataj.A.Sannamani','',NULL,'F','','',NULL,45,98,NULL),(1318,'Allabi.M.Narendra','',NULL,'F','','',NULL,45,98,NULL),(1319,'Mabubbi.L.Sannamani','',NULL,'F','','',NULL,45,98,NULL),(1320,'Ansuya.B.Divatagi','',NULL,'F','','',NULL,45,98,NULL),(1321,'Bibijan.A.Doddamani','',NULL,'F','','',NULL,45,98,NULL),(1322,'Sabira.R.Doddamani','',NULL,'F','','',NULL,45,98,NULL),(1323,'Mabubi.F.Doddamani','',NULL,'F','','',NULL,45,98,NULL),(1324,'Shantavva.B.Bhajantri','',NULL,'F','','',NULL,45,98,NULL),(1325,'Mamataj.L.angadi','',NULL,'F','','',NULL,45,99,NULL),(1326,'Renuka.S.Hadapad','',NULL,'F','','',NULL,45,99,NULL),(1327,'Kallavva.M.Doddapujar','',NULL,'F','','',NULL,45,99,NULL),(1328,'Patavva.L.Doddamani','',NULL,'F','','',NULL,45,99,NULL),(1329,'Patavva.H.nadaf','',NULL,'F','','',NULL,45,99,NULL),(1330,'Dhavalabi.M.Sannamano','',NULL,'F','','',NULL,45,99,NULL),(1331,'Mammatajb.M.Doddamani','',NULL,'F','','',NULL,45,99,NULL),(1332,'Rajibi.N.Doddamani','',NULL,'F','','',NULL,45,99,NULL),(1333,'Mabubi.N.Mishrikoti','',NULL,'F','','',NULL,45,99,NULL),(1334,'Hasanamma.M.Uppinabetageri','',NULL,'F','','',NULL,45,99,NULL),(1335,'Jannatabi.h.Nadaf','',NULL,'F','','',NULL,45,99,NULL),(1336,'Biijan.P.Halihal','',NULL,'F','','',NULL,45,99,NULL),(1337,'Akkavva.B.Silliketar','',NULL,'F','','',NULL,45,99,NULL),(1338,'Rajivi>M.Doddamni','',NULL,'F','','',NULL,45,100,NULL),(1339,'Noorjabi.R.Kusugal','',NULL,'F','','',NULL,45,100,NULL),(1340,'Nagamma.G.Silliketar','',NULL,'F','','',NULL,45,100,NULL),(1341,'Rudravva.b.Hadapad','',NULL,'F','','',NULL,45,100,NULL),(1342,'Basavva nennakki','',NULL,'F','','',NULL,45,100,NULL),(1343,'Bibijan.Nadaf','',NULL,'F','','',NULL,45,100,NULL),(1344,'Husenavva.h.Sannamani','',NULL,'F','','',NULL,45,100,NULL),(1345,'Meruna Ankali','',NULL,'F','','',NULL,45,100,NULL),(1346,'Husenavva.R.Kamadolli','',NULL,'F','','',NULL,45,100,NULL),(1347,'Saidabi.R.Hulakoppa','',NULL,'F','','',NULL,45,100,NULL),(1348,'Jubeda.M.Kusugal','',NULL,'F','','',NULL,45,100,NULL),(1349,'Kallavva.B.Devatagi','',NULL,'F','','',NULL,45,100,NULL),(1350,'Allabi.I.Doddamani','',NULL,'F','','',NULL,45,100,NULL),(1351,'Patavva.L.Kusugal','',NULL,'F','','',NULL,45,100,NULL),(1352,'Chandabi.B.Ankali','',NULL,'F','','',NULL,45,100,NULL),(1353,'Patima.M.Sannamani','',NULL,'F','','',NULL,45,100,NULL),(1354,'Channavva Hiremath','',NULL,'F','','',NULL,48,105,NULL),(1355,'Shantavva Savadatti','',NULL,'F','','',NULL,48,105,NULL),(1356,'Shantavva Pujar','',NULL,'F','','',NULL,48,105,NULL),(1357,'Basavanna Kalghatgi','',NULL,'F','','',NULL,48,105,NULL),(1358,'Paravva Kalghatgi','',NULL,'F','','',NULL,48,105,NULL),(1359,'Kallavva Shirur','',NULL,'F','','',NULL,48,105,NULL),(1360,'Sunnada Darur','',NULL,'F','','',NULL,48,105,NULL),(1361,'Patavva manikbhai','',NULL,'F','','',NULL,48,105,NULL),(1362,'Gangavva Muttanvar','',NULL,'F','','',NULL,48,105,NULL),(1363,'Shantavva Barker','',NULL,'F','','',NULL,48,105,NULL),(1364,'kamalvva Kuridikeri','',NULL,'F','','',NULL,48,105,NULL),(1365,'Shantavva Gudugur','',NULL,'F','','',NULL,48,105,NULL),(1366,'Somavva.G.Pujar','',NULL,'F','','',NULL,48,106,NULL),(1367,'Gangamma.G.Pujar','',NULL,'F','','',NULL,48,106,NULL),(1368,'Chaitra.B.Pujar','',NULL,'F','','',NULL,48,106,NULL),(1369,'Basavva.C.Pujar','',NULL,'F','','',NULL,48,106,NULL),(1370,'Nagavva.r.Saravar','',NULL,'F','','',NULL,48,106,NULL),(1371,'Vinoda.R.pujar','',NULL,'F','','',NULL,48,106,NULL),(1372,'Majula.R.Pujar','',NULL,'F','','',NULL,48,106,NULL),(1373,'ShardA.g.Hiremath','',NULL,'F','','',NULL,48,106,NULL),(1374,'Shaila.I.Kothanimath','',NULL,'F','','',NULL,48,106,NULL),(1375,'Madevei.M.Pujar','',NULL,'F','','',NULL,48,106,NULL),(1376,'Ratnavva.B.Kuridikeri','',NULL,'F','','',NULL,48,106,NULL),(1377,'Kallavva.B.Patil','',NULL,'F','','',NULL,48,106,NULL),(1378,'Renavva.R.Patil','',NULL,'F','','',NULL,48,107,NULL),(1379,'Sunadavva.I.Darur','',NULL,'F','','',NULL,48,107,NULL),(1380,'Shidavva.D.Badiger','',NULL,'F','','',NULL,48,107,NULL),(1381,'Parvati.J.Badiger','',NULL,'F','','',NULL,48,107,NULL),(1382,'Shankaravva.M.Badiger','',NULL,'F','','',NULL,48,107,NULL),(1383,'Basavva.B.badiger','',NULL,'F','','',NULL,48,107,NULL),(1384,'Yashodha.b.badiger','',NULL,'F','','',NULL,48,107,NULL),(1385,'Ratnavva.D.hadapad','',NULL,'F','','',NULL,48,107,NULL),(1386,'Iravva.R.Badiger','',NULL,'F','','',NULL,48,107,NULL),(1387,'Anasavva.d.Badiger','',NULL,'F','','',NULL,48,107,NULL),(1388,'Annapurna.C.patil','',NULL,'F','','',NULL,48,107,NULL),(1389,'Shantavva.C.Badiger','',NULL,'F','','',NULL,48,107,NULL),(1390,'Girijavva.S.yadavad','',NULL,'F','','',NULL,48,107,NULL),(1391,'Manjavva.M.Badiger','',NULL,'F','','',NULL,48,107,NULL),(1392,'Parvati Badiger','',NULL,'F','','',NULL,48,107,NULL),(1393,'TUulasavva.K.Badiger','',NULL,'F','','',NULL,48,107,NULL),(1394,'Devappa Badiger','',NULL,'F','','',NULL,48,107,NULL),(1395,'Shashikala.s.kotur','',NULL,'F','','',NULL,48,161,NULL),(1396,'Nannima.m.Koppad','',NULL,'F','','',NULL,48,161,NULL),(1397,'Nellava.S.huballi','',NULL,'F','','',NULL,48,161,NULL),(1398,'Chandaravva Yadavad','',NULL,'F','','',NULL,48,161,NULL),(1399,'Rajibi.M.Walikar','',NULL,'F','','',NULL,48,161,NULL),(1400,'Saroja.H.Huballi','',NULL,'F','','',NULL,48,161,NULL),(1401,'Renavva.s.Huballi','',NULL,'F','','',NULL,48,161,NULL),(1402,'Noorjan.J.Manikbhai','',NULL,'F','','',NULL,48,161,NULL),(1403,'Nellava.Y.walikar','',NULL,'F','','',NULL,48,161,NULL),(1404,'Shankaravva.U.Pujar','',NULL,'F','','',NULL,48,161,NULL),(1405,'savakka.K.hagri','',NULL,'F','','',NULL,48,161,NULL),(1406,'Nirmala.m.Darur','',NULL,'F','','',NULL,48,161,NULL),(1407,'Shantavva.walikar','',NULL,'F','','',NULL,48,161,NULL),(1408,'Shantavva.s.Saravari','',NULL,'F','','',NULL,48,161,NULL),(1409,'Nirmala.m.Ganiger','',NULL,'F','','',NULL,48,161,NULL),(1410,'Neelavva.P.yadavad','',NULL,'F','','',NULL,48,161,NULL),(1411,'Jaitunabi koppad','',NULL,'F','','',NULL,48,161,NULL),(1412,'Nagalinga swamy.P.Hiremath','',NULL,'F','','',NULL,48,160,NULL),(1413,'Rasulsab.N.Koppad','',NULL,'F','','',NULL,48,160,NULL),(1414,'Yallapa.B.Sanshi','',NULL,'F','','',NULL,48,160,NULL),(1415,'Mabusab.N.Koppad.','',NULL,'F','','',NULL,48,160,NULL),(1416,'Husenasab.R.Koppad','',NULL,'F','','',NULL,48,160,NULL),(1417,'Shivanandha.Y.Kamadhe','',NULL,'F','','',NULL,48,160,NULL),(1418,'Dyamann.F.Walikar','',NULL,'F','','',NULL,48,160,NULL),(1419,'Doddakallappa.N.Ganiger','',NULL,'F','','',NULL,48,160,NULL),(1420,'Basavarju.b.Bhajantri','',NULL,'F','','',NULL,48,160,NULL),(1421,'Chandrayya.G.Kuridikeri','',NULL,'F','','',NULL,48,160,NULL),(1422,'Ramanna.V.Karadi','',NULL,'F','','',NULL,48,160,NULL),(1423,'Nirmala B.siddanavar','',NULL,'F','','',NULL,48,159,NULL),(1424,'Gousibi Budenkan','',NULL,'F','','',NULL,48,159,NULL),(1425,'Parava saravari','',NULL,'F','','',NULL,48,159,NULL),(1426,'Ratnavva.d.Hadappad','',NULL,'F','','',NULL,48,159,NULL),(1427,'Shankravva C.Hadappad','',NULL,'F','','',NULL,48,159,NULL),(1428,'Shekavva.R.Hadappad','',NULL,'F','','',NULL,48,159,NULL),(1429,'Gouravva Hadapad','',NULL,'F','','',NULL,48,159,NULL),(1430,'Shantavva R Hadapad','',NULL,'F','','',NULL,48,159,NULL),(1431,'Basavva.K .Hadapad','',NULL,'F','','',NULL,48,159,NULL),(1432,'Renavva.D.Hadapad','',NULL,'F','','',NULL,48,159,NULL),(1433,'Subhaddravva.C.Hadapad','',NULL,'F','','',NULL,48,159,NULL),(1434,'Sharavva k Barker','',NULL,'F','','',NULL,48,159,NULL),(1435,'Nelavva k Barker','',NULL,'F','','',NULL,48,159,NULL),(1436,'Kallamma H Siddanavvar','',NULL,'F','','',NULL,48,159,NULL),(1437,'Shantavva S badiger','',NULL,'F','','',NULL,48,158,NULL),(1438,'Pakiravva s ganiger','',NULL,'F','','',NULL,48,158,NULL),(1439,'Savamma K Yadawad','',NULL,'F','','',NULL,48,158,NULL),(1440,'Manabi. p.Walikar','',NULL,'F','','',NULL,48,158,NULL),(1441,'Laxmi.n.Gollar','',NULL,'F','','',NULL,48,158,NULL),(1442,'Kavita.N.Bidaralli','',NULL,'F','','',NULL,48,158,NULL),(1443,'Basavva.B.Sanshi','',NULL,'F','','',NULL,48,158,NULL),(1444,'Chenavva M Nekar','',NULL,'F','','',NULL,48,158,NULL),(1445,'Gangavva M Dasur','',NULL,'F','','',NULL,48,158,NULL),(1446,'Nagavva P Bagadageri','',NULL,'F','','',NULL,48,158,NULL),(1447,'Neelava H Mandali','',NULL,'F','','',NULL,48,158,NULL),(1448,'kalavva L Badiger','',NULL,'F','','',NULL,48,158,NULL),(1449,'Ningappa Halakatti','',NULL,'M','','',NULL,48,157,NULL),(1450,'Ravi Hadapad','',NULL,'M','','',NULL,48,157,NULL),(1451,'Kallappa Badiger','',NULL,'M','','',NULL,48,157,NULL),(1452,'Basavanniah Kurdikere','',NULL,'M','','',NULL,48,157,NULL),(1453,'kalappa Badiger','',NULL,'M','','',NULL,48,157,NULL),(1454,'Jagadeesh Balammanavar','',NULL,'M','','',NULL,48,157,NULL),(1455,'Renappa Patil','',NULL,'M','','',NULL,48,157,NULL),(1456,'Channappa Marlingapanavar','',NULL,'M','','',NULL,48,157,NULL),(1457,'Yallappagouda Patil','',NULL,'M','','',NULL,48,157,NULL),(1458,'Shankarappa Hagri','',NULL,'M','','',NULL,48,157,NULL),(1459,'Bharmagouda patil','',NULL,'M','','',NULL,48,157,NULL),(1460,'Gurunagouda Patil','',NULL,'M','','',NULL,48,157,NULL),(1461,'Prakash darur','',NULL,'M','','',NULL,48,157,NULL),(1462,'Riyaj jaragaddi','',NULL,'M','','',NULL,48,157,NULL),(1463,'basangoudar patil','',NULL,'M','','',NULL,48,157,NULL),(1464,'Shantavva S Badiger','',NULL,'F','','',NULL,48,156,NULL),(1465,'Pakiravva S Ganiger','',NULL,'F','','',NULL,48,156,NULL),(1466,'savamma k Yadavad','',NULL,'F','','',NULL,48,156,NULL),(1467,'Manabi P walikar','',NULL,'F','','',NULL,48,156,NULL),(1468,'LAxmi N Gollar','',NULL,'F','','',NULL,48,156,NULL),(1469,'Kavita N Bidaralli','',NULL,'F','','',NULL,48,156,NULL),(1470,'Basavva B sanshi','',NULL,'F','','',NULL,48,156,NULL),(1471,'Chanavva M Nekar','',NULL,'F','','',NULL,48,156,NULL),(1472,'Gangavva M Dasur','',NULL,'F','','',NULL,48,156,NULL),(1473,'Nagavva P Bagadageri','',NULL,'F','','',NULL,48,156,NULL),(1474,'Neelava H Mandali','',NULL,'F','','',NULL,48,156,NULL),(1475,'kalavva L Badiger','',NULL,'F','','',NULL,48,156,NULL),(1476,'Mallapa sanshi','',NULL,'M','','',NULL,48,155,NULL),(1477,'Yallappa Nigalli','',NULL,'M','','',NULL,48,155,NULL),(1478,'Shivalingappa Kundagol','',NULL,'M','','',NULL,48,155,NULL),(1479,'Basappa Belagali','',NULL,'M','','',NULL,48,155,NULL),(1480,'Bhujangouda Bavikatti','',NULL,'M','','',NULL,48,155,NULL),(1481,'Kallanagouda Bavikatti','',NULL,'M','','',NULL,48,155,NULL),(1482,'Shankaragouda Bavikatti','',NULL,'M','','',NULL,48,155,NULL),(1483,'Rudragouda Bavikatti','',NULL,'M','','',NULL,48,155,NULL),(1484,'Makkusab Valikar','',NULL,'M','','',NULL,48,155,NULL),(1485,'Moulasab walikar','',NULL,'M','','',NULL,48,155,NULL),(1486,'Mallappa Dyavankonda','',NULL,'M','','',NULL,48,155,NULL),(1487,'Shankarappa Hagri','',NULL,'M','','',NULL,48,155,NULL),(1488,'Karaveeraiah hiremath','',NULL,'M','','',NULL,48,155,NULL),(1489,'Mudukappa Ganiger','',NULL,'M','','',NULL,48,155,NULL),(1490,'Gangavva G Pujar','',NULL,'F','','',NULL,48,154,NULL),(1491,'MAhadevei B Kurdikere','',NULL,'F','','',NULL,48,154,NULL),(1492,'Shantavva R Bavikatti','',NULL,'F','','',NULL,48,154,NULL),(1493,'Annapurna S Bavikatti','',NULL,'F','','',NULL,48,154,NULL),(1494,'Kallavva B patil','',NULL,'F','','',NULL,48,154,NULL),(1495,'Ningavva K Bavikatti','',NULL,'F','','',NULL,48,154,NULL),(1496,'Girijavva K Patil','',NULL,'F','','',NULL,48,154,NULL),(1497,'Danavva C Bavikatti','',NULL,'F','','',NULL,48,154,NULL),(1498,'Nirmala N Bavikatti','',NULL,'F','','',NULL,48,154,NULL),(1499,'Kalavva L Badiger','',NULL,'F','','',NULL,48,154,NULL),(1500,'Channavva K Hanchinmani','',NULL,'F','','',NULL,48,154,NULL),(1501,'Vinoda R Pujar','',NULL,'F','','',NULL,48,154,NULL),(1502,'Basavaraj Kotagunasi','',NULL,'M','','',NULL,47,164,NULL),(1503,'Basappa Dhanigound','',NULL,'M','','',NULL,47,164,NULL),(1504,'Shivappa Bammigatti','',NULL,'M','','',NULL,47,164,NULL),(1505,'Mudukappa Bammigatti','',NULL,'M','','',NULL,47,164,NULL),(1506,'Shankerappa Basarikoppa ','',NULL,'M','','',NULL,47,164,NULL),(1507,'Rayappa Tippakkannavar','',NULL,'M','','',NULL,47,164,NULL),(1508,'Mallappa Bammigatti','',NULL,'M','','',NULL,47,164,NULL),(1509,'Gurunatha Ramanal','',NULL,'M','','',NULL,47,164,NULL),(1510,'Yallappa Kudalagi','',NULL,'M','','',NULL,47,164,NULL),(1511,'Mahadevappa Janmihal','',NULL,'M','','',NULL,47,164,NULL),(1512,'Shankarappa Basrikoppa','',NULL,'M','','',NULL,47,164,NULL),(1513,'Mallapa Bammigatti','',NULL,'M','','',NULL,47,164,NULL),(1514,'Mahantesh nenekki','',NULL,'M','','',NULL,47,163,NULL),(1515,'Channamallappa emmetti','',NULL,'M','','',NULL,47,163,NULL),(1516,'Mahadevappa Madi','',NULL,'M','','',NULL,47,163,NULL),(1517,'Mahadevappa dhanigoud','',NULL,'M','','',NULL,47,163,NULL),(1518,'Tippanna Basrikoppa','',NULL,'M','','',NULL,47,163,NULL),(1519,'Irappa Mukkalkatti','',NULL,'M','','',NULL,47,163,NULL),(1520,'Ningappa Mukkalgataggi','',NULL,'M','','',NULL,47,163,NULL),(1521,'Neelappa Mutagi','',NULL,'M','','',NULL,47,163,NULL),(1522,'Kudukappa Keppannavar','',NULL,'M','','',NULL,47,163,NULL),(1523,'Basavanappa Ramanal','',NULL,'M','','',NULL,47,163,NULL),(1524,'Parutapa kelgeri','',NULL,'M','','',NULL,47,163,NULL),(1525,'Basappa Malammanavar','',NULL,'M','','',NULL,47,163,NULL),(1526,'Siddappa Kelgeri','',NULL,'M','','',NULL,47,163,NULL),(1527,'Mahadev Mukkalagatti','',NULL,'M','','',NULL,47,163,NULL),(1528,'Mohammadsab ','',NULL,'M','','',NULL,47,163,NULL),(1529,'Basanagouda Patil','',NULL,'M','','',NULL,47,163,NULL),(1530,'shivalingappa BAlliwali','',NULL,'M','','',NULL,47,163,NULL),(1531,'Mahantesh nenekki','',NULL,'M','','',NULL,47,163,NULL),(1532,'Channamallappa emmetti','',NULL,'M','','',NULL,47,163,NULL),(1533,'Mahadevappa Madi','',NULL,'M','','',NULL,47,163,NULL),(1534,'Mahadevappa dhanigoud','',NULL,'M','','',NULL,47,163,NULL),(1535,'Tippanna Basrikoppa','',NULL,'M','','',NULL,47,163,NULL),(1536,'Irappa Mukkalkatti','',NULL,'M','','',NULL,47,163,NULL),(1537,'Ningappa Mukkalgataggi','',NULL,'M','','',NULL,47,163,NULL),(1538,'Neelappa Mutagi','',NULL,'M','','',NULL,47,163,NULL),(1539,'Kudukappa Keppannavar','',NULL,'M','','',NULL,47,163,NULL),(1540,'Basavanappa Ramanal','',NULL,'M','','',NULL,47,163,NULL),(1541,'Parutapa kelgeri','',NULL,'M','','',NULL,47,163,NULL),(1542,'Basappa Malammanavar','',NULL,'M','','',NULL,47,163,NULL),(1543,'Siddappa Kelgeri','',NULL,'M','','',NULL,47,163,NULL),(1544,'Mahadev Mukkalagatti','',NULL,'M','','',NULL,47,163,NULL),(1545,'Mohammadsab ','',NULL,'M','','',NULL,47,163,NULL),(1546,'Basanagouda Patil','',NULL,'M','','',NULL,47,163,NULL),(1547,'shivalingappa BAlliwali','',NULL,'M','','',NULL,47,163,NULL),(1548,'Mahadevappa Kurubar','',NULL,'M','','',NULL,47,162,NULL),(1549,'Fakirappa yallival','',NULL,'M','','',NULL,47,162,NULL),(1550,'Kallappa Mukkalgatti','',NULL,'M','','',NULL,47,162,NULL),(1551,'Basalingappa kelger','',NULL,'M','','',NULL,47,162,NULL),(1552,'Mahadevappa kelger','',NULL,'M','','',NULL,47,162,NULL),(1553,'Basappa Kudalagi','',NULL,'M','','',NULL,47,162,NULL),(1554,'Ningappa jammihal','',NULL,'M','','',NULL,47,162,NULL),(1555,'Manju sannangadi','',NULL,'M','','',NULL,47,162,NULL),(1556,'Shivalingappa Jammihal','',NULL,'M','','',NULL,47,162,NULL),(1557,'Channabasappa Basarikoppa ','',NULL,'M','','',NULL,47,162,NULL),(1558,'Laxmana R Ramanal','',NULL,'M','','',NULL,47,162,NULL),(1559,'Yallappa Ramanal','',NULL,'M','','',NULL,47,162,NULL),(1560,'Shivaputrappa Loodi','',NULL,'M','','',NULL,47,162,NULL),(1561,'Prabuling Badiger','',NULL,'M','','',NULL,47,162,NULL),(1562,'Channabasappa Revadihal','',NULL,'M','','',NULL,47,162,NULL),(1563,'Neelava Basrikoppa ','',NULL,'F','','',NULL,47,104,NULL),(1564,'shankaravva yaliwal','',NULL,'F','','',NULL,47,104,NULL),(1565,'savakka Mukkalgatti','',NULL,'F','','',NULL,47,104,NULL),(1566,'seema Gundenavvar','',NULL,'F','','',NULL,47,104,NULL),(1567,'Kallavva Mukklagatti','',NULL,'F','','',NULL,47,104,NULL),(1568,'Channamma Kelgere','',NULL,'F','','',NULL,47,104,NULL),(1569,'Saralavva Hosavakkal','',NULL,'F','','',NULL,47,104,NULL),(1570,'Nagavva Kotagunsai','',NULL,'F','','',NULL,47,104,NULL),(1571,'Shekavva Kotagunsai','',NULL,'F','','',NULL,47,104,NULL),(1572,'Neelava Kurbar','',NULL,'F','','',NULL,47,104,NULL),(1573,'Shobha Hosamani','',NULL,'F','','',NULL,47,104,NULL),(1574,'Neelavva Bammigatti','',NULL,'F','','',NULL,47,104,NULL),(1575,'Parava Bammigatti','',NULL,'F','','',NULL,47,104,NULL),(1576,'Bibijan A adli','',NULL,'F','','',NULL,47,103,NULL),(1577,'Shivalingavva S Madiwalar','',NULL,'F','','',NULL,47,103,NULL),(1578,'Paravva b madiwalar','',NULL,'F','','',NULL,47,103,NULL),(1579,'paravva B Jammihal','',NULL,'F','','',NULL,47,103,NULL),(1580,'Ratnavva R Kudalgi','',NULL,'F','','',NULL,47,103,NULL),(1581,'Shankaravva B Kurubar','',NULL,'F','','',NULL,47,103,NULL),(1582,'Paravva B Jodalli','',NULL,'F','','',NULL,47,103,NULL),(1583,'Basavva F Kudalgai','',NULL,'F','','',NULL,47,103,NULL),(1584,'Kuntavva E Yaliwal','',NULL,'F','','',NULL,47,103,NULL),(1585,'shantavva S Bammigatti','',NULL,'F','','',NULL,47,103,NULL),(1586,'Nagavva E Yaliwal ','',NULL,'F','','',NULL,47,103,NULL),(1587,'Madevi f Basrikoppa ','',NULL,'F','','',NULL,47,103,NULL),(1588,'Channvava M Ambal','',NULL,'F','','',NULL,47,103,NULL),(1589,'Siddavva I MuKkalgatti','',NULL,'F','','',NULL,47,103,NULL),(1590,'Channavva I Kudalgi','',NULL,'F','','',NULL,47,103,NULL),(1591,'Basavva P Basrikoppa','',NULL,'F','','',NULL,47,102,NULL),(1592,'Savakka S yaliwal','',NULL,'F','','',NULL,47,102,NULL),(1593,'Yallamma F Furdanavar','',NULL,'F','','',NULL,47,102,NULL),(1594,'Channavva Baliwali','',NULL,'F','','',NULL,47,102,NULL),(1595,'Madevi Baliwali','',NULL,'F','','',NULL,47,102,NULL),(1596,'Shankarra bammikatti','',NULL,'F','','',NULL,47,102,NULL),(1597,'Kallavva ramanal','',NULL,'F','','',NULL,47,102,NULL),(1598,'Channavva Yaliwal','',NULL,'F','','',NULL,47,102,NULL),(1599,'Savakka jammihal','',NULL,'F','','',NULL,47,102,NULL),(1600,'Shankaravva Yaliwal','',NULL,'F','','',NULL,47,102,NULL),(1601,'saroja Kudalgi','',NULL,'F','','',NULL,47,102,NULL),(1602,'Sushila Muttagi','',NULL,'F','','',NULL,47,102,NULL),(1603,'Madevi Kusugal','',NULL,'F','','',NULL,47,102,NULL),(1604,'Saralavva Hosavakkal','',NULL,'F','','',NULL,47,102,NULL),(1605,'Madevi Bammikatti','',NULL,'F','','',NULL,47,102,NULL),(1606,'saroja Hosavakkal','',NULL,'F','','',NULL,47,102,NULL),(1607,'savakka Yaliwal','',NULL,'F','','',NULL,47,102,NULL),(1608,'Channavva Yaliwal','',NULL,'F','','',NULL,47,102,NULL),(1609,'Savakka Ekuli','',NULL,'F','','',NULL,49,168,NULL),(1610,'Sushilavva Ekuli','',NULL,'F','','',NULL,49,168,NULL),(1611,'Yallavva Ekuli','',NULL,'F','','',NULL,49,168,NULL),(1612,'Saroja Ekuli','',NULL,'F','','',NULL,49,168,NULL),(1613,'LAxmi Ekuli','',NULL,'F','','',NULL,49,168,NULL),(1614,'Renuka Inguli','',NULL,'F','','',NULL,49,168,NULL),(1615,'Mallavva Inguli','',NULL,'F','','',NULL,49,168,NULL),(1616,'Neelavva Inguli','',NULL,'F','','',NULL,49,168,NULL),(1617,'Basavva Inguli','',NULL,'F','','',NULL,49,168,NULL),(1618,'Tayvva Ekuli','',NULL,'F','','',NULL,49,168,NULL),(1619,'Marevva Goudenavvar','',NULL,'F','','',NULL,49,168,NULL),(1620,'Shanta patil','',NULL,'F','','',NULL,49,168,NULL),(1621,'Laxmavva Nimbhuji','',NULL,'F','','',NULL,49,168,NULL),(1622,'Gangavva Hugar','',NULL,'F','','',NULL,49,167,NULL),(1623,'Neelavva shivinagoudar','',NULL,'F','','',NULL,49,167,NULL),(1624,'Nagavva Guntur','',NULL,'F','','',NULL,49,167,NULL),(1625,'Laxmavva Bhosale','',NULL,'F','','',NULL,49,167,NULL),(1626,'Channavva Kallennavar','',NULL,'F','','',NULL,49,167,NULL),(1627,'neelavva karawar','',NULL,'F','','',NULL,49,167,NULL),(1628,'Shankaravva patenavar','',NULL,'F','','',NULL,49,167,NULL),(1629,'Sumantevva Koni','',NULL,'F','','',NULL,49,167,NULL),(1630,'Rachavva Shivangoudar','',NULL,'F','','',NULL,49,167,NULL),(1631,'kammar','',NULL,'F','','',NULL,49,167,NULL),(1632,'savakka Uppar','',NULL,'F','','',NULL,49,167,NULL),(1633,'Savakka Ekuli','',NULL,'F','','',NULL,49,166,NULL),(1634,'Sushilavva Ekuli','',NULL,'F','','',NULL,49,166,NULL),(1635,'Yallavva Ekuli','',NULL,'F','','',NULL,49,166,NULL),(1636,'Saroja Ekuli','',NULL,'F','','',NULL,49,166,NULL),(1637,'LAxmi Ekuli','',NULL,'F','','',NULL,49,166,NULL),(1638,'Renuka Inguli','',NULL,'F','','',NULL,49,166,NULL),(1639,'Mallavva Inguli','',NULL,'F','','',NULL,49,166,NULL),(1640,'Neelavva Inguli','',NULL,'F','','',NULL,49,166,NULL),(1641,'Mahadevi Inguli','',NULL,'F','','',NULL,49,166,NULL),(1642,'Tayavva Ekuli','',NULL,'F','','',NULL,49,166,NULL),(1643,'Marevva Goudenavvar','',NULL,'F','','',NULL,49,166,NULL),(1644,'Shanta patil','',NULL,'F','','',NULL,49,166,NULL),(1645,'Laxmavva Nimbhuji','',NULL,'F','','',NULL,49,166,NULL),(1646,'Basavva Bosle','',NULL,'F','','',NULL,49,166,NULL),(1647,'Gangavva m Olekar','',NULL,'F','','',NULL,49,165,NULL),(1648,'Geeta Golgoudra','',NULL,'F','','',NULL,49,165,NULL),(1649,'Renavva danenavar','',NULL,'F','','',NULL,49,165,NULL),(1650,'Laxmavva Tagannavar','',NULL,'F','','',NULL,49,165,NULL),(1651,'Devakka Tagannavar','',NULL,'F','','',NULL,49,165,NULL),(1652,'Mallavva Olekar','',NULL,'F','','',NULL,49,165,NULL),(1653,'Yallavva Tagannavar','',NULL,'F','','',NULL,49,165,NULL),(1654,'Neelava golgouder','',NULL,'F','','',NULL,49,165,NULL),(1655,'saroja Inguli','',NULL,'F','','',NULL,49,165,NULL),(1656,'laxmi Nemannavar','',NULL,'F','','',NULL,49,165,NULL),(1657,'Renavva Golgoudra','',NULL,'F','','',NULL,49,165,NULL),(1658,'Renavva S golgoudra','',NULL,'F','','',NULL,49,165,NULL),(1659,'Prema tegannavar','',NULL,'F','','',NULL,49,165,NULL),(1660,'Rekha C Danenavar','',NULL,'F','','',NULL,49,112,NULL),(1661,'Savita kunkur','',NULL,'F','','',NULL,49,112,NULL),(1662,'laxmi G Kunkur','',NULL,'F','','',NULL,49,112,NULL),(1663,'Devakka Kumkur','',NULL,'F','','',NULL,49,112,NULL),(1664,'Laxmi Nagani','',NULL,'F','','',NULL,49,112,NULL),(1665,'Gangavva Kumkur','',NULL,'F','','',NULL,49,112,NULL),(1666,'Ningavva Huded','',NULL,'F','','',NULL,49,112,NULL),(1667,'Iravva Huded','',NULL,'F','','',NULL,49,112,NULL),(1668,'Marevva Tagannavar','',NULL,'F','','',NULL,49,112,NULL),(1669,'Renua danenavar','',NULL,'F','','',NULL,49,112,NULL),(1670,'Laxmi Inguli','',NULL,'F','','',NULL,49,112,NULL),(1671,'Geeta Kunkur','',NULL,'F','','',NULL,49,112,NULL),(1672,'Mahadevi s Patil','',NULL,'F','','',NULL,49,111,NULL),(1673,'Yashodha Patil','',NULL,'F','','',NULL,49,111,NULL),(1674,'Basavva patil','',NULL,'F','','',NULL,49,111,NULL),(1675,'shobha patil','',NULL,'F','','',NULL,49,111,NULL),(1676,'Renuka Madli','',NULL,'F','','',NULL,49,111,NULL),(1677,'Iramma Shivangoudra','',NULL,'F','','',NULL,49,111,NULL),(1678,'Gangavva Uppa','',NULL,'F','','',NULL,49,111,NULL),(1679,'Sushilavva madli','',NULL,'F','','',NULL,49,111,NULL),(1680,'sangavva Hugar','',NULL,'F','','',NULL,49,111,NULL),(1681,'Anasuya Inguli','',NULL,'F','','',NULL,49,111,NULL),(1682,'Bhagyashri Nemannavar','',NULL,'F','','',NULL,49,111,NULL),(1683,'Shekar gouda patil','',NULL,'M','','',NULL,49,110,NULL),(1684,'Rudragouda Patil','',NULL,'M','','',NULL,49,110,NULL),(1685,'Mallaiah katnur','',NULL,'M','','',NULL,49,110,NULL),(1686,'Virupaxaiah shivangoudra','',NULL,'M','','',NULL,49,110,NULL),(1687,'Ashok Gurunnavar','',NULL,'M','','',NULL,49,110,NULL),(1688,'Yallappa Inguli','',NULL,'M','','',NULL,49,110,NULL),(1689,'Basappa Lokappanavar','',NULL,'M','','',NULL,49,110,NULL),(1690,'Yallappa Lokkappanavar','',NULL,'M','','',NULL,49,110,NULL),(1691,'Irappa Lokkappanavar','',NULL,'M','','',NULL,49,110,NULL),(1692,'Kallappa Uppar','',NULL,'M','','',NULL,49,110,NULL),(1693,'Mareppa uppar','',NULL,'M','','',NULL,49,110,NULL),(1694,'Bheemappa Guruvannavar','',NULL,'M','','',NULL,49,110,NULL),(1695,'Yallappa Guruvannavar','',NULL,'M','','',NULL,49,110,NULL),(1696,'M.C. kanteppagoudar','',NULL,'M','','',NULL,49,109,NULL),(1697,'Manjappa Kugar','',NULL,'M','','',NULL,49,109,NULL),(1698,'Mallappa Bhosle','',NULL,'M','','',NULL,49,109,NULL),(1699,'Shantayya kattimani','',NULL,'M','','',NULL,49,109,NULL),(1700,'Nagayya Katnur','',NULL,'M','','',NULL,49,109,NULL),(1701,'Chandragouda Shivangoudra','',NULL,'M','','',NULL,49,109,NULL),(1702,'Bheemangouda Golgoudra ','',NULL,'M','','',NULL,49,109,NULL),(1703,'Chanabasagouda Golagoudar','',NULL,'M','','',NULL,49,109,NULL),(1704,'Sangappa Hugar','',NULL,'M','','',NULL,49,109,NULL),(1705,'Ashok Inguli','',NULL,'M','','',NULL,49,109,NULL),(1706,'ranganagouda Golgoudra','',NULL,'M','','',NULL,49,109,NULL),(1707,'Gadigeppa gouda Girigouda','',NULL,'M','','',NULL,49,109,NULL),(1708,'Shivananda ekuli','',NULL,'M','','',NULL,49,109,NULL),(1709,'Shivaputra Bannikoppamath','',NULL,'M','','',NULL,49,109,NULL),(1710,'Mahadevi patil','',NULL,'F','','',NULL,49,108,NULL),(1711,'Yashodha Patil','',NULL,'F','','',NULL,49,108,NULL),(1712,'Basavva patil','',NULL,'F','','',NULL,49,108,NULL),(1713,'Shantha patil','',NULL,'F','','',NULL,49,108,NULL),(1714,'Renuka Madli','',NULL,'F','','',NULL,49,108,NULL),(1715,'Iramma Shivangoudra','',NULL,'F','','',NULL,49,108,NULL),(1716,'Gangavva Uppar','',NULL,'F','','',NULL,49,108,NULL),(1717,'Sushilamma vadli','',NULL,'F','','',NULL,49,108,NULL),(1718,'sangavva Hugar','',NULL,'F','','',NULL,49,108,NULL),(1719,'Anasuya Inguli','',NULL,'F','','',NULL,49,108,NULL),(1720,'Bhagyashri Nemannavar','',NULL,'F','','',NULL,49,108,NULL),(1721,'Mahadevi patil','',NULL,'F','','',NULL,49,108,NULL),(1722,'Renuka Bosle','',NULL,'F','','',NULL,49,108,NULL),(1723,'Sumitra Ekuli','',NULL,'F','','',NULL,49,108,NULL),(1724,'Mallavva Patil','',NULL,'F','','',NULL,49,108,NULL),(1725,'Renuka S Morabad','',NULL,'F','','',NULL,44,96,NULL),(1726,'Anasavva B Kurtakoti','',NULL,'F','','',NULL,44,96,NULL),(1727,'Siddavva C Hakalad','',NULL,'F','','',NULL,44,96,NULL),(1728,'Gangavva m Morabad','',NULL,'F','','',NULL,44,96,NULL),(1729,'Lakshmavva R Anjotgi','',NULL,'F','','',NULL,44,96,NULL),(1730,'Devakka k Adargunchi','',NULL,'F','','',NULL,44,96,NULL),(1731,'Gauravva I Morabad','',NULL,'F','','',NULL,44,96,NULL),(1732,'Bharati M Doddamani','',NULL,'F','','',NULL,44,96,NULL),(1733,'Channabba s Adargunchi','',NULL,'F','','',NULL,44,96,NULL),(1734,'Gaurava R Hakalad','',NULL,'F','','',NULL,44,96,NULL),(1735,'Shankrappa C Kurtakoti','',NULL,'M','','',NULL,44,95,NULL),(1736,'Channappa V Chini','',NULL,'M','','',NULL,44,95,NULL),(1737,'Mailari M Horaoni','',NULL,'M','','',NULL,44,95,NULL),(1738,'Basalingappa G Huballi','',NULL,'M','','',NULL,44,95,NULL),(1739,'Sadanand B morabad','',NULL,'M','','',NULL,44,95,NULL),(1740,'Basavanneppa C Kurtakoti','',NULL,'M','','',NULL,44,95,NULL),(1741,'shivaputrappa H Masundi','',NULL,'M','','',NULL,44,95,NULL),(1742,'Doddeshappa H Sommannavar','',NULL,'M','','',NULL,44,95,NULL),(1743,'Mahadevappa m Morabad','',NULL,'M','','',NULL,44,95,NULL),(1744,'Mudakappa C Morabad ','',NULL,'M','','',NULL,44,95,NULL),(1745,'Basavaraj G Morabad','',NULL,'M','','',NULL,44,95,NULL),(1746,'Mallikarjun P Nerti','',NULL,'M','','',NULL,44,95,NULL),(1747,'shantappa I Doddamani','',NULL,'M','','',NULL,44,95,NULL),(1748,'Mahaveer M kamadhenu','',NULL,'M','','',NULL,44,95,NULL),(1749,'Yallappa H nerti','',NULL,'M','','',NULL,44,95,NULL),(1750,'Mahantayya A Hulasogimath','',NULL,'M','','',NULL,44,95,NULL),(1751,'Basavaraj M Navalgund','',NULL,'M','','',NULL,44,95,NULL),(1752,'Malleshappa Y Hakalad','',NULL,'M','','',NULL,44,95,NULL),(1753,'Danamma S Masundi','',NULL,'F','','',NULL,44,92,NULL),(1754,'Neelava y Badappanavar','',NULL,'F','','',NULL,44,92,NULL),(1755,'Savakka Y tavargeri','',NULL,'F','','',NULL,44,92,NULL),(1756,'Kasturevva Y Badapanavar','',NULL,'F','','',NULL,44,92,NULL),(1757,'Gangamma M Kalammanavar','',NULL,'F','','',NULL,44,92,NULL),(1758,'Basavannevva B tavarageri','',NULL,'F','','',NULL,44,92,NULL),(1759,'Shantavva M Kallammanavar','',NULL,'F','','',NULL,44,92,NULL),(1760,'Gadigevva R Bandeppanavar','',NULL,'F','','',NULL,44,92,NULL),(1761,'Ningavva M Hindasgeri','',NULL,'F','','',NULL,44,92,NULL),(1762,'Neelavva Bandappanavar','',NULL,'F','','',NULL,44,92,NULL),(1763,'Iravva F Morabad ','',NULL,'F','','',NULL,44,92,NULL),(1764,'Iravva L Morabad','',NULL,'F','','',NULL,44,92,NULL),(1765,'Fakiravva H Badappanavar','',NULL,'F','','',NULL,44,92,NULL),(1766,'Manjula N Angadi','',NULL,'F','','',NULL,44,92,NULL),(1767,'Hanumavva k Badappanavar','',NULL,'F','','',NULL,44,92,NULL),(1768,'Gauravva C Morabad','',NULL,'F','','',NULL,44,94,NULL),(1769,'Paravva B  Haklad','',NULL,'F','','',NULL,44,94,NULL),(1770,'Yallava d Doddamani','',NULL,'F','','',NULL,44,94,NULL),(1771,'Basavva T jalihal','',NULL,'F','','',NULL,44,94,NULL),(1772,'Pirumbi A Nadaf','',NULL,'F','','',NULL,44,94,NULL),(1773,'Jannatabi G Nadaf','',NULL,'F','','',NULL,44,94,NULL),(1774,'Yallavva T Badappanavar','',NULL,'F','','',NULL,44,94,NULL),(1775,'Bibijan D Nadaf','',NULL,'F','','',NULL,44,94,NULL),(1776,'Sarapavva R Nadaf','',NULL,'F','','',NULL,44,94,NULL),(1777,'Kallavva M Hakalad','',NULL,'F','','',NULL,44,94,NULL),(1778,'Yallavva B Huballi','',NULL,'F','','',NULL,44,94,NULL),(1779,'Karevva y Bandeppanavar','',NULL,'F','','',NULL,44,94,NULL),(1780,'Rajibi h nadaf','',NULL,'F','','',NULL,44,94,NULL),(1781,'Renuka B Bandeppanavar','',NULL,'F','','',NULL,44,94,NULL),(1782,'kamalavva M adargunchi','',NULL,'F','','',NULL,44,93,NULL),(1783,'Kamalavva M Benni','',NULL,'F','','',NULL,44,93,NULL),(1784,'Neelavva G Morabad','',NULL,'F','','',NULL,44,93,NULL),(1785,'Manjula S Morabad','',NULL,'F','','',NULL,44,93,NULL),(1786,'Mallavva M Horaoni ','',NULL,'F','','',NULL,44,93,NULL),(1787,'Ningavva M Horaoni','',NULL,'F','','',NULL,44,93,NULL),(1788,'Silingavva B Sindagi','',NULL,'F','','',NULL,44,93,NULL),(1789,'Mahadevi S Magli','',NULL,'F','','',NULL,44,93,NULL),(1790,'Mahadevi Benni','',NULL,'F','','',NULL,44,93,NULL),(1791,'Basavannevva Y angadi','',NULL,'F','','',NULL,44,93,NULL),(1792,'Pakiravva G Muttigi','',NULL,'F','','',NULL,44,93,NULL),(1793,'Pakiravva m KMorabad','',NULL,'F','','',NULL,44,93,NULL),(1794,'Shanta Gyanappanavar','',NULL,'F','','',NULL,50,113,NULL),(1795,'Balavva Talwar','',NULL,'F','','',NULL,50,113,NULL),(1796,'Savitri Inglenavar','',NULL,'F','','',NULL,50,113,NULL),(1797,'Channavva Hiremath','',NULL,'F','','',NULL,50,113,NULL),(1798,'Rudravva Gyanappanavar','',NULL,'F','','',NULL,50,113,NULL),(1799,'Basavva Harijan','',NULL,'F','','',NULL,50,113,NULL),(1800,'Neelavva Yallari','',NULL,'F','','',NULL,50,113,NULL),(1801,'savitri Mysore','',NULL,'F','','',NULL,50,113,NULL),(1802,'Mahadevi Kalakatti','',NULL,'F','','',NULL,50,113,NULL),(1803,'Anasuya shigai','',NULL,'F','','',NULL,50,113,NULL),(1804,'Kamalavva Kurahatti','',NULL,'F','','',NULL,50,113,NULL),(1805,'Lalitha Patil','',NULL,'F','','',NULL,50,113,NULL),(1806,'Gangavva Timmasagar','',NULL,'F','','',NULL,50,113,NULL),(1807,'Shankaravva sannamani','',NULL,'F','','',NULL,50,113,NULL),(1808,'Surekha Patil','',NULL,'F','','',NULL,50,113,NULL),(1809,'Chanamma ','',NULL,'F','','',NULL,50,114,NULL),(1810,'Manjula','',NULL,'F','','',NULL,50,114,NULL),(1811,'Pushpa','',NULL,'F','','',NULL,50,114,NULL),(1812,'madevi','',NULL,'F','','',NULL,50,114,NULL),(1813,'Laxmavva','',NULL,'F','','',NULL,50,114,NULL),(1814,'shaila','',NULL,'F','','',NULL,50,114,NULL),(1815,'Rudravva ','',NULL,'F','','',NULL,50,114,NULL),(1816,'Ningavva','',NULL,'F','','',NULL,50,114,NULL),(1817,'Basavva','',NULL,'F','','',NULL,50,114,NULL),(1818,'Madevi','',NULL,'F','','',NULL,50,114,NULL),(1819,'Neelava ','',NULL,'F','','',NULL,50,114,NULL),(1820,'Neelava ','',NULL,'F','','',NULL,50,114,NULL),(1821,'Paravva','',NULL,'F','','',NULL,50,114,NULL),(1822,'Channavva','',NULL,'F','','',NULL,50,114,NULL),(1823,'Basavva','',NULL,'F','','',NULL,50,114,NULL),(1824,'Guravva ','',NULL,'F','','',NULL,50,114,NULL),(1825,'Vishalaxi','',NULL,'F','','',NULL,50,114,NULL),(1826,'Jalajaxi Kammar','',NULL,'F','','',NULL,43,91,NULL),(1827,'Shan tavva H Kbber','',NULL,'F','','',NULL,43,91,NULL),(1828,'Ningavav p mantur','',NULL,'F','','',NULL,43,91,NULL),(1829,'sharavva B Benni','',NULL,'F','','',NULL,43,91,NULL),(1830,'Madevi N Benni','',NULL,'F','','',NULL,43,91,NULL),(1831,'Paravva R Kuber ','',NULL,'F','','',NULL,43,91,NULL),(1832,'Laxmavva I ambiger','',NULL,'F','','',NULL,43,91,NULL),(1833,'Neelavva b Benni','',NULL,'F','','',NULL,43,91,NULL),(1834,'Shivaleela M Kudlagi','',NULL,'F','','',NULL,43,91,NULL),(1835,'Gouravva R Benni','',NULL,'F','','',NULL,43,91,NULL),(1836,'Girijavva B Benni','',NULL,'F','','',NULL,43,91,NULL),(1837,'vandana v Bharidevararkoppa','',NULL,'F','','',NULL,43,91,NULL),(1838,'vandana bairikoppa','',NULL,'F','','',NULL,43,90,NULL),(1839,'Madevi Benni','',NULL,'F','','',NULL,43,90,NULL),(1840,'Paravva Kabber','',NULL,'F','','',NULL,43,90,NULL),(1841,'Gangavva Benni','',NULL,'F','','',NULL,43,90,NULL),(1842,'Sharavva Benni','',NULL,'F','','',NULL,43,90,NULL),(1843,'Girijavva Benni','',NULL,'F','','',NULL,43,90,NULL),(1844,'Tulasavva s patil','',NULL,'F','','',NULL,43,90,NULL),(1845,'shantavva D Benni','',NULL,'F','','',NULL,43,90,NULL),(1846,'Gouravva R Benni','',NULL,'F','','',NULL,43,90,NULL),(1847,'Gouravva Hosamani','',NULL,'F','','',NULL,43,90,NULL),(1848,'savitri kalabhavi','',NULL,'F','','',NULL,43,90,NULL),(1849,'kamalavva Kammar','',NULL,'F','','',NULL,43,90,NULL),(1850,'Neelavva Pujar','',NULL,'F','','',NULL,43,90,NULL),(1851,'Draxayini Kammar','',NULL,'F','','',NULL,43,90,NULL),(1852,'Chandrava kalbhai','',NULL,'F','','',NULL,43,90,NULL),(1853,'Shantavva H kabber','',NULL,'F','','',NULL,43,90,NULL),(1854,'Paravva Hubbalimath','',NULL,'F','','',NULL,43,90,NULL),(1855,'Savitri N Kalabhai','',NULL,'F','','',NULL,43,89,NULL),(1856,'Kamalavva M Kammar','',NULL,'F','','',NULL,43,89,NULL),(1857,'Shivalingavva B sheelanavtra','',NULL,'F','','',NULL,43,89,NULL),(1858,'Shantavva d benni','',NULL,'F','','',NULL,43,89,NULL),(1859,'bsavva Kalbhai','',NULL,'F','','',NULL,43,89,NULL),(1860,'Netra S benni','',NULL,'F','','',NULL,43,89,NULL),(1861,'Sumangala m benni','',NULL,'F','','',NULL,43,89,NULL),(1862,'Murigevva S Tegginami','',NULL,'F','','',NULL,43,89,NULL),(1863,'Gangavva Kalbhai','',NULL,'F','','',NULL,43,89,NULL),(1864,'Iravva G Hiremath','',NULL,'F','','',NULL,43,89,NULL),(1865,'Basavva Benni','',NULL,'F','','',NULL,43,89,NULL),(1866,'Neelavva S Mudinganavar','',NULL,'F','','',NULL,43,89,NULL),(1867,'Baramavva B Mudinganavar','',NULL,'F','','',NULL,43,89,NULL),(1868,'shankaravva S Doddagoudar','',NULL,'F','','',NULL,43,89,NULL),(1869,'Renuka S Honnalli','',NULL,'F','','',NULL,43,173,NULL),(1870,'Renuka S Angadi','',NULL,'F','','',NULL,43,173,NULL),(1871,'Manjula G Bairikoppa ','',NULL,'F','','',NULL,43,173,NULL),(1872,'Iravva T badiger','',NULL,'F','','',NULL,43,173,NULL),(1873,'Gauravva M Badiger','',NULL,'F','','',NULL,43,173,NULL),(1874,'Rajeshwari S Tegginamani','',NULL,'F','','',NULL,43,173,NULL),(1875,'Renuka B Honnalli','',NULL,'F','','',NULL,43,173,NULL),(1876,'Neelavva I Honalli','',NULL,'F','','',NULL,43,173,NULL),(1877,'Neelava R Awari','',NULL,'F','','',NULL,43,173,NULL),(1878,'Danavva S tegginmani','',NULL,'F','','',NULL,43,173,NULL),(1879,'Gangavva I Honnalli','',NULL,'F','','',NULL,43,173,NULL),(1880,'shekavva S Honnalli','',NULL,'F','','',NULL,43,173,NULL),(1881,'Basavva V Honalnalli','',NULL,'F','','',NULL,43,173,NULL),(1882,'Renuka M Honalli','',NULL,'F','','',NULL,43,173,NULL),(1883,'Manjula N Honnali','',NULL,'F','','',NULL,43,173,NULL),(1884,'Sumangala P Benni','',NULL,'F','','',NULL,43,173,NULL),(1885,'Neelavva I Mudinganavar','',NULL,'F','','',NULL,43,173,NULL),(1886,'Basavva B Malali','',NULL,'F','','',NULL,43,173,NULL),(1887,'Baramavva N sheelavantar','',NULL,'F','','',NULL,43,173,NULL),(1888,'Shivlingavav B sheelavantar','',NULL,'F','','',NULL,43,173,NULL),(1889,'Manjula b Hiremath','',NULL,'F','','',NULL,43,172,NULL),(1890,'basamma G Hiremath','',NULL,'F','','',NULL,43,172,NULL),(1891,'Mallavva B Kalabhai','',NULL,'F','','',NULL,43,172,NULL),(1892,'savakka Hunugund','',NULL,'F','','',NULL,43,172,NULL),(1893,'Shantavva Muralli','',NULL,'F','','',NULL,43,172,NULL),(1894,'Basavva Mudlinganavar','',NULL,'F','','',NULL,43,172,NULL),(1895,'Madevi K Policegoudra','',NULL,'F','','',NULL,43,172,NULL),(1896,'Shankaravva S marigouda ','',NULL,'F','','',NULL,43,172,NULL),(1897,'Basayya G Hiremath','',NULL,'F','','',NULL,43,172,NULL),(1898,'Basavantappa Kalabhavi ','',NULL,'F','','',NULL,43,172,NULL),(1899,'Kuberagouda Policegoudar','',NULL,'F','','',NULL,43,172,NULL),(1900,'Shantavva B Policegoudar','',NULL,'F','','',NULL,43,172,NULL),(1901,'Bangi Marandi','',NULL,'F','','',NULL,89,175,NULL),(1902,'Girtha Tudu','',NULL,'F','','',NULL,89,175,NULL),(1903,'Gouri Tudu','',NULL,'F','','',NULL,89,175,NULL),(1904,'Gumi Soren','',NULL,'F','','',NULL,89,175,NULL),(1905,'Singa Soren','',NULL,'F','','',NULL,89,175,NULL),(1906,'Karna Marandi','',NULL,'F','','',NULL,89,175,NULL),(1907,'Deola Marandi','',NULL,'F','','',NULL,89,175,NULL),(1908,'Hira Hansda','',NULL,'F','','',NULL,89,175,NULL),(1909,'Sumitra Marandi','',NULL,'F','','',NULL,89,175,NULL),(1910,'Hisi Soren','',NULL,'F','','',NULL,89,175,NULL),(1911,'Made Singh','',NULL,'F','','',NULL,89,175,NULL),(1912,'Salma Tudu','',NULL,'F','','',NULL,89,175,NULL),(1915,'Balram Nayak','',NULL,'M','','',NULL,94,NULL,NULL),(1916,'Mahes Diggi','',NULL,'M','','',NULL,91,NULL,NULL),(1917,'Ramkishor Nayak','',NULL,'M','','',NULL,94,NULL,NULL),(1918,'Majnu Bodra','',NULL,'M','','',NULL,93,NULL,NULL),(1919,'Chamru Kandya','',NULL,'M','','',NULL,93,NULL,NULL),(1920,'shenkarravva koni','',NULL,'F','','',NULL,49,NULL,NULL),(1921,'Maruti nemannvar','',NULL,'M','','',NULL,49,NULL,NULL),(1922,'Shantayya Katimani','',NULL,'M','','',NULL,49,NULL,NULL),(1923,'Basayya Hebalimath','',NULL,'M','','',NULL,49,NULL,NULL),(1924,'PLV naik','',NULL,'M','','',NULL,95,NULL,NULL),(1925,'Siddavva Hakalad','',NULL,'F','','',NULL,44,NULL,NULL),(1926,'Malleshappa','',NULL,'M','','',NULL,44,NULL,NULL),(1927,'Eranna jangli','',NULL,'M','','',NULL,48,NULL,NULL),(1928,'Mr.Vasudev mungli','',NULL,'M','','',NULL,46,NULL,NULL),(1929,'Mr. Chennappa','',NULL,'M','','',NULL,44,NULL,NULL),(1930,'Mullugundamath','',NULL,'M','','',NULL,44,NULL,NULL),(1931,'shivanegouda','',NULL,'M','','',NULL,48,NULL,NULL),(1932,'Vinod kujar','',NULL,'F','','',NULL,48,NULL,NULL),(1933,'Renapagouda','',NULL,'M','','',NULL,48,NULL,NULL),(1934,'Bina Devi','',NULL,'F','','',NULL,96,177,NULL),(1935,'Arti Devi','',NULL,'F','','',NULL,96,177,NULL),(1936,'Dutia Devi','',NULL,'F','','',NULL,96,177,NULL),(1937,'Shanti Devi','',NULL,'F','','',NULL,96,177,NULL),(1938,'Sita Devi','',NULL,'F','','',NULL,96,177,NULL),(1939,'Bimla Devi','',NULL,'F','','',NULL,96,177,NULL),(1940,'Charki Devi','',NULL,'F','','',NULL,96,177,NULL),(1941,'Gurni Devi','',NULL,'F','','',NULL,96,177,NULL),(1942,'Hiravati Devi','',NULL,'F','','',NULL,96,177,NULL),(1943,'Somari Devi ','',NULL,'F','','',NULL,96,177,NULL),(1944,'Ropni Kumari','',NULL,'F','','',NULL,96,177,NULL),(1945,'Sulanti Devi','',NULL,'F','','',NULL,96,177,NULL),(1946,'Asari Devi','',NULL,'F','','',NULL,96,177,NULL),(1947,'Itwari Devi','',NULL,'F','','',NULL,96,177,NULL),(1948,'Pahar Devi','',NULL,'F','','',NULL,96,177,NULL),(1949,'Phulmani Devi','',NULL,'F','','',NULL,96,177,NULL),(1950,'Pratima Devi','',NULL,'F','','',NULL,96,177,NULL),(1951,'Mudukappa Akki','',NULL,'M','','',NULL,45,NULL,NULL),(1952,'Muralli','',NULL,'M','','',NULL,45,NULL,NULL),(1953,'Renapagouda','',NULL,'M','','',NULL,48,NULL,NULL),(1954,'Lingareddy','',NULL,'M','','',NULL,50,NULL,NULL),(1955,'Arsaliyani Topno','',NULL,'F','','',NULL,98,178,NULL),(1956,'Shanti Topno','',NULL,'F','','',NULL,98,178,NULL),(1957,'Budhini Topno','',NULL,'F','','',NULL,98,178,NULL),(1958,'Jaimani Topno','',NULL,'F','','',NULL,98,178,NULL),(1959,'Fagui Topno','',NULL,'F','','',NULL,98,178,NULL),(1960,'Marsa Topno','',NULL,'F','','',NULL,98,178,NULL),(1961,'Keetni Topno','',NULL,'F','','',NULL,98,178,NULL),(1962,'Rahil Topno','',NULL,'F','','',NULL,98,178,NULL),(1963,'Sumanti Topno','',NULL,'F','','',NULL,98,178,NULL),(1964,'Seteng Topno','',NULL,'F','','',NULL,98,178,NULL),(1965,'Jasiyani Topno','',NULL,'F','','',NULL,98,178,NULL),(1966,'Jeengi Topno','',NULL,'F','','',NULL,98,178,NULL),(1967,'Hadaad','',NULL,'M','','',NULL,101,NULL,NULL),(1968,'Sukramani Devi (A)','',NULL,'F','','',NULL,97,179,NULL),(1969,'Kamala Devi','',NULL,'F','','',NULL,97,179,NULL),(1970,'Saraswati Devi','',NULL,'F','','',NULL,97,179,NULL),(1971,'Charki Devi','',NULL,'F','','',NULL,97,179,NULL),(1972,'Agni Devi','',NULL,'F','','',NULL,97,179,NULL),(1973,'Pushpa Devi','',NULL,'F','','',NULL,97,179,NULL),(1974,'Tethri Devi','',NULL,'F','','',NULL,97,179,NULL),(1975,'Kasila Devi','',NULL,'F','','',NULL,97,179,NULL),(1976,'Sumitra Devi','',NULL,'F','','',NULL,97,179,NULL),(1977,'Lalitha kumari','',NULL,'F','','',NULL,97,179,NULL),(1978,'Chaiti Devi','',NULL,'F','','',NULL,97,179,NULL),(1979,'Parmila Devi','',NULL,'F','','',NULL,97,179,NULL),(1980,'Bindovati Devi','',NULL,'F','','',NULL,97,179,NULL),(1981,'Jhariyo Devi','',NULL,'F','','',NULL,97,179,NULL),(1982,'Sukramani Devi (B)','',NULL,'F','','',NULL,97,179,NULL),(1983,'Itwari Devi','',NULL,'F','','',NULL,97,179,NULL),(1984,'Jitan Devi','',NULL,'F','','',NULL,97,179,NULL),(1985,'Chandravati Devi','',NULL,'F','','',NULL,97,179,NULL),(1986,'Manki Devi','',NULL,'F','','',NULL,97,179,NULL),(1987,'Nirmala Devi','',NULL,'F','','',NULL,97,179,NULL),(1988,'Basavannappa','',NULL,'M','','',NULL,48,NULL,NULL),(1989,'Gunisiddappa','',NULL,'M','','',NULL,45,NULL,NULL),(1990,'Sorolina Koungadi','',NULL,'F','','',NULL,99,180,NULL),(1991,'Julita Koungadi','',NULL,'F','','',NULL,99,180,NULL),(1992,'Krupa Koungadi','',NULL,'F','','',NULL,99,180,NULL),(1993,'Manonit Koungadi','',NULL,'F','','',NULL,99,180,NULL),(1994,'Mary Koungadi','',NULL,'F','','',NULL,99,180,NULL),(1995,'Sapna Koungadi','',NULL,'F','','',NULL,99,180,NULL),(1996,'Dayamani Koungadi','',NULL,'F','','',NULL,99,180,NULL),(1997,'Juhani Koungadi','',NULL,'F','','',NULL,99,180,NULL),(1998,'Nilam Koungadi','',NULL,'F','','',NULL,99,180,NULL),(1999,'Susana Koungadi','',NULL,'F','','',NULL,99,180,NULL),(2000,'Salomi Topno','',NULL,'F','','',NULL,99,180,NULL),(2001,'Helan Horo','',NULL,'F','','',NULL,99,180,NULL),(2002,'Salomi Koungadi','',NULL,'F','','',NULL,99,180,NULL),(2003,'Fulmani Koungadi','',NULL,'F','','',NULL,99,180,NULL),(2004,'Sulami Koungadi','',NULL,'F','','',NULL,99,180,NULL),(2005,'Nagappa','',NULL,'M','','',NULL,44,NULL,NULL),(2006,'Malleshappa','',NULL,'M','','',NULL,46,NULL,NULL),(2007,'Dhanappa','',NULL,'M','','',NULL,47,NULL,NULL),(2008,'Barmalingeshs','',NULL,'M','','',NULL,43,NULL,NULL),(2009,'Asisan Koungadi','',NULL,'F','','',NULL,99,181,NULL),(2010,'Silvanti Koungadi','',NULL,'F','','',NULL,99,181,NULL),(2011,'Elizaba kandulna','',NULL,'F','','',NULL,99,181,NULL),(2012,'Sujata Koungadi','',NULL,'F','','',NULL,99,181,NULL),(2013,'Susila  kandulna','',NULL,'F','','',NULL,99,181,NULL),(2014,'Herani  kandulna','',NULL,'F','','',NULL,99,181,NULL),(2015,'Naamlen Koungadi','',NULL,'F','','',NULL,99,181,NULL),(2016,'Karuna Koungadi','',NULL,'F','','',NULL,99,181,NULL),(2017,'Reena Koungadi','',NULL,'F','','',NULL,99,181,NULL),(2018,'Salomi Koungadi','',NULL,'F','','',NULL,99,181,NULL),(2019,'Sidangouda','',NULL,'M','','',NULL,43,NULL,NULL),(2020,'Muktidani Koungadi','',NULL,'F','','',NULL,99,182,NULL),(2021,'Ludari Koungadi','',NULL,'F','','',NULL,99,182,NULL),(2022,'Birsi Koungadi','',NULL,'F','','',NULL,94,182,NULL),(2023,'Raudi Koungadi','',NULL,'F','','',NULL,99,182,NULL),(2024,'Saro Koungadi','',NULL,'F','','',NULL,99,182,NULL),(2025,'Ramya Koungadi','',NULL,'F','','',NULL,99,182,NULL),(2026,'Neemi Koungadi','',NULL,'F','','',NULL,99,182,NULL),(2027,'Nagi Koungadi','',NULL,'F','','',NULL,99,182,NULL),(2028,'Manonit Koungadi','',NULL,'F','','',NULL,99,182,NULL),(2029,'Dulari Koungadi','',NULL,'F','','',NULL,99,182,NULL),(2030,'Dasmi Bengrang','',NULL,'F','','',NULL,99,182,NULL),(2031,'Anima Bengrang','',NULL,'F','','',NULL,99,182,NULL),(2032,'Barosi Koungadi','',NULL,'F','','',NULL,99,182,NULL),(2033,'Birajmani Koungadi','',NULL,'F','','',NULL,99,182,NULL),(2034,'Bahamani Koungadi','',NULL,'F','','',NULL,99,182,NULL),(2035,'Susana Koungadi','',NULL,'F','','',NULL,99,182,NULL),(2036,'Rangi Koungadi','',NULL,'F','','',NULL,99,182,NULL),(2037,'Mariyam Koungadi ','',NULL,'F','','',NULL,99,182,NULL),(2038,'Elizabeth kandulna','',NULL,'F','','',NULL,99,182,NULL),(2039,'Rahil Koungadi','',NULL,'F','','',NULL,94,182,NULL),(2040,'Nanki Devi','',NULL,'F','','',NULL,100,183,NULL),(2041,'Nirupa Devi','',NULL,'F','','',NULL,100,183,NULL),(2042,'Sudni Devi','',NULL,'F','','',NULL,100,183,NULL),(2043,'Fulo Devi','',NULL,'F','','',NULL,100,183,NULL),(2044,'Balmuni Kumari','',NULL,'F','','',NULL,100,183,NULL),(2045,'Palmuni Devi','',NULL,'F','','',NULL,100,183,NULL),(2046,'Pudho Devi','',NULL,'F','','',NULL,100,183,NULL),(2047,'Lalwanti Devi','',NULL,'F','','',NULL,100,183,NULL),(2048,'Bimla Devi','',NULL,'F','','',NULL,100,183,NULL),(2049,'Savitri Devi','',NULL,'F','','',NULL,100,183,NULL),(2050,'Poso Devi','',NULL,'F','','',NULL,100,183,NULL),(2051,'Sanjika Kumari','',NULL,'F','','',NULL,100,183,NULL),(2052,'Sita Devi','',NULL,'F','','',NULL,100,183,NULL),(2053,'Salo Devi','',NULL,'F','','',NULL,100,183,NULL),(2054,'Gujari Devi','',NULL,'F','','',NULL,100,183,NULL),(2055,'Gita Devi','',NULL,'F','','',NULL,104,NULL,NULL),(2056,'Bijesh Singh','',NULL,'M','','',NULL,96,NULL,NULL),(2057,'Mariyam Kandulana','',NULL,'F','','',NULL,31,184,NULL),(2058,'Shishiliya Aiend','',NULL,'F','','',NULL,31,184,NULL),(2059,'Zinid Guria','',NULL,'F','','',NULL,31,184,NULL),(2060,'Kathrina Topno','',NULL,'F','','',NULL,31,184,NULL),(2061,'Ghurni Devi','',NULL,'F','','',NULL,31,184,NULL),(2062,'Rupad Dahanga','',NULL,'F','','',NULL,31,184,NULL),(2063,'Selestina Guria','',NULL,'F','','',NULL,31,184,NULL),(2064,'Sumi Bhengra','',NULL,'F','','',NULL,31,184,NULL),(2065,'Somari Kandulana','',NULL,'F','','',NULL,31,184,NULL),(2066,'Mariyam Horo','',NULL,'F','','',NULL,31,184,NULL),(2067,'Chirlu Kongadi','',NULL,'F','','',NULL,31,184,NULL),(2068,'Somari Kandulana','',NULL,'F','','',NULL,31,184,NULL),(2069,'Teresa Guria','',NULL,'F','','',NULL,31,184,NULL),(2070,'Jitni Topno','',NULL,'F','','',NULL,31,184,NULL),(2071,'Badhani Dahanga','',NULL,'F','','',NULL,31,184,NULL),(2072,'Susari Guria','',NULL,'F','','',NULL,31,184,NULL),(2073,'Godaliba','',NULL,'F','','',NULL,31,185,NULL),(2074,'somari','',NULL,'F','','',NULL,31,185,NULL),(2075,'Nandi','',NULL,'F','','',NULL,31,185,NULL),(2076,'champu','',NULL,'F','','',NULL,31,185,NULL),(2077,'paloo','',NULL,'F','','',NULL,31,185,NULL),(2078,'Pelonge','',NULL,'F','','',NULL,31,185,NULL),(2079,'bangani','',NULL,'F','','',NULL,31,185,NULL),(2080,'Sinagi','',NULL,'F','','',NULL,31,185,NULL),(2081,'Hissi','',NULL,'F','','',NULL,31,185,NULL),(2082,'Rahil','',NULL,'F','','',NULL,31,185,NULL),(2083,'Namsi','',NULL,'F','','',NULL,31,185,NULL),(2084,'Agni','',NULL,'F','','',NULL,31,185,NULL),(2085,'Neelmani','',NULL,'F','','',NULL,31,185,NULL),(2086,'Monika','',NULL,'F','','',NULL,31,185,NULL),(2087,'Mariyam','',NULL,'F','','',NULL,31,186,NULL),(2088,'Somari','',NULL,'F','','',NULL,31,186,NULL),(2089,'jirgi','',NULL,'F','','',NULL,31,186,NULL),(2090,'Manthamani','',NULL,'F','','',NULL,31,186,NULL),(2091,'Neendhi','',NULL,'F','','',NULL,31,186,NULL),(2092,'muktha','',NULL,'F','','',NULL,31,186,NULL),(2093,'mariyam','',NULL,'F','','',NULL,31,186,NULL),(2094,'Namlen','',NULL,'F','','',NULL,31,186,NULL),(2095,'Sumi','',NULL,'F','','',NULL,31,186,NULL),(2096,'Marsa','',NULL,'F','','',NULL,31,186,NULL),(2097,'Sumanthi','',NULL,'F','','',NULL,31,186,NULL),(2098,'Sukhmani','',NULL,'F','','',NULL,31,186,NULL),(2099,'Bimala','',NULL,'F','','',NULL,31,186,NULL),(2100,'Rani','',NULL,'F','','',NULL,31,186,NULL),(2101,'Lalwati Devi','',NULL,'F','','',NULL,102,187,NULL),(2102,'Dropadi Devi','',NULL,'F','','',NULL,102,187,NULL),(2103,'Kamla Devi','',NULL,'F','','',NULL,102,187,NULL),(2104,'Angni Devi','',NULL,'F','','',NULL,102,187,NULL),(2105,'Endu Devi','',NULL,'F','','',NULL,102,187,NULL),(2106,'Gujmati Devi','',NULL,'F','','',NULL,102,187,NULL),(2107,'Muni Devi','',NULL,'F','','',NULL,102,187,NULL),(2108,'Birasmani Devi','',NULL,'F','','',NULL,102,187,NULL),(2109,'Vilasi Devi','',NULL,'F','','',NULL,102,187,NULL),(2110,'Budhni Devi','',NULL,'F','','',NULL,102,187,NULL),(2111,'Rukmani Devi','',NULL,'F','','',NULL,102,187,NULL),(2112,'Karmi Devi','',NULL,'F','','',NULL,102,187,NULL),(2113,'Surapati Devi','',NULL,'F','','',NULL,102,187,NULL),(2114,'Naradmuni Devi','',NULL,'F','','',NULL,102,187,NULL),(2115,'Nandani Devi','',NULL,'F','','',NULL,102,187,NULL),(2116,'Saraswati Devi','',NULL,'F','','',NULL,102,187,NULL),(2117,'Malti Devi','',NULL,'F','','',NULL,102,187,NULL),(2118,'Subhdra Devi','',NULL,'F','','',NULL,102,187,NULL),(2119,'Kuwari Devi','',NULL,'F','','',NULL,102,188,NULL),(2120,'Alma Guria','',NULL,'F','','',NULL,102,188,NULL),(2121,'Visvasi Guria','',NULL,'F','','',NULL,102,188,NULL),(2122,'Emani Guria','',NULL,'F','','',NULL,102,188,NULL),(2123,'Pyari Guria','',NULL,'F','','',NULL,102,188,NULL),(2124,'Nemlen Guria','',NULL,'F','','',NULL,102,188,NULL),(2125,'Salomi Guria','',NULL,'F','','',NULL,102,188,NULL),(2126,'Agani Guria','',NULL,'F','','',NULL,102,188,NULL),(2127,'Elisaba Guria','',NULL,'F','','',NULL,102,188,NULL),(2128,'Etwari Guria','',NULL,'F','','',NULL,102,188,NULL),(2129,'Budhani Guria','',NULL,'F','','',NULL,102,188,NULL),(2130,'Somari Guria','',NULL,'F','','',NULL,102,188,NULL),(2131,'Esran Guria','',NULL,'F','','',NULL,102,188,NULL),(2132,'Seteng Guria','',NULL,'F','','',NULL,102,188,NULL),(2133,'Salomi  Guria','',NULL,'F','','',NULL,102,188,NULL),(2134,'Sevikav Guria','',NULL,'F','','',NULL,102,188,NULL),(2135,'Nani Guria','',NULL,'F','','',NULL,102,188,NULL),(2136,'Balmadi Guriana','',NULL,'F','','',NULL,102,188,NULL),(2137,'Seema Guria','',NULL,'F','','',NULL,102,188,NULL),(2138,'Tersa Guria','',NULL,'F','','',NULL,102,188,NULL),(2139,'Bahalen Guria','',NULL,'F','','',NULL,102,189,NULL),(2140,'Jilani Guria','',NULL,'F','','',NULL,102,189,NULL),(2141,'Alis Guria','',NULL,'F','','',NULL,102,189,NULL),(2142,'Puspa Guria','',NULL,'F','','',NULL,102,189,NULL),(2143,'Seteng Guria','',NULL,'F','','',NULL,102,189,NULL),(2144,'Rahil Guria','',NULL,'F','','',NULL,102,189,NULL),(2145,'Narmi Guria','',NULL,'F','','',NULL,102,189,NULL),(2146,'Marsa Guria','',NULL,'F','','',NULL,102,189,NULL),(2147,'Jheri Guria','',NULL,'F','','',NULL,102,189,NULL),(2148,'Susari Guria','',NULL,'F','','',NULL,102,189,NULL),(2149,'Nilima Guria','',NULL,'F','','',NULL,102,189,NULL),(2150,'Sanday Guria','',NULL,'F','','',NULL,102,189,NULL),(2151,'Shishir Guria','',NULL,'F','','',NULL,102,189,NULL),(2152,'Elisiba Guria','',NULL,'F','','',NULL,102,189,NULL),(2153,'Munika Guria','',NULL,'F','','',NULL,102,189,NULL),(2154,'Susana Guria','',NULL,'F','','',NULL,102,189,NULL),(2155,'Pyari Guria','',NULL,'F','','',NULL,102,189,NULL),(2156,'Basanti Guria','',NULL,'F','','',NULL,102,189,NULL),(2157,'Jhari Guria','',NULL,'F','','',NULL,102,189,NULL),(2158,'Fulmani Guria','',NULL,'F','','',NULL,102,189,NULL),(2159,'Hiramani Guria (A)','',NULL,'F','','',NULL,103,190,NULL),(2160,'Mukta  Guria','',NULL,'F','','',NULL,103,190,NULL),(2161,'Hiramani Guria (A)','',NULL,'F','','',NULL,103,190,NULL),(2162,'Chamai Guria','',NULL,'F','','',NULL,103,190,NULL),(2163,'Bandhani  Guria','',NULL,'F','','',NULL,103,190,NULL),(2164,'Manjari  Guria','',NULL,'F','','',NULL,103,190,NULL),(2165,'Khristina  Guria','',NULL,'F','','',NULL,103,190,NULL),(2166,'Lewani  Guria','',NULL,'F','','',NULL,103,190,NULL),(2167,'Jasmani  Guria','',NULL,'F','','',NULL,103,190,NULL),(2168,'Sunita  Guria','',NULL,'F','','',NULL,103,190,NULL),(2169,'Nagi  Guria','',NULL,'F','','',NULL,103,190,NULL),(2170,'Anglina  Guria','',NULL,'F','','',NULL,103,190,NULL),(2171,'Dubra Samad','',NULL,'M','','',NULL,105,NULL,NULL),(2172,'Budhuram Samad','',NULL,'M','','',NULL,105,NULL,NULL),(2173,'Fagu Bodra','',NULL,'M','','',NULL,93,NULL,NULL),(2174,'Shankar Kandyat','',NULL,'M','','',NULL,93,NULL,NULL),(2175,'Surendra Gagrai','',NULL,'M','','',NULL,93,NULL,NULL),(2176,'Balram Nayak','',NULL,'M','','',NULL,94,NULL,NULL),(2177,'Manoj','',NULL,'M','','',NULL,106,NULL,NULL),(2178,'Jawani Didi','',NULL,'F','','',NULL,107,NULL,NULL),(2179,'Fulchand Hembram','',NULL,'M','','',NULL,108,NULL,NULL),(2180,'Surendra Gagrai','',NULL,'M','','',NULL,93,NULL,NULL),(2181,'Krishna','',NULL,'M','','',NULL,27,NULL,NULL),(2182,'Ram','',NULL,'M','','',NULL,110,NULL,NULL),(2183,'Bengal Farmers','',NULL,'M','','',NULL,111,NULL,NULL),(2184,'Artu=i Devi','',NULL,'F','','',NULL,27,77,NULL),(2185,'Manju Devi','',NULL,'F','','',NULL,27,77,NULL),(2186,'Madhusudan Bodra','',NULL,'M','','',NULL,93,NULL,NULL),(2187,'Sarita Sundi','',NULL,'F','','',NULL,91,191,NULL),(2188,'Asa Sundi','',NULL,'F','','',NULL,91,191,NULL),(2189,'Gurbari Sundi','',NULL,'F','','',NULL,91,191,NULL),(2190,'Eliza Sundi','',NULL,'F','','',NULL,91,191,NULL),(2191,'Kunni   Syndi','',NULL,'F','','',NULL,91,191,NULL),(2192,'Nandi  Sundi','',NULL,'F','','',NULL,91,191,NULL),(2193,'Lalita  Sundi','',NULL,'F','','',NULL,91,191,NULL),(2194,'Jaria  Sundi','',NULL,'F','','',NULL,91,191,NULL),(2195,'Nagi  Sundi','',NULL,'F','','',NULL,91,191,NULL),(2196,'Mecho  Sundi','',NULL,'F','','',NULL,91,191,NULL),(2197,'Savitri  sundi','',NULL,'F','','',NULL,91,191,NULL),(2198,'Puspa Gagrai','',NULL,'F','','',NULL,91,191,NULL),(2199,'Randay Gagarai','',NULL,'F','','',NULL,91,191,NULL),(2200,'Panmai Gagrai','',NULL,'F','','',NULL,91,191,NULL),(2201,'Jayanti Sundi','',NULL,'F','','',NULL,91,191,NULL),(2202,'Sukhamati  Gope','',NULL,'F','','',NULL,91,191,NULL),(2203,'Belo  Mai  Bankira','',NULL,'F','','',NULL,91,191,NULL),(2204,'Mani  Gagrai','',NULL,'F','','',NULL,91,191,NULL),(2205,'Palo Mai  Sundi','',NULL,'F','','',NULL,91,191,NULL),(2206,'Priya Sundi','',NULL,'F','','',NULL,91,191,NULL),(2207,' Menjari    Honahaga','',NULL,'F','','',NULL,91,192,NULL),(2208,' Palo Honhaga','',NULL,'F','','',NULL,91,192,NULL),(2209,'Beerang Honhaga','',NULL,'F','','',NULL,91,192,NULL),(2210,'Chandu  Kerai','',NULL,'F','','',NULL,91,192,NULL),(2211,'Santi  Honhaga','',NULL,'F','','',NULL,91,192,NULL),(2212,'Panmai Honhaga','',NULL,'F','','',NULL,91,192,NULL),(2213,'Sunitra  Laguri','',NULL,'F','','',NULL,91,192,NULL),(2214,'Sona Honaga','',NULL,'F','','',NULL,91,192,NULL),(2215,'Gulachi  Bodra','',NULL,'F','','',NULL,91,192,NULL),(2216,'Manisha Honhaga','',NULL,'F','','',NULL,91,192,NULL),(2217,'Chariba Kayam','',NULL,'F','','',NULL,91,192,NULL),(2218,'Chandu Mai  Honaga','',NULL,'F','','',NULL,91,192,NULL),(2219,'Ladugu  jamuda','',NULL,'F','','',NULL,91,192,NULL),(2220,'Jaini  Gope','',NULL,'F','','',NULL,91,192,NULL),(2221,'Pooni Kayam','',NULL,'F','','',NULL,91,192,NULL),(2222,'Jambi Kayam','',NULL,'F','','',NULL,91,192,NULL),(2223,'Chandu  Honahaga','',NULL,'F','','',NULL,91,192,NULL),(2224,'Gurbari  Diggi','',NULL,'F','','',NULL,91,192,NULL),(2225,'Sunay  Diggi','',NULL,'F','','',NULL,91,192,NULL),(2226,'Sumi  Hembram','',NULL,'F','','',NULL,91,192,NULL),(2227,'Santi  Hembram','',NULL,'F','','',NULL,91,192,NULL),(2228,'Nadi  Bodra','',NULL,'F','','',NULL,91,193,NULL),(2229,'Ganir Angriya','',NULL,'F','','',NULL,91,193,NULL),(2230,'Sona Diggi','',NULL,'F','','',NULL,91,193,NULL),(2231,'Chando  Diggi','',NULL,'F','','',NULL,91,193,NULL),(2232,'Shuru  Diggi','',NULL,'F','','',NULL,91,193,NULL),(2233,'Savitri  Diggi','',NULL,'F','','',NULL,91,193,NULL),(2234,'Savitri  Hembrum','',NULL,'F','','',NULL,91,193,NULL),(2235,'Jayshri Diggi','',NULL,'F','','',NULL,91,193,NULL),(2236,'RandhaiDiggi','',NULL,'F','','',NULL,91,193,NULL),(2237,'Menjo Diggi','',NULL,'F','','',NULL,91,193,NULL),(2238,' Jayanti Diggi','',NULL,'F','','',NULL,91,193,NULL),(2239,'Kiree  Diggi','',NULL,'F','','',NULL,91,193,NULL),(2240,'Budni Diggi','',NULL,'F','','',NULL,91,193,NULL),(2241,'Shanti  Lohar','',NULL,'F','','',NULL,91,193,NULL),(2242,'Padmini Diggi','',NULL,'F','','',NULL,91,194,NULL),(2243,'Somwari Gope','',NULL,'F','','',NULL,91,194,NULL),(2244,'Jambi Diggi','',NULL,'F','','',NULL,91,194,NULL),(2245,'Padma Gope','',NULL,'F','','',NULL,91,194,NULL),(2246,'Sini Diggi','',NULL,'F','','',NULL,91,194,NULL),(2247,'Rai Diggi','',NULL,'F','','',NULL,91,194,NULL),(2248,'Shanti Lohar','',NULL,'F','','',NULL,91,194,NULL),(2249,'Kerai Diggi','',NULL,'F','','',NULL,91,194,NULL),(2250,'Shuru Diggi','',NULL,'F','','',NULL,91,194,NULL),(2251,'Gurbari Lohar','',NULL,'F','','',NULL,91,194,NULL),(2252,'Belo Diggi','',NULL,'F','','',NULL,91,194,NULL),(2253,'Sarswati Diggi','',NULL,'F','','',NULL,91,194,NULL),(2254,'Sado Diggi','',NULL,'F','','',NULL,91,194,NULL),(2255,'Mohan Bihari Diggi','',NULL,'M','','',NULL,91,194,NULL),(2256,'Mangal Singh Diggi','',NULL,'M','','',NULL,91,194,NULL),(2257,'Menjo Honaga','',NULL,'F','','',NULL,91,195,NULL),(2258,'Rasmuni Honaga','',NULL,'F','','',NULL,91,195,NULL),(2259,'Chandu Jamuda','',NULL,'F','','',NULL,91,195,NULL),(2260,'Sumitra Diggi','',NULL,'F','','',NULL,91,195,NULL),(2261,'Pangela Honaga','',NULL,'F','','',NULL,91,195,NULL),(2262,'Laxmi Honaga','',NULL,'F','','',NULL,91,195,NULL),(2263,'Malti Diggi','',NULL,'F','','',NULL,91,195,NULL),(2264,'Behan Diggi','',NULL,'F','','',NULL,91,195,NULL),(2265,'Muni Angariya','',NULL,'F','','',NULL,91,195,NULL),(2266,'Yashoda Kerai','',NULL,'F','','',NULL,91,195,NULL),(2267,'Menjo Kerai','',NULL,'F','','',NULL,91,195,NULL),(2268,'Budhani Diggi','',NULL,'F','','',NULL,91,195,NULL),(2269,'Punami Jamuda','',NULL,'F','','',NULL,91,196,NULL),(2270,'Sumitra Diggi','',NULL,'F','','',NULL,91,196,NULL),(2271,'Ladu Kerai','',NULL,'F','','',NULL,91,196,NULL),(2272,'Gurbari Diggi','',NULL,'F','','',NULL,91,196,NULL),(2273,'Damu Angariya','',NULL,'F','','',NULL,91,196,NULL),(2274,'Sonamuni Kayam','',NULL,'F','','',NULL,91,196,NULL),(2275,'Sunay Angariya','',NULL,'F','','',NULL,91,196,NULL),(2276,'Balema Jamuda','',NULL,'F','','',NULL,91,196,NULL),(2277,'Chandu Kerai','',NULL,'F','','',NULL,91,196,NULL),(2278,'Gono Diggi','',NULL,'F','','',NULL,91,196,NULL),(2279,'Tulsi Jamuda','',NULL,'F','','',NULL,91,196,NULL),(2280,'Namsi Kayam','',NULL,'F','','',NULL,91,196,NULL),(2281,'Nandlal Angariya','',NULL,'M','','',NULL,91,196,NULL),(2282,'Nagi Diggi','',NULL,'F','','',NULL,91,197,NULL),(2283,'Sumi Diggi','',NULL,'F','','',NULL,91,197,NULL),(2284,'Belo Bodra','',NULL,'F','','',NULL,91,197,NULL),(2285,'Shanti Diggi','',NULL,'F','','',NULL,91,197,NULL),(2286,'Sona Diggi','',NULL,'F','','',NULL,91,197,NULL),(2287,'Puni Diggi','',NULL,'F','','',NULL,91,197,NULL),(2288,'Motai Diggi','',NULL,'F','','',NULL,91,197,NULL),(2289,'Naguri Diggi','',NULL,'F','','',NULL,91,197,NULL),(2290,'Jaishree Diggi','',NULL,'F','','',NULL,91,193,NULL),(2291,'Menjo Bodra','',NULL,'F','','',NULL,91,195,NULL),(2292,'Sulochana Nayak','',NULL,'F','','',NULL,52,118,NULL),(2293,'Bharti Nayak','',NULL,'F','','',NULL,52,118,NULL),(2294,'Kanakalata Nayak','',NULL,'F','','',NULL,52,118,NULL),(2295,'Tusarkanti Nayak','',NULL,'F','','',NULL,52,118,NULL),(2296,'Debaki Nayak','',NULL,'F','','',NULL,52,118,NULL),(2297,'Pramila Nayak','',NULL,'F','','',NULL,52,118,NULL),(2298,'Gandhari Nayak','',NULL,'F','','',NULL,52,118,NULL),(2299,'Gitanjali Nayak','',NULL,'F','','',NULL,52,118,NULL),(2300,'Pramila Naik(B)','',NULL,'F','','',NULL,52,118,NULL),(2301,'Babita Nayak','',NULL,'F','','',NULL,52,198,NULL),(2302,'Nirupati Nayak','',NULL,'F','','',NULL,52,198,NULL),(2303,'Sakuntala Nayak','',NULL,'F','','',NULL,52,198,NULL),(2304,'Tilottama Nayak','',NULL,'F','','',NULL,52,198,NULL),(2305,'Latika Nayak','',NULL,'F','','',NULL,52,198,NULL),(2306,'Binati Nayak','',NULL,'F','','',NULL,52,198,NULL),(2307,'Paramani Nayak','',NULL,'F','','',NULL,52,198,NULL),(2308,'Chanchala Nayak','',NULL,'F','','',NULL,52,198,NULL),(2309,'Puspalata Nayak','',NULL,'F','','',NULL,52,198,NULL),(2310,'Madhabi Nayak','',NULL,'F','','',NULL,52,198,NULL),(2311,'Rukmani Nayak','',NULL,'F','','',NULL,52,198,NULL),(2312,'Devavva kotagunsai','',NULL,'F','','',NULL,47,199,NULL),(2313,'Nagavva kotagunsai','',NULL,'F','','',NULL,47,199,NULL),(2314,'Shavakka kotagunsai','',NULL,'F','','',NULL,47,199,NULL),(2315,'Neelavva K begur','',NULL,'F','','',NULL,47,199,NULL),(2316,'Nealavva S begur','',NULL,'F','','',NULL,47,199,NULL),(2317,'Nelavva yelival','',NULL,'F','','',NULL,47,199,NULL),(2318,'Basavva yaliwal','',NULL,'F','','',NULL,47,199,NULL),(2319,'Akkavva yaliwal','',NULL,'F','','',NULL,47,199,NULL),(2320,'Shankaravva yaliwal','',NULL,'F','','',NULL,47,199,NULL),(2321,'Laxmi yaliwal','',NULL,'F','','',NULL,47,199,NULL),(2322,'Yallavva yaliwal','',NULL,'F','','',NULL,47,199,NULL),(2323,'Manjula bisanalli','',NULL,'F','','',NULL,47,199,NULL),(2324,'Gouravva Ramanal','',NULL,'F','','',NULL,47,199,NULL),(2325,'Honavva Bammigatti','',NULL,'F','','',NULL,47,199,NULL),(2326,'Yallavva Dharmagouda','',NULL,'F','','',NULL,47,199,NULL),(2327,'Manjula Bisanalli','',NULL,'F','','',NULL,47,199,NULL),(2328,'Gouravva ramanal','',NULL,'F','','',NULL,47,199,NULL),(2329,'Honavva bamigatti','',NULL,'F','','',NULL,47,199,NULL),(2330,'Yallavva dharmagouda','',NULL,'F','','',NULL,47,199,NULL),(2331,'Parava bamaigatti','',NULL,'F','','',NULL,47,199,NULL),(2332,'Mallavva Sopan','',NULL,'F','','',NULL,47,199,NULL),(2333,'Gouravva Doddagadeppanavar','',NULL,'F','','',NULL,47,199,NULL),(2334,'Shantavva V hiremath','',NULL,'F','','',NULL,44,200,NULL),(2335,'Neelavva B Badapannvar','',NULL,'F','','',NULL,44,200,NULL),(2336,'Nagavva R morabad','',NULL,'F','','',NULL,44,200,NULL),(2337,'Mahdevi S desur','',NULL,'F','','',NULL,44,200,NULL),(2338,'Karabasavva R patil','',NULL,'F','','',NULL,44,200,NULL),(2339,'Somavva S patil','',NULL,'F','','',NULL,44,200,NULL),(2340,'Draxayini C patil','',NULL,'F','','',NULL,44,200,NULL),(2341,'Shantavva C patil','',NULL,'F','','',NULL,44,200,NULL),(2342,'Gurusidavva R hubb','',NULL,'F','','',NULL,44,200,NULL),(2343,'Faakiravva R Harijan','',NULL,'F','','',NULL,44,200,NULL),(2344,'Parvati m Angadi','',NULL,'F','','',NULL,44,200,NULL),(2345,'Laxmavva B Manakatt','',NULL,'F','','',NULL,44,200,NULL),(2346,'Shnatavva P Morabad','',NULL,'F','','',NULL,44,200,NULL),(2347,'Mallavva Doodagoudar','',NULL,'F','','',NULL,50,201,NULL),(2348,'shivakka gyanapannavar','',NULL,'F','','',NULL,50,201,NULL),(2349,'parava gyanapannavar','',NULL,'F','','',NULL,50,201,NULL),(2350,'neelavva patil','',NULL,'F','','',NULL,50,201,NULL),(2351,'Dyamavva unalli','',NULL,'F','','',NULL,50,201,NULL),(2352,'Shantavva gyanapanavvar','',NULL,'F','','',NULL,50,201,NULL),(2353,'Mallavva doddakallanagoudra','',NULL,'F','','',NULL,50,201,NULL),(2354,'Shashikala mudigoudra','',NULL,'F','','',NULL,50,201,NULL),(2355,'Iravva Gyanapannvar','',NULL,'F','','',NULL,50,201,NULL),(2356,'Draxayini hiremath','',NULL,'F','','',NULL,50,201,NULL),(2357,'Channabasavva doddagoudra','',NULL,'F','','',NULL,50,201,NULL),(2358,'Basavva Gyanpannavar','',NULL,'F','','',NULL,50,201,NULL),(2359,'Devakka Doddagoudra','',NULL,'F','','',NULL,50,201,NULL),(2360,'Channabasavva virakthamath','',NULL,'F','','',NULL,50,201,NULL),(2361,'Damaynathi doddagoudra','',NULL,'F','','',NULL,50,201,NULL),(2362,'shakarravva mugali','',NULL,'F','','',NULL,50,201,NULL),(2363,'laxmavva doddagoudra','',NULL,'F','','',NULL,50,201,NULL),(2364,'Tayavva Bisanalli','',NULL,'F','','',NULL,50,201,NULL),(2365,'mahdevi chabi','',NULL,'F','','',NULL,43,NULL,NULL),(2366,'Girijava N byrikoppa','',NULL,'F','','',NULL,43,NULL,NULL),(2367,'Chanabasavva hosamani','',NULL,'F','','',NULL,43,169,NULL),(2368,'Basanavva hiremath','',NULL,'F','','',NULL,43,169,NULL),(2369,'Danavva tegginamani','',NULL,'F','','',NULL,43,169,NULL),(2370,'Iravva mudinganavvar','',NULL,'F','','',NULL,43,169,NULL),(2371,'Chanavva mudilingannavar','',NULL,'F','','',NULL,43,169,NULL),(2372,'neelava Katimani','',NULL,'F','','',NULL,43,169,NULL),(2373,'Bharmavva doddamani','',NULL,'F','','',NULL,43,169,NULL),(2374,'Neelavva G hiremath','',NULL,'F','','',NULL,43,169,NULL),(2375,'Ningavva Bendalgatti','',NULL,'F','','',NULL,43,169,NULL),(2376,'Ningavva S kalabhavi','',NULL,'F','','',NULL,43,169,NULL),(2377,'Madevi hosamani','',NULL,'F','','',NULL,43,169,NULL),(2378,'Iravva Badiger','',NULL,'F','','',NULL,43,169,NULL),(2379,'sangavva Kundagoal','',NULL,'F','','',NULL,43,169,NULL),(2380,'Basavva kalabhavi','',NULL,'F','','',NULL,43,169,NULL),(2381,'Ningavva Huballi','',NULL,'F','','',NULL,43,169,NULL),(2382,'Basavva karchanannavar','',NULL,'F','','',NULL,43,169,NULL),(2383,'Neelavva M hiremath','',NULL,'F','','',NULL,43,169,NULL),(2384,'Paravva Hiremath','',NULL,'F','','',NULL,43,169,NULL),(2385,'Ningavva yaliwal','',NULL,'F','','',NULL,43,169,NULL),(2386,'Baramappa B sheelavantra','',NULL,'M','','',NULL,43,202,NULL),(2387,'Virupaxappa byrikoppa','',NULL,'M','','',NULL,43,202,NULL),(2388,'Yallappa s baiyrikoppa','',NULL,'M','','',NULL,43,202,NULL),(2389,'Gurusiddappa S Kalbhavi','',NULL,'M','','',NULL,43,202,NULL),(2390,'Shivalingaiah rattigerimath','',NULL,'M','','',NULL,43,202,NULL),(2391,'Irappa Benni','',NULL,'M','','',NULL,43,202,NULL),(2392,'Yallappa S Navalgund','',NULL,'M','','',NULL,43,202,NULL),(2393,'sadevvappa Kamadhenu','',NULL,'M','','',NULL,43,202,NULL),(2394,'Shinvangouda murali','',NULL,'M','','',NULL,43,202,NULL),(2395,'Chanbasaiah Hiremath','',NULL,'M','','',NULL,43,202,NULL),(2396,'Anandgouda patil','',NULL,'M','','',NULL,43,202,NULL),(2397,'Desaigoudra Surangoudra','',NULL,'M','','',NULL,43,202,NULL),(2398,'Jagadeesh sheelavantra','',NULL,'M','','',NULL,43,202,NULL),(2399,'Shidanngouda doddagoudra','',NULL,'M','','',NULL,43,202,NULL),(2400,'Manjunath S badigger','',NULL,'M','','',NULL,43,202,NULL),(2401,'Gurusindangoudra S Balanagoudra','',NULL,'M','','',NULL,43,202,NULL),(2402,'Gangavva M olekar','',NULL,'F','','',NULL,49,NULL,NULL),(2403,'geeta Golgoudra','',NULL,'F','','',NULL,49,NULL,NULL),(2404,'Pream teganvvar','',NULL,'F','','',NULL,49,NULL,NULL),(2405,'Renavva D Golgoudra','',NULL,'F','','',NULL,49,NULL,NULL),(2406,'Sidangouda Shivangoudra','',NULL,'M','','',NULL,49,NULL,NULL),(2407,'Jagadish ekuli','',NULL,'M','','',NULL,49,NULL,NULL),(2408,'shanta V patil','',NULL,'F','','',NULL,49,NULL,NULL),(2409,'renavva Nimbhuji','',NULL,'F','','',NULL,49,NULL,NULL),(2410,'Rukmini Nemmanvar','',NULL,'F','','',NULL,49,NULL,NULL),(2411,'Indravva inguli','',NULL,'F','','',NULL,49,NULL,NULL),(2412,'Nirmala Marigoudra','',NULL,'F','','',NULL,49,NULL,NULL),(2413,'Paravva Heballimath','',NULL,'F','','',NULL,49,NULL,NULL),(2414,'Mahadevi c jodalli','',NULL,'F','','',NULL,45,203,NULL),(2415,'ningavva s jodali','',NULL,'F','','',NULL,45,203,NULL),(2416,'shantavva M galabi','',NULL,'F','','',NULL,45,203,NULL),(2417,'Chanavva B Tippanavvar','',NULL,'F','','',NULL,45,203,NULL),(2418,'Nagamma B Hadimani','',NULL,'F','','',NULL,45,203,NULL),(2419,'Shantavva N hukkeri','',NULL,'F','','',NULL,45,203,NULL),(2420,'Basavannevva M akki','',NULL,'F','','',NULL,45,203,NULL),(2421,'shantavva S sannapujar','',NULL,'F','','',NULL,45,203,NULL),(2422,'Gangavva N tippannavar','',NULL,'F','','',NULL,45,203,NULL),(2423,'Neelavva B akki','',NULL,'F','','',NULL,45,203,NULL),(2424,'Neelamma N purandannavar','',NULL,'F','','',NULL,45,203,NULL),(2425,'Pakiramma B Purandannavar','',NULL,'F','','',NULL,45,203,NULL),(2426,'Shivalingamma S jodalli','',NULL,'F','','',NULL,45,203,NULL),(2427,'Annapurna Y Purandannavr','',NULL,'F','','',NULL,45,203,NULL),(2428,'Hanumavva P siliketar','',NULL,'F','','',NULL,45,NULL,NULL),(2429,'Parvatevva balikali','',NULL,'F','','',NULL,46,204,NULL),(2430,'taramati badiger','',NULL,'F','','',NULL,46,204,NULL),(2431,'Shantavva Pariman','',NULL,'F','','',NULL,46,204,NULL),(2432,'Basanevva ','',NULL,'F','','',NULL,46,204,NULL),(2433,'Muttavva','',NULL,'F','','',NULL,46,204,NULL),(2434,'LAxmavva','',NULL,'F','','',NULL,46,204,NULL),(2435,'PAravva chiggari','',NULL,'F','','',NULL,46,204,NULL),(2436,'Yallvva Patrenavvar','',NULL,'F','','',NULL,46,204,NULL),(2437,'GAdigeva Mudigoudra','',NULL,'F','','',NULL,46,204,NULL),(2438,'Shambala Badiger','',NULL,'F','','',NULL,46,204,NULL),(2439,'SUjatha','',NULL,'F','','',NULL,46,205,NULL),(2440,'MAdevi bellad','',NULL,'F','','',NULL,46,205,NULL),(2441,'Shankaravva Talebagil','',NULL,'F','','',NULL,46,205,NULL),(2442,'Pakiravva','',NULL,'F','','',NULL,46,205,NULL),(2443,'Sumangala','',NULL,'F','','',NULL,46,205,NULL),(2444,'Vidya shettepannavar','',NULL,'F','','',NULL,46,205,NULL),(2445,'savitri savannur','',NULL,'F','','',NULL,46,205,NULL),(2446,'RAju badiger','',NULL,'F','','',NULL,46,205,NULL),(2447,'Parvati managudi','',NULL,'F','','',NULL,46,205,NULL),(2448,'GAngavva  hiremath','',NULL,'F','','',NULL,46,205,NULL),(2449,'Gangavva savanur','',NULL,'F','','',NULL,46,205,NULL),(2450,'BAsavanneva ','',NULL,'F','','',NULL,46,206,NULL),(2451,'Chanamma Hukeri','',NULL,'F','','',NULL,46,206,NULL),(2452,'Channabasavva sharewad','',NULL,'F','','',NULL,46,206,NULL),(2453,'PAravva Sharewad','',NULL,'F','','',NULL,46,206,NULL),(2454,'Yallavva Angadaki','',NULL,'F','','',NULL,46,206,NULL),(2455,'Kasturavva Nichanna','',NULL,'F','','',NULL,46,206,NULL),(2456,'Draxyayini Savanur','',NULL,'F','','',NULL,46,206,NULL),(2457,'Channavva Angadakki','',NULL,'F','','',NULL,46,206,NULL),(2458,'Suresh sharewad','',NULL,'F','','',NULL,46,206,NULL),(2459,'Mudukappa savanur','',NULL,'F','','',NULL,46,206,NULL),(2460,'Draxayini savanur','',NULL,'F','','',NULL,46,206,NULL),(2461,'parvati mangudi','',NULL,'F','','',NULL,46,207,NULL),(2462,'MAdevi bellad','',NULL,'F','','',NULL,46,207,NULL),(2463,'asha mokashi','',NULL,'F','','',NULL,46,207,NULL),(2464,'Shaobha mokashi','',NULL,'F','','',NULL,46,207,NULL),(2465,'Geeta balikali','',NULL,'F','','',NULL,46,207,NULL),(2466,'Girija haliyal','',NULL,'F','','',NULL,46,207,NULL),(2467,'Sundravva kattimani','',NULL,'F','','',NULL,46,207,NULL),(2468,'YAllavva PAtrenavvar','',NULL,'F','','',NULL,46,207,NULL),(2469,'Prema patrenavvar','',NULL,'F','','',NULL,46,207,NULL),(2470,'PAkirappa badiger','',NULL,'F','','',NULL,46,207,NULL),(2471,'Nirmala Badiger','',NULL,'F','','',NULL,46,207,NULL),(2472,'Draxayini paled','',NULL,'F','','',NULL,46,207,NULL),(2473,'Nagappa s badiger','',NULL,'M','','',NULL,48,208,NULL),(2474,'Devendrappa N badiger','',NULL,'M','','',NULL,48,208,NULL),(2475,'MAhesh K badiger','',NULL,'M','','',NULL,48,208,NULL),(2476,'Shanmukh N badiger','',NULL,'M','','',NULL,48,208,NULL),(2477,'Goudappa F patil','',NULL,'M','','',NULL,48,208,NULL),(2478,'NAgangouda k Patil','',NULL,'M','','',NULL,48,208,NULL),(2479,'HAnuman b Bajantri','',NULL,'M','','',NULL,48,208,NULL),(2480,'Basappa B Bajentri','',NULL,'M','','',NULL,48,208,NULL),(2481,'Ramappa B ABdiger','',NULL,'M','','',NULL,48,208,NULL),(2482,'Ningappa G Badiger','',NULL,'M','','',NULL,48,208,NULL),(2483,'Devendra J Badiger','',NULL,'M','','',NULL,48,208,NULL),(2484,'Kumar s Ganiger','',NULL,'M','','',NULL,48,208,NULL),(2485,'MAnjunath S ganiger','',NULL,'M','','',NULL,48,208,NULL),(2486,'Ashok D badiger','',NULL,'M','','',NULL,48,208,NULL),(2487,'Dyamappa S Badiger','',NULL,'M','','',NULL,48,208,NULL),(2488,'Jagadesh R Ganiger','',NULL,'M','','',NULL,48,208,NULL),(2489,'GAngaiah G hiremath','',NULL,'M','','',NULL,48,208,NULL),(2490,'BAlchandra U hiremath','',NULL,'M','','',NULL,48,208,NULL),(2491,'Maruti D badiger','',NULL,'M','','',NULL,48,208,NULL),(2492,'Iranna B Badiger','',NULL,'M','','',NULL,48,208,NULL),(2493,'Gangadhar B  badiger','',NULL,'M','','',NULL,48,208,NULL),(2494,'RAvi N hadapad','',NULL,'M','','',NULL,48,208,NULL),(2495,'YAllappa N Baraker','',NULL,'M','','',NULL,48,208,NULL),(2496,'Vittal K waliker','',NULL,'M','','',NULL,48,208,NULL),(2497,'Chandrakanth R Badiger','',NULL,'M','','',NULL,48,208,NULL),(2498,'Renappagouda s bavikatti','',NULL,'M','','',NULL,48,208,NULL),(2499,'Mailari D hadapad','',NULL,'M','','',NULL,48,208,NULL),(2500,'Gangavva','',NULL,'F','','',NULL,50,209,NULL),(2501,'Gadigevva','',NULL,'F','','',NULL,50,209,NULL),(2502,'Neelavva','',NULL,'F','','',NULL,50,209,NULL),(2503,'Rudravva','',NULL,'F','','',NULL,50,209,NULL),(2504,'Chanavva','',NULL,'F','','',NULL,50,209,NULL),(2505,'Fakiravva','',NULL,'F','','',NULL,50,209,NULL),(2506,'Madevi','',NULL,'F','','',NULL,50,209,NULL),(2507,'Ratnavva','',NULL,'F','','',NULL,50,209,NULL),(2508,'Parvatvva','',NULL,'F','','',NULL,50,209,NULL),(2509,'Mallavva','',NULL,'F','','',NULL,50,209,NULL),(2510,'GAngavva','',NULL,'F','','',NULL,50,209,NULL),(2511,'Hanumavva','',NULL,'F','','',NULL,50,209,NULL),(2512,'Shantavva','',NULL,'F','','',NULL,50,209,NULL),(2513,'Channamma','',NULL,'F','','',NULL,50,209,NULL),(2514,'Sarawatevva','',NULL,'F','','',NULL,50,209,NULL),(2515,'Basavva','',NULL,'F','','',NULL,50,209,NULL),(2516,'Sharadha','',NULL,'F','','',NULL,50,209,NULL),(2517,'Akkamma','',NULL,'F','','',NULL,50,209,NULL),(2518,'Neelamma','',NULL,'F','','',NULL,50,209,NULL),(2519,'Somashekar B hollali','',NULL,'M','','',NULL,43,170,NULL),(2520,'Bharmappa P Byrikoppa','',NULL,'M','','',NULL,43,170,NULL),(2521,'Ningappa b HAnchinmani','',NULL,'M','','',NULL,43,170,NULL),(2522,'Yallappa B Byrikoppa ','',NULL,'M','','',NULL,43,170,NULL),(2523,'Snagayya Hiremath','',NULL,'M','','',NULL,43,170,NULL),(2524,'Virupaxya Angadi','',NULL,'M','','',NULL,43,170,NULL),(2525,'Bharamappa Byrikoppa','',NULL,'M','','',NULL,43,170,NULL),(2526,'Ningappa Honalli','',NULL,'M','','',NULL,43,170,NULL),(2527,'Malleshappa kamaden','',NULL,'M','','',NULL,43,170,NULL),(2528,'Basappa Madalingannavar','',NULL,'M','','',NULL,43,170,NULL),(2529,'B S hiremath','',NULL,'M','','',NULL,43,170,NULL),(2530,'Nagappa Byrikoppa','',NULL,'M','','',NULL,43,170,NULL),(2531,'Chanbasappa meti','',NULL,'M','','',NULL,43,170,NULL),(2532,'basavanappa Angadi','',NULL,'M','','',NULL,43,170,NULL),(2533,'Mallayya Hiremath','',NULL,'M','','',NULL,43,170,NULL),(2534,'Bharamappa sheelavantar','',NULL,'M','','',NULL,43,170,NULL),(2535,'Bharmavva Sheelavantar','',NULL,'F','','',NULL,43,170,NULL),(2536,'Iravva Mudulingannavar','',NULL,'F','','',NULL,43,210,NULL),(2537,'Channavva Mudlingannvar','',NULL,'F','','',NULL,43,210,NULL),(2538,'Neelavva KAttimani','',NULL,'F','','',NULL,43,210,NULL),(2539,'BAramavva Doddamani','',NULL,'F','','',NULL,43,210,NULL),(2540,'Neelavva M Hiremath','',NULL,'F','','',NULL,43,210,NULL),(2541,'Ningavva Bendalgatti','',NULL,'F','','',NULL,43,210,NULL),(2542,'Ningavva S kalbhavi','',NULL,'F','','',NULL,43,210,NULL),(2543,'MAdevi Hosamani','',NULL,'F','','',NULL,43,210,NULL),(2544,'Iravva Badiger','',NULL,'F','','',NULL,43,210,NULL),(2545,'Sangavva Kundangoal','',NULL,'F','','',NULL,43,210,NULL),(2546,'Ningavva Hubballi','',NULL,'F','','',NULL,43,210,NULL),(2547,'Basavva Kenchennvar','',NULL,'F','','',NULL,43,210,NULL),(2548,'Muttavva Bevinamarad','',NULL,'F','','',NULL,46,NULL,NULL),(2549,'Basavennavav hukkaeri','',NULL,'F','','',NULL,46,211,NULL),(2550,'sushila koppad','',NULL,'F','','',NULL,46,211,NULL),(2551,'Gangavva sharewad','',NULL,'F','','',NULL,46,211,NULL),(2552,'Doddagangamma Sharewad','',NULL,'F','','',NULL,46,211,NULL),(2553,'Jayashri Patil','',NULL,'F','','',NULL,46,211,NULL),(2554,'Basavva patil','',NULL,'F','','',NULL,46,211,NULL),(2555,'Savakka Patil','',NULL,'F','','',NULL,46,211,NULL),(2556,'Channabasu Budapanavvar','',NULL,'F','','',NULL,46,211,NULL),(2557,'Laxmavva Budapannavar','',NULL,'F','','',NULL,46,211,NULL),(2558,'Somavva Budappanavar','',NULL,'F','','',NULL,46,211,NULL),(2559,'Channabasavva Sharewad','',NULL,'F','','',NULL,46,211,NULL),(2560,'Saraswati','',NULL,'F','','',NULL,46,NULL,NULL),(2561,'draxayini beligatti','',NULL,'F','','',NULL,46,NULL,NULL),(2562,'ratnavva Pariayana','',NULL,'F','','',NULL,46,NULL,NULL),(2563,'Shankarappa N pAgad','',NULL,'M','','',NULL,50,NULL,NULL),(2564,'Tammanna tigadi','',NULL,'M','','',NULL,50,NULL,NULL),(2565,'Dyamanna Sadar','',NULL,'M','','',NULL,50,NULL,NULL),(2566,'Suresh S','',NULL,'M','','',NULL,50,NULL,NULL),(2567,'Manju N','',NULL,'M','','',NULL,50,NULL,NULL),(2568,'Sudha S dharwad','',NULL,'F','','',NULL,50,212,NULL),(2569,'Ratna G donni','',NULL,'F','','',NULL,50,212,NULL),(2570,'Ningamma C sadar','',NULL,'F','','',NULL,50,212,NULL),(2571,'Shantavva S Sadar','',NULL,'F','','',NULL,50,212,NULL),(2572,'PAravva B Sadar','',NULL,'F','','',NULL,50,212,NULL),(2573,'Guaravva K kalgattigi','',NULL,'F','','',NULL,50,212,NULL),(2574,'GAngavva R kalgattigi','',NULL,'F','','',NULL,50,212,NULL),(2575,'Iravva D Morabad','',NULL,'F','','',NULL,50,212,NULL),(2576,'Sunanda M huballi','',NULL,'F','','',NULL,50,212,NULL),(2577,'Channavva b Huballi','',NULL,'F','','',NULL,50,212,NULL),(2578,'Neelava ','',NULL,'F','','',NULL,50,212,NULL),(2579,'MAdevi g kamadoli','',NULL,'M','','',NULL,50,212,NULL),(2580,'Suvarna  b Huballi','',NULL,'F','','',NULL,50,212,NULL),(2581,'FAkiravva B sadar','',NULL,'F','','',NULL,50,212,NULL),(2582,'BAsamma C TAvali','',NULL,'F','','',NULL,50,212,NULL),(2583,'Shivakka K Pagar','',NULL,'F','','',NULL,50,212,NULL),(2584,'Pakkiravva Naduri','',NULL,'F','','',NULL,46,213,NULL),(2585,'Annavva Rayangoudar','',NULL,'F','','',NULL,46,213,NULL),(2586,'Yallavva Akki','',NULL,'F','','',NULL,46,213,NULL),(2587,'Gangavva Bevinamarad','',NULL,'F','','',NULL,46,213,NULL),(2588,'Gadigevva monakalmur','',NULL,'F','','',NULL,46,213,NULL),(2589,'Ningavva Rayagoudar','',NULL,'F','','',NULL,46,213,NULL),(2590,'Lalitha patil','',NULL,'F','','',NULL,46,213,NULL),(2591,'Parvetavva Talebagil','',NULL,'F','','',NULL,46,213,NULL),(2592,'Sushil Koppad','',NULL,'F','','',NULL,46,213,NULL),(2593,'Paravva Patil','',NULL,'F','','',NULL,46,213,NULL),(2594,'Neelamma javali','',NULL,'F','','',NULL,50,214,NULL),(2595,'Shobha Pilekara','',NULL,'F','','',NULL,50,214,NULL),(2596,'Girija malakankoppa ','',NULL,'F','','',NULL,50,214,NULL),(2597,'Gauravva Emmatagi','',NULL,'F','','',NULL,50,214,NULL),(2598,'Bandavva Sadak','',NULL,'F','','',NULL,50,214,NULL),(2599,'Mallavva Sadar','',NULL,'F','','',NULL,50,214,NULL),(2600,'Paramma Godageri','',NULL,'F','','',NULL,50,214,NULL),(2601,'Shobha emmatagi','',NULL,'F','','',NULL,50,214,NULL),(2602,'Shabana hulgur','',NULL,'F','','',NULL,50,214,NULL),(2603,'Savamma Pagad','',NULL,'F','','',NULL,50,214,NULL),(2604,'MAnjula Annigeri','',NULL,'F','','',NULL,50,214,NULL),(2605,'MAllavva KAlgattigi','',NULL,'F','','',NULL,50,214,NULL),(2606,'Prema huballi','',NULL,'F','','',NULL,50,214,NULL),(2607,'Majula jamadar','',NULL,'F','','',NULL,50,215,NULL),(2608,'Renuka Angadi','',NULL,'F','','',NULL,50,215,NULL),(2609,'LAxmi savanur','',NULL,'F','','',NULL,50,215,NULL),(2610,'Jamuna doddawad','',NULL,'F','','',NULL,50,215,NULL),(2611,'Lalita kambi','',NULL,'F','','',NULL,50,215,NULL),(2612,'Madevi gatgi','',NULL,'F','','',NULL,50,215,NULL),(2613,'mallavva morabad','',NULL,'F','','',NULL,50,215,NULL),(2614,'Neelavati mugad','',NULL,'F','','',NULL,50,215,NULL),(2615,'sharadha Mugad','',NULL,'F','','',NULL,50,215,NULL),(2616,'Netra bhajantri','',NULL,'F','','',NULL,50,215,NULL),(2617,'sharadha Bagai','',NULL,'F','','',NULL,50,215,NULL),(2618,'Ambakka Pethakar','',NULL,'F','','',NULL,50,215,NULL),(2619,'Renukar V belagavi','',NULL,'F','','',NULL,50,215,NULL),(2620,'Akkamma Bagai','',NULL,'F','','',NULL,50,215,NULL),(2621,'Rudrava G khalbhavi','',NULL,'F','','',NULL,43,216,NULL),(2622,'Girijavva S mudilnganavvar','',NULL,'F','','',NULL,43,216,NULL),(2623,'Surekha B bairykoppa','',NULL,'F','','',NULL,43,216,NULL),(2624,'KAllavva KAmaden','',NULL,'F','','',NULL,43,216,NULL),(2625,'Madevi kAmmar','',NULL,'F','','',NULL,43,216,NULL),(2626,'Chanbasavva NAduvinamani','',NULL,'F','','',NULL,43,216,NULL),(2627,'Channavva Kalabhavi','',NULL,'F','','',NULL,43,216,NULL),(2628,'Shankaravva Sheelavantra','',NULL,'F','','',NULL,43,216,NULL),(2629,'Paravva J sheelavantar','',NULL,'F','','',NULL,43,216,NULL),(2630,'Savitri m murali','',NULL,'F','','',NULL,43,216,NULL),(2631,'NAgavva Y bairykoppa','',NULL,'F','','',NULL,43,216,NULL),(2632,'Manjula addapnavar','',NULL,'F','','',NULL,46,NULL,NULL),(2633,'saroja Addapanavr','',NULL,'F','','',NULL,46,NULL,NULL),(2634,'Kallavva addapanavar','',NULL,'F','','',NULL,46,NULL,NULL),(2635,'Yallavva Lingadaki','',NULL,'F','','',NULL,46,NULL,NULL),(2636,'Padamanvati navalur','',NULL,'F','','',NULL,46,217,NULL),(2637,'Champa kyamappanavar','',NULL,'F','','',NULL,46,217,NULL),(2638,'Sumanagala Pytapannavar','',NULL,'F','','',NULL,46,217,NULL),(2639,'Sujata joddapnavar','',NULL,'F','','',NULL,46,217,NULL),(2640,'LAta savanur','',NULL,'F','','',NULL,46,217,NULL),(2641,'Sushila hullambi','',NULL,'F','','',NULL,46,217,NULL),(2642,'Madevi ganjikatti','',NULL,'F','','',NULL,46,217,NULL),(2643,'SUjata GAnjikatti','',NULL,'F','','',NULL,46,217,NULL),(2644,'Nirmala badiger','',NULL,'F','','',NULL,46,217,NULL),(2645,'Bandavva Agasimani','',NULL,'F','','',NULL,46,217,NULL),(2646,'paravti managudi','',NULL,'F','','',NULL,46,218,NULL),(2647,'Madevi bellad','',NULL,'F','','',NULL,46,218,NULL),(2648,'Asha mokashi','',NULL,'F','','',NULL,46,218,NULL),(2649,'basavva dharwad','',NULL,'F','','',NULL,46,218,NULL),(2650,'savitri savanur','',NULL,'F','','',NULL,46,218,NULL),(2651,'Girija haliyal','',NULL,'F','','',NULL,46,218,NULL),(2652,'Sundravva kyammappanavar','',NULL,'F','','',NULL,46,218,NULL),(2653,'Prema patrennavvar','',NULL,'F','','',NULL,46,218,NULL),(2654,'Nirmala badiger','',NULL,'F','','',NULL,46,218,NULL),(2655,'Draxayini Tippangundi','',NULL,'F','','',NULL,46,218,NULL),(2656,'Nagali9ngaswami P hiremath','',NULL,'M','','',NULL,48,219,NULL),(2657,'Rasulab N koppad','',NULL,'M','','',NULL,48,219,NULL),(2658,'Yallappa B shanshi','',NULL,'M','','',NULL,48,219,NULL),(2659,'Mabusab N koppad','',NULL,'M','','',NULL,48,219,NULL),(2660,'Husensab R koppad','',NULL,'M','','',NULL,48,219,NULL),(2661,'Shivanand Y kamadenu','',NULL,'M','','',NULL,48,219,NULL),(2662,'Dyamana F walikar','',NULL,'M','','',NULL,48,219,NULL),(2663,'Daddaokallppa N ganiger','',NULL,'M','','',NULL,48,219,NULL),(2664,'Basavaraju N bhajantri','',NULL,'M','','',NULL,48,219,NULL),(2665,'Chandrayya G kuridekeri','',NULL,'M','','',NULL,48,219,NULL),(2666,'Ramana V karadi','',NULL,'M','','',NULL,48,219,NULL),(2667,'Saroja Hiremath','',NULL,'F','','',NULL,43,171,NULL),(2668,'Shantavva M hiremath','',NULL,'F','','',NULL,43,171,NULL),(2669,'Lalitha m hiremath','',NULL,'F','','',NULL,43,171,NULL),(2670,'Draxayini c Hiremath','',NULL,'F','','',NULL,43,171,NULL),(2671,'Shantavva R hiremath','',NULL,'F','','',NULL,43,171,NULL),(2672,'Neelavva patil','',NULL,'F','','',NULL,43,171,NULL),(2673,'Somavva N kotijadar','',NULL,'F','','',NULL,43,171,NULL),(2674,'Anasavva C hiremath','',NULL,'F','','',NULL,43,171,NULL),(2675,'Mudakkavva S hiremath','',NULL,'F','','',NULL,43,171,NULL),(2676,'LAx mavva C chatney','',NULL,'F','','',NULL,43,171,NULL),(2677,'Renuka r chatney','',NULL,'F','','',NULL,43,171,NULL),(2678,'Renuka kadahalli','',NULL,'F','','',NULL,43,171,NULL),(2679,'Kasturi','',NULL,'F','','',NULL,46,NULL,NULL),(2680,'madevei addapanavar','',NULL,'F','','',NULL,46,NULL,NULL),(2681,'shambala','',NULL,'F','','',NULL,46,NULL,NULL),(2682,'shantavva','',NULL,'F','','',NULL,46,NULL,NULL),(2683,'jayshri metti','',NULL,'F','','',NULL,46,220,NULL),(2684,'Manjula yadoritti','',NULL,'F','','',NULL,46,220,NULL),(2685,'MAnulaa Addapanavar','',NULL,'F','','',NULL,46,220,NULL),(2686,'BAsamma Addapanavar','',NULL,'F','','',NULL,46,220,NULL),(2687,'laxmi shettypannavar','',NULL,'F','','',NULL,46,220,NULL),(2688,'BAsavva Hulambi','',NULL,'F','','',NULL,46,220,NULL),(2689,'Prabhavathui addapanavar','',NULL,'F','','',NULL,46,220,NULL),(2690,'madevi huggi','',NULL,'F','','',NULL,46,220,NULL),(2691,'Irrakka bangali','',NULL,'F','','',NULL,46,220,NULL),(2692,'GAngavva bangali','',NULL,'F','','',NULL,46,220,NULL),(2693,'Kushalamma Addapnavar','',NULL,'F','','',NULL,46,220,NULL),(2694,'Savamma NAvalnur','',NULL,'F','','',NULL,46,220,NULL),(2695,'Iravva Bangali ','',NULL,'F','','',NULL,46,221,NULL),(2696,'Vijayalaxmi Navalur ','',NULL,'F','','',NULL,46,221,NULL),(2697,'Renuka Hullambi ','',NULL,'F','','',NULL,46,221,NULL),(2698,'Madevi Hullambi ','',NULL,'F','','',NULL,46,221,NULL),(2699,'Padmavati Somanakoppa ','',NULL,'F','','',NULL,46,221,NULL),(2700,'Channavva G','',NULL,'F','','',NULL,46,221,NULL),(2701,'Shantavva Tippanagoudti ','',NULL,'F','','',NULL,72,221,NULL),(2702,'Channabasappa Gudihal ','',NULL,'F','','',NULL,46,221,NULL),(2703,'Channavva Pujar ','',NULL,'F','','',NULL,46,221,NULL),(2704,'Chnnavva Nichchanaki','',NULL,'F','','',NULL,46,221,NULL),(2705,' Sumangala Jangalapagoudar','',NULL,'F','','',NULL,46,221,NULL),(2706,'shadevappa ','',NULL,'M','','',NULL,45,NULL,NULL),(2707,' Chandrappa ','',NULL,'M','','',NULL,45,NULL,NULL),(2708,'Shankarappa kurubar','',NULL,'M','','',NULL,47,NULL,NULL),(2709,'Madevappa jammihal','',NULL,'M','','',NULL,47,NULL,NULL),(2710,'Ramana Koti','',NULL,'M','','',NULL,47,NULL,NULL),(2711,'shoubhagya ramanal','',NULL,'F','','',NULL,47,NULL,NULL),(2712,'Madevappa Basalingappa Yaliwal','',NULL,'M','','',NULL,47,NULL,NULL),(2713,'Basappa Jainagoudar','',NULL,'M','','',NULL,50,NULL,NULL),(2714,'Manju','',NULL,'M','','',NULL,46,NULL,NULL),(2715,'Mohan Pandit','',NULL,'M','','',NULL,115,NULL,NULL),(2716,'Channabasappa Sannapujar','',NULL,'M','','',NULL,45,NULL,NULL),(2717,'Siddavva Hakkalad','',NULL,'F','','',NULL,44,NULL,NULL),(2718,'Mahadevappa Mantrodi','',NULL,'M','','',NULL,116,NULL,NULL),(2719,'Kallangouda patil','',NULL,'M','','',NULL,46,101,NULL),(2720,'pakiragouda patil','',NULL,'M','','',NULL,46,101,NULL),(2721,'shivangouda patil','',NULL,'M','','',NULL,46,101,NULL),(2722,'siddangouda talibagil','',NULL,'M','','',NULL,46,101,NULL),(2723,'hanumnathouda talibagil','',NULL,'M','','',NULL,46,101,NULL),(2724,'rudrappa metti','',NULL,'M','','',NULL,46,101,NULL),(2725,'ramappa balikayi','',NULL,'M','','',NULL,46,101,NULL),(2726,'irappa kudaligi','',NULL,'M','','',NULL,46,101,NULL),(2727,'basappa dharwad','',NULL,'M','','',NULL,46,101,NULL),(2728,'shankargouda agasimani','',NULL,'M','','',NULL,46,101,NULL),(2729,'rudragouda rayangudra','',NULL,'M','','',NULL,46,101,NULL),(2730,'hanumanth gouda patil','',NULL,'M','','',NULL,46,101,NULL),(2731,'irappa dharwad','',NULL,'M','','',NULL,46,101,NULL),(2732,'gurusiddappa buddapanavar','',NULL,'M','','',NULL,46,101,NULL),(2733,'irannagouda talibagila','',NULL,'M','','',NULL,46,101,NULL),(2734,'shivangouda hulakuppa','',NULL,'M','','',NULL,46,101,NULL),(2735,'Banappa ','',NULL,'M','','',NULL,50,222,NULL),(2736,'Shuvananda','',NULL,'M','','',NULL,50,222,NULL),(2737,'Shivavva ','',NULL,'M','','',NULL,50,222,NULL),(2738,'Hanumath','',NULL,'M','','',NULL,50,222,NULL),(2739,'shambala ','',NULL,'M','','',NULL,50,222,NULL),(2740,'Maruthi','',NULL,'M','','',NULL,50,222,NULL),(2741,'shivappa ','',NULL,'M','','',NULL,50,222,NULL),(2742,'Chanbasavva','',NULL,'M','','',NULL,50,222,NULL),(2743,'dantava talibagil','',NULL,'F','','',NULL,48,NULL,NULL),(2744,'somlingappa bamigatti','',NULL,'M','','',NULL,47,NULL,NULL),(2745,'sakapp kotusgi','',NULL,'M','','',NULL,47,NULL,NULL),(2746,'shankarravva yaliwal','',NULL,'F','','',NULL,47,NULL,NULL),(2747,'neelavva benni','',NULL,'F','','',NULL,44,NULL,NULL),(2748,'pirumbi nadaf','',NULL,'F','','',NULL,44,NULL,NULL),(2749,'Iravva kadapatti','',NULL,'F','','',NULL,45,NULL,NULL),(2750,'Neelavva K. Deevatagi','',NULL,'F','','',NULL,45,NULL,NULL),(2751,'Shankravva Hugar','',NULL,'F','','',NULL,49,NULL,NULL),(2752,'Gangavva Danenavar','',NULL,'F','','',NULL,49,NULL,NULL),(2753,'Neelavva Shivangoudar','',NULL,'F','','',NULL,49,NULL,NULL),(2754,'Pushpa Katnurmath','',NULL,'F','','',NULL,49,NULL,NULL),(2755,'Mallappa Inguli','',NULL,'M','','',NULL,49,NULL,NULL),(2756,'Mareppa Uppar','',NULL,'M','','',NULL,49,NULL,NULL),(2757,'Fakirappa Tegannavar','',NULL,'M','','',NULL,49,NULL,NULL),(2758,'Mareppa Uppar','',NULL,'M','','',NULL,49,NULL,NULL),(2759,'Mahadevappa Nimbuji','',NULL,'M','','',NULL,49,NULL,NULL),(2760,'Arjun Inguli','',NULL,'M','','',NULL,49,NULL,NULL),(2761,'Mallappa S. Inguli','',NULL,'M','','',NULL,49,NULL,NULL),(2762,'Jagadish Ekuli','',NULL,'M','','',NULL,49,NULL,NULL),(2763,'Mareppa Inguli','',NULL,'M','','',NULL,49,NULL,NULL),(2764,'Mahadevappa Nimbuji','',NULL,'M','','',NULL,49,NULL,NULL),(2765,'Hanumant Nimbuji','',NULL,'M','','',NULL,49,NULL,NULL),(2766,'Mallappa Inguli','',NULL,'M','','',NULL,49,NULL,NULL),(2767,'Siddanagouda Shivanagoudar','',NULL,'M','','',NULL,49,NULL,NULL),(2768,'Ashok Inguli','',NULL,'M','','',NULL,49,NULL,NULL),(2769,'Rangangouda Golagoudar','',NULL,'M','','',NULL,49,NULL,NULL),(2770,'Mallappa Tegannavar','',NULL,'M','','',NULL,49,NULL,NULL),(2771,'shivaputra Bannikoppamath','',NULL,'M','','',NULL,49,NULL,NULL),(2772,'Shivanand Ekuli','',NULL,'M','','',NULL,49,NULL,NULL),(2773,'Shekappa Kotagunasi','',NULL,'M','','',NULL,47,NULL,NULL),(2774,'Somalingappa Bammigatti','',NULL,'M','','',NULL,47,NULL,NULL),(2775,'Hanumantgouda Patil','',NULL,'M','','',NULL,47,NULL,NULL),(2776,'Basavva B. Benni','',NULL,'F','','',NULL,43,NULL,NULL),(2777,'Tippavva','',NULL,'F','','',NULL,50,NULL,NULL),(2778,'Laxmi C. Sannapujar','',NULL,'F','','',NULL,45,NULL,NULL),(2779,'Sharavva M. Akki','',NULL,'F','','',NULL,45,NULL,NULL),(2780,'Shankaravva M marabad','',NULL,'F','','',NULL,44,223,NULL),(2781,'NAgavva kutrakoti','',NULL,'F','','',NULL,44,223,NULL),(2782,'Davallava S nadaf','',NULL,'F','','',NULL,44,223,NULL),(2783,'Bibijjan S Nadaf','',NULL,'F','','',NULL,44,223,NULL),(2784,'Chanavva B Bhudihala','',NULL,'F','','',NULL,44,223,NULL),(2785,'Iravva C dadina','',NULL,'F','','',NULL,44,223,NULL),(2786,'GAngavva Badapannvar','',NULL,'F','','',NULL,44,223,NULL),(2787,'Basamma MAkasai','',NULL,'F','','',NULL,44,223,NULL),(2788,'GAngavva RAmanal','',NULL,'F','','',NULL,44,223,NULL),(2789,'Bibijan R nadaf','',NULL,'F','','',NULL,44,223,NULL),(2790,'Shanta B. Hebballimath','',NULL,'F','','',NULL,49,NULL,NULL),(2791,'Renavva M. Nimbuji','',NULL,'F','','',NULL,49,NULL,NULL),(2792,'Renavva S. Nimbhuji','',NULL,'F','','',NULL,49,NULL,NULL),(2793,'Savakka H. Nimbuji','',NULL,'F','','',NULL,49,NULL,NULL),(2794,'Subhadravva V. Bannikoppamath','',NULL,'F','','',NULL,49,NULL,NULL),(2795,'Rukmini B. Nemannavar','',NULL,'F','','',NULL,49,NULL,NULL),(2796,'Savakka S. Kattimani','',NULL,'F','','',NULL,49,NULL,NULL),(2797,'Indravva V. Inguli','',NULL,'F','','',NULL,49,NULL,NULL),(2798,'Paravva S. Inguli','',NULL,'F','','',NULL,49,NULL,NULL),(2799,'Nirmala B. Marigoudar','',NULL,'F','','',NULL,49,NULL,NULL),(2800,'Paravva G. Hubballimath','',NULL,'F','','',NULL,49,NULL,NULL),(2801,'Rusbumsab varura','',NULL,'M','','',NULL,47,224,NULL),(2802,'Mahadevapa yaliwal','',NULL,'M','','',NULL,47,224,NULL),(2803,'Nigappa gaber','',NULL,'M','','',NULL,47,224,NULL),(2804,'Shivaputrappa hosawakal','',NULL,'M','','',NULL,47,224,NULL),(2805,'Chanppa hoswakal','',NULL,'M','','',NULL,47,224,NULL),(2806,'Madevappa bamigatti','',NULL,'M','','',NULL,47,224,NULL),(2807,'Shivappa kaligeri','',NULL,'M','','',NULL,47,224,NULL),(2808,'Basavappa kempanunvar','',NULL,'M','','',NULL,47,224,NULL),(2809,'Somalingappa kaligeri','',NULL,'M','','',NULL,47,224,NULL),(2810,'Shankarappa kurbar','',NULL,'M','','',NULL,47,224,NULL),(2811,'Kushar adin','',NULL,'M','','',NULL,47,224,NULL),(2812,'Gadigeppa bamigatti','',NULL,'M','','',NULL,47,224,NULL),(2813,'MAlappa bamigatti','',NULL,'M','','',NULL,47,224,NULL),(2814,'Chanavva kaligeri','',NULL,'M','','',NULL,47,224,NULL),(2815,'BAsapa hoswakal','',NULL,'M','','',NULL,47,224,NULL),(2816,'Bodappa mukkalkatti','',NULL,'M','','',NULL,47,224,NULL),(2817,'Shivaji Inguli','',NULL,'M','','',NULL,49,NULL,NULL),(2818,'Irappa Guruvannavar','',NULL,'M','','',NULL,49,NULL,NULL),(2819,'soubhagyavva ramanal','',NULL,'F','','',NULL,47,NULL,NULL),(2820,'Gangavva M. Olekar','',NULL,'F','','',NULL,49,NULL,NULL),(2821,'Geeta B. Golagoudar','',NULL,'F','','',NULL,49,NULL,NULL),(2822,'Renavva V. Danenavar','',NULL,'F','','',NULL,49,NULL,NULL),(2823,'Laxmavva A Tegannavar','',NULL,'F','','',NULL,49,NULL,NULL),(2824,'Prema K. Tegannavar','',NULL,'F','','',NULL,49,NULL,NULL),(2825,'Devakka I Tegannavar','',NULL,'F','','',NULL,49,NULL,NULL),(2826,'Mallavva B. Olekar','',NULL,'F','','',NULL,49,NULL,NULL),(2827,'Yallavva V. Tegannavar','',NULL,'F','','',NULL,49,NULL,NULL),(2828,'Neelavva C. Golgoudar','',NULL,'F','','',NULL,49,NULL,NULL),(2829,'Saroja Inguli','',NULL,'F','','',NULL,49,NULL,NULL),(2830,'Laxmi K. Nemannavar','',NULL,'F','','',NULL,49,NULL,NULL),(2831,'Renavva Golgoudar','',NULL,'F','','',NULL,49,NULL,NULL),(2832,'Renavva S. Golgoudar','',NULL,'F','','',NULL,49,NULL,NULL),(2833,'Annapurna Madli','',NULL,'F','','',NULL,49,NULL,NULL),(2834,'Shanta V. Patil','',NULL,'F','','',NULL,49,NULL,NULL),(2835,'Savakka Ekuli','',NULL,'F','','',NULL,49,NULL,NULL),(2836,'Renavva S. Nimbhuji','',NULL,'F','','',NULL,49,NULL,NULL),(2837,'Tippavva Nimbuji','',NULL,'F','','',NULL,49,NULL,NULL),(2838,'Satyavva Nimbuji','',NULL,'F','','',NULL,49,NULL,NULL),(2839,'Shankravva Danenavar','',NULL,'F','','',NULL,49,NULL,NULL),(2840,'Kanthevva','',NULL,'F','','',NULL,50,NULL,NULL),(2841,'Vishalaxi','',NULL,'F','','',NULL,50,NULL,NULL),(2842,'Channabasavva ','',NULL,'F','','',NULL,50,NULL,NULL),(2843,'Neelavva ','',NULL,'F','','',NULL,50,NULL,NULL),(2844,'Akkavva','',NULL,'F','','',NULL,50,NULL,NULL),(2845,'Ratnavva','',NULL,'F','','',NULL,50,NULL,NULL),(2846,'Anasavva','',NULL,'F','','',NULL,50,NULL,NULL),(2847,'Renavva ','',NULL,'F','','',NULL,50,NULL,NULL),(2848,'Savitavva','',NULL,'F','','',NULL,50,NULL,NULL),(2849,'Marevva','',NULL,'F','','',NULL,50,NULL,NULL),(2850,'Neelavva ','',NULL,'F','','',NULL,50,NULL,NULL),(2851,'Yallamma','',NULL,'F','','',NULL,50,NULL,NULL),(2852,'Basamma','',NULL,'F','','',NULL,50,NULL,NULL),(2853,'savakka','',NULL,'F','','',NULL,50,NULL,NULL),(2854,'Channappa Hosalli','',NULL,'F','','',NULL,50,NULL,NULL),(2855,'Yallappagouda choudi','',NULL,'M','','',NULL,50,NULL,NULL),(2856,'Gangappa Hosalli','',NULL,'M','','',NULL,50,NULL,NULL),(2857,'Shambu Benakanahalli','',NULL,'M','','',NULL,50,NULL,NULL),(2858,'Basavaraj Jaynagoudar','',NULL,'M','','',NULL,50,NULL,NULL),(2859,'Irupaxi chinchali','',NULL,'M','','',NULL,50,NULL,NULL),(2860,'Hanumantappa Kabanur','',NULL,'M','','',NULL,50,NULL,NULL),(2861,'Shivappa Ganeshappanavar','',NULL,'M','','',NULL,50,NULL,NULL),(2862,'Shivappa Muguli','',NULL,'M','','',NULL,50,NULL,NULL),(2863,'Champavati Kamadolli','',NULL,'F','','',NULL,50,NULL,NULL),(2864,'Laxmavva Kabber','',NULL,'F','','',NULL,50,NULL,NULL),(2865,'Neelavva Kabber','',NULL,'F','','',NULL,50,NULL,NULL),(2866,'Devakka Y. Kusugal','',NULL,'F','','',NULL,50,NULL,NULL),(2867,'Laxmavva Mullakere','',NULL,'F','','',NULL,50,NULL,NULL),(2868,'Anasavva Shankargoudra','',NULL,'F','','',NULL,50,NULL,NULL),(2869,'Girijavva B. Horakere','',NULL,'F','','',NULL,50,NULL,NULL),(2870,'Ningavva S. Veerabhadragoudar','',NULL,'F','','',NULL,50,NULL,NULL),(2871,'Ningavva','',NULL,'F','','',NULL,50,NULL,NULL),(2872,'Iravva','',NULL,'F','','',NULL,50,NULL,NULL),(2873,'Girijavva','',NULL,'F','','',NULL,50,NULL,NULL),(2874,'Shankaravva Bammigatti','',NULL,'F','','',NULL,47,NULL,NULL),(2875,'Shivagangavva','',NULL,'F','','',NULL,50,NULL,NULL),(2876,'Girijavva','',NULL,'F','','',NULL,50,NULL,NULL),(2877,'Draxayini','',NULL,'F','','',NULL,50,NULL,NULL),(2878,'Yallavva','',NULL,'F','','',NULL,50,NULL,NULL),(2879,'Kamalavva','',NULL,'F','','',NULL,50,NULL,NULL),(2880,'Laxmavva','',NULL,'F','','',NULL,50,NULL,NULL),(2881,'Neelavva','',NULL,'F','','',NULL,50,NULL,NULL),(2882,'Savita','',NULL,'F','','',NULL,50,NULL,NULL),(2883,'Shankravva Mugalli','',NULL,'F','','',NULL,50,NULL,NULL),(2884,'Damayanti Doddagoudar','',NULL,'F','','',NULL,50,NULL,NULL),(2885,'Paravva gyanappanavar','',NULL,'F','','',NULL,50,NULL,NULL),(2886,'Savakka dhanigoud','',NULL,'F','','',NULL,47,NULL,NULL),(2887,'Shantavva','',NULL,'F','','',NULL,50,NULL,NULL),(2888,'Siddanagouda Doddagoudar','',NULL,'F','','',NULL,43,NULL,NULL),(2889,'Mallavva Sopan','',NULL,'F','','',NULL,47,NULL,NULL),(2890,'Shivaji Inguli','',NULL,'M','','',NULL,49,NULL,NULL),(2891,'Mallappa Nimbuji','',NULL,'M','','',NULL,49,NULL,NULL),(2892,'Fakirappa Tegannavar','',NULL,'M','','',NULL,49,NULL,NULL),(2893,'Siddanagouda Shivanagoudar','',NULL,'F','','',NULL,49,NULL,NULL),(2894,'Mallappa Inguli','',NULL,'M','','',NULL,49,NULL,NULL),(2895,'hanumant Nimbuji','',NULL,'M','','',NULL,49,NULL,NULL),(2896,'mahadevappa nimbuji','',NULL,'M','','',NULL,49,NULL,NULL),(2897,'Uday. Aadin ','',NULL,'M','','',NULL,47,NULL,NULL),(2898,'Iranna jangli','',NULL,'M','','',NULL,48,NULL,NULL),(2899,'Basavraj. Puradannavar ','',NULL,'M','','',NULL,47,NULL,NULL),(2900,'park','',NULL,'M','','',NULL,49,NULL,NULL),(2901,'patil','',NULL,'M','','',NULL,49,NULL,NULL),(2902,'Shekhappa S. Puradannnavar','',NULL,'M','','',NULL,45,NULL,NULL),(2903,'Ramesh Bairykoppa','',NULL,'M','','',NULL,43,NULL,NULL),(2904,'Mallappa Tegannavar','',NULL,'M','','',NULL,49,NULL,NULL),(2905,'Pushpa Katnurmath','',NULL,'M','','',NULL,49,NULL,NULL),(2906,'Siddavva Kunkur','',NULL,'M','','',NULL,49,NULL,NULL),(2907,'Laxmi V. Kunkur','',NULL,'F','','',NULL,49,NULL,NULL),(2908,'Madei Inguli','',NULL,'F','','',NULL,49,NULL,NULL),(2909,'Mallavva Inguli','',NULL,'F','','',NULL,49,NULL,NULL),(2910,'Doddeshappa H. Somalingannavar','',NULL,'M','','',NULL,44,NULL,NULL),(2911,'Gangappa Morabad','',NULL,'M','','',NULL,44,NULL,NULL),(2912,'Allasab Nadaf','',NULL,'M','','',NULL,44,NULL,NULL),(2913,'Umesh Benni','',NULL,'M','','',NULL,44,NULL,NULL),(2914,'Dyamanna Halamani','',NULL,'M','','',NULL,44,NULL,NULL),(2915,'Basavaraj M. NAvalgund','',NULL,'M','','',NULL,44,NULL,NULL),(2916,'Shivanand G. Hubballi','',NULL,'M','','',NULL,44,NULL,NULL),(2917,'Basavraj Angadi','',NULL,'M','','',NULL,44,NULL,NULL),(2918,'mahadevappa G. Hubballi','',NULL,'M','','',NULL,44,NULL,NULL),(2919,'Ningavva','',NULL,'F','','',NULL,50,NULL,NULL),(2920,'Channavva Mudlingannavar','',NULL,'F','','',NULL,43,NULL,NULL),(2921,'Ningavva Bendalgatti','',NULL,'F','','',NULL,43,NULL,NULL),(2922,'Karuna Tuti','',NULL,'F','','',NULL,119,225,NULL),(2923,'Emlin Tuti','',NULL,'F','','',NULL,119,225,NULL),(2924,'Juliyani Tuti','',NULL,'F','','',NULL,119,225,NULL),(2925,'Phoolmani Tuti (B)','',NULL,'F','','',NULL,119,225,NULL),(2926,'Mukti Tuti','',NULL,'F','','',NULL,119,225,NULL),(2927,'Kripa Tuti','',NULL,'F','','',NULL,119,225,NULL),(2928,'Phoolmani Tuti (A)','',NULL,'F','','',NULL,119,225,NULL),(2929,'Kloistika Tuti','',NULL,'F','','',NULL,119,225,NULL),(2930,'Mariyam Tuti','',NULL,'F','','',NULL,119,225,NULL),(2931,'Salomi Nag','',NULL,'F','','',NULL,119,225,NULL),(2932,'Magdali Tuti','',NULL,'F','','',NULL,119,225,NULL),(2933,'Namlen Tuti','',NULL,'F','','',NULL,119,225,NULL),(2934,'Aasha Tuti','',NULL,'F','','',NULL,119,225,NULL),(2935,'Jotica Tuti','',NULL,'F','','',NULL,119,225,NULL),(2936,'Basanti Tuti','',NULL,'F','','',NULL,119,225,NULL),(2937,'Sita devi','',NULL,'F','','',NULL,119,225,NULL),(2938,'Basanti Devi','',NULL,'F','','',NULL,119,225,NULL),(2939,'Sita devi','',NULL,'F','','',NULL,119,225,NULL),(2940,'Basanti Devi','',NULL,'F','','',NULL,119,225,NULL),(2941,'Pradum  Devi','',NULL,'F','','',NULL,119,225,NULL),(2942,'Sushma Tuti','',NULL,'F','','',NULL,119,225,NULL),(2943,'Maryam Hassa','',NULL,'F','','',NULL,119,225,NULL),(2944,'Pyari Tuti','',NULL,'F','','',NULL,119,226,NULL),(2945,'Ajita Nag','',NULL,'F','','',NULL,119,226,NULL),(2946,'Marsha Tuti','',NULL,'F','','',NULL,119,226,NULL),(2947,'Rahil Tuti','',NULL,'F','','',NULL,119,226,NULL),(2948,'Dayamani Tuti','',NULL,'F','','',NULL,119,226,NULL),(2949,'Bahamani Tuti','',NULL,'F','','',NULL,119,226,NULL),(2950,'Mariyam Tuti','',NULL,'F','','',NULL,119,226,NULL),(2951,'Lidiya Tuti','',NULL,'F','','',NULL,119,226,NULL),(2952,'Hanna Tuti','',NULL,'F','','',NULL,119,226,NULL),(2953,'Kirpa Tuti','',NULL,'F','','',NULL,119,226,NULL),(2954,'Heeramani Nag','',NULL,'F','','',NULL,119,226,NULL),(2955,'Ashamani Tuti','',NULL,'F','','',NULL,119,226,NULL),(2956,'Heramani Tuti','',NULL,'F','','',NULL,119,226,NULL),(2957,'Bilaasi  Tuti','',NULL,'F','','',NULL,119,226,NULL),(2958,'Seteng Tuti','',NULL,'F','','',NULL,119,226,NULL),(2959,'Mariyam    Tuti  ( A)','',NULL,'F','','',NULL,119,227,NULL),(2960,'Karuna     Tuti ','',NULL,'F','','',NULL,119,227,NULL),(2961,'Bahalen    Tuti ','',NULL,'F','','',NULL,119,227,NULL),(2962,'Rahil    Tuti ','',NULL,'F','','',NULL,119,227,NULL),(2963,'Dulari    Tuti ','',NULL,'F','','',NULL,119,227,NULL),(2964,'Mariyam   Tuti  ( B ) ','',NULL,'F','','',NULL,119,227,NULL),(2965,'Kunwari    Tuti ','',NULL,'F','','',NULL,119,227,NULL),(2966,'Martha    Horo ','',NULL,'F','','',NULL,119,227,NULL),(2967,'Magdali    Tuti  ( A ) ','',NULL,'F','','',NULL,119,227,NULL),(2968,'Susani    Tuti ','',NULL,'F','','',NULL,119,227,NULL),(2969,'Magdali  Tuti   ( B ) ','',NULL,'F','','',NULL,119,227,NULL),(2970,'Naori     Runda ','',NULL,'F','','',NULL,119,227,NULL),(2971,'Sulo    Devi ','',NULL,'F','','',NULL,119,227,NULL),(2972,'Elisaba   Tuit ','',NULL,'F','','',NULL,119,227,NULL),(2973,'Magdali Tuti ','',NULL,'F','','',NULL,119,227,NULL),(2974,'Bahamani Nag ','',NULL,'F','','',NULL,119,227,NULL),(2975,'salomi Tuti ','',NULL,'F','','',NULL,119,227,NULL),(2976,'Sisiliya Horo ','',NULL,'F','','',NULL,119,227,NULL),(2977,'Phulmani Tuti ','',NULL,'F','','',NULL,119,227,NULL),(2978,'Urmila Tuti ','',NULL,'F','','',NULL,119,228,NULL),(2979,'Hanna Hassa ','',NULL,'F','','',NULL,119,228,NULL),(2980,'Jawnti Tuti ','',NULL,'F','','',NULL,119,228,NULL),(2981,'Phoolmani Tuti (A) ','',NULL,'F','','',NULL,119,228,NULL),(2982,'Rahil Nag ','',NULL,'F','','',NULL,119,228,NULL),(2983,'Virginia Barayud ','',NULL,'F','','',NULL,119,228,NULL),(2984,'Ruth Tuti ','',NULL,'F','','',NULL,119,228,NULL),(2985,'Rosalin Tuti ','',NULL,'F','','',NULL,119,228,NULL),(2986,'Balmadina Horo ','',NULL,'F','','',NULL,119,228,NULL),(2987,'Sushila Tuti ','',NULL,'F','','',NULL,119,228,NULL),(2988,'Santoni Tuti ','',NULL,'F','','',NULL,119,228,NULL),(2989,'Salomi Runda ','',NULL,'F','','',NULL,119,228,NULL),(2990,'Paalo Kumari ','',NULL,'F','','',NULL,119,228,NULL),(2991,'Hera  Tute ','',NULL,'F','','',NULL,119,228,NULL),(2992,'Monika       Runda ','',NULL,'F','','',NULL,119,228,NULL),(2993,'Dugmani Nag ','',NULL,'F','','',NULL,119,228,NULL),(2994,'Maryam Horo ','',NULL,'F','','',NULL,119,228,NULL),(2995,'Susari Hassa ','',NULL,'F','','',NULL,119,228,NULL),(2996,'Maryam Tuti ','',NULL,'F','','',NULL,119,228,NULL),(2997,'Sisilya Tuti ','',NULL,'F','','',NULL,119,228,NULL),(2998,'Susana Nag (A) ','',NULL,'F','','',NULL,119,229,NULL),(2999,'Asiyani Nag ','',NULL,'F','','',NULL,119,229,NULL),(3000,'Marsa Nag ','',NULL,'F','','',NULL,119,229,NULL),(3001,'Sudalen Nag ','',NULL,'F','','',NULL,119,229,NULL),(3002,'Vinita Nag ','',NULL,'F','','',NULL,119,229,NULL),(3003,'Bharosi Nag ','',NULL,'F','','',NULL,119,229,NULL),(3004,'Ilisaba Nag ','',NULL,'F','','',NULL,119,229,NULL),(3005,'Sushanti Nag ','',NULL,'F','','',NULL,119,229,NULL),(3006,'Vishwasi Nag ','',NULL,'F','','',NULL,119,229,NULL),(3007,'Lusiya Nag ','',NULL,'F','','',NULL,119,229,NULL),(3008,'Shanti Mariyam Nag ','',NULL,'F','','',NULL,119,229,NULL),(3009,'Susana Nag (B) ','',NULL,'F','','',NULL,119,229,NULL),(3010,'Dulari Nag ','',NULL,'F','','',NULL,119,229,NULL),(3011,'Ashanti Nag ','',NULL,'F','','',NULL,119,229,NULL),(3012,'Lidiya Nag ','',NULL,'F','','',NULL,119,229,NULL),(3013,'Dulari Nag (B) ','',NULL,'F','','',NULL,119,229,NULL),(3014,'Chumani Hassa ','',NULL,'F','','',NULL,119,229,NULL),(3015,'Jyoti Tuti ','',NULL,'F','','',NULL,119,229,NULL),(3016,'Ramdhi Devi ','',NULL,'F','','',NULL,120,230,NULL),(3017,'Virang Tuti(A) ','',NULL,'F','','',NULL,120,230,NULL),(3018,'Rani Tuti ','',NULL,'F','','',NULL,120,230,NULL),(3019,'Lokma Tuti ','',NULL,'F','','',NULL,120,230,NULL),(3020,'Ashrita Tuti ','',NULL,'F','','',NULL,120,230,NULL),(3021,'Phaguni Tuti ','',NULL,'F','','',NULL,120,230,NULL),(3022,'Virang Tuti (B) ','',NULL,'F','','',NULL,120,230,NULL),(3023,'Vijni Tuti ','',NULL,'F','','',NULL,120,230,NULL),(3024,'Rut Tuti ','',NULL,'F','','',NULL,120,230,NULL),(3025,'Jauni Tuti ','',NULL,'F','','',NULL,120,230,NULL),(3026,'Nandi Kumari ','',NULL,'F','','',NULL,120,230,NULL),(3027,'Nandi Tuti ','',NULL,'F','','',NULL,120,230,NULL),(3028,'Jaimani Tuti ','',NULL,'F','','',NULL,120,230,NULL),(3029,'Hissimani Tuti ','',NULL,'F','','',NULL,120,230,NULL),(3030,'Saudi Tuti ','',NULL,'F','','',NULL,120,230,NULL),(3031,'Chandu Tuti ','',NULL,'F','','',NULL,120,230,NULL),(3032,'Nauri Tuti ','',NULL,'F','','',NULL,120,230,NULL),(3033,'Mukta Tuti ','',NULL,'F','','',NULL,120,230,NULL),(3034,'Tijmani       Devi ','',NULL,'F','','',NULL,120,231,NULL),(3035,'Sini          Devi ','',NULL,'F','','',NULL,120,231,NULL),(3036,'Jambi           Devi ','',NULL,'F','','',NULL,120,231,NULL),(3037,'Chita          Devi ','',NULL,'F','','',NULL,120,231,NULL),(3038,'Podmuni          Nag ','',NULL,'F','','',NULL,120,231,NULL),(3039,'Sani             Devi ','',NULL,'F','','',NULL,120,231,NULL),(3040,'Nagi          Devi ','',NULL,'F','','',NULL,120,231,NULL),(3041,'Puski           Devi ','',NULL,'F','','',NULL,120,231,NULL),(3042,'Faguni             Devi ','',NULL,'F','','',NULL,120,231,NULL),(3043,'Basi           Devi ','',NULL,'F','','',NULL,120,231,NULL),(3044,'Kunji          Devi ','',NULL,'F','','',NULL,120,231,NULL),(3045,'Parwati           Devi ','',NULL,'F','','',NULL,120,231,NULL),(3046,'Hismani           Devi ','',NULL,'F','','',NULL,120,231,NULL),(3047,'Kriupa         Devi ','',NULL,'F','','',NULL,120,232,NULL),(3048,'Rani          Devi ','',NULL,'F','','',NULL,120,232,NULL),(3049,'Sani             Devi ','',NULL,'F','','',NULL,120,232,NULL),(3050,'Rupu           Devi ','',NULL,'F','','',NULL,120,232,NULL),(3051,'Kokila          Devi ','',NULL,'F','','',NULL,120,232,NULL),(3052,'Sudaki           Devi ','',NULL,'F','','',NULL,120,232,NULL),(3053,'Ldumuni             Devi ','',NULL,'F','','',NULL,120,232,NULL),(3054,'Jingi            Devi ','',NULL,'F','','',NULL,120,232,NULL),(3055,'Sofiya           Devi ','',NULL,'F','','',NULL,120,232,NULL),(3056,'Duli            Tuti ','',NULL,'F','','',NULL,120,232,NULL),(3057,'Chita            Devi ','',NULL,'F','','',NULL,120,232,NULL),(3058,'Hissi          Tuti ','',NULL,'F','','',NULL,120,232,NULL),(3059,'Jambi             Devi ','',NULL,'F','','',NULL,120,232,NULL),(3060,'Kowari              Devi ','',NULL,'F','','',NULL,120,232,NULL),(3061,'Chambari             Devi ','',NULL,'F','','',NULL,120,232,NULL),(3062,'Goma Tuti ','',NULL,'F','','',NULL,120,233,NULL),(3063,'Karmi Tuti ','',NULL,'F','','',NULL,120,233,NULL),(3064,'Sugi Tuti ','',NULL,'F','','',NULL,120,233,NULL),(3065,'Rupan Tuti ','',NULL,'F','','',NULL,120,233,NULL),(3066,'Phiri Tuti ','',NULL,'F','','',NULL,120,233,NULL),(3067,'Gangayani Tuti ','',NULL,'F','','',NULL,120,233,NULL),(3068,'Purungi Tuti ','',NULL,'F','','',NULL,120,233,NULL),(3069,'Salgi Tuti ','',NULL,'F','','',NULL,120,233,NULL),(3070,'Goma Tuti ','',NULL,'F','','',NULL,120,233,NULL),(3071,'Suru Tuti ','',NULL,'F','','',NULL,120,233,NULL),(3072,'Nuni Tuti ','',NULL,'F','','',NULL,120,233,NULL),(3073,'Angi Tuti ','',NULL,'F','','',NULL,120,233,NULL),(3074,'Sini Tuti ','',NULL,'F','','',NULL,120,233,NULL),(3075,'Purungi Tuti (B) ','',NULL,'F','','',NULL,120,233,NULL),(3076,'Muni Tuti ','',NULL,'F','','',NULL,120,233,NULL),(3077,'Sini  Tuti ','',NULL,'F','','',NULL,120,233,NULL),(3078,'Puni Tuti ','',NULL,'F','','',NULL,120,233,NULL),(3079,'Joshna Tuti ','',NULL,'F','','',NULL,120,233,NULL),(3080,'Dugi Tuti ','',NULL,'F','','',NULL,120,233,NULL),(3081,'Jambi Tuti ','',NULL,'F','','',NULL,120,233,NULL),(3082,'Mina Tuti ','',NULL,'F','','',NULL,120,233,NULL),(3083,'Jawni Tuti ','',NULL,'F','','',NULL,120,233,NULL),(3084,'Sukurmani Tuti ','',NULL,'F','','',NULL,120,233,NULL),(3085,'Mukta Tuti ','',NULL,'F','','',NULL,120,233,NULL);
/*!40000 ALTER TABLE `PERSON` ENABLE KEYS */;
UNLOCK TABLES;

--
-- Table structure for table `PERSON_ADOPT_PRACTICE`
--

DROP TABLE IF EXISTS `PERSON_ADOPT_PRACTICE`;
SET @saved_cs_client     = @@character_set_client;
SET character_set_client = utf8;
CREATE TABLE `PERSON_ADOPT_PRACTICE` (
  `id` int(11) NOT NULL auto_increment,
  `person_id` int(11) NOT NULL,
  `practice_id` int(11) NOT NULL,
  `PRIOR_ADOPTION_FLAG` tinyint(1) default NULL,
  `DATE_OF_ADOPTION` date default NULL,
  `QUALITY` varchar(200) NOT NULL,
  `QUANTITY` int(11) default NULL,
  `QUANTITY_UNIT` varchar(150) NOT NULL,
  PRIMARY KEY  (`id`),
  KEY `PERSON_ADOPT_PRACTICE_person_id` (`person_id`),
  KEY `PERSON_ADOPT_PRACTICE_practice_id` (`practice_id`)
) ENGINE=MyISAM AUTO_INCREMENT=5 DEFAULT CHARSET=latin1;
SET character_set_client = @saved_cs_client;

--
-- Dumping data for table `PERSON_ADOPT_PRACTICE`
--

LOCK TABLES `PERSON_ADOPT_PRACTICE` WRITE;
/*!40000 ALTER TABLE `PERSON_ADOPT_PRACTICE` DISABLE KEYS */;
/*!40000 ALTER TABLE `PERSON_ADOPT_PRACTICE` ENABLE KEYS */;
UNLOCK TABLES;

--
-- Table structure for table `PERSON_GROUPS`
--

DROP TABLE IF EXISTS `PERSON_GROUPS`;
SET @saved_cs_client     = @@character_set_client;
SET character_set_client = utf8;
CREATE TABLE `PERSON_GROUPS` (
  `id` int(11) NOT NULL auto_increment,
  `GROUP_NAME` varchar(100) NOT NULL,
  `DAYS` varchar(9) NOT NULL,
  `TIMINGS` time default NULL,
  `TIME_UPDATED` datetime NOT NULL,
  `village_id` int(11) NOT NULL,
  PRIMARY KEY  (`id`),
  KEY `PERSON_GROUPS_village_id` (`village_id`)
) ENGINE=MyISAM AUTO_INCREMENT=234 DEFAULT CHARSET=latin1;
SET character_set_client = @saved_cs_client;

--
-- Dumping data for table `PERSON_GROUPS`
--

LOCK TABLES `PERSON_GROUPS` WRITE;
/*!40000 ALTER TABLE `PERSON_GROUPS` DISABLE KEYS */;
INSERT INTO `PERSON_GROUPS` VALUES (78,'Prem','Tuesday',NULL,'2009-12-15 22:38:02',28),(77,'Niloni','Friday',NULL,'2010-02-09 18:12:07',27),(76,'Production farmer group','',NULL,'2009-12-12 05:44:31',26),(74,'Kiran','',NULL,'2009-12-11 01:03:30',24),(75,'Jyoti','',NULL,'2009-12-11 01:03:30',24),(117,'sreishakti mahila sangh','Monday',NULL,'2010-01-12 23:48:17',50),(118,'Sibasakti, Bholanath','Monday','18:00:00','2010-01-27 04:14:14',52),(119,'Maa Tulashi, Baba Mukteswara','Tuesday','18:00:00','2010-01-27 04:00:51',52),(120,'Gajalaxmi, Maa Tarini','Wednesday','18:00:00','2010-01-27 03:54:22',52),(121,'Balhe Sagen, Aang Marshal','Saturday','17:00:00','2010-01-27 03:48:03',53),(79,'Sugandh','Tuesday',NULL,'2009-12-15 22:28:19',28),(80,'Turtan Singh','Tuesday',NULL,'2009-12-15 22:13:33',28),(81,'Sivasakthi','Sunday',NULL,'2009-12-15 22:07:52',29),(82,'Production farmer group 1','',NULL,'2009-12-15 23:47:22',30),(83,'Production farmer group 2','',NULL,'2009-12-16 01:07:25',25),(84,'Production farmer group 3','',NULL,'2009-12-16 01:05:53',25),(85,'Amarnath Kisan Samu','Wednesday','17:00:00','2009-12-23 20:57:04',38),(86,'Shree Ganesh Kisan Samu','',NULL,'2009-12-23 21:02:00',39),(87,'Kisan Samu','Friday','17:00:00','2009-12-23 21:03:12',40),(88,'Amarnath Kisan Samu','Wednesday',NULL,'2009-12-23 21:27:13',38),(89,'Shri daneshwari mahila sangh','',NULL,'2010-02-03 02:47:19',43),(90,'Banshankari mahila SHG','',NULL,'2010-02-03 02:36:20',43),(91,'kariyaammadevi Mahila swa sahay sangh','',NULL,'2010-02-03 02:29:11',43),(92,' Shri Durgadevi mahila SHG','',NULL,'2010-02-03 01:48:58',44),(93,' Shri Ranichennamma SHG','',NULL,'2010-02-03 02:02:12',44),(94,' Shri kariyamma Devi swa sahaysangh','',NULL,'2010-02-03 01:55:34',44),(95,'Shri nidhi raitar kshetra patha shale Sangh ','',NULL,'2010-02-03 01:39:31',44),(96,'Shri Akkamahadevi Mahila Swasahay Sangh','',NULL,'2010-02-03 01:29:40',44),(97,'Shri basaverswaara mahila swa sahay sangh','',NULL,'2010-02-02 21:02:37',45),(98,'Mohammad Paigambar mahila SHG','',NULL,'2010-02-02 21:22:20',45),(99,'Mabusubani mahila SHG','',NULL,'2010-02-02 21:29:05',45),(100,'Akkamahadevi Mahila swa sahay sangh','',NULL,'2010-02-02 21:37:37',45),(101,'Narasimhdevar sangh','',NULL,'2010-02-17 22:51:07',46),(102,'Anandavana','',NULL,'2010-02-02 23:44:12',47),(103,'Renukadevi mahila sangh','',NULL,'2010-02-02 23:44:57',47),(104,'Mate mahadevi Mahila sangh','',NULL,'2010-02-02 23:28:48',47),(105,'Neelambika Strishakti sangha','',NULL,'2010-02-02 21:46:21',48),(106,'Kalmeshwar Swasahay sangh','',NULL,'2010-02-02 21:51:41',48),(107,'Shri Annapurneshwari Mahila SHG','',NULL,'2010-02-02 22:00:33',48),(108,'Shri Akkamahadevi Mahila SHG','',NULL,'2010-02-03 01:14:53',49),(109,'Shri Mallikarjun purush SHG','',NULL,'2010-02-03 00:52:35',49),(110,'Shri Pandurang Vitthal purush SHG','',NULL,'2010-02-03 00:29:50',49),(111,'Shri Laxmi Mahila SHG','',NULL,'2010-02-03 00:23:39',49),(112,'Shri Adishakti Mahila SHG','',NULL,'2010-02-03 00:17:21',49),(113,'Janotthan shri renuka devi Mahila SHG','',NULL,'2010-02-03 02:10:28',50),(114,'Janotthan Shri gaytatridevi Mahila SHG','',NULL,'2010-02-03 02:16:27',50),(115,'Shri Jatingeshwar SHG','',NULL,'2010-02-03 02:18:56',50),(116,'Public & Vijayalaxmi SHG','',NULL,'2010-01-07 23:19:03',50),(122,'Marangbanga, Dharitree','Sunday','18:00:00','2010-01-27 03:42:09',53),(146,'Marshal Mahila Mandal','',NULL,'2010-02-02 20:20:43',82),(124,'Maa Basuki Devi, Maa Santoshi','Thursday','18:30:00','2010-01-31 23:46:57',55),(125,'Sagun Sarna,Marshal Mahila Kendra','Friday','18:30:00','2010-01-27 02:57:24',56),(126,'Shiv Parbati, Kaa Shanti Niketan','Sunday','18:30:00','2010-01-27 02:51:59',57),(127,'Shivani,Bijal Bale Bijali Taras','Saturday','18:30:00','2010-01-27 02:43:57',58),(128,'Athra Deuli, Maa Laxmi','Tuesday','18:30:00','2010-01-27 02:10:32',59),(129,'Marangburu Samled,Sagar Serali','Sunday','18:30:00','2010-01-27 02:02:54',60),(130,'Maa Mangala, Maa Kichikeshwari','Monday','18:00:00','2010-01-31 23:35:44',62),(131,'Sri Krishna, Maa Tulashi','Friday','18:00:00','2010-01-31 23:19:12',62),(132,'Maa Gajabiani, Baitrani Om Maa Tarini','Saturday','18:00:00','2010-01-31 23:12:45',62),(133,'Maa Binapani, Maa Durga','Wednesday','18:00:00','2010-01-27 00:31:47',63),(134,'Sibasakti,Bholanath','Monday','18:00:00','2010-01-18 00:42:01',52),(145,'Fulwari Mahila Mandal','',NULL,'2010-02-01 23:31:06',81),(144,'Tiliye Baha','',NULL,'2010-02-01 23:15:17',80),(138,'Laxminarayan','Thursday','18:00:00','2010-01-27 05:19:35',67),(139,'Maa Parbati','Friday','18:00:00','2010-01-27 05:15:01',67),(140,'Maa Chandipat,Maa Tarini','Tuesday','18:00:00','2010-01-31 22:55:22',68),(141,'Maa Besauli,Laxminarayan','Wednesday','18:00:00','2010-01-31 22:45:45',68),(142,'Sarjamburu,Dinga Marshal,Maa Gouri Shree Chandyapat','Saturday','18:00:00','2010-01-27 05:00:48',69),(143,'Sarjamburu,Dinga Marshal,Maa Gouri Shree Chandyapat','Sunday','18:00:00','2010-01-27 04:54:00',69),(147,'Sarjom Baha Mahila Mandal','',NULL,'2010-02-02 20:13:48',83),(148,'Vina Mahila Mandal','',NULL,'2010-02-02 20:06:50',84),(149,'Hereman Mahila Mandal','',NULL,'2010-02-02 19:58:29',84),(150,'Sunaila Mahila Mandal','',NULL,'2010-02-02 19:53:11',84),(151,'Rupamani Mahila Mandal','',NULL,'2010-02-02 19:43:29',84),(152,'Shanti Lata Mahila Mandal','',NULL,'2010-02-02 19:35:09',84),(153,'Shri Galimariyamma mahila Sangh','',NULL,'2010-02-02 21:38:18',45),(154,'Shri Siddeshwara SHG','',NULL,'2010-02-02 22:56:12',48),(155,'Shri Manibhaidesai Totagarika sangh','',NULL,'2010-02-02 22:51:04',48),(156,'Sarvodaya SHG','',NULL,'2010-02-02 22:44:09',48),(157,'Basavershwara SHG','',NULL,'2010-02-02 22:37:31',48),(158,'Shri Sarswati Stri shakti mahila sangh','',NULL,'2010-02-02 22:30:11',48),(159,'Vishwas hanti sangh','',NULL,'2010-02-02 22:24:33',48),(160,'Shri ramlingeshwara totagarika sangh','',NULL,'2010-02-02 22:18:32',48),(161,'sarvodaya manjunath sangh','',NULL,'2010-02-02 22:12:36',48),(162,'Kalpavruksha SHG','',NULL,'2010-02-02 23:20:22',47),(163,'Bhumitai SHG','',NULL,'2010-02-02 23:14:14',47),(164,'Tapovana SHG','',NULL,'2010-02-02 23:06:46',47),(165,'Shri Mallikarjun Mahila swa sahay Sangh','',NULL,'2010-02-03 00:10:39',49),(166,'Shri renuka devi sangh','',NULL,'2010-02-03 00:05:06',49),(167,'Saraswati mahila sangh','',NULL,'2010-02-03 00:00:54',49),(168,'Shri marikanmba devi SHG','',NULL,'2010-02-02 23:56:52',49),(169,'Spoorthi mahila swa sahay sangh ','',NULL,'2010-02-15 22:58:05',43),(170,'Manibhai Bheemabhai C SHG','',NULL,'2010-02-16 02:36:02',43),(171,'Veerabhadreshwara mahila SHG','',NULL,'2010-02-16 23:44:12',43),(172,'Ulavi Channabasaveshwar mahila SHG','',NULL,'2010-02-03 03:15:33',43),(173,'Triveni Mahila SHG','',NULL,'2010-02-03 02:59:59',43),(174,'Marang Buru','Wednesday','18:00:00','2010-02-04 05:43:54',89),(175,'Marang Buru','Wednesday',NULL,'2010-02-04 05:47:42',89),(177,'Kiran','',NULL,'2010-02-08 02:41:00',96),(178,'Chandini','',NULL,'2010-02-08 03:04:36',98),(179,'Jyoti','',NULL,'2010-02-08 03:14:37',97),(180,'Gulabi','',NULL,'2010-02-08 03:27:22',99),(181,'Jyoti','',NULL,'2010-02-08 03:36:58',99),(182,'Kamalbha','',NULL,'2010-02-08 04:12:10',99),(183,'Santhoshi','',NULL,'2010-02-08 04:10:37',100),(184,'Chutruburu','',NULL,'2010-02-08 18:55:01',31),(185,'Peruvakag','',NULL,'2010-02-08 19:08:00',31),(186,'Angur bandha','',NULL,'2010-02-08 19:21:44',31),(187,'Perwaghagh','',NULL,'2010-02-08 19:27:29',102),(188,'Desauli','',NULL,'2010-02-08 19:34:59',102),(189,'Karo','',NULL,'2010-02-08 19:42:10',102),(190,'Richigutu','',NULL,'2010-02-08 19:46:48',103),(191,'Sudita MM','',NULL,'2010-02-09 22:12:49',91),(192,'Suku Sangen MM','',NULL,'2010-02-09 22:18:30',91),(193,'Lonzo Desawali','',NULL,'2010-02-09 22:42:49',91),(194,'Sarswati MM','',NULL,'2010-02-10 03:56:31',91),(195,'Matkoraiyan Desawali MM','',NULL,'2010-02-09 22:33:00',91),(196,'Dushum Turtung MM','',NULL,'2010-02-09 22:38:04',91),(197,'Seya Maskal MM','',NULL,'2010-02-09 22:42:03',91),(198,'Subhalaxmi','Thursday',NULL,'2010-02-12 03:33:49',52),(199,'Ranichannamma manhila shg','',NULL,'2010-02-15 21:24:38',47),(200,'Grammadevi mahila shg','',NULL,'2010-02-15 21:45:35',44),(201,'Janotthan Shri hemaraddi Mahila SHG','',NULL,'2010-02-15 22:24:36',50),(202,'Shri Channabasaveshwar rait sangh','',NULL,'2010-02-15 23:13:26',43),(203,'Shri jagadguru Pancharaya Sangh','',NULL,'2010-02-16 00:16:27',45),(204,'Adishakti mahila SHG','',NULL,'2010-02-16 01:10:44',46),(205,'Janothhan BAIF marikamba SHG','',NULL,'2010-02-16 01:23:01',46),(206,'Daneswari sangh','',NULL,'2010-02-16 01:32:45',46),(207,'Sharavati sangh','',NULL,'2010-02-16 01:44:00',46),(208,'Gajanna sangh','',NULL,'2010-02-16 02:02:25',48),(209,'Banashankari shridevei sangh','',NULL,'2010-02-16 02:12:48',50),(210,'Annapurneshwari Mahila SHG','',NULL,'2010-02-16 02:52:07',43),(211,'Marikamba Mahila sangh','',NULL,'2010-02-16 03:30:31',46),(212,'Shri JAnottan Shri kAveri Mahila Sangh','',NULL,'2010-02-16 03:56:05',50),(213,'Bhadrakali mahila SHG','',NULL,'2010-02-16 04:01:11',46),(214,'Janotthan Shri Vanadevate MAhila Sangh','',NULL,'2010-02-16 04:11:46',50),(215,'Janotthan shri mariayamma devi mahila sangh','',NULL,'2010-02-16 05:53:37',50),(216,'Guddad baseveshwara mahila sangh','',NULL,'2010-02-16 21:07:21',43),(217,'Shambhavi Mahila sangh','',NULL,'2010-02-16 21:20:02',46),(218,'Raitemahile sangh','',NULL,'2010-02-16 21:33:03',46),(219,'Shri Ramalingeshwara totagarika SHG','',NULL,'2010-02-16 21:47:11',48),(220,'LAxmi SHG','',NULL,'2010-02-17 02:02:27',46),(221,'Janotthan Mukhambika SHG				','',NULL,'2010-02-17 02:16:31',46),(222,'public','',NULL,'2010-02-17 23:56:04',50),(223,'Shri sarawati stri shakthi sangh','',NULL,'2010-02-19 03:14:25',44),(224,'Chanbaseshwara SHG','',NULL,'2010-02-19 03:41:19',47),(225,'Chameli M M','',NULL,'2010-02-23 01:41:27',119),(226,'Kanaili M M','',NULL,'2010-02-23 01:55:27',119),(227,'Genda ba M M','',NULL,'2010-02-23 02:16:18',119),(228,'Kamal M M ','',NULL,'2010-02-23 02:25:46',119),(229,'Gudul Bah M M ','',NULL,'2010-02-23 02:35:59',120),(230,'Gulab Bah M M ','',NULL,'2010-02-23 03:41:13',120),(231,'Gudul Bah M M ','',NULL,'2010-02-23 21:33:25',120),(232,'Sarjam Bah M M ','',NULL,'2010-02-23 21:40:09',120),(233,'Sarjam Sura M M ','',NULL,'2010-02-23 22:16:05',120);
/*!40000 ALTER TABLE `PERSON_GROUPS` ENABLE KEYS */;
UNLOCK TABLES;

--
-- Table structure for table `PERSON_MEETING_ATTENDANCE`
--

DROP TABLE IF EXISTS `PERSON_MEETING_ATTENDANCE`;
SET @saved_cs_client     = @@character_set_client;
SET character_set_client = utf8;
CREATE TABLE `PERSON_MEETING_ATTENDANCE` (
  `id` int(11) NOT NULL auto_increment,
  `screening_id` int(11) NOT NULL,
  `person_id` int(11) NOT NULL,
  `expressed_interest_practice_id` int(11) default NULL,
  `EXPRESSED_INTEREST` longtext NOT NULL,
  `expressed_adoption_practice_id` int(11) default NULL,
  `EXPRESSED_ADOPTION` longtext NOT NULL,
  `expressed_question_practice_id` int(11) default NULL,
  `EXPRESSED_QUESTION` longtext NOT NULL,
  PRIMARY KEY  (`id`),
  KEY `PERSON_MEETING_ATTENDANCE_screening_id` (`screening_id`),
  KEY `PERSON_MEETING_ATTENDANCE_person_id` (`person_id`),
  KEY `PERSON_MEETING_ATTENDANCE_expressed_interest_practice_id` (`expressed_interest_practice_id`),
  KEY `PERSON_MEETING_ATTENDANCE_expressed_adoption_practice_id` (`expressed_adoption_practice_id`),
  KEY `PERSON_MEETING_ATTENDANCE_expressed_question_practice_id` (`expressed_question_practice_id`)
) ENGINE=MyISAM AUTO_INCREMENT=7715 DEFAULT CHARSET=latin1;
SET character_set_client = @saved_cs_client;

--
-- Dumping data for table `PERSON_MEETING_ATTENDANCE`
--

LOCK TABLES `PERSON_MEETING_ATTENDANCE` WRITE;
/*!40000 ALTER TABLE `PERSON_MEETING_ATTENDANCE` DISABLE KEYS */;
INSERT INTO `PERSON_MEETING_ATTENDANCE` VALUES (97,28,438,3,'Onion sowing',NULL,'Application of Jeevamrutha',3,''),(96,28,1011,3,'Pea sowing',NULL,'Application of Jeevamrutha',11,''),(28,24,109,9,'cauliflower transplantation',8,'',NULL,''),(29,24,110,9,'cauliflower transplantation',8,'',NULL,''),(30,24,106,8,'',8,'',NULL,''),(31,24,107,9,'cauliflower transplantation',8,'',NULL,''),(32,24,108,9,'cauliflower transplantation',8,'',NULL,''),(33,24,105,NULL,'',NULL,'',NULL,''),(34,24,111,NULL,'',NULL,'',NULL,''),(35,24,112,NULL,'',NULL,'',NULL,''),(36,24,113,NULL,'',NULL,'',NULL,''),(37,24,114,NULL,'',NULL,'',NULL,''),(38,24,115,NULL,'',NULL,'',NULL,''),(39,24,116,NULL,'',NULL,'',NULL,''),(40,24,117,NULL,'',NULL,'',NULL,''),(41,24,118,NULL,'',NULL,'',NULL,''),(42,24,119,9,'cauliflower transplantation',8,'',NULL,''),(43,24,120,9,'cauliflower transplantation',8,'',NULL,''),(44,24,121,NULL,'',NULL,'',NULL,''),(45,25,109,NULL,'',3,'Potato sowing',NULL,''),(46,25,110,NULL,'',3,'Potato sowing',NULL,''),(47,25,106,NULL,'',3,'Potato sowing',NULL,''),(48,25,107,NULL,'',3,'Potato sowing',NULL,''),(49,25,108,NULL,'',3,'Potato sowing',NULL,''),(50,25,105,8,'Cauliflower, cabbage nursery & transplantation',3,'Potato sowing',NULL,''),(51,25,111,8,'',3,'Potato sowing',NULL,''),(52,25,112,NULL,'',3,'Potato sowing',NULL,''),(53,25,114,NULL,'',3,'Potato sowing',NULL,''),(54,25,115,NULL,'',3,'Potato sowing',NULL,''),(55,25,116,NULL,'',3,'Potato sowing',NULL,''),(56,25,117,NULL,'',3,'Potato sowing',NULL,''),(57,25,118,NULL,'',3,'Potato sowing',NULL,''),(58,25,119,NULL,'',3,'Potato sowing',NULL,''),(59,25,120,NULL,'',3,'Potato sowing',NULL,''),(60,26,174,9,'',NULL,'',NULL,''),(61,26,175,9,'',NULL,'',NULL,''),(62,26,176,8,'cauliflower',3,'Potato sowing',NULL,''),(63,26,177,NULL,'',NULL,'',NULL,''),(64,26,178,NULL,'',3,'Potato sowing',NULL,''),(65,26,179,9,'cabbage & cauliflower',NULL,'',NULL,''),(66,26,180,9,'cabbage nursey & transplantation',NULL,'',NULL,''),(67,26,181,NULL,'',3,'Potato sowing',NULL,''),(68,26,182,NULL,'',NULL,'',NULL,''),(69,26,183,NULL,'',NULL,'',NULL,''),(70,26,184,NULL,'',NULL,'',NULL,''),(71,26,185,NULL,'',3,'Potato sowing',NULL,''),(72,26,186,NULL,'',NULL,'',NULL,''),(73,26,187,NULL,'',3,'Potato sowing',NULL,''),(74,26,188,9,'cabbage',NULL,'',NULL,''),(75,26,189,9,'cabbage',NULL,'',NULL,''),(76,26,190,9,'cauliflower nursery & transplantation',NULL,'',NULL,''),(77,26,191,9,'cabbage',NULL,'',NULL,''),(78,27,174,NULL,'',NULL,'',NULL,''),(79,27,175,NULL,'',NULL,'',NULL,''),(80,27,176,9,'ca',NULL,'',NULL,''),(81,27,177,NULL,'',NULL,'',NULL,''),(82,27,178,9,'',NULL,'',NULL,''),(83,27,179,NULL,'',NULL,'',NULL,''),(84,27,180,NULL,'',NULL,'',NULL,''),(85,27,181,NULL,'',NULL,'',NULL,''),(86,27,182,NULL,'',NULL,'',NULL,''),(87,27,183,NULL,'',NULL,'',NULL,''),(88,27,184,NULL,'',NULL,'',NULL,''),(89,27,185,NULL,'',NULL,'',NULL,''),(90,27,186,NULL,'',NULL,'',NULL,''),(91,27,187,NULL,'',NULL,'',NULL,''),(92,27,188,NULL,'',NULL,'',NULL,''),(93,27,189,NULL,'',NULL,'',NULL,''),(94,27,190,NULL,'',NULL,'',NULL,''),(95,27,191,NULL,'',NULL,'',NULL,''),(98,28,1032,3,'Potato sowing',NULL,'',NULL,''),(99,28,1030,NULL,'',NULL,'',NULL,''),(100,28,1022,NULL,'',NULL,'Application of Jeevamrutha',NULL,''),(101,28,1020,NULL,'',NULL,'',NULL,''),(102,28,1018,NULL,'',NULL,'',NULL,''),(103,28,1017,NULL,'',NULL,'',NULL,''),(104,28,1016,NULL,'',NULL,'',NULL,''),(105,28,1015,NULL,'',NULL,'',NULL,''),(106,29,1057,NULL,'Application of Jeevamrutha',NULL,'',9,'Onino Transplanting'),(107,29,1053,NULL,'',NULL,'',3,'Potato sowing'),(108,29,1052,NULL,'',NULL,'',NULL,'What are the ingredients required to prepare Jeevamrutha?'),(109,29,1049,NULL,'',NULL,'',NULL,'Duration taken for preperation of Jeevamrutha?'),(110,29,1046,NULL,'',NULL,'',NULL,'After how many days it can be used?'),(111,29,1044,NULL,'',NULL,'',NULL,''),(112,29,1041,NULL,'',NULL,'',NULL,''),(113,29,1040,NULL,'',NULL,'',NULL,''),(114,29,1039,NULL,'Application of Jeevamrutha',NULL,'',NULL,''),(115,29,1038,NULL,'',NULL,'',NULL,''),(116,29,1037,NULL,'',NULL,'',NULL,''),(117,29,1035,NULL,'',NULL,'',NULL,''),(118,29,1059,NULL,'',NULL,'',NULL,''),(119,30,931,NULL,'Amrutpani',NULL,'',NULL,'What is required for the preperation of Amrutpani?'),(120,30,1008,NULL,'',NULL,'',NULL,'In which crop amrutpani can be used?'),(121,30,1006,NULL,'',NULL,'',NULL,''),(122,30,1007,NULL,'',NULL,'',NULL,''),(123,30,1003,NULL,'',NULL,'',NULL,''),(124,30,1001,NULL,'',NULL,'',NULL,''),(125,30,994,NULL,'',NULL,'',NULL,''),(126,30,992,NULL,'',NULL,'',NULL,''),(127,30,990,NULL,'Amrutpani',NULL,'',NULL,''),(128,30,989,NULL,'Amrutpani',NULL,'',NULL,''),(129,30,1009,NULL,'',NULL,'',NULL,''),(130,30,987,NULL,'',NULL,'',NULL,''),(131,30,985,NULL,'Amrutpani',NULL,'',NULL,''),(132,31,1013,NULL,'',NULL,'',3,'Onion,Potato'),(133,31,1033,NULL,'',NULL,'',NULL,'How Arhar can be shown with machine?'),(134,31,1032,NULL,'',NULL,'',NULL,'How much area is used for Arhar cultivation in the video?'),(135,31,1030,NULL,'',NULL,'',NULL,''),(136,31,1029,NULL,'',NULL,'',NULL,''),(137,31,1027,NULL,'',NULL,'',NULL,''),(138,31,1023,NULL,'',NULL,'',NULL,''),(139,31,1022,NULL,'Line sowing of Arhar',NULL,'',NULL,''),(140,31,1020,NULL,'Line sowing of Arhar',NULL,'',NULL,''),(141,31,1019,NULL,'',NULL,'',NULL,''),(142,31,1018,NULL,'',NULL,'',NULL,''),(143,31,1016,NULL,'',NULL,'',NULL,''),(144,32,931,13,'',NULL,'',3,'Pea'),(145,32,1008,NULL,'',NULL,'',NULL,'How to apply Jeevamrutha?'),(146,32,1006,NULL,'',NULL,'',NULL,'What is the quantity of application?'),(147,32,1001,NULL,'',NULL,'',NULL,''),(148,32,994,NULL,'',NULL,'',NULL,''),(149,32,992,NULL,'',NULL,'',NULL,''),(150,32,990,13,'',NULL,'',NULL,''),(151,32,1010,NULL,'',NULL,'',NULL,''),(152,32,988,NULL,'',NULL,'',NULL,''),(153,32,989,NULL,'',NULL,'',NULL,''),(154,32,986,NULL,'',NULL,'',NULL,''),(155,32,985,13,'',NULL,'',NULL,''),(156,33,931,15,'',NULL,'',NULL,'For pea cultivation which soil is best?'),(157,33,1006,NULL,'',NULL,'',NULL,'Which variety of pea is best?'),(158,33,1007,NULL,'',NULL,'',NULL,'Plant to plant distance in pea'),(159,33,1001,NULL,'',NULL,'',NULL,''),(160,33,994,NULL,'',NULL,'',NULL,''),(161,33,993,NULL,'',NULL,'',NULL,''),(162,33,992,NULL,'',NULL,'',NULL,''),(163,33,1010,NULL,'',NULL,'',NULL,''),(164,33,989,15,'',NULL,'',NULL,''),(165,33,986,15,'',NULL,'',NULL,''),(166,33,985,15,'',NULL,'',NULL,''),(167,34,1013,NULL,'',NULL,'',15,'What ingredient is required and in what quantity for preperation of Jeevamrutha?'),(168,34,1011,13,'',NULL,'',NULL,'At one time preperation how much Amruthpani will be made?'),(169,34,1032,NULL,'',NULL,'',NULL,''),(170,34,1030,NULL,'',NULL,'',NULL,''),(171,34,1022,13,'',NULL,'',NULL,''),(172,34,1020,NULL,'',NULL,'',NULL,''),(173,34,1017,13,'',NULL,'',NULL,''),(174,34,1016,NULL,'',NULL,'',NULL,''),(175,35,1057,19,'',NULL,'',6,'Cauliflower'),(176,35,1056,NULL,'',NULL,'',NULL,'Plant to plant distance while transplanting tomato'),(177,35,1053,NULL,'',NULL,'',NULL,'After how many days fertilizer to be given'),(178,35,1042,NULL,'',NULL,'',NULL,'What fertilizer and in how much quantity need to be applied in tomato?'),(179,35,1041,19,'',NULL,'',NULL,'In rainy season can tomato cultivation be practised?'),(180,35,1040,19,'',NULL,'',NULL,''),(181,35,1039,19,'',NULL,'',NULL,''),(182,35,1038,NULL,'',NULL,'',NULL,''),(183,35,1035,NULL,'',NULL,'',NULL,''),(184,35,1059,NULL,'',NULL,'',NULL,''),(185,36,931,NULL,'',NULL,'',15,'Variety of arhar required for sowing'),(186,36,1006,18,'',NULL,'',NULL,'In videos how much area is used for Arhar cultivation'),(187,36,1007,NULL,'',NULL,'',NULL,'How much seed required for 1 acre area'),(188,36,1005,18,'',NULL,'',NULL,''),(189,36,1003,NULL,'',NULL,'',NULL,''),(190,36,1002,18,'',NULL,'',NULL,''),(191,36,1001,18,'',NULL,'',NULL,''),(192,36,1000,NULL,'',NULL,'',NULL,''),(193,36,999,NULL,'',NULL,'',NULL,''),(194,36,998,18,'',NULL,'',NULL,''),(195,36,994,NULL,'',NULL,'',NULL,''),(196,36,992,NULL,'',NULL,'',NULL,''),(197,36,1010,NULL,'',NULL,'',NULL,''),(198,36,989,NULL,'',NULL,'',NULL,''),(199,36,1009,NULL,'',NULL,'',NULL,''),(200,36,987,NULL,'',NULL,'',NULL,''),(201,37,1057,NULL,'',NULL,'',11,'Cauliflower'),(202,37,1053,NULL,'',NULL,'',NULL,'What amount of fertilizer is required for earthing up?'),(203,37,1048,NULL,'',NULL,'',NULL,'Why DAP and Potash is given?'),(204,37,1046,NULL,'',NULL,'',NULL,'Which variety of cauliflower is good?'),(205,37,1044,NULL,'',NULL,'',NULL,'After how many days of interval 1st and 2nd earthing up is done?'),(206,37,1041,NULL,'Cauliflower earthing up',NULL,'',NULL,''),(207,37,1040,NULL,'Cauliflower earthing up',NULL,'',NULL,''),(208,37,1039,NULL,'Cauliflower earthing up',NULL,'',NULL,''),(209,37,1038,NULL,'Cauliflower earthing up',NULL,'',NULL,''),(210,37,1037,NULL,'Cauliflower earthing up',NULL,'',NULL,''),(211,37,1060,NULL,'',NULL,'',NULL,''),(212,37,1061,NULL,'',NULL,'',NULL,''),(213,38,1011,NULL,'Cauliflower earthing up',NULL,'',11,'Cauliflower'),(214,38,1032,NULL,'Cauliflower earthing up',NULL,'',NULL,'After how many days earthing up is done?'),(215,38,1031,NULL,'Cauliflower earthing up',NULL,'',NULL,'Fertilizer given at the time of earthing up?'),(216,38,1030,NULL,'Cauliflower earthing up',NULL,'',NULL,''),(217,38,1028,NULL,'Cauliflower earthing up',NULL,'',NULL,''),(218,38,1025,NULL,'',NULL,'',NULL,''),(219,38,1024,NULL,'',NULL,'',NULL,''),(220,38,1023,NULL,'',NULL,'',NULL,''),(221,38,1022,NULL,'',NULL,'',NULL,''),(222,38,1019,NULL,'',NULL,'',NULL,''),(223,38,1018,NULL,'',NULL,'',NULL,''),(224,38,1017,NULL,'',NULL,'',NULL,''),(225,38,1016,NULL,'',NULL,'',NULL,''),(226,39,1008,NULL,'',NULL,'',11,'How many times earthing up to be done'),(227,39,1006,NULL,'Cauliflower earthing up',NULL,'',NULL,'What amount of fertilizer to be given in a plant'),(228,39,1003,NULL,'Cauliflower earthing up',NULL,'',NULL,'After how many days fertilizer to be given'),(229,39,1001,NULL,'Cauliflower earthing up',NULL,'',NULL,''),(230,39,999,NULL,'',NULL,'',NULL,''),(231,39,997,NULL,'Cauliflower earthing up',NULL,'',NULL,''),(232,39,994,NULL,'',NULL,'',NULL,''),(233,39,993,NULL,'',NULL,'',NULL,''),(234,39,992,NULL,'',NULL,'',NULL,''),(235,39,991,NULL,'',NULL,'',NULL,''),(236,39,990,NULL,'',NULL,'',NULL,''),(237,39,1010,NULL,'',NULL,'',NULL,''),(238,39,989,NULL,'Cauliflower earthing up',NULL,'',NULL,''),(239,39,987,NULL,'Cauliflower earthing up',NULL,'',NULL,''),(240,39,986,NULL,'Cauliflower earthing up',NULL,'',NULL,''),(241,39,985,NULL,'Cauliflower earthing up',NULL,'',NULL,''),(242,40,563,NULL,'',NULL,'',6,'Tomato fertilizer use'),(243,40,564,NULL,'',NULL,'',NULL,'Which variety of tomato plant is resistant to insect and pest'),(244,40,566,NULL,'',NULL,'',NULL,'When to transplant the tomato seedlings'),(245,40,568,NULL,'',NULL,'',NULL,'Which insecticide to be given to protect plant from insects'),(246,40,569,NULL,'',NULL,'',NULL,''),(247,40,570,NULL,'',NULL,'',NULL,''),(248,40,571,NULL,'',NULL,'',NULL,''),(249,40,576,NULL,'',NULL,'',NULL,''),(250,40,580,NULL,'',NULL,'',NULL,''),(251,40,584,NULL,'',NULL,'',NULL,''),(252,41,486,NULL,'',NULL,'',17,''),(253,41,487,NULL,'',NULL,'',6,''),(254,41,488,19,'',NULL,'',NULL,'How leaf disease can be cured?'),(255,41,489,NULL,'',NULL,'',NULL,'Which variety is good for tomato?'),(256,41,490,NULL,'',NULL,'',NULL,'Which insecticide should be applied to tomato?'),(257,41,493,19,'',NULL,'',NULL,''),(258,41,496,NULL,'',NULL,'',NULL,''),(259,41,497,NULL,'',NULL,'',NULL,''),(260,41,500,19,'',NULL,'',NULL,''),(261,41,502,19,'',NULL,'',NULL,''),(262,42,1901,NULL,'',NULL,'',17,''),(263,42,1902,NULL,'',NULL,'',19,''),(264,42,1903,NULL,'',NULL,'',6,''),(265,42,1904,NULL,'',NULL,'',NULL,'What is the maximum size of duck when it is to be purchased?'),(266,42,1905,NULL,'',NULL,'',NULL,''),(267,42,1906,NULL,'',NULL,'',NULL,''),(268,42,1907,NULL,'',NULL,'',NULL,''),(269,42,1908,NULL,'',NULL,'',NULL,''),(270,42,1909,NULL,'',NULL,'',NULL,''),(271,42,1910,NULL,'',NULL,'',NULL,''),(272,42,1911,NULL,'',NULL,'',NULL,''),(273,42,1912,NULL,'',NULL,'',NULL,''),(274,43,509,19,'',NULL,'',NULL,'What is the appropriate stage of tomato for transplanting'),(275,43,511,NULL,'',NULL,'',17,''),(276,43,512,NULL,'',NULL,'',NULL,''),(277,43,513,NULL,'',NULL,'',NULL,''),(278,43,514,NULL,'',NULL,'',NULL,''),(279,43,516,NULL,'',NULL,'',NULL,''),(280,43,517,NULL,'',NULL,'',NULL,''),(281,43,519,19,'',NULL,'',NULL,''),(282,43,520,19,'',NULL,'',NULL,''),(283,43,521,NULL,'',NULL,'',NULL,''),(284,43,522,NULL,'',NULL,'',NULL,''),(285,43,524,NULL,'',NULL,'',NULL,''),(286,43,525,NULL,'',NULL,'',NULL,''),(287,43,526,NULL,'',NULL,'',NULL,''),(288,43,527,NULL,'',NULL,'',NULL,''),(289,43,528,NULL,'',NULL,'',NULL,''),(290,44,616,15,'',NULL,'',19,''),(291,44,619,NULL,'',NULL,'',NULL,''),(292,44,1064,NULL,'',NULL,'',11,'Pea'),(293,44,1065,NULL,'',NULL,'',NULL,'Which land is suitable for pea cultivation'),(294,44,1066,NULL,'',NULL,'',NULL,'Where can we get the seed of pea?'),(295,44,1067,NULL,'',NULL,'',NULL,''),(296,44,1068,NULL,'',NULL,'',NULL,''),(297,44,1069,NULL,'',NULL,'',NULL,''),(298,44,1070,NULL,'',NULL,'',NULL,''),(299,44,1071,NULL,'',NULL,'',NULL,''),(300,44,1072,NULL,'',NULL,'',NULL,''),(301,44,1073,NULL,'',NULL,'',NULL,''),(302,44,1074,NULL,'',NULL,'',NULL,''),(303,44,1075,NULL,'',NULL,'',NULL,''),(304,44,1076,NULL,'',NULL,'',NULL,''),(305,44,1077,15,'',NULL,'',NULL,''),(306,44,1078,15,'',NULL,'',NULL,''),(307,44,1079,NULL,'',NULL,'',NULL,''),(308,44,1080,15,'',NULL,'',NULL,''),(309,44,1081,NULL,'',NULL,'',NULL,''),(310,44,1083,NULL,'',NULL,'',NULL,''),(311,44,1084,NULL,'',NULL,'',NULL,''),(312,44,1085,NULL,'',NULL,'',NULL,''),(313,45,569,15,'',NULL,'',6,'Pea'),(314,45,570,NULL,'',NULL,'',NULL,''),(315,45,584,NULL,'',NULL,'',NULL,''),(316,45,585,NULL,'',NULL,'',NULL,''),(317,45,589,NULL,'',NULL,'',NULL,''),(318,45,590,NULL,'',NULL,'',NULL,''),(319,46,531,19,'',NULL,'',17,''),(320,46,532,NULL,'',NULL,'',NULL,'Which variety is best suitable'),(321,46,534,NULL,'',NULL,'',NULL,'What is the appropraite time for transplanting'),(322,46,535,19,'',NULL,'',NULL,'Where to plant tomato so that it should be resistant to insect and pest'),(323,46,537,NULL,'',NULL,'',NULL,''),(324,46,543,NULL,'',NULL,'',NULL,''),(325,46,544,NULL,'',NULL,'',NULL,''),(326,46,546,NULL,'',NULL,'',NULL,''),(327,46,547,NULL,'',NULL,'',NULL,''),(328,46,548,NULL,'',NULL,'',NULL,''),(329,46,553,NULL,'',NULL,'',NULL,''),(330,46,554,NULL,'',NULL,'',NULL,''),(331,46,560,NULL,'',NULL,'',NULL,''),(332,46,561,NULL,'',NULL,'',NULL,''),(333,47,488,NULL,'',NULL,'',17,''),(334,47,489,NULL,'',NULL,'',11,''),(335,47,490,NULL,'',NULL,'',6,''),(336,47,492,NULL,'',NULL,'',NULL,''),(337,47,493,NULL,'',NULL,'',NULL,''),(338,47,496,NULL,'',NULL,'',NULL,''),(339,47,498,NULL,'',NULL,'',NULL,''),(340,47,500,NULL,'',NULL,'',NULL,''),(341,47,502,NULL,'',NULL,'',NULL,''),(342,47,504,NULL,'',NULL,'',NULL,''),(343,48,1901,NULL,'',NULL,'',6,'Pea'),(344,48,1902,NULL,'',NULL,'',NULL,'Which variety is best suitable for pea cultivation'),(345,48,1903,NULL,'',NULL,'',NULL,'Which month is suitable to do pea cultivation'),(346,48,1904,NULL,'',NULL,'',NULL,''),(347,48,1905,NULL,'',NULL,'',NULL,''),(348,48,1906,NULL,'',NULL,'',NULL,''),(349,48,1907,NULL,'',NULL,'',NULL,''),(350,48,1908,NULL,'',NULL,'',NULL,''),(351,48,1909,NULL,'',NULL,'',NULL,''),(352,48,1910,15,'',NULL,'',NULL,''),(353,48,1911,NULL,'',NULL,'',NULL,''),(354,48,1912,15,'',NULL,'',NULL,''),(355,49,616,NULL,'',NULL,'',17,''),(356,49,619,NULL,'',NULL,'',6,''),(357,49,1064,NULL,'',NULL,'',NULL,'Which variety is resistant to leaf disease'),(358,49,1065,19,'',NULL,'',NULL,'When to sow the plant from nursery bed'),(359,49,1067,NULL,'',NULL,'',NULL,''),(360,49,1068,NULL,'',NULL,'',NULL,''),(361,49,1069,NULL,'',NULL,'',NULL,''),(362,49,1070,NULL,'',NULL,'',NULL,''),(363,49,1071,NULL,'',NULL,'',NULL,''),(364,49,1072,NULL,'',NULL,'',NULL,''),(365,49,1073,NULL,'',NULL,'',NULL,''),(366,49,1074,NULL,'',NULL,'',NULL,''),(367,49,1075,19,'',NULL,'',NULL,''),(368,49,1076,NULL,'',NULL,'',NULL,''),(369,49,1077,19,'',NULL,'',NULL,''),(370,49,1078,NULL,'',NULL,'',NULL,''),(371,49,1079,NULL,'',NULL,'',NULL,''),(372,49,1080,19,'',NULL,'',NULL,''),(373,49,1081,NULL,'',NULL,'',NULL,''),(374,49,1083,19,'',NULL,'',NULL,''),(375,49,1084,NULL,'',NULL,'',NULL,''),(376,49,1085,19,'',NULL,'',NULL,''),(377,50,616,19,'',NULL,'',11,''),(378,50,619,NULL,'',NULL,'',NULL,'Which variety is best for tomato'),(379,50,1064,19,'',NULL,'',NULL,''),(380,50,1065,NULL,'',NULL,'',NULL,'Fertilizer use'),(381,50,1066,NULL,'',NULL,'',NULL,''),(382,50,1069,NULL,'',NULL,'',NULL,''),(383,50,1070,NULL,'',NULL,'',NULL,''),(384,50,1071,NULL,'',NULL,'',NULL,''),(385,50,1072,NULL,'',NULL,'',NULL,''),(386,50,1073,NULL,'',NULL,'',NULL,''),(387,50,1074,NULL,'',NULL,'',NULL,''),(388,50,1075,19,'',NULL,'',NULL,''),(389,50,1076,NULL,'',NULL,'',NULL,''),(390,50,1077,19,'',NULL,'',NULL,''),(391,50,1079,NULL,'',NULL,'',NULL,''),(392,50,1080,NULL,'',NULL,'',NULL,''),(393,50,1081,NULL,'',NULL,'',NULL,''),(394,50,1084,NULL,'',NULL,'',NULL,''),(395,52,1838,46,'',NULL,'',NULL,''),(396,52,1839,45,'',NULL,'',NULL,''),(397,52,1840,45,'',NULL,'',NULL,''),(398,52,1841,NULL,'',NULL,'',NULL,''),(399,52,1842,NULL,'',NULL,'',NULL,''),(400,52,1843,45,'',NULL,'',NULL,''),(401,52,1844,NULL,'',NULL,'',NULL,''),(402,52,1845,46,'',NULL,'',NULL,''),(403,52,1846,NULL,'',NULL,'',NULL,''),(404,52,1847,NULL,'',NULL,'',NULL,''),(405,52,1848,45,'',NULL,'',NULL,''),(406,52,1849,NULL,'',NULL,'',NULL,''),(407,52,1850,NULL,'',NULL,'',NULL,''),(408,52,1851,NULL,'',NULL,'',NULL,''),(409,52,1852,46,'',NULL,'',NULL,''),(410,52,1853,46,'',NULL,'',NULL,''),(411,52,1854,NULL,'',NULL,'',NULL,''),(412,54,1826,NULL,'',NULL,'',NULL,''),(413,54,1827,NULL,'',NULL,'',NULL,''),(414,54,1828,NULL,'',NULL,'',NULL,''),(415,54,1829,NULL,'',NULL,'',NULL,''),(416,54,1830,NULL,'',NULL,'',NULL,''),(417,54,1831,NULL,'',NULL,'',NULL,''),(418,54,1832,NULL,'',NULL,'',NULL,''),(419,54,1833,NULL,'',NULL,'',NULL,''),(420,54,1834,NULL,'',NULL,'',NULL,''),(421,54,1835,NULL,'',NULL,'',NULL,''),(422,54,1836,NULL,'',NULL,'',NULL,''),(423,54,1837,NULL,'',NULL,'',NULL,''),(424,53,1768,NULL,'',NULL,'Yes',NULL,''),(425,53,1769,NULL,'',NULL,'',NULL,''),(426,53,1770,NULL,'',NULL,'Yes',NULL,''),(427,53,1771,22,'',NULL,'Yes',NULL,''),(428,53,1772,22,'',NULL,'Yes',NULL,''),(429,53,1773,NULL,'',NULL,'',NULL,''),(430,53,1774,22,'',NULL,'',NULL,''),(431,53,1775,22,'',NULL,'',NULL,''),(432,53,1776,22,'',NULL,'',NULL,''),(433,53,1777,22,'',NULL,'Yes',NULL,''),(434,53,1778,22,'',NULL,'',NULL,''),(435,53,1779,NULL,'',NULL,'',NULL,''),(436,53,1780,22,'',NULL,'',NULL,''),(437,53,1781,22,'',NULL,'Yes',NULL,''),(438,55,1735,22,'',NULL,'Yes',NULL,''),(439,55,1736,22,'',NULL,'Yes',NULL,''),(440,55,1737,22,'',NULL,'Yes',NULL,''),(441,55,1738,22,'',NULL,'Yes',NULL,''),(442,55,1739,22,'',NULL,'',NULL,''),(443,55,1740,22,'',NULL,'Yes',NULL,''),(444,55,1741,22,'',NULL,'',NULL,''),(445,55,1742,22,'',NULL,'Yes',NULL,''),(446,55,1743,22,'',NULL,'Yes',NULL,''),(447,55,1744,22,'',NULL,'Yes',NULL,''),(448,55,1745,22,'',NULL,'Yes',NULL,''),(449,55,1746,22,'',NULL,'',NULL,''),(450,55,1747,NULL,'',NULL,'',NULL,''),(451,55,1748,22,'',NULL,'',NULL,''),(452,55,1749,22,'',NULL,'Yes',NULL,''),(453,55,1750,22,'',NULL,'',NULL,''),(454,55,1751,22,'',NULL,'',NULL,''),(455,55,1752,22,'',NULL,'',NULL,''),(456,56,1782,22,'',NULL,'Yes',NULL,''),(457,56,1783,22,'',NULL,'Yes',NULL,''),(458,56,1784,22,'',NULL,'',NULL,''),(459,56,1785,22,'',NULL,'',NULL,''),(460,56,1786,22,'',NULL,'',NULL,''),(461,56,1787,22,'',NULL,'',NULL,''),(462,56,1788,22,'',NULL,'Yes',NULL,''),(463,56,1789,22,'',NULL,'',NULL,''),(464,56,1790,22,'',NULL,'Yes',NULL,''),(465,56,1791,NULL,'',NULL,'',NULL,''),(466,56,1792,NULL,'',NULL,'',NULL,''),(467,56,1793,22,'',NULL,'',NULL,''),(468,57,1725,6,'',NULL,'',NULL,''),(469,57,1726,6,'',NULL,'',NULL,''),(470,57,1727,6,'',NULL,'',NULL,''),(471,57,1728,6,'',NULL,'',NULL,''),(472,57,1729,6,'',NULL,'',NULL,''),(473,57,1730,6,'',NULL,'',NULL,''),(474,57,1731,6,'',NULL,'',NULL,''),(475,57,1732,6,'',NULL,'',NULL,''),(476,57,1733,NULL,'',NULL,'',NULL,''),(477,57,1734,NULL,'',NULL,'',NULL,''),(478,58,1683,NULL,'',NULL,'',NULL,''),(479,58,1684,NULL,'',NULL,'',NULL,''),(480,58,1685,11,'',NULL,'',NULL,''),(481,58,1686,NULL,'',NULL,'',NULL,''),(482,58,1687,NULL,'',NULL,'',NULL,''),(483,58,1688,NULL,'',NULL,'',NULL,''),(484,58,1689,NULL,'',NULL,'',NULL,''),(485,58,1690,NULL,'',NULL,'',NULL,''),(486,58,1691,NULL,'',NULL,'',NULL,''),(487,58,1692,NULL,'',NULL,'',NULL,''),(488,58,1693,NULL,'',NULL,'',NULL,''),(489,58,1694,NULL,'',NULL,'',NULL,''),(490,58,1695,NULL,'',NULL,'',NULL,''),(491,60,1609,NULL,'',NULL,'',NULL,''),(492,60,1610,NULL,'',NULL,'',NULL,''),(493,60,1611,6,'',NULL,'',NULL,''),(494,60,1612,NULL,'',NULL,'',NULL,''),(495,60,1613,NULL,'',NULL,'',NULL,''),(496,60,1614,NULL,'',NULL,'',NULL,''),(497,60,1615,NULL,'',NULL,'',NULL,''),(498,60,1616,NULL,'',NULL,'',NULL,''),(499,60,1617,NULL,'',NULL,'',NULL,''),(500,60,1618,NULL,'',NULL,'',NULL,''),(501,60,1619,25,'',NULL,'',NULL,''),(502,60,1620,NULL,'',NULL,'',NULL,''),(503,60,1621,NULL,'',NULL,'',NULL,''),(504,61,1622,NULL,'',NULL,'',NULL,''),(505,61,1623,NULL,'',NULL,'',NULL,''),(506,61,1624,NULL,'',NULL,'',NULL,''),(507,61,1625,NULL,'',NULL,'',NULL,''),(508,61,1626,NULL,'',NULL,'',NULL,''),(509,61,1627,NULL,'',NULL,'',NULL,''),(510,61,1628,24,'',NULL,'',NULL,''),(511,61,1629,NULL,'',NULL,'',NULL,''),(512,61,1630,NULL,'',NULL,'',NULL,''),(513,61,1631,NULL,'',NULL,'',NULL,''),(514,61,1632,NULL,'',NULL,'',NULL,''),(515,62,1660,NULL,'',NULL,'',NULL,''),(516,62,1661,26,'',NULL,'',NULL,''),(517,62,1662,NULL,'',NULL,'',NULL,''),(518,62,1663,NULL,'',NULL,'',NULL,''),(519,62,1664,NULL,'',NULL,'',NULL,''),(520,62,1665,NULL,'',NULL,'',NULL,''),(521,62,1666,NULL,'',NULL,'',NULL,''),(522,62,1667,NULL,'',NULL,'',NULL,''),(523,62,1668,NULL,'',NULL,'',NULL,''),(524,62,1669,NULL,'',NULL,'',NULL,''),(525,62,1670,NULL,'',NULL,'',NULL,''),(526,62,1671,NULL,'',NULL,'',NULL,''),(527,64,1309,NULL,'',NULL,'',NULL,''),(528,64,1310,NULL,'',NULL,'',NULL,''),(529,64,1311,1,'',NULL,'',NULL,''),(530,64,1312,1,'',NULL,'',NULL,''),(531,64,1313,NULL,'',NULL,'',NULL,''),(532,64,1314,1,'',NULL,'',NULL,''),(533,64,1315,NULL,'',NULL,'',NULL,''),(534,64,1316,NULL,'',NULL,'',NULL,''),(535,64,1317,NULL,'',NULL,'',NULL,''),(536,64,1318,NULL,'',NULL,'',NULL,''),(537,64,1319,NULL,'',NULL,'',NULL,''),(538,64,1320,NULL,'',NULL,'',NULL,''),(539,64,1321,NULL,'',NULL,'',NULL,''),(540,64,1322,NULL,'',NULL,'',NULL,''),(541,64,1323,NULL,'',NULL,'',NULL,''),(542,64,1324,NULL,'',NULL,'',NULL,''),(543,65,1325,NULL,'',NULL,'',NULL,''),(544,65,1326,NULL,'',NULL,'',NULL,''),(545,65,1327,NULL,'',NULL,'',NULL,''),(546,65,1328,NULL,'',NULL,'',NULL,''),(547,65,1329,NULL,'',NULL,'',NULL,''),(548,65,1330,NULL,'',NULL,'',NULL,''),(549,65,1331,NULL,'',NULL,'',NULL,''),(550,65,1332,NULL,'',NULL,'',NULL,''),(551,65,1333,NULL,'',NULL,'',NULL,''),(552,65,1334,NULL,'',NULL,'',NULL,''),(553,65,1335,NULL,'',NULL,'',NULL,''),(554,65,1336,NULL,'',NULL,'',NULL,''),(555,65,1337,NULL,'',NULL,'',NULL,''),(556,66,1276,NULL,'',NULL,'',NULL,''),(557,66,1277,27,'',NULL,'',NULL,''),(558,66,1278,NULL,'',NULL,'',NULL,''),(559,66,1279,NULL,'',NULL,'',NULL,''),(560,66,1280,NULL,'',NULL,'',NULL,''),(561,66,1281,NULL,'',NULL,'',NULL,''),(562,66,1282,NULL,'',NULL,'',NULL,''),(563,66,1283,NULL,'',NULL,'',NULL,''),(564,66,1284,22,'',NULL,'',NULL,''),(565,66,1285,NULL,'',NULL,'',NULL,''),(566,66,1286,NULL,'',NULL,'',NULL,''),(567,66,1287,NULL,'',NULL,'',NULL,''),(568,66,1288,NULL,'',NULL,'',NULL,''),(569,66,1289,22,'',NULL,'',NULL,''),(570,67,1290,NULL,'',NULL,'',NULL,''),(571,67,1291,NULL,'',NULL,'',NULL,''),(572,67,1292,NULL,'',NULL,'',NULL,''),(573,67,1293,NULL,'',NULL,'',NULL,''),(574,67,1294,NULL,'',NULL,'',NULL,''),(575,67,1295,NULL,'',NULL,'',NULL,''),(576,67,1296,NULL,'',NULL,'',NULL,''),(577,67,1297,NULL,'',NULL,'',NULL,''),(578,67,1298,NULL,'',NULL,'',NULL,''),(579,67,1299,NULL,'',NULL,'',NULL,''),(580,67,1300,NULL,'',NULL,'',NULL,''),(581,67,1301,NULL,'',NULL,'',NULL,''),(582,67,1302,NULL,'',NULL,'',NULL,''),(583,67,1303,NULL,'',NULL,'',NULL,''),(584,67,1304,NULL,'',NULL,'',NULL,''),(585,67,1305,NULL,'',NULL,'',NULL,''),(586,67,1306,NULL,'',NULL,'',NULL,''),(587,67,1307,NULL,'',NULL,'',NULL,''),(588,67,1308,NULL,'',NULL,'',NULL,''),(589,68,1338,NULL,'',NULL,'',NULL,''),(590,68,1339,22,'',NULL,'',NULL,''),(591,68,1340,NULL,'',NULL,'',NULL,''),(592,68,1341,22,'',NULL,'',NULL,''),(593,68,1342,NULL,'',NULL,'',NULL,''),(594,68,1343,NULL,'',NULL,'',NULL,''),(595,68,1344,NULL,'',NULL,'',NULL,''),(596,68,1345,NULL,'',NULL,'',NULL,''),(597,68,1346,NULL,'',NULL,'',NULL,''),(598,68,1347,NULL,'',NULL,'',NULL,''),(599,68,1348,NULL,'',NULL,'',NULL,''),(600,68,1349,22,'',NULL,'',NULL,''),(601,68,1350,22,'',NULL,'',NULL,''),(602,68,1351,NULL,'',NULL,'',NULL,''),(603,68,1352,NULL,'',NULL,'',NULL,''),(604,68,1353,NULL,'',NULL,'',NULL,''),(605,69,1809,47,'',NULL,'',NULL,''),(606,69,1810,NULL,'',NULL,'',NULL,''),(607,69,1811,NULL,'',NULL,'',NULL,''),(608,69,1812,NULL,'',NULL,'',NULL,''),(609,69,1813,NULL,'',NULL,'',NULL,''),(610,69,1814,NULL,'',NULL,'',NULL,''),(611,69,1815,47,'',NULL,'',NULL,''),(612,69,1816,NULL,'',NULL,'',NULL,''),(613,69,1817,NULL,'',NULL,'',NULL,''),(614,69,1818,NULL,'',NULL,'',NULL,''),(615,69,1819,NULL,'',NULL,'',NULL,''),(616,69,1820,NULL,'',NULL,'',NULL,''),(617,69,1821,NULL,'',NULL,'',NULL,''),(618,69,1822,NULL,'',NULL,'',NULL,''),(619,69,1823,NULL,'',NULL,'',NULL,''),(620,69,1824,NULL,'',NULL,'',NULL,''),(621,69,1825,47,'',NULL,'',NULL,''),(622,70,242,NULL,'',NULL,'',NULL,''),(623,70,243,NULL,'',NULL,'',NULL,''),(624,70,244,NULL,'',NULL,'',NULL,''),(625,70,245,NULL,'',NULL,'',NULL,''),(626,70,246,NULL,'',NULL,'',NULL,''),(627,70,247,NULL,'',NULL,'',NULL,''),(628,70,248,NULL,'',NULL,'',NULL,''),(629,70,249,42,'',NULL,'',NULL,''),(630,70,250,NULL,'',NULL,'',NULL,''),(631,70,251,NULL,'',NULL,'',NULL,''),(632,70,252,NULL,'',NULL,'',NULL,''),(633,70,253,NULL,'',NULL,'',NULL,''),(634,70,254,NULL,'',NULL,'',NULL,''),(635,70,255,NULL,'',NULL,'',NULL,''),(636,70,256,NULL,'',NULL,'',NULL,''),(637,70,257,42,'',NULL,'',NULL,''),(638,70,258,NULL,'',NULL,'',NULL,''),(639,70,259,NULL,'',NULL,'',NULL,''),(640,70,260,NULL,'',NULL,'',NULL,''),(641,70,261,NULL,'',NULL,'',NULL,''),(642,70,262,NULL,'',NULL,'',NULL,''),(643,70,263,NULL,'',NULL,'',NULL,''),(644,70,264,NULL,'',NULL,'',NULL,''),(645,70,265,NULL,'',NULL,'',NULL,''),(646,70,266,NULL,'',NULL,'',NULL,''),(647,70,267,NULL,'',NULL,'',NULL,''),(648,70,268,NULL,'',NULL,'',NULL,''),(649,70,269,NULL,'',NULL,'',NULL,''),(650,70,270,NULL,'',NULL,'',NULL,''),(651,70,271,NULL,'',NULL,'',NULL,''),(652,70,272,NULL,'',NULL,'',NULL,''),(653,70,273,NULL,'',NULL,'',NULL,''),(654,70,274,NULL,'',NULL,'',NULL,''),(655,70,275,NULL,'',NULL,'',NULL,''),(656,70,276,NULL,'',NULL,'',NULL,''),(657,70,277,NULL,'',NULL,'',NULL,''),(658,70,278,NULL,'',NULL,'',NULL,''),(659,71,1794,NULL,'',NULL,'',NULL,''),(660,71,1795,NULL,'',NULL,'',NULL,''),(661,71,1796,NULL,'',NULL,'',NULL,''),(662,71,1797,NULL,'',NULL,'',NULL,''),(663,71,1798,NULL,'',NULL,'',NULL,''),(664,71,1799,NULL,'',NULL,'',NULL,''),(665,71,1800,NULL,'',NULL,'',NULL,''),(666,71,1801,NULL,'',NULL,'',NULL,''),(667,71,1802,NULL,'',NULL,'',NULL,''),(668,71,1803,NULL,'',NULL,'',NULL,''),(669,71,1804,NULL,'',NULL,'',NULL,''),(670,71,1805,NULL,'',NULL,'',NULL,''),(671,71,1806,NULL,'',NULL,'',NULL,''),(672,71,1807,NULL,'',NULL,'',NULL,''),(673,71,1808,NULL,'',NULL,'',NULL,''),(674,72,1464,NULL,'',NULL,'',NULL,''),(675,72,1465,NULL,'',NULL,'',NULL,''),(676,72,1466,NULL,'',NULL,'',NULL,''),(677,72,1467,NULL,'',NULL,'',NULL,''),(678,72,1468,11,'',NULL,'',NULL,''),(679,72,1469,NULL,'',NULL,'',NULL,''),(680,72,1470,NULL,'',NULL,'',NULL,''),(681,72,1471,NULL,'',NULL,'',NULL,''),(682,72,1472,NULL,'',NULL,'',NULL,''),(683,72,1473,NULL,'',NULL,'',NULL,''),(684,72,1474,NULL,'',NULL,'',NULL,''),(685,72,1475,NULL,'',NULL,'',NULL,''),(686,73,1464,NULL,'',NULL,'',NULL,''),(687,73,1465,NULL,'',NULL,'',NULL,''),(688,73,1466,NULL,'',NULL,'',NULL,''),(689,73,1467,NULL,'',NULL,'',NULL,''),(690,73,1468,NULL,'',NULL,'',NULL,''),(691,73,1469,NULL,'',NULL,'',NULL,''),(692,73,1470,NULL,'',NULL,'',NULL,''),(693,73,1471,NULL,'',NULL,'',NULL,''),(694,73,1472,NULL,'',NULL,'',NULL,''),(695,73,1473,NULL,'',NULL,'',NULL,''),(696,73,1474,NULL,'',NULL,'',NULL,''),(697,73,1475,NULL,'',NULL,'',NULL,''),(698,74,1464,NULL,'',NULL,'',NULL,''),(699,74,1465,NULL,'',NULL,'',NULL,''),(700,74,1466,NULL,'',NULL,'',NULL,''),(701,74,1467,NULL,'',NULL,'',NULL,''),(702,74,1468,NULL,'',NULL,'',NULL,''),(703,74,1469,NULL,'',NULL,'',NULL,''),(704,74,1470,NULL,'',NULL,'',NULL,''),(705,74,1471,NULL,'',NULL,'',NULL,''),(706,74,1472,NULL,'',NULL,'',NULL,''),(707,74,1473,NULL,'',NULL,'',NULL,''),(708,74,1474,NULL,'',NULL,'',NULL,''),(709,74,1475,NULL,'',NULL,'',NULL,''),(710,75,1423,NULL,'',NULL,'',NULL,''),(711,75,1424,NULL,'',NULL,'',NULL,''),(712,75,1425,NULL,'',NULL,'',NULL,''),(713,75,1426,NULL,'',NULL,'',NULL,''),(714,75,1427,11,'',NULL,'',NULL,''),(715,75,1428,NULL,'',NULL,'',NULL,''),(716,75,1429,NULL,'',NULL,'',NULL,''),(717,75,1430,NULL,'',NULL,'',NULL,''),(718,75,1431,11,'',NULL,'',NULL,''),(719,75,1432,NULL,'',NULL,'',NULL,''),(720,75,1433,11,'',NULL,'',NULL,''),(721,75,1434,NULL,'',NULL,'',NULL,''),(722,75,1435,NULL,'',NULL,'',NULL,''),(723,75,1436,NULL,'',NULL,'',NULL,''),(5332,394,1875,24,'',NULL,'',NULL,''),(5331,394,1874,24,'',NULL,'',NULL,''),(5330,394,1873,24,'',NULL,'',NULL,''),(5329,394,1872,24,'',NULL,'',NULL,''),(5328,394,1871,24,'',NULL,'',NULL,''),(5327,394,1870,24,'',NULL,'',NULL,''),(5326,394,1869,24,'',NULL,'',NULL,''),(736,81,1710,26,'',NULL,'',NULL,''),(737,81,1711,NULL,'',NULL,'',NULL,''),(738,81,1712,NULL,'',NULL,'',NULL,''),(739,81,1713,NULL,'',NULL,'',NULL,''),(740,81,1714,26,'',NULL,'',NULL,''),(741,81,1715,NULL,'',NULL,'',NULL,''),(742,81,1716,NULL,'',NULL,'',NULL,''),(743,81,1717,NULL,'',NULL,'',NULL,''),(744,81,1718,26,'',NULL,'',NULL,''),(745,81,1719,NULL,'',NULL,'',NULL,''),(746,81,1720,NULL,'',NULL,'',NULL,''),(747,81,1721,NULL,'',NULL,'',NULL,''),(748,81,1722,NULL,'',NULL,'',NULL,''),(749,81,1723,NULL,'',NULL,'',NULL,''),(750,81,1724,NULL,'',NULL,'',NULL,''),(751,82,1683,26,'',NULL,'',NULL,''),(752,82,1684,26,'',NULL,'',NULL,''),(753,82,1685,NULL,'',NULL,'',NULL,''),(754,82,1686,NULL,'',NULL,'',NULL,''),(755,82,1687,NULL,'',NULL,'',NULL,''),(756,82,1688,NULL,'',NULL,'',NULL,''),(757,82,1689,NULL,'',NULL,'',NULL,''),(758,82,1690,NULL,'',NULL,'',NULL,''),(759,82,1691,NULL,'',NULL,'',NULL,''),(760,82,1692,26,'',NULL,'',NULL,''),(761,82,1693,NULL,'',NULL,'',NULL,''),(762,82,1694,NULL,'',NULL,'',NULL,''),(763,82,1695,NULL,'',NULL,'',NULL,''),(764,83,1609,NULL,'',NULL,'',NULL,''),(765,83,1610,NULL,'',NULL,'',NULL,''),(766,83,1611,NULL,'',NULL,'',NULL,''),(767,83,1612,NULL,'',NULL,'',NULL,''),(768,83,1613,NULL,'',NULL,'',NULL,''),(769,83,1614,NULL,'',NULL,'',NULL,''),(770,83,1615,NULL,'',NULL,'',NULL,''),(771,83,1616,NULL,'',NULL,'',NULL,''),(772,83,1617,NULL,'',NULL,'',NULL,''),(773,83,1618,50,'',NULL,'',NULL,''),(774,83,1619,NULL,'',NULL,'',NULL,''),(775,83,1620,NULL,'',NULL,'',NULL,''),(776,83,1621,NULL,'',NULL,'',NULL,''),(777,84,1622,NULL,'',NULL,'',NULL,''),(778,84,1623,NULL,'',NULL,'',NULL,''),(779,84,1624,NULL,'',NULL,'',NULL,''),(780,84,1625,NULL,'',NULL,'',NULL,''),(781,84,1626,24,'',NULL,'',NULL,''),(782,84,1627,NULL,'',NULL,'',NULL,''),(783,84,1628,NULL,'',NULL,'',NULL,''),(784,84,1629,24,'',NULL,'',NULL,''),(785,84,1630,NULL,'',NULL,'',NULL,''),(786,84,1631,NULL,'',NULL,'',NULL,''),(787,84,1632,NULL,'',NULL,'',NULL,''),(788,85,1826,NULL,'',NULL,'',NULL,''),(789,85,1827,22,'',NULL,'',NULL,''),(790,85,1828,22,'',NULL,'',NULL,''),(791,85,1829,NULL,'',NULL,'',NULL,''),(792,85,1830,22,'',NULL,'',NULL,''),(793,85,1831,22,'',NULL,'',NULL,''),(794,85,1832,NULL,'',NULL,'',NULL,''),(795,85,1833,25,'',NULL,'',NULL,''),(796,85,1834,NULL,'',NULL,'',NULL,''),(797,85,1835,25,'',NULL,'',NULL,''),(798,85,1836,25,'',NULL,'',NULL,''),(799,85,1837,25,'',NULL,'',NULL,''),(800,87,1838,22,'',NULL,'',NULL,''),(801,87,1839,NULL,'',NULL,'',NULL,''),(802,87,1840,22,'',NULL,'',NULL,''),(803,87,1841,NULL,'',NULL,'',NULL,''),(804,87,1842,NULL,'',NULL,'',NULL,''),(805,87,1843,22,'',NULL,'',NULL,''),(806,87,1844,22,'',NULL,'',NULL,''),(807,87,1845,22,'',NULL,'',NULL,''),(808,87,1846,NULL,'',NULL,'',NULL,''),(809,87,1847,NULL,'',NULL,'',NULL,''),(810,87,1848,NULL,'',NULL,'',NULL,''),(811,87,1849,NULL,'',NULL,'',NULL,''),(812,87,1850,NULL,'',NULL,'',NULL,''),(813,87,1851,NULL,'',NULL,'',NULL,''),(814,87,1852,NULL,'',NULL,'',NULL,''),(815,87,1853,22,'',NULL,'',NULL,''),(816,87,1854,NULL,'',NULL,'',NULL,''),(817,88,1838,22,'',NULL,'',NULL,''),(818,88,1839,NULL,'',NULL,'',NULL,''),(819,88,1840,22,'',NULL,'',NULL,''),(820,88,1841,NULL,'',NULL,'',NULL,''),(821,88,1842,NULL,'',NULL,'',NULL,''),(822,88,1843,22,'',NULL,'',NULL,''),(823,88,1844,22,'',NULL,'',NULL,''),(824,88,1845,22,'',NULL,'',NULL,''),(825,88,1846,NULL,'',NULL,'',NULL,''),(826,88,1847,NULL,'',NULL,'',NULL,''),(827,88,1848,NULL,'',NULL,'',NULL,''),(828,88,1849,NULL,'',NULL,'',NULL,''),(829,88,1850,NULL,'',NULL,'',NULL,''),(830,88,1851,NULL,'',NULL,'',NULL,''),(831,88,1852,NULL,'',NULL,'',NULL,''),(832,88,1853,22,'',NULL,'',NULL,''),(833,88,1854,NULL,'',NULL,'',NULL,''),(834,90,1354,NULL,'',NULL,'',NULL,''),(835,90,1355,NULL,'',NULL,'',NULL,''),(836,90,1356,NULL,'',NULL,'',NULL,''),(837,90,1357,6,'',NULL,'',NULL,''),(838,90,1358,6,'',NULL,'',NULL,''),(839,90,1359,NULL,'',NULL,'',NULL,''),(840,90,1360,NULL,'',NULL,'',NULL,''),(841,90,1361,NULL,'',NULL,'',NULL,''),(842,90,1362,NULL,'',NULL,'',NULL,''),(843,90,1363,NULL,'',NULL,'',NULL,''),(844,90,1364,NULL,'',NULL,'',NULL,''),(845,90,1365,NULL,'',NULL,'',NULL,''),(846,91,1476,NULL,'',NULL,'',NULL,''),(847,91,1477,NULL,'',NULL,'',NULL,''),(848,91,1478,NULL,'',NULL,'',NULL,''),(849,91,1479,NULL,'',NULL,'',NULL,''),(850,91,1480,NULL,'',NULL,'',NULL,''),(851,91,1481,6,'',NULL,'',NULL,''),(852,91,1482,25,'',NULL,'',NULL,''),(853,91,1483,NULL,'',NULL,'',NULL,''),(854,91,1484,NULL,'',NULL,'',NULL,''),(855,91,1485,NULL,'',NULL,'',NULL,''),(856,91,1486,25,'',NULL,'',NULL,''),(857,91,1487,NULL,'',NULL,'',NULL,''),(858,91,1488,NULL,'',NULL,'',NULL,''),(859,91,1489,NULL,'',NULL,'',NULL,''),(860,92,1809,22,'',NULL,'',NULL,''),(861,92,1810,22,'',NULL,'',NULL,''),(862,92,1811,NULL,'',NULL,'',NULL,''),(863,92,1812,22,'',NULL,'',NULL,''),(864,92,1813,NULL,'',NULL,'',NULL,''),(865,92,1814,NULL,'',NULL,'',NULL,''),(866,92,1815,NULL,'',NULL,'',NULL,''),(867,92,1816,NULL,'',NULL,'',NULL,''),(868,92,1817,NULL,'',NULL,'',NULL,''),(869,92,1818,NULL,'',NULL,'',NULL,''),(870,92,1819,NULL,'',NULL,'',NULL,''),(871,92,1820,NULL,'',NULL,'',NULL,''),(872,92,1821,22,'',NULL,'',NULL,''),(873,92,1822,22,'',NULL,'',NULL,''),(874,92,1823,NULL,'',NULL,'',NULL,''),(875,92,1824,NULL,'',NULL,'',NULL,''),(876,92,1825,NULL,'',NULL,'',NULL,''),(877,93,1794,NULL,'',NULL,'',NULL,''),(878,93,1795,NULL,'',NULL,'',NULL,''),(879,93,1796,NULL,'',NULL,'',NULL,''),(880,93,1797,NULL,'',NULL,'',NULL,''),(881,93,1798,NULL,'',NULL,'',NULL,''),(882,93,1799,NULL,'',NULL,'',NULL,''),(883,93,1800,NULL,'',NULL,'',NULL,''),(884,93,1801,NULL,'',NULL,'',NULL,''),(885,93,1802,NULL,'',NULL,'',NULL,''),(886,93,1803,NULL,'',NULL,'',NULL,''),(887,93,1804,NULL,'',NULL,'',NULL,''),(888,93,1805,NULL,'',NULL,'',NULL,''),(889,93,1806,NULL,'',NULL,'',NULL,''),(890,93,1807,NULL,'',NULL,'',NULL,''),(891,93,1808,NULL,'',NULL,'',NULL,''),(892,94,279,NULL,'',NULL,'',NULL,''),(893,94,280,NULL,'',NULL,'',NULL,''),(894,94,281,NULL,'',NULL,'',NULL,''),(895,96,1325,NULL,'',NULL,'',NULL,''),(896,96,1326,NULL,'',NULL,'',NULL,''),(897,96,1327,NULL,'',NULL,'',NULL,''),(898,96,1328,NULL,'',NULL,'',NULL,''),(899,96,1329,NULL,'',NULL,'',NULL,''),(900,96,1330,NULL,'',NULL,'',NULL,''),(901,96,1331,NULL,'',NULL,'',NULL,''),(902,96,1332,NULL,'',NULL,'',NULL,''),(903,96,1333,NULL,'',NULL,'',NULL,''),(904,96,1334,NULL,'',NULL,'',NULL,''),(905,96,1335,NULL,'',NULL,'',NULL,''),(906,96,1336,NULL,'',NULL,'',NULL,''),(907,96,1337,NULL,'',NULL,'',NULL,''),(908,97,1660,NULL,'',NULL,'',NULL,''),(909,97,1661,NULL,'',NULL,'',NULL,''),(910,97,1662,NULL,'',NULL,'',NULL,''),(911,97,1663,6,'',NULL,'',NULL,''),(912,97,1664,NULL,'',NULL,'',NULL,''),(913,97,1665,NULL,'',NULL,'',NULL,''),(914,97,1666,NULL,'',NULL,'',NULL,''),(915,97,1667,6,'',NULL,'',NULL,''),(916,97,1668,NULL,'',NULL,'',NULL,''),(917,97,1669,NULL,'',NULL,'',NULL,''),(918,97,1670,NULL,'',NULL,'',NULL,''),(919,97,1671,NULL,'',NULL,'',NULL,''),(920,98,2119,NULL,'',NULL,'',NULL,''),(921,98,2120,NULL,'',NULL,'',NULL,''),(922,98,2121,NULL,'',NULL,'',NULL,''),(923,98,2122,NULL,'',NULL,'',NULL,''),(924,98,2123,NULL,'',NULL,'',NULL,''),(925,98,2124,NULL,'',NULL,'',NULL,''),(926,98,2125,NULL,'',NULL,'',NULL,''),(927,98,2126,NULL,'',NULL,'',NULL,''),(928,98,2127,NULL,'',NULL,'',NULL,''),(929,98,2129,NULL,'',NULL,'',NULL,''),(930,98,2130,NULL,'',NULL,'',NULL,''),(931,98,2133,NULL,'',NULL,'',NULL,''),(932,98,2134,NULL,'',NULL,'',NULL,''),(933,98,2135,NULL,'',NULL,'',NULL,''),(934,98,2137,NULL,'',NULL,'',NULL,''),(935,99,2057,NULL,'',NULL,'',NULL,''),(936,99,2058,NULL,'',NULL,'',NULL,''),(937,99,2059,NULL,'',NULL,'',NULL,''),(938,99,2060,NULL,'',NULL,'',NULL,''),(939,99,2061,NULL,'',NULL,'',NULL,''),(940,99,2062,NULL,'',NULL,'',NULL,''),(941,99,2063,NULL,'',NULL,'',NULL,''),(942,99,2064,NULL,'',NULL,'',NULL,''),(943,99,2065,NULL,'',NULL,'',NULL,''),(944,99,2066,NULL,'',NULL,'',NULL,''),(945,99,2067,NULL,'',NULL,'',NULL,''),(946,99,2068,NULL,'',NULL,'',NULL,''),(947,99,2069,NULL,'',NULL,'',NULL,''),(948,99,2070,NULL,'',NULL,'',NULL,''),(949,99,2071,NULL,'',NULL,'',NULL,''),(950,99,2072,NULL,'',NULL,'',NULL,''),(951,100,2073,NULL,'',NULL,'',NULL,''),(952,100,2074,NULL,'',NULL,'',NULL,''),(953,100,2075,NULL,'',NULL,'',NULL,''),(954,100,2076,NULL,'',NULL,'',NULL,''),(955,100,2077,NULL,'',NULL,'',NULL,''),(956,100,2078,NULL,'',NULL,'',NULL,''),(957,100,2079,NULL,'',NULL,'',NULL,''),(958,100,2080,NULL,'',NULL,'',NULL,''),(959,100,2081,NULL,'',NULL,'',NULL,''),(960,100,2082,NULL,'',NULL,'',NULL,''),(961,100,2083,NULL,'',NULL,'',NULL,''),(962,100,2084,NULL,'',NULL,'',NULL,''),(963,100,2085,NULL,'',NULL,'',NULL,''),(964,100,2086,NULL,'',NULL,'',NULL,''),(965,100,2087,NULL,'',NULL,'',NULL,''),(966,100,2088,NULL,'',NULL,'',NULL,''),(967,100,2089,NULL,'',NULL,'',NULL,''),(968,100,2090,NULL,'',NULL,'',NULL,''),(969,100,2091,NULL,'',NULL,'',NULL,''),(970,100,2092,NULL,'',NULL,'',NULL,''),(971,100,2093,NULL,'',NULL,'',NULL,''),(972,100,2094,NULL,'',NULL,'',NULL,''),(973,100,2095,NULL,'',NULL,'',NULL,''),(974,100,2096,NULL,'',NULL,'',NULL,''),(975,100,2097,NULL,'',NULL,'',NULL,''),(976,100,2098,NULL,'',NULL,'',NULL,''),(977,100,2099,NULL,'',NULL,'',NULL,''),(978,100,2100,NULL,'',NULL,'',NULL,''),(979,101,1968,NULL,'',NULL,'',NULL,''),(980,101,1969,NULL,'',NULL,'',NULL,'How many spray are required?'),(981,101,1970,NULL,'',NULL,'',NULL,''),(982,101,1971,3,'Green Peas',3,'Potato sowing',NULL,''),(983,101,1972,NULL,'',NULL,'',NULL,''),(984,101,1973,NULL,'',NULL,'',NULL,'What is the need of seed treatment in potato cultivation?'),(985,101,1974,NULL,'',NULL,'',NULL,''),(986,101,1975,NULL,'',NULL,'',NULL,'What are the main diseases in potato cultivation?'),(987,101,1976,NULL,'',NULL,'',NULL,''),(988,101,1977,NULL,'',NULL,'',NULL,''),(989,101,1978,NULL,'',NULL,'',NULL,''),(990,101,1979,NULL,'',NULL,'',NULL,''),(991,101,1980,NULL,'',NULL,'',NULL,''),(992,101,1981,NULL,'',NULL,'',NULL,''),(993,101,1982,NULL,'',NULL,'',NULL,''),(994,101,1983,NULL,'',NULL,'',NULL,''),(995,101,1984,NULL,'',NULL,'',NULL,''),(996,101,1985,NULL,'',NULL,'',NULL,''),(997,101,1986,NULL,'',NULL,'',NULL,''),(998,101,1987,NULL,'',NULL,'',NULL,''),(999,102,1934,NULL,'',NULL,'',NULL,''),(1000,102,1935,3,'Green peas sowing',NULL,'',NULL,''),(1001,102,1936,NULL,'',NULL,'',NULL,'spacing of potato cultivation?'),(1002,102,1937,NULL,'',NULL,'',NULL,''),(1003,102,1938,NULL,'',NULL,'',NULL,''),(1004,102,1939,37,'Cabbage Pest & disease management',NULL,'',NULL,''),(1005,102,1941,NULL,'',NULL,'',NULL,''),(1006,102,1943,NULL,'',NULL,'',NULL,'How many ploughings are required?'),(1007,102,1944,NULL,'',NULL,'',NULL,''),(1008,102,1945,NULL,'',NULL,'',NULL,''),(1009,102,1947,NULL,'',NULL,'',NULL,'what are the fertilizers required?'),(1010,102,1948,NULL,'',NULL,'',NULL,''),(1011,102,1949,NULL,'',NULL,'',NULL,'How many fertilizer application is required through out cultivation?'),(1012,102,1950,NULL,'',NULL,'',NULL,''),(1013,103,2040,NULL,'',NULL,'',NULL,''),(1014,103,2041,NULL,'Green peas sowing & inter cultural',NULL,'',NULL,''),(1015,103,2042,NULL,'',NULL,'',NULL,'What is the time difference between sowing & spraying of chemicals?'),(1016,103,2043,NULL,'',NULL,'',NULL,''),(1017,103,2044,NULL,'Horticulture inter cultural',NULL,'',NULL,''),(1018,103,2045,NULL,'',NULL,'',NULL,''),(1019,103,2048,NULL,'',NULL,'',NULL,''),(1020,103,2049,NULL,'',NULL,'',NULL,''),(1021,103,2050,NULL,'',NULL,'',NULL,'what are the fertilizers required at the time of sowing?'),(1022,103,2051,NULL,'',NULL,'',NULL,''),(1023,103,2052,NULL,'',NULL,'',NULL,''),(1024,103,2053,NULL,'',NULL,'',NULL,'What is the fertilizer rate for an acre?'),(1025,103,2054,NULL,'',NULL,'',NULL,''),(1026,104,1991,NULL,'Green peas sowing & spraying',NULL,'',NULL,''),(1027,104,1992,NULL,'',NULL,'',NULL,'What is the spacing in potato cultivation?'),(1028,104,1993,NULL,'',NULL,'',NULL,''),(1029,104,1994,NULL,'Mango orchard intercultural',NULL,'',NULL,''),(1030,104,1995,NULL,'',NULL,'',NULL,'What is the pesticide/fungicide rate?'),(1031,104,1997,NULL,'Cabbage Pest & disease management',NULL,'',NULL,''),(1032,104,1998,NULL,'',NULL,'',NULL,''),(1033,104,1999,NULL,'',NULL,'',NULL,''),(1034,104,2000,NULL,'',NULL,'',NULL,''),(1035,104,2001,NULL,'',NULL,'',NULL,'How many times spraying is required?'),(1036,104,2003,NULL,'',NULL,'',NULL,'What is the major disease in potato cultivation?'),(1037,104,2004,NULL,'',NULL,'',NULL,''),(1173,113,115,NULL,'',NULL,'',NULL,''),(1172,113,114,NULL,'Cauliflower & Cabbage\'s pest & Disease management',31,'Greenpeas',NULL,''),(1171,113,113,NULL,'',NULL,'',NULL,''),(1170,113,112,NULL,'',NULL,'',NULL,''),(1169,113,111,NULL,'',NULL,'',NULL,''),(1168,113,108,NULL,'Cauliflower & Cabbage\'s pest & Disease management',31,'Potato',NULL,''),(1167,113,110,NULL,'',NULL,'',NULL,''),(1048,106,174,NULL,'Green peas sowing ',NULL,'',NULL,''),(1049,106,176,NULL,'Potato Pest & Disease Management',NULL,'',NULL,''),(1050,106,177,NULL,'',NULL,'Cabbage Transplantation',NULL,''),(1051,106,178,NULL,'',NULL,'Cabbage Transplantation',NULL,''),(1052,106,179,NULL,'Green peas sowing ',NULL,'Cabbage Transplantation',NULL,''),(1053,106,180,NULL,'',NULL,'',NULL,''),(1054,106,181,NULL,'Pumpkin cultivation',NULL,'',NULL,''),(1055,106,182,NULL,'',NULL,'Cabbage Transplantation',NULL,''),(1056,106,183,NULL,'Gourd vegetables cultivation',NULL,'',NULL,''),(1057,106,184,NULL,'',NULL,'',NULL,''),(1058,106,185,NULL,'',NULL,'Cabbage Transplantation',NULL,''),(1059,106,186,NULL,'',NULL,'',NULL,''),(1060,106,187,NULL,'',NULL,'Cabbage Transplantation',NULL,''),(1061,106,188,NULL,'',NULL,'Cabbage Transplantation',NULL,''),(1062,106,189,NULL,'',NULL,'',NULL,''),(1063,106,190,NULL,'',NULL,'',NULL,''),(1064,106,191,NULL,'Bottle gourd',NULL,'',NULL,''),(1065,106,2184,NULL,'',NULL,'',NULL,''),(1066,106,2185,NULL,'',NULL,'',NULL,''),(1067,107,174,NULL,'Potato pest & Disease management',NULL,'',NULL,''),(1068,107,176,NULL,'',NULL,'',NULL,''),(1069,107,177,NULL,'',NULL,'Green peas sowing',NULL,''),(1070,107,178,NULL,'',NULL,'',NULL,''),(1071,107,179,NULL,'',NULL,'',NULL,''),(1072,107,180,NULL,'',NULL,'',NULL,''),(1073,107,181,NULL,'',NULL,'',NULL,''),(1074,107,182,NULL,'Potato pest & Disease management',NULL,'Green peas sowing',NULL,''),(1075,107,183,NULL,'',NULL,'',NULL,''),(1076,107,184,NULL,'',NULL,'Green peas sowing',NULL,''),(1077,107,185,NULL,'',NULL,'Green peas sowing',NULL,''),(1078,107,186,NULL,'',NULL,'',NULL,''),(1079,107,187,NULL,'',NULL,'',NULL,''),(1080,107,188,NULL,'',NULL,'',NULL,''),(1081,107,189,NULL,'',NULL,'',NULL,''),(1082,107,2184,NULL,'',NULL,'Green peas sowing',NULL,''),(1083,108,174,NULL,'Cauliflower\'s pest & disease management',NULL,'Potato Pest & Disease Management',NULL,''),(1084,108,176,NULL,'Sponge-gourd cultivation',NULL,'',NULL,''),(1085,108,177,NULL,'',NULL,'Potato Pest & Disease Management',NULL,''),(1086,108,178,NULL,'',NULL,'Potato Pest & Disease Management',NULL,''),(1087,108,179,NULL,'',NULL,'Potato Pest & Disease Management',NULL,''),(1088,108,180,NULL,'Pumpkin cultivation',NULL,'Potato Pest & Disease Management',NULL,''),(1089,108,181,NULL,'',NULL,'',NULL,''),(1090,108,182,NULL,'',NULL,'Potato Pest & Disease Management',NULL,''),(1091,108,183,NULL,'',NULL,'',NULL,''),(1092,108,184,NULL,'',NULL,'Potato Pest & Disease Management',NULL,''),(1093,108,185,NULL,'',NULL,'Potato Pest & Disease Management',NULL,''),(1094,108,186,NULL,'Bitter gourd cultivation',NULL,'',NULL,''),(1095,108,187,NULL,'',NULL,'Potato Pest & Disease Management',NULL,''),(1096,108,188,NULL,'',NULL,'Potato Pest & Disease Management',NULL,''),(1097,108,189,NULL,'',NULL,'',NULL,''),(1098,108,190,NULL,'',NULL,'Potato Pest & Disease Management',NULL,''),(1099,108,191,NULL,'Gourd vegetable cultivation',NULL,'',NULL,''),(1100,109,2040,NULL,'',NULL,'',NULL,''),(1101,109,2041,NULL,'Mango orchard spraying',31,'Cabbage & cauliflower ',NULL,''),(1102,109,2042,NULL,'',31,'Cabbage & cauliflower ',NULL,''),(1103,109,2043,NULL,'',NULL,'Cabbage & cauliflower ',NULL,'How many spraying are required?'),(1104,109,2044,NULL,'',NULL,'',NULL,''),(1105,109,2045,NULL,'',NULL,'',NULL,''),(1106,109,2047,NULL,'',NULL,'',NULL,''),(1107,109,2049,NULL,'',NULL,'Cabbage ',NULL,''),(1108,109,2050,NULL,'',NULL,'',NULL,''),(1109,109,2051,NULL,'',NULL,'Cabbage & cauliflower ',NULL,''),(1110,109,2052,NULL,'',NULL,'',NULL,''),(1111,109,2053,NULL,'',NULL,'',NULL,''),(1112,109,2054,NULL,'',NULL,'',NULL,''),(1113,110,1968,NULL,'',NULL,'',NULL,'How many spraying is required?'),(1114,110,1969,NULL,'Ginger Cultivation',NULL,'',NULL,''),(1115,110,1970,NULL,'',NULL,'',NULL,''),(1116,110,1971,NULL,'',NULL,'',NULL,''),(1117,110,1972,NULL,'',NULL,'',NULL,'What is the pesticide/fungicide rate?'),(1118,110,1973,NULL,'Yam cultivation',NULL,'',NULL,''),(1119,110,1974,NULL,'',NULL,'',NULL,''),(1120,110,1975,NULL,'',NULL,'',NULL,''),(1121,110,1976,NULL,'',NULL,'',NULL,'What are the other chemicals required to improve production?'),(1122,110,1977,NULL,'',NULL,'',NULL,''),(1123,110,1978,NULL,'',NULL,'',NULL,''),(1124,110,1979,NULL,'',NULL,'',NULL,''),(1125,110,1980,NULL,'',NULL,'',NULL,''),(1126,110,1981,NULL,'',NULL,'',NULL,''),(1127,110,1982,NULL,'',NULL,'',NULL,''),(1128,110,1983,NULL,'',NULL,'',NULL,''),(1129,110,1984,NULL,'',NULL,'',NULL,''),(1130,110,1985,NULL,'',NULL,'',NULL,''),(1131,110,1986,NULL,'',NULL,'',NULL,''),(1132,110,1987,NULL,'',NULL,'',NULL,''),(1192,115,2247,NULL,'',NULL,'',NULL,''),(1191,115,2246,NULL,'',NULL,'',NULL,''),(1190,115,2245,NULL,'',NULL,'',3,'Difference between line sowing and broadcasting'),(1189,115,2244,NULL,'',NULL,'',NULL,''),(1188,115,2243,NULL,'',NULL,'',NULL,''),(1187,115,2242,NULL,'',NULL,'',3,'Name of seed variety'),(1186,114,2288,NULL,'',NULL,'',NULL,''),(1185,114,2287,NULL,'',NULL,'',NULL,''),(1184,114,2286,NULL,'',NULL,'',NULL,''),(1183,114,2285,NULL,'',NULL,'',NULL,''),(1182,114,2284,NULL,'',NULL,'',NULL,''),(1181,114,2283,NULL,'',NULL,'',NULL,''),(1180,114,2282,NULL,'',NULL,'',NULL,''),(1179,114,2235,NULL,'',NULL,'',NULL,''),(1178,114,2230,NULL,'',NULL,'',NULL,''),(1177,113,121,NULL,'',NULL,'',NULL,''),(1176,113,118,NULL,'',NULL,'',NULL,''),(1175,113,117,NULL,'Gourd vegetable cultivation',NULL,'',NULL,''),(1174,113,116,NULL,'',NULL,'',NULL,''),(1193,115,2248,NULL,'',NULL,'',NULL,''),(1194,115,2249,NULL,'',NULL,'',NULL,''),(1195,115,2250,NULL,'',NULL,'',NULL,''),(1196,115,2251,NULL,'',NULL,'',NULL,''),(1197,115,2252,NULL,'',NULL,'',NULL,''),(1198,115,2253,NULL,'',NULL,'',NULL,''),(1199,115,2254,NULL,'',NULL,'',NULL,''),(1200,115,2255,NULL,'',NULL,'',NULL,''),(1201,115,2256,NULL,'',NULL,'',NULL,''),(1202,116,1206,NULL,'',NULL,'',NULL,''),(1203,116,1207,NULL,'',NULL,'',NULL,''),(1204,116,1208,NULL,'',NULL,'',NULL,''),(1205,116,1209,NULL,'',NULL,'',NULL,''),(1206,116,1211,NULL,'',NULL,'',NULL,''),(1207,116,1213,NULL,'',NULL,'',NULL,''),(1208,116,1214,NULL,'',NULL,'',NULL,''),(1209,116,1215,NULL,'',NULL,'',NULL,''),(1210,116,1216,NULL,'',NULL,'',NULL,''),(1211,116,1217,NULL,'',NULL,'',NULL,''),(1212,116,1218,NULL,'',NULL,'',NULL,''),(1213,116,1219,NULL,'',NULL,'',NULL,''),(1214,116,1220,NULL,'',NULL,'',NULL,''),(1215,116,1221,NULL,'',NULL,'',NULL,''),(1216,116,1222,NULL,'',NULL,'',NULL,''),(1217,116,1223,NULL,'',NULL,'',NULL,''),(1218,116,1224,NULL,'',NULL,'',NULL,''),(1219,116,1225,NULL,'',NULL,'',NULL,''),(1220,117,1226,NULL,'',NULL,'',NULL,''),(1221,117,1227,NULL,'',NULL,'',NULL,''),(1222,117,1228,NULL,'',NULL,'',NULL,''),(1223,117,1229,NULL,'',NULL,'',NULL,''),(1224,117,1230,NULL,'',NULL,'',NULL,''),(1225,117,1231,NULL,'',NULL,'',NULL,''),(1226,117,1232,NULL,'',NULL,'',NULL,''),(1227,117,1233,NULL,'',NULL,'',NULL,''),(1228,117,1234,NULL,'',NULL,'',NULL,''),(1229,117,1235,NULL,'',NULL,'',NULL,''),(1230,117,1188,NULL,'',NULL,'',NULL,''),(1231,117,1189,NULL,'',NULL,'',NULL,''),(1232,117,1190,NULL,'',NULL,'',NULL,''),(1233,117,1191,NULL,'',NULL,'',NULL,''),(1234,117,1192,NULL,'',NULL,'',NULL,''),(1235,117,1193,NULL,'',NULL,'',NULL,''),(1236,117,1194,NULL,'',NULL,'',NULL,''),(1237,117,1195,NULL,'',NULL,'',NULL,''),(1238,117,1196,NULL,'',NULL,'',NULL,''),(1239,117,1197,NULL,'',NULL,'',NULL,''),(1240,117,1198,NULL,'',NULL,'',NULL,''),(1241,117,1199,NULL,'',NULL,'',NULL,''),(1242,117,1200,NULL,'',NULL,'',NULL,''),(1243,117,1201,NULL,'',NULL,'',NULL,''),(1244,117,1202,NULL,'',NULL,'',NULL,''),(1245,117,1203,NULL,'',NULL,'',NULL,''),(1246,117,1204,NULL,'',NULL,'',NULL,''),(1247,117,1205,NULL,'',NULL,'',NULL,''),(1248,118,2242,NULL,'',NULL,'',NULL,''),(1249,118,2243,NULL,'',NULL,'',NULL,''),(1250,118,2244,NULL,'',NULL,'',NULL,''),(1251,118,2247,NULL,'',NULL,'',NULL,''),(1252,118,2248,NULL,'',NULL,'',NULL,''),(1253,118,2249,NULL,'',NULL,'',37,'Name of insecticide used'),(1254,118,2250,NULL,'',NULL,'',NULL,''),(1255,118,2251,NULL,'',NULL,'',NULL,''),(1256,118,2253,NULL,'',NULL,'',NULL,''),(1257,118,2254,NULL,'',NULL,'',NULL,''),(1258,118,2255,NULL,'',NULL,'',NULL,''),(1259,118,2256,NULL,'',NULL,'',NULL,''),(1260,119,2257,NULL,'',NULL,'',33,'Got to know about the measurement of ditch for compost making'),(1261,119,2258,NULL,'',NULL,'',NULL,''),(1262,119,2259,NULL,'',NULL,'',NULL,''),(1263,119,2260,NULL,'',NULL,'',33,'Asked that any grass can be used to make compost'),(1264,119,2261,NULL,'',NULL,'',NULL,''),(1265,119,2262,NULL,'',NULL,'',NULL,''),(1266,119,2263,NULL,'',NULL,'',NULL,''),(1267,119,2265,NULL,'',NULL,'',NULL,''),(1268,119,2266,NULL,'',NULL,'',NULL,''),(1269,119,2267,NULL,'',NULL,'',NULL,''),(1270,119,2268,NULL,'',NULL,'',NULL,''),(1271,120,2211,NULL,'',NULL,'',33,'asked about fertilizer to be given'),(1272,120,2212,NULL,'',NULL,'',NULL,''),(1273,120,2213,NULL,'',NULL,'',NULL,''),(1274,120,2216,NULL,'',NULL,'',NULL,''),(1275,120,2218,NULL,'',NULL,'',NULL,''),(1276,120,2223,NULL,'',NULL,'',NULL,''),(1277,120,2224,NULL,'',NULL,'',NULL,''),(1278,120,2258,NULL,'',NULL,'',NULL,''),(1279,120,2266,NULL,'',NULL,'',NULL,''),(1280,120,2291,NULL,'',NULL,'',NULL,''),(1281,121,2230,NULL,'',NULL,'',NULL,''),(1282,121,2231,NULL,'',NULL,'',NULL,''),(1283,121,2232,NULL,'',NULL,'',NULL,''),(1284,121,2233,NULL,'',NULL,'',NULL,''),(1285,121,2236,NULL,'',NULL,'',NULL,''),(1286,121,2237,NULL,'',NULL,'',NULL,''),(1287,121,2238,NULL,'',NULL,'',NULL,''),(1288,121,2239,NULL,'',NULL,'',NULL,''),(1289,121,2240,NULL,'',NULL,'',NULL,''),(1290,121,2290,NULL,'',NULL,'',NULL,''),(1291,122,2270,NULL,'',NULL,'',NULL,''),(1292,122,2271,NULL,'',NULL,'',NULL,''),(1293,122,2272,NULL,'',NULL,'',NULL,''),(1294,122,2274,NULL,'',NULL,'',NULL,''),(1295,122,2275,NULL,'',NULL,'',NULL,''),(1296,122,2276,NULL,'',NULL,'',NULL,'asked about  pesticides used'),(1297,122,2277,NULL,'',NULL,'',NULL,'why we use hand gloves '),(1298,122,2279,NULL,'',NULL,'',NULL,''),(1299,122,2280,NULL,'',NULL,'',NULL,''),(1300,122,2281,NULL,'',NULL,'',NULL,''),(1301,127,616,NULL,'',NULL,'',11,''),(1302,127,619,NULL,'',NULL,'',6,''),(1303,127,1064,19,'',NULL,'',NULL,'Which variety is best suitable for tomato cultivation?'),(1304,127,1065,NULL,'',NULL,'',NULL,''),(1305,127,1066,NULL,'',NULL,'',NULL,''),(1306,127,1069,NULL,'',NULL,'',NULL,''),(1307,127,1070,NULL,'',NULL,'',NULL,''),(1308,127,1071,NULL,'',NULL,'',NULL,''),(1309,127,1072,NULL,'',NULL,'',NULL,''),(1310,127,1073,NULL,'',NULL,'',NULL,''),(1311,127,1074,NULL,'',NULL,'',NULL,''),(1312,127,1075,19,'',NULL,'',NULL,''),(1313,127,1076,NULL,'',NULL,'',NULL,''),(1314,127,1077,19,'',NULL,'',NULL,''),(1315,127,1079,NULL,'',NULL,'',NULL,''),(1316,127,1080,NULL,'',NULL,'',NULL,''),(1317,127,1081,NULL,'',NULL,'',NULL,''),(1318,127,1084,NULL,'',NULL,'',NULL,''),(1319,128,486,NULL,'',NULL,'',37,'Tomato cultivation'),(1320,128,488,NULL,'',NULL,'',NULL,'First feeding is done after how many days'),(1321,128,489,NULL,'',NULL,'',NULL,''),(1322,128,490,NULL,'',NULL,'',NULL,''),(1323,128,492,NULL,'',NULL,'',NULL,''),(1324,128,496,NULL,'',NULL,'',NULL,''),(1325,128,498,NULL,'',NULL,'',NULL,''),(1326,128,499,NULL,'',NULL,'',NULL,''),(1327,128,500,NULL,'',NULL,'',NULL,''),(1328,128,502,NULL,'',NULL,'',NULL,''),(1329,129,531,NULL,'',NULL,'',6,'Tomato fertilizer application'),(1330,129,532,NULL,'',NULL,'',NULL,'Potato cultivation'),(1331,129,533,NULL,'',NULL,'',NULL,'What type of feed given to fish'),(1332,129,535,NULL,'',NULL,'',NULL,''),(1333,129,538,NULL,'',NULL,'',NULL,''),(1334,129,541,NULL,'',NULL,'',NULL,''),(1335,129,542,NULL,'',NULL,'',NULL,''),(1336,129,543,NULL,'',NULL,'',NULL,''),(1337,129,548,NULL,'',NULL,'',NULL,''),(1338,129,549,NULL,'',NULL,'',NULL,''),(1339,130,563,NULL,'',NULL,'',NULL,'Tomato cultivation'),(1340,130,564,NULL,'',NULL,'',NULL,'Brinjal cultivation'),(1341,130,565,NULL,'',NULL,'',NULL,''),(1342,130,567,NULL,'',NULL,'',NULL,''),(1343,130,568,NULL,'',NULL,'',NULL,''),(1344,130,569,NULL,'',NULL,'',NULL,''),(1345,130,571,NULL,'',NULL,'',NULL,''),(1346,130,572,NULL,'',NULL,'',NULL,''),(1347,130,573,NULL,'',NULL,'',NULL,''),(1348,130,574,NULL,'',NULL,'',NULL,''),(1349,130,580,NULL,'',NULL,'',NULL,''),(1350,130,583,NULL,'',NULL,'',NULL,''),(1351,130,584,NULL,'',NULL,'',NULL,''),(1352,130,588,NULL,'',NULL,'',NULL,''),(1353,130,590,NULL,'',NULL,'',NULL,''),(1354,131,616,10,'',NULL,'',10,''),(1355,131,1064,10,'',NULL,'',NULL,'How much old duck is good to purchase'),(1356,131,1065,10,'',NULL,'',NULL,''),(1357,131,1071,NULL,'',NULL,'',NULL,''),(1358,131,1072,NULL,'',NULL,'',NULL,''),(1359,131,1076,NULL,'',NULL,'',NULL,''),(1360,131,1079,NULL,'',NULL,'',NULL,''),(1361,131,1080,NULL,'',NULL,'',NULL,''),(1362,131,1081,NULL,'',NULL,'',NULL,''),(1363,131,1083,10,'',NULL,'',NULL,''),(1364,131,1085,NULL,'',NULL,'',NULL,''),(1365,132,509,NULL,'',NULL,'',NULL,'Cucumber cultivation'),(1366,132,510,NULL,'',NULL,'',NULL,'Pumpkin cultivation'),(1367,132,511,NULL,'',NULL,'',NULL,''),(1368,132,512,NULL,'',NULL,'',NULL,''),(1369,132,513,NULL,'',NULL,'',NULL,''),(1370,132,514,NULL,'',NULL,'',NULL,''),(1371,132,515,NULL,'',NULL,'',NULL,''),(1372,132,516,NULL,'',NULL,'',NULL,''),(1373,132,517,NULL,'',NULL,'',NULL,''),(1374,132,518,NULL,'',NULL,'',NULL,''),(1375,132,519,NULL,'',NULL,'',NULL,''),(1376,132,520,NULL,'',NULL,'',NULL,''),(1377,132,521,NULL,'',NULL,'',NULL,''),(1378,132,522,NULL,'',NULL,'',NULL,''),(1379,132,523,NULL,'',NULL,'',NULL,''),(1380,132,524,NULL,'',NULL,'',NULL,''),(1381,132,525,NULL,'',NULL,'',NULL,''),(1382,132,526,NULL,'',NULL,'',NULL,''),(1383,132,527,NULL,'',NULL,'',NULL,''),(1384,132,528,NULL,'',NULL,'',NULL,''),(1385,132,529,NULL,'',NULL,'',NULL,''),(1386,132,530,NULL,'',NULL,'',NULL,''),(1387,133,564,NULL,'',NULL,'',NULL,'Cauliflower cultivation'),(1388,133,565,NULL,'',NULL,'',NULL,'Potato cultivation'),(1389,133,567,NULL,'',NULL,'',NULL,''),(1390,133,568,NULL,'',NULL,'',NULL,''),(1391,133,569,NULL,'',NULL,'',NULL,''),(1392,133,572,NULL,'',NULL,'',NULL,''),(1393,133,573,NULL,'',NULL,'',NULL,''),(1394,133,574,NULL,'',NULL,'',NULL,''),(1395,133,575,NULL,'',NULL,'',NULL,''),(1396,133,577,NULL,'',NULL,'',NULL,''),(1397,133,579,NULL,'',NULL,'',NULL,''),(1398,133,584,NULL,'',NULL,'',NULL,''),(1399,133,585,NULL,'',NULL,'',NULL,''),(1400,133,587,NULL,'',NULL,'',NULL,''),(1401,134,733,15,'',NULL,'',NULL,'Chilli cultivation'),(1402,134,734,15,'',NULL,'',NULL,'Onion cultivation'),(1403,134,735,15,'',NULL,'',NULL,''),(1404,134,737,NULL,'',NULL,'',NULL,''),(1405,134,738,NULL,'',NULL,'',NULL,''),(1406,134,739,NULL,'',NULL,'',NULL,''),(1407,134,741,15,'',NULL,'',NULL,''),(1408,134,743,NULL,'',NULL,'',NULL,''),(1409,134,744,15,'',NULL,'',NULL,''),(1410,134,745,NULL,'',NULL,'',NULL,''),(1411,134,746,15,'',NULL,'',NULL,''),(1412,134,747,15,'',NULL,'',NULL,''),(1413,134,748,NULL,'',NULL,'',NULL,''),(1414,134,749,15,'',NULL,'',NULL,''),(1415,134,750,15,'',NULL,'',NULL,''),(1416,134,751,NULL,'',NULL,'',NULL,''),(1417,134,752,NULL,'',NULL,'',NULL,''),(1418,134,753,15,'',NULL,'',NULL,''),(1419,134,754,NULL,'',NULL,'',NULL,''),(1420,134,755,15,'',NULL,'',NULL,''),(1421,134,756,15,'',NULL,'',NULL,''),(1422,134,758,15,'',NULL,'',NULL,''),(1423,134,759,NULL,'',NULL,'',NULL,''),(1424,134,761,15,'',NULL,'',NULL,''),(1425,134,762,NULL,'',NULL,'',NULL,''),(1426,135,283,NULL,'',NULL,'',NULL,'Chilli cultivation'),(1427,135,284,15,'',NULL,'',NULL,'Onion cultivation'),(1428,135,292,15,'',NULL,'',NULL,'Garlic cultivation'),(1429,135,293,15,'',NULL,'',NULL,''),(1430,135,294,15,'',NULL,'',NULL,''),(1431,135,295,15,'',NULL,'',NULL,''),(1432,135,296,NULL,'',NULL,'',NULL,''),(1433,135,299,15,'',NULL,'',NULL,''),(1434,135,301,NULL,'',NULL,'',NULL,''),(1435,135,302,NULL,'',NULL,'',NULL,''),(1436,135,303,15,'',NULL,'',NULL,''),(1437,135,309,NULL,'',NULL,'',NULL,''),(1438,135,310,NULL,'',NULL,'',NULL,''),(1439,135,311,NULL,'',NULL,'',NULL,''),(1440,135,312,NULL,'',NULL,'',NULL,''),(1441,135,2292,15,'',NULL,'',NULL,''),(1442,135,2294,15,'',NULL,'',NULL,''),(1443,135,2295,15,'',NULL,'',NULL,''),(1444,135,2296,15,'',NULL,'',NULL,''),(1445,135,2298,15,'',NULL,'',NULL,''),(1446,135,2299,NULL,'',NULL,'',NULL,''),(1447,136,653,NULL,'',NULL,'',NULL,'Cucumber cultivation'),(1448,136,654,NULL,'',NULL,'',NULL,'Bitter Gourd'),(1449,136,655,NULL,'',NULL,'',NULL,'Spinach cultivation'),(1450,136,656,NULL,'',NULL,'',NULL,'Onion cultivation'),(1451,136,657,NULL,'',NULL,'',NULL,'Garlic cultivation'),(1452,136,659,NULL,'',NULL,'',NULL,'Beans cultivation'),(1453,136,660,NULL,'',NULL,'',NULL,''),(1454,136,661,NULL,'',NULL,'',NULL,''),(1455,136,663,NULL,'',NULL,'',NULL,''),(1456,136,664,NULL,'',NULL,'',NULL,''),(1457,136,665,NULL,'',NULL,'',NULL,''),(1458,136,666,NULL,'',NULL,'',NULL,''),(1459,136,667,NULL,'',NULL,'',NULL,''),(1460,136,668,NULL,'',NULL,'',NULL,''),(1461,136,669,NULL,'',NULL,'',NULL,''),(1462,136,672,NULL,'',NULL,'',NULL,''),(1463,136,673,NULL,'',NULL,'',NULL,''),(1464,136,674,NULL,'',NULL,'',NULL,''),(1465,136,675,NULL,'',NULL,'',NULL,''),(1466,136,676,NULL,'',NULL,'',NULL,''),(1467,136,677,NULL,'',NULL,'',NULL,''),(1468,137,680,NULL,'',NULL,'',17,'Quantity of fertilizer required while earthing up'),(1469,137,683,NULL,'',NULL,'',19,''),(1470,137,685,NULL,'',NULL,'',NULL,'Basal dose of fertilizer application'),(1471,137,686,NULL,'',NULL,'',NULL,''),(1472,137,687,NULL,'',NULL,'',NULL,''),(1473,137,688,NULL,'',NULL,'',NULL,''),(1474,137,689,NULL,'',NULL,'',NULL,''),(1475,137,690,NULL,'',NULL,'',NULL,''),(1476,137,691,NULL,'',NULL,'',NULL,''),(1477,137,693,NULL,'',NULL,'',NULL,''),(1478,137,695,NULL,'',NULL,'',NULL,''),(1479,137,696,NULL,'',NULL,'',NULL,''),(1480,137,698,NULL,'',NULL,'',NULL,''),(1481,137,699,NULL,'',NULL,'',NULL,''),(1482,137,704,NULL,'',NULL,'',NULL,''),(1483,138,2301,NULL,'',NULL,'',6,'Brinjal'),(1484,138,2302,NULL,'',NULL,'',NULL,''),(1485,138,2303,NULL,'',NULL,'',NULL,''),(1486,138,2304,NULL,'',NULL,'',NULL,''),(1487,138,2305,NULL,'',NULL,'',NULL,''),(1488,138,2307,NULL,'',NULL,'',NULL,''),(1489,138,2308,NULL,'',NULL,'',NULL,''),(1490,138,2310,NULL,'',NULL,'',NULL,''),(1491,139,705,10,'',NULL,'',17,''),(1492,139,706,10,'',NULL,'',NULL,'Potato cultivation'),(1493,139,708,NULL,'',NULL,'',NULL,'Pea Cultivation'),(1494,139,709,10,'',NULL,'',NULL,''),(1495,139,710,10,'',NULL,'',NULL,''),(1496,139,711,10,'',NULL,'',NULL,''),(1497,139,712,NULL,'',NULL,'',NULL,''),(1498,139,713,NULL,'',NULL,'',NULL,''),(1499,139,714,NULL,'',NULL,'',NULL,''),(1500,139,715,NULL,'',NULL,'',NULL,''),(1501,139,716,NULL,'',NULL,'',NULL,''),(1502,139,720,NULL,'',NULL,'',NULL,''),(1503,139,721,NULL,'',NULL,'',NULL,''),(1504,139,724,10,'',NULL,'',NULL,''),(1505,139,725,NULL,'',NULL,'',NULL,''),(1506,139,726,NULL,'',NULL,'',NULL,''),(1507,139,728,NULL,'',NULL,'',NULL,''),(1508,139,729,NULL,'',NULL,'',NULL,''),(1509,139,731,10,'',NULL,'',NULL,''),(1510,139,732,NULL,'',NULL,'',NULL,''),(1511,140,733,39,'',NULL,'',NULL,'Potato cultivation'),(1512,140,734,39,'',NULL,'',NULL,'Pea cultivation'),(1513,140,735,39,'',NULL,'',NULL,''),(1514,140,736,39,'',NULL,'',NULL,''),(1515,140,738,39,'',NULL,'',NULL,''),(1516,140,739,39,'',NULL,'',NULL,''),(1517,140,740,39,'',NULL,'',NULL,''),(1518,140,741,NULL,'',NULL,'',NULL,''),(1519,140,745,NULL,'',NULL,'',NULL,''),(1520,140,746,39,'',NULL,'',NULL,''),(1521,140,749,NULL,'',NULL,'',NULL,''),(1522,140,750,NULL,'',NULL,'',NULL,''),(1523,140,751,NULL,'',NULL,'',NULL,''),(1524,140,752,NULL,'',NULL,'',NULL,''),(1525,140,753,39,'',NULL,'',NULL,''),(1526,140,754,NULL,'',NULL,'',NULL,''),(1527,140,755,NULL,'',NULL,'',NULL,''),(1528,140,756,39,'',NULL,'',NULL,''),(1529,140,757,39,'',NULL,'',NULL,''),(1530,140,758,39,'',NULL,'',NULL,''),(1531,140,760,39,'',NULL,'',NULL,''),(1532,140,761,39,'',NULL,'',NULL,''),(1533,140,762,NULL,'',NULL,'',NULL,''),(1534,141,733,NULL,'',NULL,'',NULL,''),(1535,141,734,NULL,'',NULL,'',NULL,''),(1536,141,735,NULL,'',NULL,'',NULL,''),(1537,141,736,NULL,'',NULL,'',NULL,''),(1538,141,738,NULL,'',NULL,'',NULL,''),(1539,141,740,NULL,'',NULL,'',NULL,''),(1540,141,741,NULL,'',NULL,'',NULL,''),(1541,141,745,NULL,'',NULL,'',NULL,''),(1542,141,747,NULL,'',NULL,'',NULL,''),(1543,142,764,NULL,'',NULL,'',NULL,''),(1544,142,765,NULL,'',NULL,'',NULL,''),(1545,142,766,NULL,'',NULL,'',NULL,''),(1546,142,767,NULL,'',NULL,'',NULL,''),(1547,142,768,NULL,'',NULL,'',NULL,''),(1548,142,770,NULL,'',NULL,'',NULL,''),(1549,142,771,NULL,'',NULL,'',NULL,''),(1550,142,772,NULL,'',NULL,'',NULL,''),(1551,142,773,NULL,'',NULL,'',NULL,''),(1552,142,774,NULL,'',NULL,'',NULL,''),(1553,142,776,NULL,'',NULL,'',NULL,''),(1554,142,777,NULL,'',NULL,'',NULL,''),(1555,142,778,NULL,'',NULL,'',NULL,''),(1556,142,780,NULL,'',NULL,'',NULL,''),(1557,142,781,NULL,'',NULL,'',NULL,''),(1558,142,783,NULL,'',NULL,'',NULL,''),(1559,142,784,NULL,'',NULL,'',NULL,''),(1560,142,785,NULL,'',NULL,'',NULL,''),(1561,142,787,NULL,'',NULL,'',NULL,''),(1562,142,788,NULL,'',NULL,'',NULL,''),(1563,142,789,NULL,'',NULL,'',NULL,''),(1564,142,790,NULL,'',NULL,'',NULL,''),(1565,142,791,NULL,'',NULL,'',NULL,''),(1566,142,792,NULL,'',NULL,'',NULL,''),(1567,142,793,NULL,'',NULL,'',NULL,''),(1568,142,2292,NULL,'',NULL,'',NULL,''),(1569,142,2293,NULL,'',NULL,'',NULL,''),(1570,142,2294,NULL,'',NULL,'',NULL,''),(1571,142,2295,NULL,'',NULL,'',NULL,''),(1572,142,2296,NULL,'',NULL,'',NULL,''),(1573,142,2297,NULL,'',NULL,'',NULL,''),(1574,142,2298,NULL,'',NULL,'',NULL,''),(1575,142,2299,NULL,'',NULL,'',NULL,''),(1576,142,2300,NULL,'',NULL,'',NULL,''),(1577,143,764,NULL,'',NULL,'',NULL,''),(1578,143,765,NULL,'',NULL,'',NULL,''),(1579,143,766,NULL,'',NULL,'',NULL,''),(1580,143,767,NULL,'',NULL,'',NULL,''),(1581,143,768,NULL,'',NULL,'',NULL,''),(1582,143,770,NULL,'',NULL,'',NULL,''),(1583,143,771,NULL,'',NULL,'',NULL,''),(1584,143,772,NULL,'',NULL,'',NULL,''),(1585,143,773,NULL,'',NULL,'',NULL,''),(1586,143,774,NULL,'',NULL,'',NULL,''),(1587,143,776,NULL,'',NULL,'',NULL,''),(1588,143,777,NULL,'',NULL,'',NULL,''),(1589,143,778,NULL,'',NULL,'',NULL,''),(1590,143,780,NULL,'',NULL,'',NULL,''),(1591,143,781,NULL,'',NULL,'',NULL,''),(1592,143,783,NULL,'',NULL,'',NULL,''),(1593,143,784,NULL,'',NULL,'',NULL,''),(1594,143,785,NULL,'',NULL,'',NULL,''),(1595,143,787,NULL,'',NULL,'',NULL,''),(1596,143,788,NULL,'',NULL,'',NULL,''),(1597,143,789,NULL,'',NULL,'',NULL,''),(1598,143,790,NULL,'',NULL,'',NULL,''),(1599,143,791,NULL,'',NULL,'',NULL,''),(1600,143,792,NULL,'',NULL,'',NULL,''),(1601,143,793,NULL,'',NULL,'',NULL,''),(1602,143,2292,NULL,'',NULL,'',NULL,''),(1603,143,2293,NULL,'',NULL,'',NULL,''),(1604,143,2294,NULL,'',NULL,'',NULL,''),(1605,143,2295,NULL,'',NULL,'',NULL,''),(1606,143,2296,NULL,'',NULL,'',NULL,''),(1607,143,2297,NULL,'',NULL,'',NULL,''),(1608,143,2298,NULL,'',NULL,'',NULL,''),(1609,143,2299,NULL,'',NULL,'',NULL,''),(1610,143,2300,NULL,'',NULL,'',NULL,''),(1611,144,942,13,'',NULL,'',NULL,'Hen rearing'),(1612,144,940,13,'',NULL,'',NULL,''),(1613,144,938,NULL,'',NULL,'',NULL,''),(1614,144,937,NULL,'',NULL,'',NULL,''),(1615,144,936,NULL,'',NULL,'',NULL,''),(1616,145,984,NULL,'',NULL,'',NULL,'Potato cultivation'),(1617,145,972,13,'',NULL,'',NULL,''),(1618,145,965,NULL,'',NULL,'',NULL,''),(1619,145,964,NULL,'',NULL,'',NULL,''),(1620,145,959,13,'',NULL,'',NULL,''),(1621,146,794,19,'',NULL,'',11,''),(1622,146,795,NULL,'',NULL,'',NULL,''),(1623,146,797,NULL,'',NULL,'',NULL,''),(1624,146,798,NULL,'',NULL,'',NULL,''),(1625,146,800,NULL,'',NULL,'',NULL,''),(1626,146,801,19,'',NULL,'',NULL,''),(1627,146,802,NULL,'',NULL,'',NULL,''),(1628,146,803,NULL,'',NULL,'',NULL,''),(1629,146,805,19,'',NULL,'',NULL,''),(1630,146,806,NULL,'',NULL,'',NULL,''),(1631,146,807,NULL,'',NULL,'',NULL,''),(1632,146,808,19,'',NULL,'',NULL,''),(1633,146,809,NULL,'',NULL,'',NULL,''),(1634,146,810,19,'',NULL,'',NULL,''),(1635,146,814,NULL,'',NULL,'',NULL,''),(1636,146,815,NULL,'',NULL,'',NULL,''),(1637,146,816,NULL,'',NULL,'',NULL,''),(1638,147,817,NULL,'',NULL,'',NULL,'Bitter Gourd'),(1639,147,818,19,'',NULL,'',NULL,'Beans'),(1640,147,819,NULL,'',NULL,'',NULL,''),(1641,147,820,NULL,'',NULL,'',NULL,''),(1642,147,821,NULL,'',NULL,'',NULL,''),(1643,147,822,NULL,'',NULL,'',NULL,''),(1644,147,824,19,'',NULL,'',NULL,''),(1645,147,826,NULL,'',NULL,'',NULL,''),(1646,147,827,19,'',NULL,'',NULL,''),(1647,147,828,NULL,'',NULL,'',NULL,''),(1648,147,829,NULL,'',NULL,'',NULL,''),(1649,147,832,NULL,'',NULL,'',NULL,''),(1650,147,833,NULL,'',NULL,'',NULL,''),(1651,147,834,NULL,'',NULL,'',NULL,''),(1652,147,835,NULL,'',NULL,'',NULL,''),(1653,147,836,NULL,'',NULL,'',NULL,''),(1654,148,894,NULL,'',NULL,'',NULL,'Plant to plant distance while sowing tomato'),(1655,148,895,NULL,'',NULL,'',NULL,'Tomato spray'),(1656,148,896,NULL,'',NULL,'',NULL,''),(1657,148,897,NULL,'',NULL,'',NULL,''),(1658,148,898,NULL,'',NULL,'',NULL,''),(1659,148,899,NULL,'',NULL,'',NULL,''),(1660,148,900,NULL,'',NULL,'',NULL,''),(1661,148,901,NULL,'',NULL,'',NULL,''),(1662,148,903,NULL,'',NULL,'',NULL,''),(1663,148,904,NULL,'',NULL,'',NULL,''),(1664,148,906,NULL,'',NULL,'',NULL,''),(1665,148,909,NULL,'',NULL,'',NULL,''),(1666,149,795,NULL,'',NULL,'',NULL,''),(1667,149,797,NULL,'',NULL,'',NULL,''),(1668,149,798,NULL,'',NULL,'',NULL,''),(1669,149,803,NULL,'',NULL,'',NULL,''),(1670,149,804,NULL,'',NULL,'',NULL,''),(1671,149,805,NULL,'',NULL,'',NULL,''),(1672,149,806,NULL,'',NULL,'',NULL,''),(1673,149,808,NULL,'',NULL,'',NULL,''),(1674,149,809,NULL,'',NULL,'',NULL,''),(1675,149,811,NULL,'',NULL,'',NULL,''),(1676,149,814,NULL,'',NULL,'',NULL,''),(1677,149,815,NULL,'',NULL,'',NULL,''),(1678,152,1366,26,'',NULL,'',NULL,''),(1679,152,1367,26,'',NULL,'',NULL,''),(1680,152,1368,26,'',NULL,'',NULL,''),(1681,152,1369,26,'',NULL,'',NULL,''),(1682,152,1370,26,'',NULL,'',NULL,''),(1683,152,1371,26,'',NULL,'',NULL,''),(1684,152,1372,26,'',NULL,'',NULL,''),(1685,152,1373,26,'',NULL,'',NULL,''),(1686,152,1374,26,'',NULL,'',NULL,''),(1687,152,1375,26,'',NULL,'',NULL,''),(1688,152,1376,26,'',NULL,'',NULL,''),(1689,152,1377,26,'',NULL,'',NULL,''),(1690,153,1354,6,'',NULL,'',NULL,''),(1691,153,1355,6,'',NULL,'',NULL,''),(1692,153,1356,6,'',NULL,'',NULL,''),(1693,153,1357,6,'',NULL,'',NULL,''),(1694,153,1358,6,'',NULL,'',NULL,''),(1695,153,1359,6,'',NULL,'',NULL,''),(1696,153,1360,6,'',NULL,'',NULL,''),(1697,153,1361,6,'',NULL,'',NULL,''),(1698,153,1362,6,'',NULL,'',NULL,''),(1699,153,1363,6,'',NULL,'',NULL,''),(1700,153,1364,6,'',NULL,'',NULL,''),(1701,153,1365,6,'',NULL,'',NULL,''),(1702,154,1354,6,'',NULL,'',NULL,''),(1703,154,1355,6,'',NULL,'',NULL,''),(1704,154,1356,6,'',NULL,'',NULL,''),(1705,154,1357,6,'',NULL,'',NULL,''),(1706,154,1358,6,'',NULL,'',NULL,''),(1707,154,1359,6,'',NULL,'',NULL,''),(1708,154,1360,6,'',NULL,'',NULL,''),(1709,154,1361,6,'',NULL,'',NULL,''),(1710,154,1362,6,'',NULL,'',NULL,''),(1711,154,1363,6,'',NULL,'',NULL,''),(1712,154,1364,6,'',NULL,'',NULL,''),(1713,154,1365,6,'',NULL,'',NULL,''),(1714,155,1378,26,'',NULL,'',NULL,''),(1715,155,1379,26,'',NULL,'',NULL,''),(1716,155,1380,26,'',NULL,'',NULL,''),(1717,155,1381,26,'',NULL,'',NULL,''),(1718,155,1382,26,'',NULL,'',NULL,''),(1719,155,1383,26,'',NULL,'',NULL,''),(1720,155,1384,26,'',NULL,'',NULL,''),(1721,155,1385,26,'',NULL,'',NULL,''),(1722,155,1386,26,'',NULL,'',NULL,''),(1723,155,1387,26,'',NULL,'',NULL,''),(1724,155,1388,26,'',NULL,'',NULL,''),(1725,155,1389,26,'',NULL,'',NULL,''),(1726,155,1390,26,'',NULL,'',NULL,''),(1727,155,1391,26,'',NULL,'',NULL,''),(1728,155,1392,26,'',NULL,'',NULL,''),(1729,155,1393,26,'',NULL,'',NULL,''),(1730,155,1394,26,'',NULL,'',NULL,''),(1731,156,1591,NULL,'',NULL,'',NULL,''),(1732,156,1592,29,'',NULL,'',NULL,''),(1733,156,1593,NULL,'',NULL,'',NULL,''),(1734,156,1594,NULL,'',NULL,'',NULL,''),(1735,156,1595,NULL,'',NULL,'',NULL,''),(1736,156,1596,29,'',NULL,'',NULL,''),(1737,156,1597,29,'',NULL,'',NULL,''),(1738,156,1598,NULL,'',NULL,'',NULL,''),(1739,156,1599,29,'',NULL,'',NULL,''),(1740,156,1600,NULL,'',NULL,'',NULL,''),(1741,156,1601,NULL,'',NULL,'',NULL,''),(1742,156,1602,NULL,'',NULL,'',NULL,''),(1743,156,1603,NULL,'',NULL,'',NULL,''),(1744,156,1604,29,'',NULL,'',NULL,''),(1745,156,1605,29,'',NULL,'',NULL,''),(1746,156,1606,29,'',NULL,'',NULL,''),(1747,156,1607,NULL,'',NULL,'',NULL,''),(1748,156,1608,29,'',NULL,'',NULL,''),(1749,157,2312,29,'',NULL,'',NULL,''),(1750,157,2313,NULL,'',NULL,'',NULL,''),(1751,157,2314,29,'',NULL,'',NULL,''),(1752,157,2315,29,'',NULL,'',NULL,''),(1753,157,2316,29,'',NULL,'',NULL,''),(1754,157,2317,NULL,'',NULL,'',NULL,''),(1755,157,2318,NULL,'',NULL,'',NULL,''),(1756,157,2319,NULL,'',NULL,'',NULL,''),(1757,157,2320,NULL,'',NULL,'',NULL,''),(1758,157,2321,29,'',NULL,'',NULL,''),(1759,157,2322,29,'',NULL,'',NULL,''),(1760,157,2323,NULL,'',NULL,'',NULL,''),(1761,157,2324,29,'',NULL,'',NULL,''),(1762,157,2325,NULL,'',NULL,'',NULL,''),(1763,157,2326,NULL,'',NULL,'',NULL,''),(1764,157,2327,29,'',NULL,'',NULL,''),(1772,158,1564,29,'',NULL,'',NULL,''),(1771,158,1563,NULL,'',NULL,'',NULL,''),(1769,157,2332,NULL,'',NULL,'',NULL,''),(1770,157,2333,29,'',NULL,'',NULL,''),(1773,158,1565,NULL,'',NULL,'',NULL,''),(1774,158,1566,29,'',NULL,'',NULL,''),(1775,158,1567,NULL,'',NULL,'',NULL,''),(1776,158,1568,29,'',NULL,'',NULL,''),(1777,158,1569,29,'',NULL,'',NULL,''),(1778,158,1570,NULL,'',NULL,'',NULL,''),(1779,158,1571,NULL,'',NULL,'',NULL,''),(1780,158,1572,NULL,'',NULL,'',NULL,''),(1781,158,1573,NULL,'',NULL,'',NULL,''),(1782,158,1574,NULL,'',NULL,'',NULL,''),(1783,158,1575,NULL,'',NULL,'',NULL,''),(1784,159,1735,6,'',NULL,'',NULL,''),(1785,159,1736,6,'',NULL,'',NULL,''),(1786,159,1737,6,'',NULL,'',NULL,''),(1787,159,1738,6,'',NULL,'',NULL,''),(1788,159,1739,6,'',NULL,'',NULL,''),(1789,159,1740,6,'',NULL,'',NULL,''),(1790,159,1741,6,'',NULL,'',NULL,''),(1791,159,1742,6,'',NULL,'',NULL,''),(1792,159,1743,6,'',NULL,'',NULL,''),(1793,159,1744,6,'',NULL,'',NULL,''),(1794,159,1745,6,'',NULL,'',NULL,''),(1795,159,1746,6,'',NULL,'',NULL,''),(1796,159,1747,6,'',NULL,'',NULL,''),(1797,159,1748,NULL,'',NULL,'',NULL,''),(1798,159,1749,NULL,'',NULL,'',NULL,''),(1799,159,1750,6,'',NULL,'',NULL,''),(1800,159,1751,6,'',NULL,'',NULL,''),(1801,159,1752,6,'',NULL,'',NULL,''),(4200,319,1609,NULL,'',NULL,'',NULL,''),(1802,160,2334,6,'',NULL,'',NULL,''),(1803,160,2335,6,'',NULL,'',NULL,''),(1804,160,2336,6,'',NULL,'',NULL,''),(1805,160,2337,6,'',NULL,'',NULL,''),(1806,160,2338,6,'',NULL,'',NULL,''),(1807,160,2339,6,'',NULL,'',NULL,''),(1808,160,2340,NULL,'',NULL,'',NULL,''),(1809,160,2341,6,'',NULL,'',NULL,''),(1810,160,2342,6,'',NULL,'',NULL,''),(1811,160,2343,6,'',NULL,'',NULL,''),(1812,160,2344,NULL,'',NULL,'',NULL,''),(1813,160,2345,NULL,'',NULL,'',NULL,''),(1814,160,2346,6,'',NULL,'',NULL,''),(1815,161,1725,23,'',NULL,'',NULL,''),(1816,161,1726,23,'',NULL,'',NULL,''),(1817,161,1727,NULL,'YesYes',NULL,'',NULL,''),(1818,161,1728,23,'',NULL,'',NULL,''),(1819,161,1729,23,'',NULL,'',NULL,''),(1820,161,1730,23,'',NULL,'',NULL,''),(1821,161,1731,23,'',NULL,'',NULL,''),(1822,161,1732,23,'',NULL,'',NULL,''),(1823,161,1733,NULL,'',NULL,'',NULL,''),(1824,161,1734,23,'',NULL,'',NULL,''),(1825,162,1768,23,'',NULL,'',NULL,''),(1826,162,1769,23,'',NULL,'',NULL,''),(1827,162,1770,23,'',NULL,'',NULL,''),(1828,162,1771,23,'',NULL,'',NULL,''),(1829,162,1772,23,'',NULL,'',NULL,''),(1830,162,1773,NULL,'',NULL,'',NULL,''),(1831,162,1774,23,'',NULL,'',NULL,''),(1832,162,1775,23,'',NULL,'',NULL,''),(1833,162,1776,23,'',NULL,'',NULL,''),(1834,162,1777,23,'',NULL,'',NULL,''),(1835,162,1778,23,'',NULL,'',NULL,''),(1836,162,1779,NULL,'',NULL,'',NULL,''),(1837,162,1780,23,'',NULL,'',NULL,''),(1838,162,1781,23,'',NULL,'',NULL,''),(1839,163,1809,6,'',NULL,'',NULL,''),(1840,163,1810,NULL,'',NULL,'',NULL,''),(1841,163,1811,NULL,'',NULL,'',NULL,''),(1842,163,1812,6,'',NULL,'',NULL,''),(1843,163,1813,NULL,'',NULL,'',NULL,''),(1844,163,1814,NULL,'',NULL,'',NULL,''),(1845,163,1815,NULL,'',NULL,'',NULL,''),(1846,163,1816,NULL,'',NULL,'',NULL,''),(1847,163,1817,NULL,'',NULL,'',NULL,''),(1848,163,1818,NULL,'',NULL,'',NULL,''),(1849,163,1819,NULL,'',NULL,'',NULL,''),(1850,163,1820,NULL,'',NULL,'',NULL,''),(1851,163,1821,NULL,'',NULL,'',NULL,''),(1852,163,1822,NULL,'',NULL,'',NULL,''),(1853,163,1823,NULL,'',NULL,'',NULL,''),(1854,163,1824,NULL,'',NULL,'',NULL,''),(1855,163,1825,NULL,'',NULL,'',NULL,''),(1856,164,2347,NULL,'',NULL,'',NULL,''),(1857,164,2348,NULL,'',NULL,'',NULL,''),(1858,164,2349,NULL,'',NULL,'',NULL,''),(1859,164,2350,NULL,'',NULL,'',NULL,''),(1860,164,2351,NULL,'',NULL,'',NULL,''),(1861,164,2352,NULL,'',NULL,'',NULL,''),(1862,164,2353,NULL,'',NULL,'',NULL,''),(1863,164,2354,NULL,'',NULL,'',NULL,''),(1864,164,2355,NULL,'',NULL,'',NULL,''),(1865,164,2356,NULL,'',NULL,'',NULL,''),(1866,164,2357,NULL,'',NULL,'',NULL,''),(1867,164,2358,NULL,'',NULL,'',NULL,''),(1868,164,2359,NULL,'',NULL,'',NULL,''),(1869,164,2360,6,'',NULL,'',NULL,''),(1870,164,2361,NULL,'',NULL,'',NULL,''),(1871,164,2362,NULL,'',NULL,'',NULL,''),(1872,164,2363,6,'',NULL,'',NULL,''),(1873,164,2364,NULL,'',NULL,'',NULL,''),(1874,165,242,6,'',NULL,'',NULL,''),(1875,165,243,NULL,'',NULL,'',NULL,''),(1876,165,244,NULL,'',NULL,'',NULL,''),(1877,165,245,NULL,'',NULL,'',NULL,''),(1878,165,246,NULL,'',NULL,'',NULL,''),(1879,165,247,NULL,'',NULL,'',NULL,''),(1880,165,248,NULL,'',NULL,'',NULL,''),(1881,165,249,NULL,'',NULL,'',NULL,''),(1882,165,250,NULL,'',NULL,'',NULL,''),(1883,165,251,NULL,'',NULL,'',NULL,''),(1884,165,252,NULL,'',NULL,'',NULL,''),(1885,165,253,NULL,'',NULL,'',NULL,''),(1886,165,254,NULL,'',NULL,'',NULL,''),(1887,165,255,NULL,'',NULL,'',NULL,''),(1888,165,256,NULL,'',NULL,'',NULL,''),(1889,165,257,NULL,'',NULL,'',NULL,''),(1890,165,258,NULL,'',NULL,'',NULL,''),(1891,165,259,NULL,'',NULL,'',NULL,''),(1892,165,260,NULL,'',NULL,'',NULL,''),(1893,165,261,NULL,'',NULL,'',NULL,''),(1894,165,262,NULL,'',NULL,'',NULL,''),(1895,165,263,NULL,'',NULL,'',NULL,''),(1896,165,264,NULL,'',NULL,'',NULL,''),(1897,165,265,NULL,'',NULL,'',NULL,''),(1898,165,266,NULL,'',NULL,'',NULL,''),(1899,165,267,NULL,'',NULL,'',NULL,''),(1900,165,268,NULL,'',NULL,'',NULL,''),(1901,165,269,NULL,'',NULL,'',NULL,''),(1902,165,270,NULL,'',NULL,'',NULL,''),(1903,165,271,NULL,'',NULL,'',NULL,''),(1904,165,272,NULL,'',NULL,'',NULL,''),(1905,165,273,NULL,'',NULL,'',NULL,''),(1906,165,274,NULL,'',NULL,'',NULL,''),(1907,165,275,6,'',NULL,'',NULL,''),(1908,165,276,NULL,'',NULL,'',NULL,''),(1909,165,277,NULL,'',NULL,'',NULL,''),(1910,165,278,NULL,'',NULL,'',NULL,''),(1911,166,211,6,'',NULL,'',NULL,''),(1912,166,212,6,'',NULL,'',NULL,''),(1913,166,213,6,'',NULL,'',NULL,''),(1914,166,214,NULL,'',NULL,'',NULL,''),(1915,166,215,NULL,'',NULL,'',NULL,''),(1916,166,216,NULL,'',NULL,'',NULL,''),(1917,166,217,NULL,'',NULL,'',NULL,''),(1918,166,218,NULL,'',NULL,'',NULL,''),(1919,166,219,NULL,'',NULL,'',NULL,''),(1920,166,220,NULL,'',NULL,'',NULL,''),(1921,166,221,NULL,'',NULL,'',NULL,''),(1922,166,222,NULL,'',NULL,'',NULL,''),(1923,166,223,NULL,'',NULL,'',NULL,''),(1924,166,224,NULL,'',NULL,'',NULL,''),(1925,166,225,NULL,'',NULL,'',NULL,''),(1926,166,226,NULL,'',NULL,'',NULL,''),(1927,166,227,NULL,'',NULL,'',NULL,''),(1928,166,228,NULL,'',NULL,'',NULL,''),(1929,166,229,NULL,'',NULL,'',NULL,''),(1930,166,230,NULL,'',NULL,'',NULL,''),(1931,166,231,NULL,'',NULL,'',NULL,''),(1932,166,232,NULL,'',NULL,'',NULL,''),(1933,166,233,NULL,'',NULL,'',NULL,''),(1934,166,234,6,'',NULL,'',NULL,''),(1935,166,235,NULL,'',NULL,'',NULL,''),(1936,166,236,NULL,'',NULL,'',NULL,''),(1937,166,237,NULL,'',NULL,'',NULL,''),(1938,166,238,NULL,'',NULL,'',NULL,''),(1939,166,239,NULL,'',NULL,'',NULL,''),(1940,166,240,NULL,'',NULL,'',NULL,''),(1941,166,241,6,'',NULL,'',NULL,''),(1942,167,1855,26,'',NULL,'',NULL,''),(1943,167,1856,NULL,'',NULL,'',NULL,''),(1944,167,1857,NULL,'',NULL,'',NULL,''),(1945,167,1858,26,'',NULL,'',NULL,''),(1946,167,1859,NULL,'',NULL,'',NULL,''),(1947,167,1860,26,'',NULL,'',NULL,''),(1948,167,1861,NULL,'',NULL,'',NULL,''),(1949,167,1862,NULL,'',NULL,'',NULL,''),(1950,167,1863,NULL,'',NULL,'',NULL,''),(1951,167,1864,NULL,'',NULL,'',NULL,''),(1952,167,1865,NULL,'',NULL,'',NULL,''),(1953,167,1866,NULL,'',NULL,'',NULL,''),(1954,167,1867,NULL,'',NULL,'',NULL,''),(1955,167,1868,NULL,'',NULL,'',NULL,''),(1956,167,2365,26,'',NULL,'',NULL,''),(1957,167,2366,26,'',NULL,'',NULL,''),(1958,168,2367,NULL,'',NULL,'',NULL,''),(1959,168,2368,NULL,'',NULL,'',NULL,''),(1960,168,2369,NULL,'',NULL,'',NULL,''),(1961,168,2370,NULL,'',NULL,'',NULL,''),(1962,168,2371,NULL,'',NULL,'',NULL,''),(1963,168,2372,NULL,'',NULL,'',NULL,''),(1964,168,2373,29,'',NULL,'',NULL,''),(1965,168,2374,NULL,'',NULL,'',NULL,''),(1966,168,2375,NULL,'',NULL,'',NULL,''),(1967,168,2376,NULL,'',NULL,'',NULL,''),(1968,168,2377,NULL,'',NULL,'',NULL,''),(1969,168,2378,NULL,'',NULL,'',NULL,''),(1970,168,2379,29,'',NULL,'',NULL,''),(1971,168,2380,NULL,'',NULL,'',NULL,''),(1972,168,2381,NULL,'',NULL,'',NULL,''),(1973,168,2382,NULL,'',NULL,'',NULL,''),(1974,168,2383,NULL,'',NULL,'',NULL,''),(1975,168,2384,NULL,'',NULL,'',NULL,''),(1976,168,2385,NULL,'',NULL,'',NULL,''),(1977,169,2386,6,'',NULL,'',NULL,''),(1978,169,2387,6,'',NULL,'',NULL,''),(1979,169,2388,6,'',NULL,'',NULL,''),(1980,169,2389,6,'',NULL,'',NULL,''),(1981,169,2390,6,'',NULL,'',NULL,''),(1982,169,2391,6,'',NULL,'',NULL,''),(1983,169,2392,6,'',NULL,'',NULL,''),(1984,169,2393,NULL,'',NULL,'',NULL,''),(1985,169,2394,NULL,'',NULL,'',NULL,''),(1986,169,2395,6,'',NULL,'',NULL,''),(1987,169,2396,6,'',NULL,'',NULL,''),(1988,169,2397,6,'',NULL,'',NULL,''),(1989,169,2398,6,'',NULL,'',NULL,''),(1990,169,2399,6,'',NULL,'',NULL,''),(1991,169,2400,6,'',NULL,'',NULL,''),(1992,169,2401,6,'',NULL,'',NULL,''),(1993,169,2386,6,'',NULL,'',NULL,''),(1994,170,1633,NULL,'',NULL,'',NULL,''),(1995,170,1634,NULL,'',NULL,'',NULL,''),(1996,170,1635,NULL,'',NULL,'',NULL,''),(1997,170,1636,NULL,'',NULL,'',NULL,''),(1998,170,1637,NULL,'',NULL,'',NULL,''),(1999,170,1638,NULL,'',NULL,'',NULL,''),(2000,170,1639,NULL,'',NULL,'',NULL,''),(2001,170,1640,NULL,'',NULL,'',NULL,''),(2002,170,1641,NULL,'',NULL,'',NULL,''),(2003,170,1642,NULL,'',NULL,'',NULL,''),(2004,170,1643,NULL,'',NULL,'',NULL,''),(2005,170,1644,NULL,'',NULL,'',NULL,''),(2006,170,1645,NULL,'',NULL,'',NULL,''),(2007,170,1646,NULL,'',NULL,'',NULL,''),(2008,170,2402,29,'',NULL,'',NULL,''),(2009,170,2403,29,'',NULL,'',NULL,''),(2010,170,2404,29,'',NULL,'',NULL,''),(2011,170,2405,29,'',NULL,'',NULL,''),(2012,171,1660,29,'',NULL,'',NULL,''),(2013,171,1661,NULL,'',NULL,'',NULL,''),(2014,171,1662,NULL,'',NULL,'',NULL,''),(2015,171,1663,NULL,'',NULL,'',NULL,''),(2016,171,1664,29,'',NULL,'',NULL,''),(2017,171,1665,NULL,'',NULL,'',NULL,''),(2018,171,1666,NULL,'',NULL,'',NULL,''),(2019,171,1667,NULL,'',NULL,'',NULL,''),(2020,171,1668,NULL,'',NULL,'',NULL,''),(2021,171,1669,29,'',NULL,'',NULL,''),(2022,171,1670,NULL,'',NULL,'',NULL,''),(2023,171,1671,29,'',NULL,'',NULL,''),(2024,172,1683,29,'',NULL,'',NULL,''),(2025,172,1684,NULL,'',NULL,'',NULL,''),(2026,172,1685,29,'',NULL,'',NULL,''),(2027,172,1686,NULL,'',NULL,'',NULL,''),(2028,172,1687,NULL,'',NULL,'',NULL,''),(2029,172,1688,NULL,'',NULL,'',NULL,''),(2030,172,1689,29,'',NULL,'',NULL,''),(2031,172,1690,NULL,'',NULL,'',NULL,''),(2032,172,1691,NULL,'',NULL,'',NULL,''),(2033,172,1692,NULL,'',NULL,'',NULL,''),(2034,172,1693,NULL,'',NULL,'',NULL,''),(2035,172,1694,NULL,'',NULL,'',NULL,''),(2036,172,1695,NULL,'',NULL,'',NULL,''),(2037,172,2407,29,'',NULL,'',NULL,''),(2038,172,2406,29,'',NULL,'',NULL,''),(2039,173,1672,NULL,'',NULL,'',NULL,''),(2040,173,1673,NULL,'',NULL,'',NULL,''),(2041,173,1674,NULL,'',NULL,'',NULL,''),(2042,173,1675,NULL,'',NULL,'',NULL,''),(2043,173,1676,NULL,'',NULL,'',NULL,''),(2044,173,1677,29,'',NULL,'',NULL,''),(2045,173,1678,NULL,'',NULL,'',NULL,''),(2046,173,1679,29,'',NULL,'',NULL,''),(2047,173,1680,29,'',NULL,'',NULL,''),(2048,173,1681,NULL,'',NULL,'',NULL,''),(2049,173,1682,NULL,'',NULL,'',NULL,''),(2050,173,2408,29,'',NULL,'',NULL,''),(2051,174,1696,NULL,'',NULL,'',NULL,''),(2052,174,1697,NULL,'',NULL,'',NULL,''),(2053,174,1698,29,'',NULL,'',NULL,''),(2054,174,1699,29,'',NULL,'',NULL,''),(2055,174,1700,NULL,'',NULL,'',NULL,''),(2056,174,1701,NULL,'',NULL,'',NULL,''),(2057,174,1702,29,'',NULL,'',NULL,''),(2058,174,1703,NULL,'',NULL,'',NULL,''),(2059,174,1704,NULL,'',NULL,'',NULL,''),(2060,174,1705,NULL,'',NULL,'',NULL,''),(2061,174,1706,NULL,'',NULL,'',NULL,''),(2062,174,1707,29,'',NULL,'',NULL,''),(2063,174,1708,29,'',NULL,'',NULL,''),(2064,174,1709,29,'',NULL,'',NULL,''),(2065,175,1710,NULL,'',NULL,'',NULL,''),(2066,175,1711,NULL,'',NULL,'',NULL,''),(2067,175,1712,NULL,'',NULL,'',NULL,''),(2068,175,1713,NULL,'',NULL,'',NULL,''),(2069,175,1714,NULL,'',NULL,'',NULL,''),(2070,175,1715,NULL,'',NULL,'',NULL,''),(2071,175,1716,NULL,'',NULL,'',NULL,''),(2072,175,1717,NULL,'',NULL,'',NULL,''),(2073,175,1718,NULL,'',NULL,'',NULL,''),(2074,175,1719,NULL,'',NULL,'',NULL,''),(2075,175,1720,NULL,'',NULL,'',NULL,''),(2076,175,1721,NULL,'',NULL,'',NULL,''),(2077,175,1722,NULL,'',NULL,'',NULL,''),(2078,175,1723,NULL,'',NULL,'',NULL,''),(2079,175,1724,NULL,'',NULL,'',NULL,''),(2080,175,2409,29,'',NULL,'',NULL,''),(2081,175,2410,29,'',NULL,'',NULL,''),(2082,175,2411,29,'',NULL,'',NULL,''),(2083,175,2412,29,'',NULL,'',NULL,''),(2084,175,2413,29,'',NULL,'',NULL,''),(2085,176,2414,26,'',NULL,'',NULL,''),(2086,176,2415,26,'',NULL,'',NULL,''),(2087,176,2416,NULL,'',NULL,'',NULL,''),(2088,176,2417,NULL,'',NULL,'',NULL,''),(2089,176,2418,NULL,'',NULL,'',NULL,''),(2090,176,2419,26,'',NULL,'',NULL,''),(2091,176,2420,26,'',NULL,'',NULL,''),(2092,176,2421,NULL,'',NULL,'',NULL,''),(2093,176,2422,NULL,'',NULL,'',NULL,''),(2094,176,2423,26,'',NULL,'',NULL,''),(2095,176,2424,26,'',NULL,'',NULL,''),(2096,176,2425,26,'',NULL,'',NULL,''),(2097,176,2426,NULL,'',NULL,'',NULL,''),(2098,176,2427,NULL,'',NULL,'',NULL,''),(2099,177,1325,28,'',NULL,'',NULL,''),(2100,177,1326,NULL,'',NULL,'',NULL,''),(2101,177,1327,28,'',NULL,'',NULL,''),(2102,177,1328,28,'',NULL,'',NULL,''),(2103,177,1329,28,'',NULL,'',NULL,''),(2104,177,1330,28,'',NULL,'',NULL,''),(2105,177,1331,28,'',NULL,'',NULL,''),(2106,177,1332,28,'',NULL,'',NULL,''),(2107,177,1333,NULL,'',NULL,'',NULL,''),(2108,177,1334,NULL,'',NULL,'',NULL,''),(2109,177,1335,NULL,'',NULL,'',NULL,''),(2110,177,1336,NULL,'',NULL,'',NULL,''),(2111,177,1337,NULL,'',NULL,'',NULL,''),(2112,179,1338,NULL,'',NULL,'',NULL,''),(2113,179,1339,NULL,'',NULL,'',NULL,''),(2114,179,1340,NULL,'',NULL,'',NULL,''),(2115,179,1341,21,'',NULL,'',NULL,''),(2116,179,1342,NULL,'',NULL,'',NULL,''),(2117,179,1343,21,'',NULL,'',NULL,''),(2118,179,1344,21,'',NULL,'',NULL,''),(2119,179,1345,NULL,'',NULL,'',NULL,''),(2120,179,1346,NULL,'',NULL,'',NULL,''),(2121,179,1347,NULL,'',NULL,'',NULL,''),(2122,179,1348,NULL,'',NULL,'',NULL,''),(2123,179,1349,21,'',NULL,'',NULL,''),(2124,179,1350,21,'',NULL,'',NULL,''),(2125,179,1351,21,'',NULL,'',NULL,''),(2126,179,1352,NULL,'',NULL,'',NULL,''),(2127,179,1353,NULL,'',NULL,'',NULL,''),(2128,179,258,21,'',NULL,'',NULL,''),(2129,179,252,21,'',NULL,'',NULL,''),(2130,179,2428,21,'',NULL,'',NULL,''),(2131,180,1309,NULL,'',NULL,'',NULL,''),(2132,180,1310,NULL,'',NULL,'',NULL,''),(2133,180,1311,NULL,'',NULL,'',NULL,''),(2134,180,1312,NULL,'',NULL,'',NULL,''),(2135,180,1313,NULL,'',NULL,'',NULL,''),(2136,180,1314,NULL,'',NULL,'',NULL,''),(2137,180,1315,NULL,'',NULL,'',NULL,''),(2138,180,1316,NULL,'',NULL,'',NULL,''),(2139,180,1317,NULL,'',NULL,'',NULL,''),(2140,180,1318,NULL,'',NULL,'',NULL,''),(2141,180,1319,28,'',NULL,'',NULL,''),(2142,180,1320,28,'',NULL,'',NULL,''),(2143,180,1321,NULL,'',NULL,'',NULL,''),(2144,180,1322,NULL,'',NULL,'',NULL,''),(2145,180,1323,NULL,'',NULL,'',NULL,''),(2146,180,1324,NULL,'',NULL,'',NULL,''),(2147,181,1548,NULL,'',NULL,'',NULL,''),(2148,181,1549,NULL,'',NULL,'',NULL,''),(2149,181,1550,NULL,'',NULL,'',NULL,''),(2150,181,1551,NULL,'',NULL,'',NULL,''),(2151,181,1552,NULL,'',NULL,'',NULL,''),(2152,181,1553,NULL,'',NULL,'',NULL,''),(2153,181,1554,NULL,'',NULL,'',NULL,''),(2154,181,1555,NULL,'',NULL,'',NULL,''),(2155,181,1556,NULL,'',NULL,'',NULL,''),(2156,181,1557,NULL,'',NULL,'',NULL,''),(2157,181,1558,NULL,'',NULL,'',NULL,''),(2158,181,1559,NULL,'',NULL,'',NULL,''),(2159,181,1560,NULL,'',NULL,'',NULL,''),(2160,181,1561,NULL,'',NULL,'',NULL,''),(2161,181,1562,NULL,'',NULL,'',NULL,''),(2162,182,1338,26,'',NULL,'',NULL,''),(2163,182,1339,26,'',NULL,'',NULL,''),(2164,182,1340,26,'',NULL,'',NULL,''),(2165,182,1341,26,'',NULL,'',NULL,''),(2166,182,1342,26,'',NULL,'',NULL,''),(2167,182,1343,26,'',NULL,'',NULL,''),(2168,182,1344,26,'',NULL,'',NULL,''),(2169,182,1345,26,'',NULL,'',NULL,''),(2170,182,1346,26,'',NULL,'',NULL,''),(2171,182,1347,26,'',NULL,'',NULL,''),(2172,182,1348,26,'',NULL,'',NULL,''),(2173,182,1349,26,'',NULL,'',NULL,''),(2174,182,1350,26,'',NULL,'',NULL,''),(2175,182,1351,26,'',NULL,'',NULL,''),(2176,182,1352,26,'',NULL,'',NULL,''),(2177,182,1353,26,'',NULL,'',NULL,''),(2178,183,1548,6,'',NULL,'',NULL,''),(2179,183,1549,6,'',NULL,'',NULL,''),(2180,183,1550,NULL,'',NULL,'',NULL,''),(2181,183,1551,6,'',NULL,'',NULL,''),(2182,183,1552,NULL,'',NULL,'',NULL,''),(2183,183,1553,NULL,'',NULL,'',NULL,''),(2184,183,1554,NULL,'',NULL,'',NULL,''),(2185,183,1555,NULL,'',NULL,'',NULL,''),(2186,183,1556,NULL,'',NULL,'',NULL,''),(2187,183,1557,NULL,'',NULL,'',NULL,''),(2188,183,1558,NULL,'',NULL,'',NULL,''),(2189,183,1559,NULL,'',NULL,'',NULL,''),(2190,183,1560,NULL,'',NULL,'',NULL,''),(2191,183,1561,NULL,'',NULL,'',NULL,''),(2192,183,1562,NULL,'',NULL,'',NULL,''),(2193,184,1276,26,'',NULL,'',NULL,''),(2194,184,1277,26,'',NULL,'',NULL,''),(2195,184,1278,26,'',NULL,'',NULL,''),(2196,184,1279,NULL,'',NULL,'',NULL,''),(2197,184,1280,NULL,'',NULL,'',NULL,''),(2198,184,1281,NULL,'',NULL,'',NULL,''),(2199,184,1282,26,'',NULL,'',NULL,''),(2200,184,1283,26,'',NULL,'',NULL,''),(2201,184,1284,26,'',NULL,'',NULL,''),(2202,184,1285,26,'',NULL,'',NULL,''),(2203,184,1286,26,'',NULL,'',NULL,''),(2204,184,1287,26,'',NULL,'',NULL,''),(2205,184,1288,26,'',NULL,'',NULL,''),(2206,184,1289,26,'',NULL,'',NULL,''),(2207,185,1622,29,'',NULL,'',NULL,''),(2208,185,1623,NULL,'',NULL,'',NULL,''),(2209,185,1624,NULL,'',NULL,'',NULL,''),(2210,185,1625,NULL,'',NULL,'',NULL,''),(2211,185,1626,NULL,'',NULL,'',NULL,''),(2212,185,1627,NULL,'',NULL,'',NULL,''),(2213,185,1628,29,'',NULL,'',NULL,''),(2214,185,1629,29,'',NULL,'',NULL,''),(2215,185,1630,NULL,'',NULL,'',NULL,''),(2216,185,1631,NULL,'',NULL,'',NULL,''),(2217,185,1632,29,'',NULL,'',NULL,''),(2218,186,1325,NULL,'',NULL,'',NULL,''),(2219,186,1326,NULL,'',NULL,'',NULL,''),(2220,186,1327,NULL,'',NULL,'',NULL,''),(2221,186,1328,NULL,'',NULL,'',NULL,''),(2222,186,1329,NULL,'',NULL,'',NULL,''),(2223,186,1330,NULL,'',NULL,'',NULL,''),(2224,186,1331,NULL,'',NULL,'',NULL,''),(2225,186,1332,NULL,'',NULL,'',NULL,''),(2226,186,1333,NULL,'',NULL,'',NULL,''),(2227,186,1334,NULL,'',NULL,'',NULL,''),(2228,186,1335,NULL,'',NULL,'',NULL,''),(2229,186,1336,NULL,'',NULL,'',NULL,''),(2230,186,1337,NULL,'',NULL,'',NULL,''),(2231,187,1672,NULL,'',NULL,'',NULL,''),(2232,187,1673,NULL,'',NULL,'',NULL,''),(2233,187,1674,NULL,'',NULL,'',NULL,''),(2234,187,1675,NULL,'',NULL,'',NULL,''),(2235,187,1676,NULL,'',NULL,'',NULL,''),(2236,187,1677,NULL,'',NULL,'',NULL,''),(2237,187,1678,NULL,'',NULL,'',NULL,''),(2238,187,1679,NULL,'',NULL,'',NULL,''),(2239,187,1680,NULL,'',NULL,'',NULL,''),(2240,187,1681,NULL,'',NULL,'',NULL,''),(2241,187,1682,NULL,'',NULL,'',NULL,''),(2242,188,1309,NULL,'',NULL,'',NULL,''),(2243,188,1310,NULL,'',NULL,'',NULL,''),(2244,188,1311,NULL,'',NULL,'',NULL,''),(2245,188,1312,NULL,'',NULL,'',NULL,''),(2246,188,1313,NULL,'',NULL,'',NULL,''),(2247,188,1314,NULL,'',NULL,'',NULL,''),(2248,188,1315,NULL,'',NULL,'',NULL,''),(2249,188,1316,NULL,'',NULL,'',NULL,''),(2250,188,1317,NULL,'',NULL,'',NULL,''),(2251,188,1318,NULL,'',NULL,'',NULL,''),(2252,188,1319,NULL,'',NULL,'',NULL,''),(2253,188,1320,NULL,'',NULL,'',NULL,''),(2254,188,1321,NULL,'',NULL,'',NULL,''),(2255,188,1322,NULL,'',NULL,'',NULL,''),(2256,188,1323,NULL,'',NULL,'',NULL,''),(2257,188,1324,NULL,'',NULL,'',NULL,''),(2258,189,1633,NULL,'',NULL,'',NULL,''),(2259,189,1634,NULL,'',NULL,'',NULL,''),(2260,189,1635,NULL,'',NULL,'',NULL,''),(2261,189,1636,NULL,'',NULL,'',NULL,''),(2262,189,1637,NULL,'',NULL,'',NULL,''),(2263,189,1638,NULL,'',NULL,'',NULL,''),(2264,189,1639,NULL,'',NULL,'',NULL,''),(2265,189,1640,NULL,'',NULL,'',NULL,''),(2266,189,1641,NULL,'',NULL,'',NULL,''),(2267,189,1642,NULL,'',NULL,'',NULL,''),(2268,189,1643,NULL,'',NULL,'',NULL,''),(2269,189,1644,NULL,'',NULL,'',NULL,''),(2270,189,1645,NULL,'',NULL,'',NULL,''),(2271,189,1646,NULL,'',NULL,'',NULL,''),(2272,189,257,29,'',NULL,'',NULL,''),(2273,189,1362,29,'',NULL,'',NULL,''),(2274,190,2429,26,'',NULL,'',NULL,''),(2275,190,2430,26,'',NULL,'',NULL,''),(2276,190,2431,NULL,'',NULL,'',NULL,''),(2277,190,2432,26,'',NULL,'',NULL,''),(2278,190,2433,26,'',NULL,'',NULL,''),(2279,190,2434,NULL,'',NULL,'',NULL,''),(2280,190,2435,NULL,'Yes\r\n',NULL,'',NULL,''),(2281,190,2436,26,'',NULL,'',NULL,''),(2282,190,2437,26,'',NULL,'',NULL,''),(2283,190,2438,26,'',NULL,'',NULL,''),(2284,191,1725,29,'',NULL,'',NULL,''),(2285,191,1726,29,'',NULL,'',NULL,''),(2286,191,1727,29,'',NULL,'',NULL,''),(2287,191,1728,29,'',NULL,'',NULL,''),(2288,191,1729,29,'',NULL,'',NULL,''),(2289,191,1730,NULL,'',NULL,'',NULL,''),(2290,191,1731,29,'',NULL,'',NULL,''),(2291,191,1732,29,'',NULL,'',NULL,''),(2292,191,1733,29,'',NULL,'',NULL,''),(2293,191,1734,29,'',NULL,'',NULL,''),(2294,192,1768,29,'',NULL,'',NULL,''),(2295,192,1769,29,'',NULL,'',NULL,''),(2296,192,1770,NULL,'',NULL,'',NULL,''),(2297,192,1771,29,'',NULL,'',NULL,''),(2298,192,1772,29,'',NULL,'',NULL,''),(2299,192,1773,29,'',NULL,'',NULL,''),(2300,192,1774,29,'',NULL,'',NULL,''),(2301,192,1775,29,'',NULL,'',NULL,''),(2302,192,1776,29,'',NULL,'',NULL,''),(2303,192,1777,29,'',NULL,'',NULL,''),(2304,192,1778,29,'',NULL,'',NULL,''),(2305,192,1779,29,'',NULL,'',NULL,''),(2306,192,1780,NULL,'',NULL,'',NULL,''),(2307,192,1781,29,'',NULL,'',NULL,''),(2308,193,2439,6,'',NULL,'',NULL,''),(2309,193,2440,6,'',NULL,'',NULL,''),(2310,193,2441,6,'',NULL,'',NULL,''),(2311,193,2442,6,'',NULL,'',NULL,''),(2312,193,2443,NULL,'',NULL,'',NULL,''),(2313,193,2444,NULL,'',NULL,'',NULL,''),(2314,193,2445,6,'',NULL,'',NULL,''),(2315,193,2446,6,'',NULL,'',NULL,''),(2316,193,2447,6,'',NULL,'',NULL,''),(2317,193,2448,NULL,'',NULL,'',NULL,''),(2318,193,2449,NULL,'',NULL,'',NULL,''),(2319,194,1782,23,'',NULL,'',NULL,''),(2320,194,1783,23,'',NULL,'',NULL,''),(2321,194,1784,23,'',NULL,'',NULL,''),(2322,194,1785,23,'',NULL,'',NULL,''),(2323,194,1786,23,'',NULL,'',NULL,''),(2324,194,1787,23,'',NULL,'',NULL,''),(2325,194,1788,23,'',NULL,'',NULL,''),(2326,194,1789,23,'',NULL,'',NULL,''),(2327,194,1790,23,'',NULL,'',NULL,''),(2328,194,1791,23,'',NULL,'',NULL,''),(2329,194,1792,23,'',NULL,'',NULL,''),(2330,194,1793,23,'',NULL,'',NULL,''),(2331,195,2450,6,'',NULL,'',NULL,''),(2332,195,2451,6,'',NULL,'',NULL,''),(2333,195,2452,6,'',NULL,'',NULL,''),(2334,195,2453,6,'',NULL,'',NULL,''),(2335,195,2454,6,'',NULL,'',NULL,''),(2336,195,2455,6,'',NULL,'',NULL,''),(2337,195,2456,6,'',NULL,'',NULL,''),(2338,195,2457,NULL,'',NULL,'',NULL,''),(2339,195,2458,NULL,'',NULL,'',NULL,''),(2340,195,2459,6,'',NULL,'',NULL,''),(2341,195,2460,NULL,'',NULL,'',NULL,''),(2342,196,242,NULL,'',NULL,'',NULL,''),(2343,196,243,NULL,'',NULL,'',NULL,''),(2344,196,244,NULL,'',NULL,'',NULL,''),(2345,196,245,NULL,'',NULL,'',NULL,''),(2346,196,246,NULL,'',NULL,'',NULL,''),(2347,196,247,3,'',NULL,'',NULL,''),(2348,196,248,NULL,'',NULL,'',NULL,''),(2349,196,249,3,'',NULL,'',NULL,''),(2350,196,250,NULL,'',NULL,'',NULL,''),(2351,196,251,NULL,'',NULL,'',NULL,''),(2352,196,252,NULL,'',NULL,'',NULL,''),(2353,196,253,NULL,'',NULL,'',NULL,''),(2354,196,254,NULL,'',NULL,'',NULL,''),(2355,196,255,NULL,'',NULL,'',NULL,''),(2356,196,256,NULL,'',NULL,'',NULL,''),(2357,196,257,NULL,'',NULL,'',NULL,''),(2358,196,258,NULL,'',NULL,'',NULL,''),(2359,196,259,NULL,'',NULL,'',NULL,''),(2360,196,260,NULL,'',NULL,'',NULL,''),(2361,196,261,NULL,'',NULL,'',NULL,''),(2362,196,262,NULL,'',NULL,'',NULL,''),(2363,196,263,NULL,'',NULL,'',NULL,''),(2364,196,264,NULL,'',NULL,'',NULL,''),(2365,196,265,NULL,'',NULL,'',NULL,''),(2366,196,266,NULL,'',NULL,'',NULL,''),(2367,196,267,NULL,'',NULL,'',NULL,''),(2368,196,268,NULL,'',NULL,'',NULL,''),(2369,196,269,NULL,'',NULL,'',NULL,''),(2370,196,270,NULL,'',NULL,'',NULL,''),(2371,196,271,NULL,'',NULL,'',NULL,''),(2372,196,272,3,'',NULL,'',NULL,''),(2373,196,273,NULL,'',NULL,'',NULL,''),(2374,196,274,NULL,'',NULL,'',NULL,''),(2375,196,275,NULL,'',NULL,'',NULL,''),(2376,196,276,3,'',NULL,'',NULL,''),(2377,196,277,NULL,'',NULL,'',NULL,''),(2378,196,278,NULL,'',NULL,'',NULL,''),(2379,197,2461,6,'',NULL,'',NULL,''),(2380,197,2462,6,'',NULL,'',NULL,''),(2381,197,2463,NULL,'',NULL,'',NULL,''),(2382,197,2464,NULL,'',NULL,'',NULL,''),(2383,197,2465,6,'',NULL,'',NULL,''),(2384,197,2466,6,'',NULL,'',NULL,''),(2385,197,2467,NULL,'',NULL,'',NULL,''),(2386,197,2468,6,'',NULL,'',NULL,''),(2387,197,2469,NULL,'',NULL,'',NULL,''),(2388,197,2470,6,'',NULL,'',NULL,''),(2389,197,2471,6,'',NULL,'',NULL,''),(2390,197,2472,6,'',NULL,'',NULL,''),(2391,198,211,NULL,'',NULL,'',NULL,''),(2392,198,212,NULL,'',NULL,'',NULL,''),(2393,198,213,NULL,'',NULL,'',NULL,''),(2394,198,214,NULL,'',NULL,'',NULL,''),(2395,198,215,NULL,'',NULL,'',NULL,''),(2396,198,216,NULL,'',NULL,'',NULL,''),(2397,198,217,NULL,'',NULL,'',NULL,''),(2398,198,218,NULL,'',NULL,'',NULL,''),(2399,198,219,NULL,'',NULL,'',NULL,''),(2400,198,220,NULL,'',NULL,'',NULL,''),(2401,198,221,NULL,'',NULL,'',NULL,''),(2402,198,222,NULL,'',NULL,'',NULL,''),(2403,198,223,NULL,'',NULL,'',NULL,''),(2404,198,224,NULL,'',NULL,'',NULL,''),(2405,198,225,NULL,'',NULL,'',NULL,''),(2406,198,226,NULL,'',NULL,'',NULL,''),(2407,198,227,6,'',NULL,'',NULL,''),(2408,198,228,NULL,'',NULL,'',NULL,''),(2409,198,229,NULL,'',NULL,'',NULL,''),(2410,198,230,NULL,'',NULL,'',NULL,''),(2411,198,231,NULL,'',NULL,'',NULL,''),(2412,198,232,NULL,'',NULL,'',NULL,''),(2413,198,233,NULL,'',NULL,'',NULL,''),(2414,198,234,NULL,'',NULL,'',NULL,''),(2415,198,235,NULL,'',NULL,'',NULL,''),(2416,198,236,NULL,'',NULL,'',NULL,''),(2417,198,237,NULL,'',NULL,'',NULL,''),(2418,198,238,6,'',NULL,'',NULL,''),(2419,198,239,NULL,'',NULL,'',NULL,''),(2420,198,240,NULL,'',NULL,'',NULL,''),(2421,198,241,NULL,'',NULL,'',NULL,''),(2422,199,2473,NULL,'',NULL,'',NULL,''),(2423,199,2474,NULL,'',NULL,'',NULL,''),(2424,199,2475,NULL,'',NULL,'',NULL,''),(2425,199,2476,NULL,'',NULL,'',NULL,''),(2426,199,2477,NULL,'',NULL,'',NULL,''),(2427,199,2478,NULL,'',NULL,'',NULL,''),(2428,199,2479,NULL,'',NULL,'',NULL,''),(2429,199,2480,NULL,'',NULL,'',NULL,''),(2430,199,2481,NULL,'',NULL,'',NULL,''),(2431,199,2482,NULL,'',NULL,'',NULL,''),(2432,199,2483,NULL,'',NULL,'',NULL,''),(2433,199,2484,21,'',NULL,'',NULL,''),(2434,199,2485,NULL,'',NULL,'',NULL,''),(2435,199,2486,NULL,'',NULL,'',NULL,''),(2436,199,2487,NULL,'',NULL,'',NULL,''),(2437,199,2488,NULL,'',NULL,'',NULL,''),(2438,199,2489,NULL,'',NULL,'',NULL,''),(2439,199,2490,NULL,'',NULL,'',NULL,''),(2440,199,2491,NULL,'',NULL,'',NULL,''),(2441,199,2492,NULL,'',NULL,'',NULL,''),(2442,199,2493,NULL,'',NULL,'',NULL,''),(2443,199,2494,NULL,'',NULL,'',NULL,''),(2444,199,2495,NULL,'',NULL,'',NULL,''),(2445,199,2496,NULL,'',NULL,'',NULL,''),(2446,199,2497,NULL,'',NULL,'',NULL,''),(2447,199,2498,NULL,'',NULL,'',NULL,''),(2448,199,2499,NULL,'',NULL,'',NULL,''),(2449,200,1464,NULL,'',NULL,'',NULL,''),(2450,200,1465,NULL,'',NULL,'',NULL,''),(2451,200,1466,NULL,'',NULL,'',NULL,''),(2452,200,1467,NULL,'',NULL,'',NULL,''),(2453,200,1468,NULL,'',NULL,'',NULL,''),(2454,200,1469,NULL,'',NULL,'',NULL,''),(2455,200,1470,NULL,'',NULL,'',NULL,''),(2456,200,1471,NULL,'',NULL,'',NULL,''),(2457,200,1472,NULL,'',NULL,'',NULL,''),(2458,200,1473,NULL,'',NULL,'',NULL,''),(2459,200,1474,NULL,'',NULL,'',NULL,''),(2460,200,1475,NULL,'',NULL,'',NULL,''),(2461,201,2500,NULL,'',NULL,'',NULL,''),(2462,201,2501,NULL,'',NULL,'',NULL,''),(2463,201,2502,3,'',NULL,'',NULL,''),(2464,201,2503,NULL,'',NULL,'',NULL,''),(2465,201,2504,NULL,'',NULL,'',NULL,''),(2466,201,2505,3,'',NULL,'',NULL,''),(2467,201,2506,3,'',NULL,'',NULL,''),(2468,201,2507,3,'',NULL,'',NULL,''),(2469,201,2508,3,'',NULL,'',NULL,''),(2470,201,2509,NULL,'',NULL,'',NULL,''),(2471,201,2510,NULL,'',NULL,'',NULL,''),(2472,201,2511,NULL,'',NULL,'',NULL,''),(2473,201,2512,NULL,'',NULL,'',NULL,''),(2474,201,2513,NULL,'',NULL,'',NULL,''),(2475,201,2514,NULL,'',NULL,'',NULL,''),(2476,201,2515,NULL,'',NULL,'',NULL,''),(2477,201,2516,NULL,'',NULL,'',NULL,''),(2478,201,2517,NULL,'',NULL,'',NULL,''),(2479,201,2518,NULL,'',NULL,'',NULL,''),(2480,202,1809,3,'',NULL,'',NULL,''),(2481,202,1810,NULL,'',NULL,'',NULL,''),(2482,202,1811,NULL,'',NULL,'',NULL,''),(2483,202,1812,3,'',NULL,'',NULL,''),(2484,202,1813,3,'',NULL,'',NULL,''),(2485,202,1814,NULL,'',NULL,'',NULL,''),(2486,202,1815,NULL,'',NULL,'',NULL,''),(2487,202,1816,NULL,'',NULL,'',NULL,''),(2488,202,1817,NULL,'',NULL,'',NULL,''),(2489,202,1818,NULL,'',NULL,'',NULL,''),(2490,202,1819,NULL,'',NULL,'',NULL,''),(2491,202,1820,NULL,'',NULL,'',NULL,''),(2492,202,1821,NULL,'',NULL,'',NULL,''),(2493,202,1822,NULL,'',NULL,'',NULL,''),(2494,202,1823,NULL,'',NULL,'',NULL,''),(2495,202,1824,NULL,'',NULL,'',NULL,''),(2496,202,1825,NULL,'',NULL,'',NULL,''),(2497,203,1464,NULL,'',NULL,'',NULL,''),(2498,203,1465,NULL,'',NULL,'',NULL,''),(2499,203,1466,NULL,'',NULL,'',NULL,''),(2500,203,1467,NULL,'',NULL,'',NULL,''),(2501,203,1468,NULL,'',NULL,'',NULL,''),(2502,203,1469,NULL,'',NULL,'',NULL,''),(2503,203,1470,NULL,'',NULL,'',NULL,''),(2504,203,1471,NULL,'',NULL,'',NULL,''),(2505,203,1472,NULL,'',NULL,'',NULL,''),(2506,203,1473,NULL,'',NULL,'',NULL,''),(2507,203,1474,NULL,'',NULL,'',NULL,''),(2508,203,1475,NULL,'',NULL,'',NULL,''),(2509,204,1591,NULL,'',NULL,'',NULL,''),(2510,204,1592,NULL,'',NULL,'',NULL,''),(2511,204,1593,NULL,'',NULL,'',NULL,''),(2512,204,1594,NULL,'',NULL,'',NULL,''),(2513,204,1595,NULL,'',NULL,'',NULL,''),(2514,204,1596,NULL,'',NULL,'',NULL,''),(2515,204,1597,NULL,'',NULL,'',NULL,''),(2516,204,1598,NULL,'',NULL,'',NULL,''),(2517,204,1599,NULL,'',NULL,'',NULL,''),(2518,204,1600,NULL,'',NULL,'',NULL,''),(2519,204,1601,NULL,'',NULL,'',NULL,''),(2520,204,1602,NULL,'',NULL,'',NULL,''),(2521,204,1603,NULL,'',NULL,'',NULL,''),(2522,204,1604,NULL,'',NULL,'',NULL,''),(2523,204,1605,NULL,'',NULL,'',NULL,''),(2524,204,1606,NULL,'',NULL,'',NULL,''),(2525,204,1607,NULL,'',NULL,'',NULL,''),(2526,204,1608,NULL,'',NULL,'',NULL,''),(2527,205,2519,26,'',NULL,'',NULL,''),(2528,205,2520,26,'',NULL,'',NULL,''),(2529,205,2521,26,'',NULL,'',NULL,''),(2530,205,2522,26,'',NULL,'',NULL,''),(2531,205,2523,26,'',NULL,'',NULL,''),(2532,205,2524,26,'',NULL,'',NULL,''),(2533,205,2525,26,'',NULL,'',NULL,''),(2534,205,2526,26,'',NULL,'',NULL,''),(2535,205,2527,26,'',NULL,'',NULL,''),(2536,205,2528,26,'',NULL,'',NULL,''),(2537,205,2529,26,'',NULL,'',NULL,''),(2538,205,2530,26,'',NULL,'',NULL,''),(2539,205,2531,26,'',NULL,'',NULL,''),(2540,205,2532,26,'',NULL,'',NULL,''),(2541,205,2533,26,'',NULL,'',NULL,''),(2542,205,2534,26,'',NULL,'',NULL,''),(2543,205,2535,26,'',NULL,'',NULL,''),(2544,206,1826,6,'',NULL,'',NULL,''),(2545,206,1827,6,'',NULL,'',NULL,''),(2546,206,1828,6,'',NULL,'',NULL,''),(2547,206,1829,6,'',NULL,'',NULL,''),(2548,206,1830,6,'',NULL,'',NULL,''),(2549,206,1831,6,'',NULL,'',NULL,''),(2550,206,1832,6,'',NULL,'',NULL,''),(2551,206,1833,6,'',NULL,'',NULL,''),(2552,206,1834,6,'',NULL,'',NULL,''),(2553,206,1835,6,'',NULL,'',NULL,''),(2554,206,1836,6,'',NULL,'',NULL,''),(2555,206,1837,6,'',NULL,'',NULL,''),(2556,207,2536,26,'',NULL,'',NULL,''),(2557,207,2537,26,'',NULL,'',NULL,''),(2558,207,2538,26,'',NULL,'',NULL,''),(2559,207,2539,26,'',NULL,'',NULL,''),(2560,207,2540,26,'',NULL,'',NULL,''),(2561,207,2541,26,'',NULL,'',NULL,''),(2562,207,2542,26,'',NULL,'',NULL,''),(2563,207,2543,26,'',NULL,'',NULL,''),(2564,207,2544,26,'',NULL,'',NULL,''),(2565,207,2545,26,'',NULL,'',NULL,''),(2566,207,2546,26,'',NULL,'',NULL,''),(2567,207,2547,26,'',NULL,'',NULL,''),(2568,208,1290,21,'',NULL,'',NULL,''),(2569,208,1291,NULL,'',NULL,'',NULL,''),(2570,208,1292,NULL,'',NULL,'',NULL,''),(2571,208,1293,21,'',NULL,'',NULL,''),(2572,208,1294,21,'',NULL,'',NULL,''),(2573,208,1295,21,'',NULL,'',NULL,''),(2574,208,1296,21,'',NULL,'',NULL,''),(2575,208,1297,NULL,'',NULL,'',NULL,''),(2576,208,1298,NULL,'',NULL,'',NULL,''),(2577,208,1299,NULL,'',NULL,'',NULL,''),(2578,208,1300,NULL,'',NULL,'',NULL,''),(2579,208,1301,NULL,'',NULL,'',NULL,''),(2580,208,1302,21,'',NULL,'',NULL,''),(2581,208,1303,21,'',NULL,'',NULL,''),(2582,208,1304,NULL,'',NULL,'',NULL,''),(2583,208,1305,NULL,'',NULL,'',NULL,''),(2584,208,1306,NULL,'',NULL,'',NULL,''),(2585,208,1307,NULL,'',NULL,'',NULL,''),(2586,208,1308,NULL,'',NULL,'',NULL,''),(2587,209,1633,NULL,'',NULL,'',NULL,''),(2588,209,1634,NULL,'',NULL,'',NULL,''),(2589,209,1635,21,'',NULL,'',NULL,''),(2590,209,1636,NULL,'',NULL,'',NULL,''),(2591,209,1637,NULL,'',NULL,'',NULL,''),(2592,209,1638,NULL,'',NULL,'',NULL,''),(2593,209,1639,NULL,'',NULL,'',NULL,''),(2594,209,1640,NULL,'',NULL,'',NULL,''),(2595,209,1641,21,'',NULL,'',NULL,''),(2596,209,1642,NULL,'',NULL,'',NULL,''),(2597,209,1643,NULL,'',NULL,'',NULL,''),(2598,209,1644,NULL,'',NULL,'',NULL,''),(2599,209,1645,21,'',NULL,'',NULL,''),(2600,209,1646,NULL,'',NULL,'',NULL,''),(2601,210,2414,21,'',NULL,'',NULL,''),(2602,210,2415,21,'',NULL,'',NULL,''),(2603,210,2416,NULL,'',NULL,'',NULL,''),(2604,210,2417,21,'',NULL,'',NULL,''),(2605,210,2418,NULL,'',NULL,'',NULL,''),(2606,210,2419,NULL,'',NULL,'',NULL,''),(2607,210,2420,NULL,'',NULL,'',NULL,''),(2608,210,2421,NULL,'',NULL,'',NULL,''),(2609,210,2422,NULL,'',NULL,'',NULL,''),(2610,210,2423,21,'',NULL,'',NULL,''),(2611,210,2424,21,'',NULL,'',NULL,''),(2612,210,2425,21,'',NULL,'',NULL,''),(2613,210,2426,NULL,'',NULL,'',NULL,''),(2614,210,2427,NULL,'',NULL,'',NULL,''),(2615,211,1683,NULL,'',NULL,'',NULL,''),(2616,211,1684,29,'',NULL,'',NULL,''),(2617,211,1685,NULL,'',NULL,'',NULL,''),(2618,211,1686,NULL,'',NULL,'',NULL,''),(2619,211,1687,NULL,'',NULL,'',NULL,''),(2620,211,1688,NULL,'',NULL,'',NULL,''),(2621,211,1689,NULL,'',NULL,'',NULL,''),(2622,211,1690,NULL,'',NULL,'',NULL,''),(2623,211,1691,NULL,'',NULL,'',NULL,''),(2624,211,1692,29,'',NULL,'',NULL,''),(2625,211,1693,NULL,'',NULL,'',NULL,''),(2626,211,1694,NULL,'',NULL,'',NULL,''),(2627,211,1695,NULL,'',NULL,'',NULL,''),(2628,212,1309,NULL,'',NULL,'',NULL,''),(2629,212,1310,NULL,'',NULL,'',NULL,''),(2630,212,1311,NULL,'',NULL,'',NULL,''),(2631,212,1312,NULL,'',NULL,'',NULL,''),(2632,212,1313,NULL,'',NULL,'',NULL,''),(2633,212,1314,NULL,'',NULL,'',NULL,''),(2634,212,1315,NULL,'',NULL,'',NULL,''),(2635,212,1316,NULL,'',NULL,'',NULL,''),(2636,212,1317,NULL,'',NULL,'',NULL,''),(2637,212,1318,NULL,'',NULL,'',NULL,''),(2638,212,1319,NULL,'',NULL,'',NULL,''),(2639,212,1320,NULL,'',NULL,'',NULL,''),(2640,212,1321,NULL,'',NULL,'',NULL,''),(2641,212,1322,NULL,'',NULL,'',NULL,''),(2642,212,1323,NULL,'',NULL,'',NULL,''),(2643,212,1324,NULL,'',NULL,'',NULL,''),(2644,213,1710,NULL,'',NULL,'',NULL,''),(2645,213,1711,NULL,'',NULL,'',NULL,''),(2646,213,1712,NULL,'',NULL,'',NULL,''),(2647,213,1713,21,'',NULL,'',NULL,''),(2648,213,1714,NULL,'',NULL,'',NULL,''),(2649,213,1715,NULL,'',NULL,'',NULL,''),(2650,213,1716,NULL,'',NULL,'',NULL,''),(2651,213,1717,NULL,'',NULL,'',NULL,''),(2652,213,1718,21,'',NULL,'',NULL,''),(2653,213,1719,21,'',NULL,'',NULL,''),(2654,213,1720,NULL,'',NULL,'',NULL,''),(2655,213,1721,NULL,'',NULL,'',NULL,''),(2656,213,1722,NULL,'',NULL,'',NULL,''),(2657,213,1723,NULL,'',NULL,'',NULL,''),(2658,213,1724,NULL,'',NULL,'',NULL,''),(2659,214,1325,NULL,'',NULL,'',NULL,''),(2660,214,1326,NULL,'',NULL,'',NULL,''),(2661,214,1327,NULL,'',NULL,'',NULL,''),(2662,214,1328,NULL,'',NULL,'',NULL,''),(2663,214,1329,21,'',NULL,'',NULL,''),(2664,214,1330,NULL,'',NULL,'',NULL,''),(2665,214,1331,21,'',NULL,'',NULL,''),(2666,214,1332,21,'',NULL,'',NULL,''),(2667,214,1333,NULL,'',NULL,'',NULL,''),(2668,214,1334,NULL,'',NULL,'',NULL,''),(2669,214,1335,NULL,'',NULL,'',NULL,''),(2670,214,1336,NULL,'',NULL,'',NULL,''),(2671,214,1337,NULL,'',NULL,'',NULL,''),(2672,215,1735,6,'',NULL,'',NULL,''),(2673,215,1736,6,'',NULL,'',NULL,''),(2674,215,1737,6,'',NULL,'',NULL,''),(2675,215,1738,6,'',NULL,'',NULL,''),(2676,215,1739,6,'',NULL,'',NULL,''),(2677,215,1740,6,'',NULL,'',NULL,''),(2678,215,1741,6,'',NULL,'',NULL,''),(2679,215,1742,6,'',NULL,'',NULL,''),(2680,215,1743,NULL,'',NULL,'',NULL,''),(2681,215,1744,NULL,'',NULL,'',NULL,''),(2682,215,1745,6,'',NULL,'',NULL,''),(2683,215,1746,6,'',NULL,'',NULL,''),(2684,215,1747,6,'',NULL,'',NULL,''),(2685,215,1748,6,'',NULL,'',NULL,''),(2686,215,1749,6,'',NULL,'',NULL,''),(2687,215,1750,NULL,'',NULL,'',NULL,''),(2688,215,1751,6,'',NULL,'',NULL,''),(2689,215,1752,6,'',NULL,'',NULL,''),(2690,216,1276,NULL,'',NULL,'',NULL,''),(2691,216,1277,28,'',NULL,'',NULL,''),(2692,216,1278,NULL,'',NULL,'',NULL,''),(2693,216,1279,28,'',NULL,'',NULL,''),(2694,216,1280,28,'',NULL,'',NULL,''),(2695,216,1281,NULL,'',NULL,'',NULL,''),(2696,216,1282,28,'',NULL,'',NULL,''),(2697,216,1283,28,'',NULL,'',NULL,''),(2698,216,1284,NULL,'',NULL,'',NULL,''),(2699,216,1285,NULL,'',NULL,'',NULL,''),(2700,216,1286,28,'',NULL,'',NULL,''),(2701,216,1287,NULL,'',NULL,'',NULL,''),(2702,216,1288,NULL,'',NULL,'',NULL,''),(2703,216,1289,28,'',NULL,'',NULL,''),(2704,217,1782,26,'',NULL,'',NULL,''),(2705,217,1783,26,'',NULL,'',NULL,''),(2706,217,1784,26,'',NULL,'',NULL,''),(2707,217,1785,26,'',NULL,'',NULL,''),(2708,217,1786,26,'',NULL,'',NULL,''),(2709,217,1787,26,'',NULL,'',NULL,''),(2710,217,1788,26,'',NULL,'',NULL,''),(2711,217,1789,26,'',NULL,'',NULL,''),(2712,217,1790,26,'',NULL,'',NULL,''),(2713,217,1791,NULL,'',NULL,'',NULL,''),(2714,217,1792,26,'',NULL,'',NULL,''),(2715,217,1793,26,'',NULL,'',NULL,''),(2716,218,2461,26,'',NULL,'',NULL,''),(2717,218,2462,26,'',NULL,'',NULL,''),(2718,218,2463,26,'',NULL,'',NULL,''),(2719,218,2464,NULL,'',NULL,'',NULL,''),(2720,218,2465,NULL,'',NULL,'',NULL,''),(2721,218,2466,26,'',NULL,'',NULL,''),(2722,218,2467,NULL,'',NULL,'',NULL,''),(2723,218,2468,NULL,'',NULL,'',NULL,''),(2724,218,2469,NULL,'',NULL,'',NULL,''),(2725,218,2470,NULL,'',NULL,'',NULL,''),(2726,218,2471,NULL,'',NULL,'',NULL,''),(2727,218,2472,NULL,'',NULL,'',NULL,''),(2728,218,228,26,'',NULL,'',NULL,''),(2729,218,2548,26,'',NULL,'',NULL,''),(2730,219,1725,26,'',NULL,'',NULL,''),(2731,219,1726,26,'',NULL,'',NULL,''),(2732,219,1727,26,'',NULL,'',NULL,''),(2733,219,1728,26,'',NULL,'',NULL,''),(2734,219,1729,26,'',NULL,'',NULL,''),(2735,219,1730,26,'',NULL,'',NULL,''),(2736,219,1731,26,'',NULL,'',NULL,''),(2737,219,1732,26,'',NULL,'',NULL,''),(2738,219,1733,26,'',NULL,'',NULL,''),(2739,219,1734,NULL,'',NULL,'',NULL,''),(2740,220,2549,23,'',NULL,'',NULL,''),(2741,220,2550,23,'',NULL,'',NULL,''),(2742,220,2551,23,'',NULL,'',NULL,''),(2743,220,2552,NULL,'',NULL,'',NULL,''),(2744,220,2553,23,'',NULL,'',NULL,''),(2745,220,2554,NULL,'',NULL,'',NULL,''),(2746,220,2555,23,'',NULL,'',NULL,''),(2747,220,2556,23,'',NULL,'',NULL,''),(2748,220,2557,NULL,'',NULL,'',NULL,''),(2749,220,2558,NULL,'',NULL,'',NULL,''),(2750,220,2559,NULL,'',NULL,'',NULL,''),(2751,221,1768,NULL,'',NULL,'',NULL,''),(2752,221,1769,6,'',NULL,'',NULL,''),(2753,221,1770,6,'',NULL,'',NULL,''),(2754,221,1771,6,'',NULL,'',NULL,''),(2755,221,1772,6,'',NULL,'',NULL,''),(2756,221,1773,NULL,'',NULL,'',NULL,''),(2757,221,1774,6,'',NULL,'',NULL,''),(2758,221,1775,6,'',NULL,'',NULL,''),(2759,221,1776,6,'',NULL,'',NULL,''),(2760,221,1777,6,'',NULL,'',NULL,''),(2761,221,1778,6,'',NULL,'',NULL,''),(2762,221,1779,6,'',NULL,'',NULL,''),(2763,221,1780,6,'',NULL,'',NULL,''),(2764,221,1781,6,'',NULL,'',NULL,''),(2765,222,2429,NULL,'',NULL,'',NULL,''),(2766,222,2430,NULL,'',NULL,'',NULL,''),(2767,222,2431,NULL,'',NULL,'',NULL,''),(2768,222,2432,NULL,'',NULL,'',NULL,''),(2769,222,2433,NULL,'',NULL,'',NULL,''),(2770,222,2434,NULL,'',NULL,'',NULL,''),(2771,222,2435,NULL,'',NULL,'',NULL,''),(2772,222,2436,NULL,'',NULL,'',NULL,''),(2773,222,2437,NULL,'',NULL,'',NULL,''),(2774,222,2438,NULL,'',NULL,'',NULL,''),(2775,222,2560,23,'',NULL,'',NULL,''),(2776,222,2561,23,'',NULL,'',NULL,''),(2777,222,2562,23,'',NULL,'',NULL,''),(2778,223,211,NULL,'',NULL,'',NULL,''),(2779,223,212,NULL,'',NULL,'',NULL,''),(2780,223,213,NULL,'',NULL,'',NULL,''),(2781,223,214,NULL,'',NULL,'',NULL,''),(2782,223,215,NULL,'',NULL,'',NULL,''),(2783,223,216,NULL,'',NULL,'',NULL,''),(2784,223,217,NULL,'',NULL,'',NULL,''),(2785,223,218,NULL,'',NULL,'',NULL,''),(2786,223,219,NULL,'',NULL,'',NULL,''),(2787,223,220,NULL,'',NULL,'',NULL,''),(2788,223,221,NULL,'',NULL,'',NULL,''),(2789,223,222,NULL,'',NULL,'',NULL,''),(2790,223,223,NULL,'',NULL,'',NULL,''),(2791,223,224,NULL,'',NULL,'',NULL,''),(2792,223,225,NULL,'',NULL,'',NULL,''),(2793,223,226,NULL,'',NULL,'',NULL,''),(2794,223,227,NULL,'',NULL,'',NULL,''),(2795,223,228,NULL,'',NULL,'',NULL,''),(2796,223,229,NULL,'',NULL,'',NULL,''),(2797,223,230,NULL,'',NULL,'',NULL,''),(2798,223,231,NULL,'',NULL,'',NULL,''),(2799,223,232,NULL,'',NULL,'',NULL,''),(2800,223,233,NULL,'',NULL,'',NULL,''),(2801,223,234,NULL,'',NULL,'',NULL,''),(2802,223,235,NULL,'',NULL,'',NULL,''),(2803,223,236,NULL,'',NULL,'',NULL,''),(2804,223,237,NULL,'',NULL,'',NULL,''),(2805,223,238,NULL,'',NULL,'',NULL,''),(2806,223,239,NULL,'',NULL,'',NULL,''),(2807,223,240,NULL,'',NULL,'',NULL,''),(2808,223,241,NULL,'',NULL,'',NULL,''),(2809,223,2563,6,'',NULL,'',NULL,''),(2810,223,2564,6,'',NULL,'',NULL,''),(2811,223,2565,6,'',NULL,'',NULL,''),(2812,223,2566,6,'',NULL,'',NULL,''),(2813,223,2567,6,'',NULL,'',NULL,''),(2814,224,2568,21,'',NULL,'',NULL,''),(2815,224,2569,NULL,'',NULL,'',NULL,''),(2816,224,2570,NULL,'',NULL,'',NULL,''),(2817,224,2571,21,'',NULL,'',NULL,''),(2818,224,2572,NULL,'',NULL,'',NULL,''),(2819,224,2573,NULL,'',NULL,'',NULL,''),(2820,224,2574,NULL,'',NULL,'',NULL,''),(2821,224,2575,NULL,'',NULL,'',NULL,''),(2822,224,2576,NULL,'',NULL,'',NULL,''),(2823,224,2577,NULL,'',NULL,'',NULL,''),(2824,224,2578,21,'',NULL,'',NULL,''),(2825,224,2579,NULL,'',NULL,'',NULL,''),(2826,224,2580,NULL,'',NULL,'',NULL,''),(2827,224,2581,NULL,'',NULL,'',NULL,''),(2828,224,2582,NULL,'',NULL,'',NULL,''),(2829,224,2583,NULL,'',NULL,'',NULL,''),(2830,225,2584,NULL,'',NULL,'',NULL,''),(2831,225,2585,23,'',NULL,'',NULL,''),(2832,225,2586,23,'',NULL,'',NULL,''),(2833,225,2587,23,'',NULL,'',NULL,''),(2834,225,2588,NULL,'',NULL,'',NULL,''),(2835,225,2589,NULL,'',NULL,'',NULL,''),(2836,225,2590,23,'',NULL,'',NULL,''),(2837,225,2591,23,'',NULL,'',NULL,''),(2838,225,2592,NULL,'',NULL,'',NULL,''),(2839,225,2593,NULL,'',NULL,'',NULL,''),(2840,226,2594,NULL,'',NULL,'',NULL,''),(2841,226,2595,21,'',NULL,'',NULL,''),(2842,226,2596,21,'',NULL,'',NULL,''),(2843,226,2597,21,'',NULL,'',NULL,''),(2844,226,2598,NULL,'',NULL,'',NULL,''),(2845,226,2599,NULL,'',NULL,'',NULL,''),(2846,226,2600,NULL,'',NULL,'',NULL,''),(2847,226,2601,NULL,'',NULL,'',NULL,''),(2848,226,2602,NULL,'',NULL,'',NULL,''),(2849,226,2603,NULL,'',NULL,'',NULL,''),(2850,226,2604,NULL,'',NULL,'',NULL,''),(2851,226,2605,21,'',NULL,'',NULL,''),(2852,226,2606,NULL,'',NULL,'',NULL,''),(2853,227,2594,21,'',NULL,'',NULL,''),(2854,227,2595,NULL,'',NULL,'',NULL,''),(2855,227,2596,NULL,'',NULL,'',NULL,''),(2856,227,2597,NULL,'',NULL,'',NULL,''),(2857,227,2598,NULL,'',NULL,'',NULL,''),(2858,227,2599,NULL,'',NULL,'',NULL,''),(2859,227,2600,NULL,'',NULL,'',NULL,''),(2860,227,2601,NULL,'',NULL,'',NULL,''),(2861,227,2602,NULL,'',NULL,'',NULL,''),(2862,227,2603,NULL,'',NULL,'',NULL,''),(2863,227,2604,NULL,'',NULL,'',NULL,''),(2864,227,2605,NULL,'',NULL,'',NULL,''),(2865,227,2606,NULL,'',NULL,'',NULL,''),(2866,228,2473,NULL,'',NULL,'',NULL,''),(2867,228,2474,NULL,'',NULL,'',NULL,''),(2868,228,2475,NULL,'',NULL,'',NULL,''),(2869,228,2476,28,'',NULL,'',NULL,''),(2870,228,2477,NULL,'',NULL,'',NULL,''),(2871,228,2478,NULL,'',NULL,'',NULL,''),(2872,228,2479,NULL,'',NULL,'',NULL,''),(2873,228,2480,NULL,'',NULL,'',NULL,''),(2874,228,2481,NULL,'',NULL,'',NULL,''),(2875,228,2482,NULL,'',NULL,'',NULL,''),(2876,228,2483,NULL,'',NULL,'',NULL,''),(2877,228,2484,NULL,'',NULL,'',NULL,''),(2878,228,2485,NULL,'',NULL,'',NULL,''),(2879,228,2486,NULL,'',NULL,'',NULL,''),(2880,228,2487,NULL,'',NULL,'',NULL,''),(2881,228,2488,NULL,'',NULL,'',NULL,''),(2882,228,2489,NULL,'',NULL,'',NULL,''),(2883,228,2490,NULL,'',NULL,'',NULL,''),(2884,228,2491,NULL,'',NULL,'',NULL,''),(2885,228,2492,NULL,'',NULL,'',NULL,''),(2886,228,2493,NULL,'',NULL,'',NULL,''),(2887,228,2494,NULL,'',NULL,'',NULL,''),(2888,228,2495,NULL,'',NULL,'',NULL,''),(2889,228,2496,NULL,'',NULL,'',NULL,''),(2890,228,2497,NULL,'',NULL,'',NULL,''),(2891,228,2498,NULL,'',NULL,'',NULL,''),(2892,228,2499,NULL,'',NULL,'',NULL,''),(2893,229,2500,NULL,'',NULL,'',NULL,''),(2894,229,2501,NULL,'',NULL,'',NULL,''),(2895,229,2502,NULL,'',NULL,'',NULL,''),(2896,229,2503,NULL,'',NULL,'',NULL,''),(2897,229,2504,NULL,'',NULL,'',NULL,''),(2898,229,2505,NULL,'',NULL,'',NULL,''),(2899,229,2506,NULL,'',NULL,'',NULL,''),(2900,229,2507,NULL,'',NULL,'',NULL,''),(2901,229,2508,NULL,'',NULL,'',NULL,''),(2902,229,2509,NULL,'',NULL,'',NULL,''),(2903,229,2510,NULL,'',NULL,'',NULL,''),(2904,229,2511,NULL,'',NULL,'',NULL,''),(2905,229,2512,NULL,'',NULL,'',NULL,''),(2906,229,2513,NULL,'',NULL,'',NULL,''),(2907,229,2514,NULL,'',NULL,'',NULL,''),(2908,229,2515,NULL,'',NULL,'',NULL,''),(2909,229,2516,NULL,'',NULL,'',NULL,''),(2910,229,2517,NULL,'',NULL,'',NULL,''),(2911,229,2518,NULL,'',NULL,'',NULL,''),(2912,230,1378,21,'',NULL,'',NULL,''),(2913,230,1379,NULL,'',NULL,'',NULL,''),(2914,230,1380,NULL,'',NULL,'',NULL,''),(2915,230,1381,NULL,'',NULL,'',NULL,''),(2916,230,1382,21,'',NULL,'',NULL,''),(2917,230,1383,NULL,'',NULL,'',NULL,''),(2918,230,1384,NULL,'',NULL,'',NULL,''),(2919,230,1385,NULL,'',NULL,'',NULL,''),(2920,230,1386,NULL,'',NULL,'',NULL,''),(2921,230,1387,NULL,'',NULL,'',NULL,''),(2922,230,1388,NULL,'',NULL,'',NULL,''),(2923,230,1389,NULL,'',NULL,'',NULL,''),(2924,230,1390,NULL,'',NULL,'',NULL,''),(2925,230,1391,NULL,'',NULL,'',NULL,''),(2926,230,1392,NULL,'',NULL,'',NULL,''),(2927,230,1393,21,'',NULL,'',NULL,''),(2928,230,1394,NULL,'',NULL,'',NULL,''),(2929,231,1809,NULL,'',NULL,'',NULL,''),(2930,231,1810,NULL,'',NULL,'',NULL,''),(2931,231,1811,NULL,'',NULL,'',NULL,''),(2932,231,1812,6,'',NULL,'',NULL,''),(2933,231,1813,6,'',NULL,'',NULL,''),(2934,231,1814,NULL,'',NULL,'',NULL,''),(2935,231,1815,6,'',NULL,'',NULL,''),(2936,231,1816,6,'',NULL,'',NULL,''),(2937,231,1817,NULL,'',NULL,'',NULL,''),(2938,231,1818,NULL,'',NULL,'',NULL,''),(2939,231,1819,NULL,'',NULL,'',NULL,''),(2940,231,1820,NULL,'',NULL,'',NULL,''),(2941,231,1821,NULL,'',NULL,'',NULL,''),(2942,231,1822,NULL,'',NULL,'',NULL,''),(2943,231,1823,NULL,'',NULL,'',NULL,''),(2944,231,1824,NULL,'',NULL,'',NULL,''),(2945,231,1825,NULL,'',NULL,'',NULL,''),(2946,232,1794,NULL,'',NULL,'',NULL,''),(2947,232,1795,NULL,'',NULL,'',NULL,''),(2948,232,1796,NULL,'',NULL,'',NULL,''),(2949,232,1797,NULL,'',NULL,'',NULL,''),(2950,232,1798,NULL,'',NULL,'',NULL,''),(2951,232,1799,NULL,'',NULL,'',NULL,''),(2952,232,1800,NULL,'',NULL,'',NULL,''),(2953,232,1801,NULL,'',NULL,'',NULL,''),(2954,232,1802,NULL,'',NULL,'',NULL,''),(2955,232,1803,NULL,'',NULL,'',NULL,''),(2956,232,1804,NULL,'',NULL,'',NULL,''),(2957,232,1805,NULL,'',NULL,'',NULL,''),(2958,232,1806,NULL,'',NULL,'',NULL,''),(2959,232,1807,NULL,'',NULL,'',NULL,''),(2960,232,1808,NULL,'',NULL,'',NULL,''),(2961,233,1476,NULL,'',NULL,'',NULL,''),(2962,233,1477,NULL,'',NULL,'',NULL,''),(2963,233,1478,NULL,'',NULL,'',NULL,''),(2964,233,1479,NULL,'',NULL,'',NULL,''),(2965,233,1480,NULL,'',NULL,'',NULL,''),(2966,233,1481,26,'',NULL,'',NULL,''),(2967,233,1482,NULL,'',NULL,'',NULL,''),(2968,233,1483,NULL,'',NULL,'',NULL,''),(2969,233,1484,NULL,'',NULL,'',NULL,''),(2970,233,1485,NULL,'',NULL,'',NULL,''),(2971,233,1486,NULL,'',NULL,'',NULL,''),(2972,233,1487,NULL,'',NULL,'',NULL,''),(2973,233,1488,NULL,'',NULL,'',NULL,''),(2974,233,1489,NULL,'',NULL,'',NULL,''),(2975,234,1591,NULL,'',NULL,'',NULL,''),(2976,234,1592,28,'',NULL,'',NULL,''),(2977,234,1593,NULL,'',NULL,'',NULL,''),(2978,234,1594,NULL,'',NULL,'',NULL,''),(2979,234,1595,NULL,'',NULL,'',NULL,''),(2980,234,1596,28,'',NULL,'',NULL,''),(2981,234,1597,NULL,'',NULL,'',NULL,''),(2982,234,1598,28,'',NULL,'',NULL,''),(2983,234,1599,28,'',NULL,'',NULL,''),(2984,234,1600,NULL,'',NULL,'',NULL,''),(2985,234,1601,NULL,'',NULL,'',NULL,''),(2986,234,1602,28,'',NULL,'',NULL,''),(2987,234,1603,28,'',NULL,'',NULL,''),(2988,234,1604,NULL,'',NULL,'',NULL,''),(2989,234,1605,NULL,'',NULL,'',NULL,''),(2990,234,1606,NULL,'',NULL,'',NULL,''),(2991,234,1607,28,'',NULL,'',NULL,''),(2992,234,1608,NULL,'',NULL,'',NULL,''),(2993,235,2312,NULL,'',NULL,'',NULL,''),(2994,235,2313,NULL,'',NULL,'',NULL,''),(2995,235,2314,28,'',NULL,'',NULL,''),(2996,235,2315,NULL,'',NULL,'',NULL,''),(2997,235,2316,28,'',NULL,'',NULL,''),(2998,235,2317,NULL,'',NULL,'',NULL,''),(2999,235,2318,NULL,'',NULL,'',NULL,''),(3000,235,2319,NULL,'',NULL,'',NULL,''),(3001,235,2320,28,'',NULL,'',NULL,''),(3002,235,2321,NULL,'',NULL,'',NULL,''),(3003,235,2322,28,'',NULL,'',NULL,''),(3004,235,2323,NULL,'',NULL,'',NULL,''),(3005,235,2324,NULL,'',NULL,'',NULL,''),(3006,235,2325,NULL,'',NULL,'',NULL,''),(3007,235,2326,NULL,'',NULL,'',NULL,''),(3008,235,2327,NULL,'',NULL,'',NULL,''),(3009,235,2328,28,'',NULL,'',NULL,''),(3010,235,2329,NULL,'',NULL,'',NULL,''),(3011,235,2330,NULL,'',NULL,'',NULL,''),(3012,235,2331,NULL,'',NULL,'',NULL,''),(3013,235,2332,NULL,'',NULL,'',NULL,''),(3014,235,2333,NULL,'',NULL,'',NULL,''),(3015,236,1576,NULL,'',NULL,'',NULL,''),(3016,236,1577,NULL,'',NULL,'',NULL,''),(3017,236,1578,NULL,'',NULL,'',NULL,''),(3018,236,1579,NULL,'',NULL,'',NULL,''),(3019,236,1580,NULL,'',NULL,'',NULL,''),(3020,236,1581,NULL,'',NULL,'',NULL,''),(3021,236,1582,NULL,'',NULL,'',NULL,''),(3022,236,1583,NULL,'',NULL,'',NULL,''),(3023,236,1584,NULL,'',NULL,'',NULL,''),(3024,236,1585,NULL,'',NULL,'',NULL,''),(3025,236,1586,NULL,'',NULL,'',NULL,''),(3026,236,1587,NULL,'',NULL,'',NULL,''),(3027,236,1588,NULL,'',NULL,'',NULL,''),(3028,236,1589,NULL,'',NULL,'',NULL,''),(3029,236,1590,NULL,'',NULL,'',NULL,''),(3030,237,1696,NULL,'',NULL,'',NULL,''),(3031,237,1697,NULL,'',NULL,'',NULL,''),(3032,237,1698,21,'',NULL,'',NULL,''),(3033,237,1699,NULL,'',NULL,'',NULL,''),(3034,237,1700,21,'',NULL,'',NULL,''),(3035,237,1701,NULL,'',NULL,'',NULL,''),(3036,237,1702,21,'',NULL,'',NULL,''),(3037,237,1703,NULL,'',NULL,'',NULL,''),(3038,237,1704,NULL,'',NULL,'',NULL,''),(3039,237,1705,NULL,'',NULL,'',NULL,''),(3040,237,1706,NULL,'',NULL,'',NULL,''),(3041,237,1707,21,'',NULL,'',NULL,''),(3042,237,1708,NULL,'',NULL,'',NULL,''),(3043,237,1709,NULL,'',NULL,'',NULL,''),(3044,238,1276,21,'',NULL,'',NULL,''),(3045,238,1277,21,'',NULL,'',NULL,''),(3046,238,1278,NULL,'',NULL,'',NULL,''),(3047,238,1279,21,'',NULL,'',NULL,''),(3048,238,1280,NULL,'',NULL,'',NULL,''),(3049,238,1281,NULL,'',NULL,'',NULL,''),(3050,238,1282,21,'',NULL,'',NULL,''),(3051,238,1283,21,'',NULL,'',NULL,''),(3052,238,1284,NULL,'',NULL,'',NULL,''),(3053,238,1285,NULL,'',NULL,'',NULL,''),(3054,238,1286,NULL,'',NULL,'',NULL,''),(3055,238,1287,NULL,'',NULL,'',NULL,''),(3056,238,1288,NULL,'',NULL,'',NULL,''),(3057,238,1289,NULL,'',NULL,'',NULL,''),(3058,239,1753,6,'',NULL,'',NULL,''),(3059,239,1754,6,'',NULL,'',NULL,''),(3060,239,1755,6,'',NULL,'',NULL,''),(3061,239,1756,6,'',NULL,'',NULL,''),(3062,239,1757,6,'',NULL,'',NULL,''),(3063,239,1758,6,'',NULL,'',NULL,''),(3064,239,1759,6,'',NULL,'',NULL,''),(3065,239,1760,6,'',NULL,'',NULL,''),(3066,239,1761,6,'',NULL,'',NULL,''),(3067,239,1762,6,'',NULL,'',NULL,''),(3068,239,1763,6,'',NULL,'',NULL,''),(3069,239,1764,6,'',NULL,'',NULL,''),(3070,239,1765,6,'',NULL,'',NULL,''),(3071,239,1766,6,'',NULL,'',NULL,''),(3072,239,1767,6,'',NULL,'',NULL,''),(3073,240,1782,29,'',NULL,'',NULL,''),(3074,240,1783,29,'',NULL,'',NULL,''),(3075,240,1784,29,'',NULL,'',NULL,''),(3076,240,1785,29,'',NULL,'',NULL,''),(3077,240,1786,29,'',NULL,'',NULL,''),(3078,240,1787,29,'',NULL,'',NULL,''),(3079,240,1788,29,'',NULL,'',NULL,''),(3080,240,1789,29,'',NULL,'',NULL,''),(3081,240,1790,29,'',NULL,'',NULL,''),(3082,240,1791,29,'',NULL,'',NULL,''),(3083,240,1792,29,'',NULL,'',NULL,''),(3084,240,1793,29,'',NULL,'',NULL,''),(3085,241,1735,23,'',NULL,'',NULL,''),(3086,241,1736,23,'',NULL,'',NULL,''),(3087,241,1737,23,'',NULL,'',NULL,''),(3088,241,1738,23,'',NULL,'',NULL,''),(3089,241,1739,23,'',NULL,'',NULL,''),(3090,241,1740,23,'',NULL,'',NULL,''),(3091,241,1741,23,'',NULL,'',NULL,''),(3092,241,1742,23,'',NULL,'',NULL,''),(3093,241,1743,23,'',NULL,'',NULL,''),(3094,241,1744,23,'',NULL,'',NULL,''),(3095,241,1745,23,'',NULL,'',NULL,''),(3096,241,1746,23,'',NULL,'',NULL,''),(3097,241,1747,23,'',NULL,'',NULL,''),(3098,241,1748,23,'',NULL,'',NULL,''),(3099,241,1749,23,'',NULL,'',NULL,''),(3100,241,1750,23,'',NULL,'',NULL,''),(3101,241,1751,23,'',NULL,'',NULL,''),(3102,241,1752,23,'',NULL,'',NULL,''),(3103,242,211,NULL,'',NULL,'',NULL,''),(3104,242,212,NULL,'',NULL,'',NULL,''),(3105,242,213,NULL,'',NULL,'',NULL,''),(3106,242,214,NULL,'',NULL,'',NULL,''),(3107,242,215,NULL,'',NULL,'',NULL,''),(3108,242,216,NULL,'',NULL,'',NULL,''),(3109,242,217,NULL,'',NULL,'',NULL,''),(3110,242,218,NULL,'',NULL,'',NULL,''),(3111,242,219,NULL,'',NULL,'',NULL,''),(3112,242,220,NULL,'',NULL,'',NULL,''),(3113,242,221,NULL,'',NULL,'',NULL,''),(3114,242,222,NULL,'',NULL,'',NULL,''),(3115,242,223,NULL,'',NULL,'',NULL,''),(3116,242,224,NULL,'',NULL,'',NULL,''),(3117,242,225,NULL,'',NULL,'',NULL,''),(3118,242,226,NULL,'',NULL,'',NULL,''),(3119,242,227,NULL,'',NULL,'',NULL,''),(3120,242,228,NULL,'',NULL,'',NULL,''),(3121,242,229,NULL,'',NULL,'',NULL,''),(3122,242,230,NULL,'',NULL,'',NULL,''),(3123,242,231,NULL,'',NULL,'',NULL,''),(3124,242,232,NULL,'',NULL,'',NULL,''),(3125,242,233,NULL,'',NULL,'',NULL,''),(3126,242,234,29,'',NULL,'',NULL,''),(3127,242,235,NULL,'',NULL,'',NULL,''),(3128,242,236,NULL,'',NULL,'',NULL,''),(3129,242,237,NULL,'',NULL,'',NULL,''),(3130,242,238,29,'',NULL,'',NULL,''),(3131,242,239,NULL,'',NULL,'',NULL,''),(3132,242,240,NULL,'',NULL,'',NULL,''),(3133,242,241,NULL,'',NULL,'',NULL,''),(3134,243,2500,NULL,'',NULL,'',NULL,''),(3135,243,2501,NULL,'',NULL,'',NULL,''),(3136,243,2502,30,'',NULL,'',NULL,''),(3137,243,2503,NULL,'',NULL,'',NULL,''),(3138,243,2504,NULL,'',NULL,'',NULL,''),(3139,243,2505,30,'',NULL,'',NULL,''),(3140,243,2506,30,'',NULL,'',NULL,''),(3141,243,2507,30,'',NULL,'',NULL,''),(3142,243,2508,30,'',NULL,'',NULL,''),(3143,243,2509,NULL,'',NULL,'',NULL,''),(3144,243,2510,NULL,'',NULL,'',NULL,''),(3145,243,2511,NULL,'',NULL,'',NULL,''),(3146,243,2512,NULL,'',NULL,'',NULL,''),(3147,243,2513,NULL,'',NULL,'',NULL,''),(3148,243,2514,NULL,'',NULL,'',NULL,''),(3149,243,2515,NULL,'',NULL,'',NULL,''),(3150,243,2516,NULL,'',NULL,'',NULL,''),(3151,243,2517,NULL,'',NULL,'',NULL,''),(3152,243,2518,NULL,'',NULL,'',NULL,''),(3153,244,1809,NULL,'',NULL,'',NULL,''),(3154,244,1810,29,'',NULL,'',NULL,''),(3155,244,1811,NULL,'',NULL,'',NULL,''),(3156,244,1812,29,'',NULL,'',NULL,''),(3157,244,1813,NULL,'',NULL,'',NULL,''),(3158,244,1814,NULL,'',NULL,'',NULL,''),(3159,244,1815,NULL,'',NULL,'',NULL,''),(3160,244,1816,29,'',NULL,'',NULL,''),(3161,244,1817,NULL,'',NULL,'',NULL,''),(3162,244,1818,NULL,'',NULL,'',NULL,''),(3163,244,1819,29,'',NULL,'',NULL,''),(3164,244,1820,NULL,'',NULL,'',NULL,''),(3165,244,1821,NULL,'',NULL,'',NULL,''),(3166,244,1822,NULL,'',NULL,'',NULL,''),(3167,244,1823,29,'',NULL,'',NULL,''),(3168,244,1824,NULL,'',NULL,'',NULL,''),(3169,244,1825,NULL,'',NULL,'',NULL,''),(3170,245,2607,NULL,'',NULL,'',NULL,''),(3171,245,2608,NULL,'',NULL,'',NULL,''),(3172,245,2609,NULL,'',NULL,'',NULL,''),(3173,245,2610,NULL,'',NULL,'',NULL,''),(3174,245,2611,NULL,'',NULL,'',NULL,''),(3175,245,2612,NULL,'',NULL,'',NULL,''),(3176,245,2613,NULL,'',NULL,'',NULL,''),(3177,245,2614,NULL,'',NULL,'',NULL,''),(3178,245,2615,NULL,'',NULL,'',NULL,''),(3179,245,2616,NULL,'',NULL,'',NULL,''),(3180,245,2617,NULL,'',NULL,'',NULL,''),(3181,245,2618,3,'',NULL,'',NULL,''),(3182,245,2619,NULL,'',NULL,'',NULL,''),(3183,245,2620,NULL,'',NULL,'',NULL,''),(3184,246,1794,NULL,'',NULL,'',NULL,''),(3185,246,1795,NULL,'',NULL,'',NULL,''),(3186,246,1796,NULL,'',NULL,'',NULL,''),(3187,246,1797,NULL,'',NULL,'',NULL,''),(3188,246,1798,NULL,'',NULL,'',NULL,''),(3189,246,1799,NULL,'',NULL,'',NULL,''),(3190,246,1800,NULL,'',NULL,'',NULL,''),(3191,246,1801,NULL,'',NULL,'',NULL,''),(3192,246,1802,NULL,'',NULL,'',NULL,''),(3193,246,1803,NULL,'',NULL,'',NULL,''),(3194,246,1804,NULL,'',NULL,'',NULL,''),(3195,246,1805,NULL,'',NULL,'',NULL,''),(3196,246,1806,NULL,'',NULL,'',NULL,''),(3197,246,1807,NULL,'',NULL,'',NULL,''),(3198,246,1808,NULL,'',NULL,'',NULL,''),(3199,247,242,NULL,'',NULL,'',NULL,''),(3200,247,243,NULL,'',NULL,'',NULL,''),(3201,247,244,NULL,'',NULL,'',NULL,''),(3202,247,245,NULL,'',NULL,'',NULL,''),(3203,247,246,NULL,'',NULL,'',NULL,''),(3204,247,247,30,'',NULL,'',NULL,''),(3205,247,248,NULL,'',NULL,'',NULL,''),(3206,247,249,30,'',NULL,'',NULL,''),(3207,247,250,NULL,'',NULL,'',NULL,''),(3208,247,251,30,'',NULL,'',NULL,''),(3209,247,252,NULL,'',NULL,'',NULL,''),(3210,247,253,NULL,'',NULL,'',NULL,''),(3211,247,254,NULL,'',NULL,'',NULL,''),(3212,247,255,30,'',NULL,'',NULL,''),(3213,247,256,NULL,'',NULL,'',NULL,''),(3214,247,257,NULL,'',NULL,'',NULL,''),(3215,247,258,NULL,'',NULL,'',NULL,''),(3216,247,259,NULL,'',NULL,'',NULL,''),(3217,247,260,NULL,'',NULL,'',NULL,''),(3218,247,261,NULL,'',NULL,'',NULL,''),(3219,247,262,NULL,'',NULL,'',NULL,''),(3220,247,263,NULL,'',NULL,'',NULL,''),(3221,247,264,NULL,'',NULL,'',NULL,''),(3222,247,265,NULL,'',NULL,'',NULL,''),(3223,247,266,NULL,'',NULL,'',NULL,''),(3224,247,267,NULL,'',NULL,'',NULL,''),(3225,247,268,NULL,'',NULL,'',NULL,''),(3226,247,269,NULL,'',NULL,'',NULL,''),(3227,247,270,NULL,'',NULL,'',NULL,''),(3228,247,271,NULL,'',NULL,'',NULL,''),(3229,247,272,NULL,'',NULL,'',NULL,''),(3230,247,273,NULL,'',NULL,'',NULL,''),(3231,247,274,NULL,'',NULL,'',NULL,''),(3232,247,275,NULL,'',NULL,'',NULL,''),(3233,247,276,NULL,'',NULL,'',NULL,''),(3234,247,277,NULL,'',NULL,'',NULL,''),(3235,247,278,NULL,'',NULL,'',NULL,''),(3236,248,1889,26,'',NULL,'',NULL,''),(3237,248,1890,NULL,'',NULL,'',NULL,''),(3238,248,1891,26,'',NULL,'',NULL,''),(3239,248,1892,NULL,'',NULL,'',NULL,''),(3240,248,1893,NULL,'',NULL,'',NULL,''),(3241,248,1894,NULL,'',NULL,'',NULL,''),(3242,248,1895,NULL,'',NULL,'',NULL,''),(3243,248,1896,NULL,'',NULL,'',NULL,''),(3244,248,1897,NULL,'',NULL,'',NULL,''),(3245,248,1898,NULL,'',NULL,'',NULL,''),(3246,248,1899,NULL,'',NULL,'',NULL,''),(3247,248,1900,NULL,'',NULL,'',NULL,''),(3248,249,1869,26,'',NULL,'',NULL,''),(3249,249,1870,26,'',NULL,'',NULL,''),(3250,249,1871,26,'',NULL,'',NULL,''),(3251,249,1872,26,'',NULL,'',NULL,''),(3252,249,1873,26,'',NULL,'',NULL,''),(3253,249,1874,26,'',NULL,'',NULL,''),(3254,249,1875,26,'',NULL,'',NULL,''),(3255,249,1876,NULL,'',NULL,'',NULL,''),(3256,249,1877,NULL,'',NULL,'',NULL,''),(3257,249,1878,26,'',NULL,'',NULL,''),(3258,249,1879,26,'',NULL,'',NULL,''),(3259,249,1880,NULL,'',NULL,'',NULL,''),(3260,249,1881,NULL,'',NULL,'',NULL,''),(3261,249,1882,26,'',NULL,'',NULL,''),(3262,249,1883,26,'',NULL,'',NULL,''),(3263,249,1884,26,'',NULL,'',NULL,''),(3264,249,1885,NULL,'',NULL,'',NULL,''),(3265,249,1886,NULL,'',NULL,'',NULL,''),(3266,249,1887,NULL,'',NULL,'',NULL,''),(3267,249,1888,NULL,'',NULL,'',NULL,''),(3268,250,1838,21,'',NULL,'',NULL,''),(3269,250,1839,21,'',NULL,'',NULL,''),(3270,250,1840,21,'',NULL,'',NULL,''),(3271,250,1841,21,'',NULL,'',NULL,''),(3272,250,1842,NULL,'',NULL,'',NULL,''),(3273,250,1843,NULL,'',NULL,'',NULL,''),(3274,250,1844,21,'',NULL,'',NULL,''),(3275,250,1845,NULL,'',NULL,'',NULL,''),(3276,250,1846,21,'',NULL,'',NULL,''),(3277,250,1847,21,'',NULL,'',NULL,''),(3278,250,1848,NULL,'',NULL,'',NULL,''),(3279,250,1849,NULL,'',NULL,'',NULL,''),(3280,250,1850,NULL,'',NULL,'',NULL,''),(3281,250,1851,NULL,'',NULL,'',NULL,''),(3282,250,1852,NULL,'',NULL,'',NULL,''),(3283,250,1853,21,'',NULL,'',NULL,''),(3284,250,1854,21,'',NULL,'',NULL,''),(3285,251,1325,29,'',NULL,'',NULL,''),(3286,251,1326,29,'',NULL,'',NULL,''),(3287,251,1327,29,'',NULL,'',NULL,''),(3288,251,1328,29,'',NULL,'',NULL,''),(3289,251,1329,NULL,'',NULL,'',NULL,''),(3290,251,1330,NULL,'',NULL,'',NULL,''),(3291,251,1331,NULL,'',NULL,'',NULL,''),(3292,251,1332,NULL,'',NULL,'',NULL,''),(3293,251,1333,NULL,'',NULL,'',NULL,''),(3294,251,1334,NULL,'',NULL,'',NULL,''),(3295,251,1335,NULL,'',NULL,'',NULL,''),(3296,251,1336,NULL,'',NULL,'',NULL,''),(3297,251,1337,29,'',NULL,'',NULL,''),(3298,252,1309,NULL,'',NULL,'',NULL,''),(3299,252,1310,NULL,'',NULL,'',NULL,''),(3300,252,1311,NULL,'',NULL,'',NULL,''),(3301,252,1312,NULL,'',NULL,'',NULL,''),(3302,252,1313,NULL,'',NULL,'',NULL,''),(3303,252,1314,NULL,'',NULL,'',NULL,''),(3304,252,1315,NULL,'',NULL,'',NULL,''),(3305,252,1316,NULL,'',NULL,'',NULL,''),(3306,252,1317,NULL,'',NULL,'',NULL,''),(3307,252,1318,NULL,'',NULL,'',NULL,''),(3308,252,1319,NULL,'',NULL,'',NULL,''),(3309,252,1320,NULL,'',NULL,'',NULL,''),(3310,252,1321,NULL,'',NULL,'',NULL,''),(3311,252,1322,NULL,'',NULL,'',NULL,''),(3312,252,1323,NULL,'',NULL,'',NULL,''),(3313,252,1324,NULL,'',NULL,'',NULL,''),(3314,253,2621,21,'',NULL,'',NULL,''),(3315,253,2622,21,'',NULL,'',NULL,''),(3316,253,2623,21,'',NULL,'',NULL,''),(3317,253,2624,NULL,'',NULL,'',NULL,''),(3318,253,2625,21,'',NULL,'',NULL,''),(3319,253,2626,21,'',NULL,'',NULL,''),(3320,253,2627,21,'',NULL,'',NULL,''),(3321,253,2628,21,'',NULL,'',NULL,''),(3322,253,2629,NULL,'',NULL,'',NULL,''),(3323,253,2630,NULL,'',NULL,'',NULL,''),(3324,253,2631,NULL,'',NULL,'',NULL,''),(3325,254,2461,NULL,'',NULL,'',NULL,''),(3326,254,2462,NULL,'',NULL,'',NULL,''),(3327,254,2463,NULL,'',NULL,'',NULL,''),(3328,254,2464,NULL,'',NULL,'',NULL,''),(3329,254,2465,NULL,'',NULL,'',NULL,''),(3330,254,2466,NULL,'',NULL,'',NULL,''),(3331,254,2467,NULL,'',NULL,'',NULL,''),(3332,254,2468,23,'',NULL,'',NULL,''),(3333,254,2469,NULL,'',NULL,'',NULL,''),(3334,254,2470,NULL,'',NULL,'',NULL,''),(3335,254,2471,NULL,'',NULL,'',NULL,''),(3336,254,2472,NULL,'',NULL,'',NULL,''),(3337,254,2632,23,'',NULL,'',NULL,''),(3338,254,2633,23,'',NULL,'',NULL,''),(3339,254,2634,23,'',NULL,'',NULL,''),(3340,254,2635,23,'',NULL,'',NULL,''),(3341,255,2636,23,'',NULL,'',NULL,''),(3342,255,2637,NULL,'',NULL,'',NULL,''),(3343,255,2638,NULL,'',NULL,'',NULL,''),(3344,255,2639,23,'',NULL,'',NULL,''),(3345,255,2640,NULL,'',NULL,'',NULL,''),(3346,255,2641,23,'',NULL,'',NULL,''),(3347,255,2642,23,'',NULL,'',NULL,''),(3348,255,2643,NULL,'',NULL,'',NULL,''),(3349,255,2644,NULL,'',NULL,'',NULL,''),(3350,255,2645,NULL,'',NULL,'',NULL,''),(3351,256,1683,29,'',NULL,'',NULL,''),(3352,256,1684,NULL,'',NULL,'',NULL,''),(3353,256,1685,NULL,'',NULL,'',NULL,''),(3354,256,1686,NULL,'',NULL,'',NULL,''),(3355,256,1687,NULL,'',NULL,'',NULL,''),(3356,256,1688,NULL,'',NULL,'',NULL,''),(3357,256,1689,NULL,'',NULL,'',NULL,''),(3358,256,1690,NULL,'',NULL,'',NULL,''),(3359,256,1691,NULL,'',NULL,'',NULL,''),(3360,256,1692,29,'',NULL,'',NULL,''),(3361,256,1693,NULL,'',NULL,'',NULL,''),(3362,256,1694,29,'',NULL,'',NULL,''),(3363,256,1695,NULL,'',NULL,'',NULL,''),(3364,257,2429,23,'',NULL,'',NULL,''),(3365,257,2430,NULL,'',NULL,'',NULL,''),(3366,257,2431,NULL,'',NULL,'',NULL,''),(3367,257,2432,NULL,'',NULL,'',NULL,''),(3368,257,2433,23,'',NULL,'',NULL,''),(3369,257,2434,NULL,'',NULL,'',NULL,''),(3370,257,2435,NULL,'',NULL,'',NULL,''),(3371,257,2436,23,'',NULL,'',NULL,''),(3372,257,2437,NULL,'',NULL,'',NULL,''),(3373,257,2438,NULL,'',NULL,'',NULL,''),(3374,257,1551,NULL,'',NULL,'',NULL,''),(3375,258,2646,23,'',NULL,'',NULL,''),(3376,258,2647,23,'',NULL,'',NULL,''),(3377,258,2648,NULL,'',NULL,'',NULL,''),(3378,258,2649,23,'',NULL,'',NULL,''),(3379,258,2650,23,'',NULL,'',NULL,''),(3380,258,2651,23,'',NULL,'',NULL,''),(3381,258,2652,23,'',NULL,'',NULL,''),(3382,258,2653,NULL,'',NULL,'',NULL,''),(3383,258,2654,NULL,'',NULL,'',NULL,''),(3384,258,2655,23,'',NULL,'',NULL,''),(3385,259,1647,NULL,'',NULL,'',NULL,''),(3386,259,1648,29,'',NULL,'',NULL,''),(3387,259,1649,29,'',NULL,'',NULL,''),(3388,259,1650,NULL,'',NULL,'',NULL,''),(3389,259,1651,29,'',NULL,'',NULL,''),(3390,259,1652,29,'',NULL,'',NULL,''),(3391,259,1653,NULL,'',NULL,'',NULL,''),(3392,259,1654,NULL,'',NULL,'',NULL,''),(3393,259,1655,29,'',NULL,'',NULL,''),(3394,259,1656,NULL,'',NULL,'',NULL,''),(3395,259,1657,NULL,'',NULL,'',NULL,''),(3396,259,1658,NULL,'',NULL,'',NULL,''),(3397,259,1659,NULL,'',NULL,'',NULL,''),(3398,260,1354,NULL,'',NULL,'',NULL,''),(3399,260,1355,NULL,'',NULL,'',NULL,''),(3400,260,1356,NULL,'',NULL,'',NULL,''),(3401,260,1357,NULL,'',NULL,'',NULL,''),(3402,260,1358,NULL,'',NULL,'',NULL,''),(3403,260,1359,NULL,'',NULL,'',NULL,''),(3404,260,1360,NULL,'',NULL,'',NULL,''),(3405,260,1361,NULL,'',NULL,'',NULL,''),(3406,260,1362,NULL,'',NULL,'',NULL,''),(3407,260,1363,NULL,'',NULL,'',NULL,''),(3408,260,1364,NULL,'',NULL,'',NULL,''),(3409,260,1365,NULL,'',NULL,'',NULL,''),(3410,261,1366,NULL,'',NULL,'',NULL,''),(3411,261,1367,NULL,'',NULL,'',NULL,''),(3412,261,1368,NULL,'',NULL,'',NULL,''),(3413,261,1369,NULL,'',NULL,'',NULL,''),(3414,261,1370,NULL,'',NULL,'',NULL,''),(3415,261,1371,NULL,'',NULL,'',NULL,''),(3416,261,1372,NULL,'',NULL,'',NULL,''),(3417,261,1373,NULL,'',NULL,'',NULL,''),(3418,261,1374,NULL,'',NULL,'',NULL,''),(3419,261,1375,NULL,'',NULL,'',NULL,''),(3420,261,1376,NULL,'',NULL,'',NULL,''),(3421,261,1377,NULL,'',NULL,'',NULL,''),(3422,262,1660,NULL,'',NULL,'',NULL,''),(3423,262,1661,NULL,'',NULL,'',NULL,''),(3424,262,1662,NULL,'',NULL,'',NULL,''),(3425,262,1663,29,'',NULL,'',NULL,''),(3426,262,1664,NULL,'',NULL,'',NULL,''),(3427,262,1665,NULL,'',NULL,'',NULL,''),(3428,262,1666,29,'',NULL,'',NULL,''),(3429,262,1667,NULL,'',NULL,'',NULL,''),(3430,262,1668,NULL,'',NULL,'',NULL,''),(3431,262,1669,NULL,'',NULL,'',NULL,''),(3432,262,1670,NULL,'',NULL,'',NULL,''),(3433,262,1671,NULL,'',NULL,'',NULL,''),(3434,263,2656,NULL,'',NULL,'',NULL,''),(3435,263,2657,NULL,'',NULL,'',NULL,''),(3436,263,2658,NULL,'',NULL,'',NULL,''),(3437,263,2659,NULL,'',NULL,'',NULL,''),(3438,263,2660,28,'',NULL,'',NULL,''),(3439,263,2661,NULL,'',NULL,'',NULL,''),(3440,263,2662,NULL,'',NULL,'',NULL,''),(3441,263,2663,NULL,'',NULL,'',NULL,''),(3442,263,2664,NULL,'',NULL,'',NULL,''),(3443,263,2665,NULL,'',NULL,'',NULL,''),(3444,263,2666,NULL,'',NULL,'',NULL,''),(3445,264,1672,NULL,'',NULL,'',NULL,''),(3446,264,1673,NULL,'',NULL,'',NULL,''),(3447,264,1674,21,'',NULL,'',NULL,''),(3448,264,1675,21,'',NULL,'',NULL,''),(3449,264,1676,NULL,'',NULL,'',NULL,''),(3450,264,1677,NULL,'',NULL,'',NULL,''),(3451,264,1678,NULL,'',NULL,'',NULL,''),(3452,264,1679,21,'',NULL,'',NULL,''),(3453,264,1680,NULL,'',NULL,'',NULL,''),(3454,264,1681,21,'',NULL,'',NULL,''),(3455,264,1682,NULL,'',NULL,'',NULL,''),(3456,265,1696,NULL,'',NULL,'',NULL,''),(3457,265,1697,NULL,'',NULL,'',NULL,''),(3458,265,1698,NULL,'',NULL,'',NULL,''),(3459,265,1699,29,'',NULL,'',NULL,''),(3460,265,1700,29,'',NULL,'',NULL,''),(3461,265,1701,29,'',NULL,'',NULL,''),(3462,265,1702,NULL,'',NULL,'',NULL,''),(3463,265,1703,NULL,'',NULL,'',NULL,''),(3464,265,1704,NULL,'',NULL,'',NULL,''),(3465,265,1705,NULL,'',NULL,'',NULL,''),(3466,265,1706,NULL,'',NULL,'',NULL,''),(3467,265,1707,29,'',NULL,'',NULL,''),(3468,265,1708,NULL,'',NULL,'',NULL,''),(3469,265,1709,NULL,'',NULL,'',NULL,''),(3470,266,1622,NULL,'',NULL,'',NULL,''),(3471,266,1623,29,'',NULL,'',NULL,''),(3472,266,1624,NULL,'',NULL,'',NULL,''),(3473,266,1625,NULL,'',NULL,'',NULL,''),(3474,266,1626,NULL,'',NULL,'',NULL,''),(3475,266,1627,NULL,'',NULL,'',NULL,''),(3476,266,1628,NULL,'',NULL,'',NULL,''),(3477,266,1629,29,'',NULL,'',NULL,''),(3478,266,1630,NULL,'',NULL,'',NULL,''),(3479,266,1631,NULL,'',NULL,'',NULL,''),(3480,266,1632,NULL,'',NULL,'',NULL,''),(3481,267,1768,6,'',NULL,'',NULL,''),(3482,267,1769,6,'',NULL,'',NULL,''),(3483,267,1770,6,'',NULL,'',NULL,''),(3484,267,1771,6,'',NULL,'',NULL,''),(3485,267,1772,6,'',NULL,'',NULL,''),(3486,267,1773,NULL,'',NULL,'',NULL,''),(3487,267,1774,6,'',NULL,'',NULL,''),(3488,267,1775,6,'',NULL,'',NULL,''),(3489,267,1776,6,'',NULL,'',NULL,''),(3490,267,1777,6,'',NULL,'',NULL,''),(3491,267,1778,6,'',NULL,'',NULL,''),(3492,267,1779,6,'',NULL,'',NULL,''),(3493,267,1780,6,'',NULL,'',NULL,''),(3494,267,1781,6,'',NULL,'',NULL,''),(3495,268,1609,21,'',NULL,'',NULL,''),(3496,268,1610,21,'',NULL,'',NULL,''),(3497,268,1611,NULL,'',NULL,'',NULL,''),(3498,268,1612,21,'',NULL,'',NULL,''),(3499,268,1613,NULL,'',NULL,'',NULL,''),(3500,268,1614,21,'',NULL,'',NULL,''),(3501,268,1615,NULL,'',NULL,'',NULL,''),(3502,268,1616,21,'',NULL,'',NULL,''),(3503,268,1617,NULL,'',NULL,'',NULL,''),(3504,268,1618,21,'',NULL,'',NULL,''),(3505,268,1619,NULL,'',NULL,'',NULL,''),(3506,268,1620,NULL,'',NULL,'',NULL,''),(3507,268,1621,NULL,'',NULL,'',NULL,''),(3508,269,1735,42,'',NULL,'',NULL,''),(3509,269,1736,NULL,'',NULL,'',NULL,''),(3510,269,1737,42,'',NULL,'',NULL,''),(3511,269,1738,42,'',NULL,'',NULL,''),(3512,269,1739,42,'',NULL,'',NULL,''),(3513,269,1740,42,'',NULL,'',NULL,''),(3514,269,1741,NULL,'',NULL,'',NULL,''),(3515,269,1742,42,'',NULL,'',NULL,''),(3516,269,1743,42,'',NULL,'',NULL,''),(3517,269,1744,42,'',NULL,'',NULL,''),(3518,269,1745,42,'',NULL,'',NULL,''),(3519,269,1746,42,'',NULL,'',NULL,''),(3520,269,1747,NULL,'',NULL,'',NULL,''),(3521,269,1748,42,'',NULL,'',NULL,''),(3522,269,1749,42,'',NULL,'',NULL,''),(3523,269,1750,42,'',NULL,'',NULL,''),(3524,269,1751,42,'',NULL,'',NULL,''),(3525,269,1752,42,'',NULL,'',NULL,''),(3526,270,1826,13,'',NULL,'',NULL,''),(3527,270,1827,13,'',NULL,'',NULL,''),(3528,270,1828,13,'',NULL,'',NULL,''),(3529,270,1829,13,'',NULL,'',NULL,''),(3530,270,1830,13,'',NULL,'',NULL,''),(3531,270,1831,13,'',NULL,'',NULL,''),(3532,270,1832,13,'',NULL,'',NULL,''),(3533,270,1833,13,'',NULL,'',NULL,''),(3534,270,1834,13,'',NULL,'',NULL,''),(3535,270,1835,13,'',NULL,'',NULL,''),(3536,270,1836,13,'',NULL,'',NULL,''),(3537,270,1837,13,'',NULL,'',NULL,''),(3538,271,1782,22,'',NULL,'',NULL,''),(3539,271,1783,42,'',NULL,'',NULL,''),(3540,271,1784,NULL,'',NULL,'',NULL,''),(3541,271,1785,42,'',NULL,'',NULL,''),(3542,271,1786,42,'',NULL,'',NULL,''),(3543,271,1787,42,'',NULL,'',NULL,''),(3544,271,1788,42,'',NULL,'',NULL,''),(3545,271,1789,42,'',NULL,'',NULL,''),(3546,271,1790,42,'',NULL,'',NULL,''),(3547,271,1791,42,'',NULL,'',NULL,''),(3548,271,1792,42,'',NULL,'',NULL,''),(3549,271,1793,42,'',NULL,'',NULL,''),(3550,272,1725,42,'',NULL,'',NULL,''),(3551,272,1726,42,'',NULL,'',NULL,''),(3552,272,1727,42,'',NULL,'',NULL,''),(3553,272,1728,NULL,'',NULL,'',NULL,''),(3554,272,1729,42,'',NULL,'',NULL,''),(3555,272,1730,42,'',NULL,'',NULL,''),(3556,272,1731,42,'',NULL,'',NULL,''),(3557,272,1732,42,'',NULL,'',NULL,''),(3558,272,1733,42,'',NULL,'',NULL,''),(3559,272,1734,42,'',NULL,'',NULL,''),(3560,273,1768,13,'',NULL,'',NULL,''),(3561,273,1769,13,'',NULL,'',NULL,''),(3562,273,1770,13,'',NULL,'',NULL,''),(3563,273,1771,13,'',NULL,'',NULL,''),(3564,273,1772,13,'',NULL,'',NULL,''),(3565,273,1773,NULL,'',NULL,'',NULL,''),(3566,273,1774,13,'',NULL,'',NULL,''),(3567,273,1775,13,'',NULL,'',NULL,''),(3568,273,1776,13,'',NULL,'',NULL,''),(3569,273,1777,13,'',NULL,'',NULL,''),(3570,273,1778,13,'',NULL,'',NULL,''),(3571,273,1779,NULL,'',NULL,'',NULL,''),(3572,273,1780,13,'',NULL,'',NULL,''),(3573,273,1781,13,'',NULL,'',NULL,''),(3574,274,1838,43,'',NULL,'',NULL,''),(3575,274,1839,43,'',NULL,'',NULL,''),(3576,274,1840,43,'',NULL,'',NULL,''),(3577,274,1841,NULL,'',NULL,'',NULL,''),(3578,274,1842,43,'',NULL,'',NULL,''),(3579,274,1843,43,'',NULL,'',NULL,''),(3580,274,1844,43,'',NULL,'',NULL,''),(3581,274,1845,14,'',NULL,'',NULL,''),(3582,274,1846,43,'',NULL,'',NULL,''),(3583,274,1847,43,'',NULL,'',NULL,''),(3584,274,1848,43,'',NULL,'',NULL,''),(3585,274,1849,43,'',NULL,'',NULL,''),(3586,274,1850,43,'',NULL,'',NULL,''),(3587,274,1851,43,'',NULL,'',NULL,''),(3588,274,1852,43,'',NULL,'',NULL,''),(3589,274,1853,NULL,'',NULL,'',NULL,''),(3590,274,1854,43,'',NULL,'',NULL,''),(3591,275,1753,42,'',NULL,'',NULL,''),(3592,275,1754,42,'',NULL,'',NULL,''),(3593,275,1755,NULL,'',NULL,'',NULL,''),(3594,275,1756,NULL,'',NULL,'',NULL,''),(3595,275,1757,NULL,'',NULL,'',NULL,''),(3596,275,1758,NULL,'',NULL,'',NULL,''),(3597,275,1759,42,'',NULL,'',NULL,''),(3598,275,1760,42,'',NULL,'',NULL,''),(3599,275,1761,42,'',NULL,'',NULL,''),(3600,275,1762,42,'',NULL,'',NULL,''),(3601,275,1763,42,'',NULL,'',NULL,''),(3602,275,1764,42,'',NULL,'',NULL,''),(3603,275,1765,42,'',NULL,'',NULL,''),(3604,275,1766,42,'',NULL,'',NULL,''),(3605,275,1767,42,'',NULL,'',NULL,''),(3606,276,1725,44,'',NULL,'',NULL,''),(3607,276,1726,44,'',NULL,'',NULL,''),(3608,276,1727,44,'',NULL,'',NULL,''),(3609,276,1728,44,'',NULL,'',NULL,''),(3610,276,1729,NULL,'',NULL,'',NULL,''),(3611,276,1730,44,'',NULL,'',NULL,''),(3612,276,1731,44,'',NULL,'',NULL,''),(3613,276,1732,44,'',NULL,'',NULL,''),(3614,276,1733,44,'',NULL,'',NULL,''),(3615,276,1734,44,'',NULL,'',NULL,''),(3616,277,2667,1,'',NULL,'',NULL,''),(3617,277,2668,1,'',NULL,'',NULL,''),(3618,277,2669,1,'',NULL,'',NULL,''),(3619,277,2670,1,'',NULL,'',NULL,''),(3620,277,2671,1,'',NULL,'',NULL,''),(3621,277,2672,1,'',NULL,'',NULL,''),(3622,277,2673,1,'',NULL,'',NULL,''),(3623,277,2674,1,'',NULL,'',NULL,''),(3624,277,2675,1,'',NULL,'',NULL,''),(3625,277,2676,1,'',NULL,'',NULL,''),(3626,277,2677,1,'',NULL,'',NULL,''),(3627,277,2678,1,'',NULL,'',NULL,''),(3628,277,2368,NULL,'',NULL,'',NULL,''),(3629,278,1735,28,'',NULL,'',NULL,''),(3630,278,1736,NULL,'',NULL,'',NULL,''),(3631,278,1737,28,'',NULL,'',NULL,''),(3632,278,1738,28,'',NULL,'',NULL,''),(3633,278,1739,28,'',NULL,'',NULL,''),(3634,278,1740,28,'',NULL,'',NULL,''),(3635,278,1741,28,'',NULL,'',NULL,''),(3636,278,1742,28,'',NULL,'',NULL,''),(3637,278,1743,28,'',NULL,'',NULL,''),(3638,278,1744,28,'',NULL,'',NULL,''),(3639,278,1745,28,'',NULL,'',NULL,''),(3640,278,1746,28,'',NULL,'',NULL,''),(3641,278,1747,28,'',NULL,'',NULL,''),(3642,278,1748,28,'',NULL,'',NULL,''),(3643,278,1749,28,'',NULL,'',NULL,''),(3644,278,1750,28,'',NULL,'',NULL,''),(3645,278,1751,28,'',NULL,'',NULL,''),(3646,278,1752,28,'',NULL,'',NULL,''),(3647,279,1838,26,'',NULL,'',NULL,''),(3648,279,1839,26,'',NULL,'',NULL,''),(3649,279,1840,26,'',NULL,'',NULL,''),(3650,279,1841,NULL,'',NULL,'',NULL,''),(3651,279,1842,26,'',NULL,'',NULL,''),(3652,279,1843,26,'',NULL,'',NULL,''),(3653,279,1844,26,'',NULL,'',NULL,''),(3654,279,1845,26,'',NULL,'',NULL,''),(3655,279,1846,26,'',NULL,'',NULL,''),(3656,279,1847,26,'',NULL,'',NULL,''),(3657,279,1848,26,'',NULL,'',NULL,''),(3658,279,1849,26,'',NULL,'',NULL,''),(3659,279,1850,26,'',NULL,'',NULL,''),(3660,279,1851,NULL,'',NULL,'',NULL,''),(3661,279,1852,26,'',NULL,'',NULL,''),(3662,279,1853,26,'',NULL,'',NULL,''),(3663,279,1854,26,'',NULL,'',NULL,''),(3664,280,1768,NULL,'',NULL,'',NULL,''),(3665,280,1769,NULL,'',NULL,'',NULL,''),(3666,280,1770,11,'',NULL,'',NULL,''),(3667,280,1771,11,'',NULL,'',NULL,''),(3668,280,1772,11,'',NULL,'',NULL,''),(3669,280,1773,NULL,'',NULL,'',NULL,''),(3670,280,1774,11,'',NULL,'',NULL,''),(3671,280,1775,11,'',NULL,'',NULL,''),(3672,280,1776,11,'',NULL,'',NULL,''),(3673,280,1777,11,'',NULL,'',NULL,''),(3674,280,1778,11,'',NULL,'',NULL,''),(3675,280,1779,NULL,'',NULL,'',NULL,''),(3676,280,1780,11,'',NULL,'',NULL,''),(3677,280,1781,11,'',NULL,'',NULL,''),(3678,281,2519,13,'',NULL,'',NULL,''),(3679,281,2520,13,'',NULL,'',NULL,''),(3680,281,2521,13,'',NULL,'',NULL,''),(3681,281,2522,13,'',NULL,'',NULL,''),(3682,281,2523,13,'',NULL,'',NULL,''),(3683,281,2524,13,'',NULL,'',NULL,''),(3684,281,2525,13,'',NULL,'',NULL,''),(3685,281,2526,13,'',NULL,'',NULL,''),(3686,281,2527,13,'',NULL,'',NULL,''),(3687,281,2528,13,'',NULL,'',NULL,''),(3688,281,2529,13,'',NULL,'',NULL,''),(3689,281,2530,13,'',NULL,'',NULL,''),(3690,281,2531,13,'',NULL,'',NULL,''),(3691,281,2532,13,'',NULL,'',NULL,''),(3692,281,2533,13,'',NULL,'',NULL,''),(3693,281,2534,13,'',NULL,'',NULL,''),(3694,281,2535,13,'',NULL,'',NULL,''),(3695,282,1338,26,'',NULL,'',NULL,''),(3696,282,1339,26,'',NULL,'',NULL,''),(3697,282,1340,26,'',NULL,'',NULL,''),(3698,282,1341,26,'',NULL,'',NULL,''),(3699,282,1342,26,'',NULL,'',NULL,''),(3700,282,1343,26,'',NULL,'',NULL,''),(3701,282,1344,26,'',NULL,'',NULL,''),(3702,282,1345,26,'',NULL,'',NULL,''),(3703,282,1346,26,'',NULL,'',NULL,''),(3704,282,1347,26,'',NULL,'',NULL,''),(3705,282,1348,26,'',NULL,'',NULL,''),(3706,282,1349,26,'',NULL,'',NULL,''),(3707,282,1350,26,'',NULL,'',NULL,''),(3708,282,1351,26,'',NULL,'',NULL,''),(3709,282,1352,26,'',NULL,'',NULL,''),(3710,282,1353,26,'',NULL,'',NULL,''),(3711,283,1782,44,'',NULL,'',NULL,''),(3712,283,1783,44,'',NULL,'',NULL,''),(3713,283,1784,NULL,'',NULL,'',NULL,''),(3714,283,1785,44,'',NULL,'',NULL,''),(3715,283,1786,44,'',NULL,'',NULL,''),(3716,283,1787,44,'',NULL,'',NULL,''),(3717,283,1788,44,'',NULL,'',NULL,''),(3718,283,1789,44,'',NULL,'',NULL,''),(3719,283,1790,44,'',NULL,'',NULL,''),(3720,283,1791,44,'',NULL,'',NULL,''),(3721,283,1792,44,'',NULL,'',NULL,''),(3722,283,1793,44,'',NULL,'',NULL,''),(3723,284,1276,NULL,'',NULL,'',NULL,''),(3724,284,1277,26,'',NULL,'',NULL,''),(3725,284,1278,NULL,'',NULL,'',NULL,''),(3726,284,1279,26,'',NULL,'',NULL,''),(3727,284,1280,NULL,'',NULL,'',NULL,''),(3728,284,1281,NULL,'',NULL,'',NULL,''),(3729,284,1282,NULL,'',NULL,'',NULL,''),(3730,284,1283,26,'',NULL,'',NULL,''),(3731,284,1284,NULL,'',NULL,'',NULL,''),(3732,284,1285,NULL,'',NULL,'',NULL,''),(3733,284,1286,26,'',NULL,'',NULL,''),(3734,284,1287,NULL,'',NULL,'',NULL,''),(3735,284,1288,NULL,'',NULL,'',NULL,''),(3736,284,1289,NULL,'',NULL,'',NULL,''),(3737,285,1563,26,'',NULL,'',NULL,''),(3738,285,1564,NULL,'',NULL,'',NULL,''),(3739,285,1565,26,'',NULL,'',NULL,''),(3740,285,1566,26,'',NULL,'',NULL,''),(3741,285,1567,26,'',NULL,'',NULL,''),(3742,285,1568,NULL,'',NULL,'',NULL,''),(3743,285,1569,26,'',NULL,'',NULL,''),(3744,285,1570,26,'',NULL,'',NULL,''),(3745,285,1571,26,'',NULL,'',NULL,''),(3746,285,1572,NULL,'',NULL,'',NULL,''),(3747,285,1573,NULL,'',NULL,'',NULL,''),(3748,285,1574,26,'',NULL,'',NULL,''),(3749,285,1575,NULL,'',NULL,'',NULL,''),(3750,286,1325,NULL,'',NULL,'',NULL,''),(3751,286,1326,NULL,'',NULL,'',NULL,''),(3752,286,1327,35,'',NULL,'',NULL,''),(3753,286,1328,35,'',NULL,'',NULL,''),(3754,286,1329,NULL,'',NULL,'',NULL,''),(3755,286,1330,35,'',NULL,'',NULL,''),(3756,286,1331,35,'',NULL,'',NULL,''),(3757,286,1332,NULL,'',NULL,'',NULL,''),(3758,286,1333,NULL,'',NULL,'',NULL,''),(3759,286,1334,NULL,'',NULL,'',NULL,''),(3760,286,1335,NULL,'',NULL,'',NULL,''),(3761,286,1336,NULL,'',NULL,'',NULL,''),(3762,286,1337,NULL,'',NULL,'',NULL,''),(3763,287,1309,NULL,'',NULL,'',NULL,''),(3764,287,1310,NULL,'',NULL,'',NULL,''),(3765,287,1311,NULL,'',NULL,'',NULL,''),(3766,287,1312,NULL,'',NULL,'',NULL,''),(3767,287,1313,NULL,'',NULL,'',NULL,''),(3768,287,1314,NULL,'',NULL,'',NULL,''),(3769,287,1315,NULL,'',NULL,'',NULL,''),(3770,287,1316,NULL,'',NULL,'',NULL,''),(3771,287,1317,NULL,'',NULL,'',NULL,''),(3772,287,1318,NULL,'',NULL,'',NULL,''),(3773,287,1319,NULL,'',NULL,'',NULL,''),(3774,287,1320,NULL,'',NULL,'',NULL,''),(3775,287,1321,NULL,'',NULL,'',NULL,''),(3776,287,1322,NULL,'',NULL,'',NULL,''),(3777,287,1323,NULL,'',NULL,'',NULL,''),(3778,287,1324,NULL,'',NULL,'',NULL,''),(3779,288,1354,42,'',NULL,'',NULL,''),(3780,288,1355,NULL,'',NULL,'',NULL,''),(3781,288,1356,42,'',NULL,'',NULL,''),(3782,288,1357,NULL,'',NULL,'',NULL,''),(3783,288,1358,NULL,'',NULL,'',NULL,''),(3784,288,1359,NULL,'',NULL,'',NULL,''),(3785,288,1360,42,'',NULL,'',NULL,''),(3786,288,1361,NULL,'',NULL,'',NULL,''),(3787,288,1362,NULL,'',NULL,'',NULL,''),(3788,288,1363,42,'',NULL,'',NULL,''),(3789,288,1364,NULL,'',NULL,'',NULL,''),(3790,288,1365,NULL,'',NULL,'',NULL,''),(3791,289,1412,NULL,'',NULL,'',NULL,''),(3792,289,1413,NULL,'',NULL,'',NULL,''),(3793,289,1414,NULL,'',NULL,'',NULL,''),(3794,289,1415,NULL,'',NULL,'',NULL,''),(3795,289,1416,NULL,'',NULL,'',NULL,''),(3796,289,1417,NULL,'',NULL,'',NULL,''),(3797,289,1418,NULL,'',NULL,'',NULL,''),(3798,289,1419,NULL,'',NULL,'',NULL,''),(3799,289,1420,NULL,'',NULL,'',NULL,''),(3800,289,1421,NULL,'',NULL,'',NULL,''),(3801,289,1422,NULL,'',NULL,'',NULL,''),(3802,290,1290,NULL,'',NULL,'',NULL,''),(3803,290,1291,NULL,'',NULL,'',NULL,''),(3804,290,1292,NULL,'',NULL,'',NULL,''),(3805,290,1293,48,'',NULL,'',NULL,''),(3806,290,1294,NULL,'',NULL,'',NULL,''),(3807,290,1295,NULL,'',NULL,'',NULL,''),(3808,290,1296,NULL,'',NULL,'',NULL,''),(3809,290,1297,NULL,'',NULL,'',NULL,''),(3810,290,1298,NULL,'',NULL,'',NULL,''),(3811,290,1299,NULL,'',NULL,'',NULL,''),(3812,290,1300,NULL,'',NULL,'',NULL,''),(3813,290,1301,48,'',NULL,'',NULL,''),(3814,290,1302,48,'',NULL,'',NULL,''),(3815,290,1303,NULL,'',NULL,'',NULL,''),(3816,290,1304,NULL,'',NULL,'',NULL,''),(3817,290,1305,NULL,'',NULL,'',NULL,''),(3818,290,1306,48,'',NULL,'',NULL,''),(3819,290,1307,48,'',NULL,'',NULL,''),(3820,290,1308,NULL,'',NULL,'',NULL,''),(3821,291,1476,NULL,'',NULL,'',NULL,''),(3822,291,1477,NULL,'',NULL,'',NULL,''),(3823,291,1478,NULL,'',NULL,'',NULL,''),(3824,291,1479,NULL,'',NULL,'',NULL,''),(3825,291,1480,NULL,'',NULL,'',NULL,''),(3826,291,1481,42,'',NULL,'',NULL,''),(3827,291,1482,NULL,'',NULL,'',NULL,''),(3828,291,1483,NULL,'',NULL,'',NULL,''),(3829,291,1484,NULL,'',NULL,'',NULL,''),(3830,291,1485,NULL,'',NULL,'',NULL,''),(3831,291,1486,NULL,'',NULL,'',NULL,''),(3832,291,1487,NULL,'',NULL,'',NULL,''),(3833,291,1488,NULL,'',NULL,'',NULL,''),(3834,291,1489,NULL,'',NULL,'',NULL,''),(3835,292,1366,NULL,'',NULL,'',NULL,''),(3836,292,1367,NULL,'',NULL,'',NULL,''),(3837,292,1368,NULL,'',NULL,'',NULL,''),(3838,292,1369,NULL,'',NULL,'',NULL,''),(3839,292,1370,NULL,'',NULL,'',NULL,''),(3840,292,1371,NULL,'',NULL,'',NULL,''),(3841,292,1372,NULL,'',NULL,'',NULL,''),(3842,292,1373,NULL,'',NULL,'',NULL,''),(3843,292,1374,NULL,'',NULL,'',NULL,''),(3844,292,1375,NULL,'',NULL,'',NULL,''),(3845,292,1376,NULL,'',NULL,'',NULL,''),(3846,292,1377,NULL,'',NULL,'',NULL,''),(3847,293,1378,11,'',NULL,'',NULL,''),(3848,293,1379,NULL,'',NULL,'',NULL,''),(3849,293,1380,11,'',NULL,'',NULL,''),(3850,293,1381,11,'',NULL,'',NULL,''),(3851,293,1382,11,'',NULL,'',NULL,''),(3852,293,1383,NULL,'',NULL,'',NULL,''),(3853,293,1384,NULL,'',NULL,'',NULL,''),(3854,293,1385,NULL,'',NULL,'',NULL,''),(3855,293,1386,11,'',NULL,'',NULL,''),(3856,293,1387,NULL,'',NULL,'',NULL,''),(3857,293,1388,NULL,'',NULL,'',NULL,''),(3858,293,1389,NULL,'',NULL,'',NULL,''),(3859,293,1390,NULL,'',NULL,'',NULL,''),(3860,293,1391,NULL,'',NULL,'',NULL,''),(3861,293,1392,NULL,'',NULL,'',NULL,''),(3862,293,1393,NULL,'',NULL,'',NULL,''),(3863,293,1394,NULL,'',NULL,'',NULL,''),(3864,294,1490,NULL,'',NULL,'',NULL,''),(3865,294,1491,NULL,'',NULL,'',NULL,''),(3866,294,1492,NULL,'',NULL,'',NULL,''),(3867,294,1493,NULL,'',NULL,'',NULL,''),(3868,294,1494,NULL,'',NULL,'',NULL,''),(3869,294,1495,NULL,'',NULL,'',NULL,''),(3870,294,1496,NULL,'',NULL,'',NULL,''),(3871,294,1497,NULL,'',NULL,'',NULL,''),(3872,294,1498,NULL,'',NULL,'',NULL,''),(3873,294,1499,NULL,'',NULL,'',NULL,''),(3874,294,1500,NULL,'',NULL,'',NULL,''),(3875,294,1501,NULL,'',NULL,'',NULL,''),(3876,295,1464,NULL,'',NULL,'',NULL,''),(3877,295,1465,NULL,'',NULL,'',NULL,''),(3878,295,1466,NULL,'',NULL,'',NULL,''),(3879,295,1467,NULL,'',NULL,'',NULL,''),(3880,295,1468,NULL,'',NULL,'',NULL,''),(3881,295,1469,NULL,'',NULL,'',NULL,''),(3882,295,1470,NULL,'',NULL,'',NULL,''),(3883,295,1471,NULL,'',NULL,'',NULL,''),(3884,295,1472,NULL,'',NULL,'',NULL,''),(3885,295,1473,NULL,'',NULL,'',NULL,''),(3886,295,1474,NULL,'',NULL,'',NULL,''),(3887,295,1475,11,'',NULL,'',NULL,''),(3888,296,2646,NULL,'',NULL,'',NULL,''),(3889,296,2647,NULL,'',NULL,'',NULL,''),(3890,296,2648,NULL,'',NULL,'',NULL,''),(3891,296,2649,NULL,'',NULL,'',NULL,''),(3892,296,2650,NULL,'',NULL,'',NULL,''),(3893,296,2651,NULL,'',NULL,'',NULL,''),(3894,296,2652,NULL,'',NULL,'',NULL,''),(3895,296,2653,NULL,'',NULL,'',NULL,''),(3896,296,2654,NULL,'',NULL,'',NULL,''),(3897,296,2655,NULL,'',NULL,'',NULL,''),(3898,297,2584,11,'',NULL,'',NULL,''),(3899,297,2585,11,'',NULL,'',NULL,''),(3900,297,2586,11,'',NULL,'',NULL,''),(3901,297,2587,NULL,'',NULL,'',NULL,''),(3902,297,2588,NULL,'',NULL,'',NULL,''),(3903,297,2589,NULL,'',NULL,'',NULL,''),(3904,297,2590,11,'',NULL,'',NULL,''),(3905,297,2591,NULL,'',NULL,'',NULL,''),(3906,297,2592,NULL,'',NULL,'',NULL,''),(3907,297,2593,NULL,'',NULL,'',NULL,''),(3908,298,1476,11,'',NULL,'',NULL,''),(3909,298,1477,NULL,'',NULL,'',NULL,''),(3910,298,1478,NULL,'',NULL,'',NULL,''),(3911,298,1479,11,'',NULL,'',NULL,''),(3912,298,1480,NULL,'',NULL,'',NULL,''),(3913,298,1481,11,'',NULL,'',NULL,''),(3914,298,1482,NULL,'',NULL,'',NULL,''),(3915,298,1483,NULL,'',NULL,'',NULL,''),(3916,298,1484,NULL,'',NULL,'',NULL,''),(3917,298,1485,NULL,'',NULL,'',NULL,''),(3918,298,1486,NULL,'',NULL,'',NULL,''),(3919,298,1487,11,'',NULL,'',NULL,''),(3920,298,1488,NULL,'',NULL,'',NULL,''),(3921,298,1489,NULL,'',NULL,'',NULL,''),(3922,299,2429,11,'',NULL,'',NULL,''),(3923,299,2430,NULL,'',NULL,'',NULL,''),(3924,299,2431,11,'',NULL,'',NULL,''),(3925,299,2432,11,'',NULL,'',NULL,''),(3926,299,2433,NULL,'',NULL,'',NULL,''),(3927,299,2434,NULL,'',NULL,'',NULL,''),(3928,299,2435,NULL,'',NULL,'',NULL,''),(3929,299,2436,NULL,'',NULL,'',NULL,''),(3930,299,2437,11,'',NULL,'',NULL,''),(3931,299,2438,NULL,'',NULL,'',NULL,''),(3932,299,2679,11,'',NULL,'',NULL,''),(3933,300,2439,NULL,'',NULL,'',NULL,''),(3934,300,2440,11,'',NULL,'',NULL,''),(3935,300,2441,NULL,'',NULL,'',NULL,''),(3936,300,2442,11,'',NULL,'',NULL,''),(3937,300,2443,NULL,'',NULL,'',NULL,''),(3938,300,2444,NULL,'',NULL,'',NULL,''),(3939,300,2445,NULL,'',NULL,'',NULL,''),(3940,300,2446,NULL,'',NULL,'',NULL,''),(3941,300,2447,NULL,'',NULL,'',NULL,''),(3942,300,2448,11,'',NULL,'',NULL,''),(3943,300,2449,11,'',NULL,'',NULL,''),(3944,301,2646,11,'',NULL,'',NULL,''),(3945,301,2647,11,'',NULL,'',NULL,''),(3946,301,2648,NULL,'',NULL,'',NULL,''),(3947,301,2649,11,'',NULL,'',NULL,''),(3948,301,2650,11,'',NULL,'',NULL,''),(3949,301,2651,NULL,'',NULL,'',NULL,''),(3950,301,2652,NULL,'',NULL,'',NULL,''),(3951,301,2653,NULL,'',NULL,'',NULL,''),(3952,301,2654,NULL,'',NULL,'',NULL,''),(3953,301,2655,NULL,'',NULL,'',NULL,''),(3954,301,2682,11,'',NULL,'',NULL,''),(3955,301,2438,11,'',NULL,'',NULL,''),(3956,301,1648,11,'',NULL,'',NULL,''),(3957,302,2461,NULL,'',NULL,'',NULL,''),(3958,302,2462,NULL,'',NULL,'',NULL,''),(3959,302,2463,NULL,'',NULL,'',NULL,''),(3960,302,2464,NULL,'',NULL,'',NULL,''),(3961,302,2465,NULL,'',NULL,'',NULL,''),(3962,302,2466,NULL,'',NULL,'',NULL,''),(3963,302,2467,NULL,'',NULL,'',NULL,''),(3964,302,2468,NULL,'',NULL,'',NULL,''),(3965,302,2469,NULL,'',NULL,'',NULL,''),(3966,302,2470,NULL,'',NULL,'',NULL,''),(3967,302,2471,NULL,'',NULL,'',NULL,''),(3968,302,2472,NULL,'',NULL,'',NULL,''),(3969,302,2680,11,'',NULL,'',NULL,''),(3970,303,2683,NULL,'',NULL,'',NULL,''),(3971,303,2684,NULL,'',NULL,'',NULL,''),(3972,303,2685,11,'',NULL,'',NULL,''),(3973,303,2686,11,'',NULL,'',NULL,''),(3974,303,2687,NULL,'',NULL,'',NULL,''),(3975,303,2688,11,'',NULL,'',NULL,''),(3976,303,2689,NULL,'',NULL,'',NULL,''),(3977,303,2690,NULL,'',NULL,'',NULL,''),(3978,303,2691,11,'',NULL,'',NULL,''),(3979,303,2692,NULL,'',NULL,'',NULL,''),(3980,303,2693,NULL,'',NULL,'',NULL,''),(3981,303,2694,11,'',NULL,'',NULL,''),(3982,304,2695,NULL,'',NULL,'',NULL,''),(3983,304,2696,NULL,'',NULL,'',NULL,''),(3984,304,2697,11,'',NULL,'',NULL,''),(3985,304,2698,11,'',NULL,'',NULL,''),(3986,304,2699,NULL,'',NULL,'',NULL,''),(3987,304,2700,NULL,'',NULL,'',NULL,''),(3988,304,2701,11,'',NULL,'',NULL,''),(3989,304,2702,NULL,'',NULL,'',NULL,''),(3990,304,2703,NULL,'',NULL,'',NULL,''),(3991,304,2704,NULL,'',NULL,'',NULL,''),(3992,304,2705,11,'',NULL,'',NULL,''),(3993,305,1290,NULL,'',NULL,'',NULL,''),(3994,305,1291,13,'',NULL,'',NULL,''),(3995,305,1292,NULL,'',NULL,'',NULL,''),(3996,305,1293,13,'',NULL,'',NULL,''),(3997,305,1294,13,'',NULL,'',NULL,''),(3998,305,1295,NULL,'',NULL,'',NULL,''),(3999,305,1296,NULL,'',NULL,'',NULL,''),(4000,305,1297,NULL,'',NULL,'',NULL,''),(4001,305,1298,13,'',NULL,'',NULL,''),(4002,305,1299,NULL,'',NULL,'',NULL,''),(4003,305,1300,NULL,'',NULL,'',NULL,''),(4004,305,1301,13,'',NULL,'',NULL,''),(4005,305,1302,NULL,'',NULL,'',NULL,''),(4006,305,1303,NULL,'',NULL,'',NULL,''),(4007,305,1304,13,'',NULL,'',NULL,''),(4008,305,1305,NULL,'',NULL,'',NULL,''),(4009,305,1306,NULL,'',NULL,'',NULL,''),(4010,305,1307,NULL,'',NULL,'',NULL,''),(4011,305,1308,13,'',NULL,'',NULL,''),(4012,305,2706,NULL,'',NULL,'',NULL,''),(4013,305,2707,NULL,'',NULL,'',NULL,''),(4014,306,1563,NULL,'',NULL,'',NULL,''),(4015,306,1564,NULL,'',NULL,'',NULL,''),(4016,306,1565,NULL,'',NULL,'',NULL,''),(4017,306,1566,24,'',NULL,'',NULL,''),(4018,306,1567,NULL,'',NULL,'',NULL,''),(4019,306,1568,NULL,'',NULL,'',NULL,''),(4020,306,1569,NULL,'',NULL,'',NULL,''),(4021,306,1570,NULL,'',NULL,'',NULL,''),(4022,306,1571,NULL,'',NULL,'',NULL,''),(4023,306,1572,NULL,'',NULL,'',NULL,''),(4024,306,1573,NULL,'',NULL,'',NULL,''),(4025,306,1574,NULL,'',NULL,'',NULL,''),(4026,306,1575,NULL,'',NULL,'',NULL,''),(4027,307,1276,NULL,'',NULL,'',NULL,''),(4028,307,1277,24,'',NULL,'',NULL,''),(4029,307,1278,NULL,'',NULL,'',NULL,''),(4030,307,1279,NULL,'',NULL,'',NULL,''),(4031,307,1280,24,'',NULL,'',NULL,''),(4032,307,1281,24,'',NULL,'',NULL,''),(4033,307,1282,NULL,'',NULL,'',NULL,''),(4034,307,1283,NULL,'',NULL,'',NULL,''),(4035,307,1284,24,'',NULL,'',NULL,''),(4036,307,1285,NULL,'',NULL,'',NULL,''),(4037,307,1286,NULL,'',NULL,'',NULL,''),(4038,307,1287,NULL,'',NULL,'',NULL,''),(4039,307,1288,NULL,'',NULL,'',NULL,''),(4040,307,1289,24,'',NULL,'',NULL,''),(4041,308,2312,NULL,'',NULL,'',NULL,''),(4042,308,2313,NULL,'',NULL,'',NULL,''),(4043,308,2314,24,'',NULL,'',NULL,''),(4044,308,2315,NULL,'',NULL,'',NULL,''),(4045,308,2316,NULL,'',NULL,'',NULL,''),(4046,308,2317,NULL,'',NULL,'',NULL,''),(4047,308,2318,NULL,'',NULL,'',NULL,''),(4048,308,2319,NULL,'',NULL,'',NULL,''),(4049,308,2320,NULL,'',NULL,'',NULL,''),(4050,308,2321,NULL,'',NULL,'',NULL,''),(4051,308,2322,NULL,'',NULL,'',NULL,''),(4052,308,2323,NULL,'',NULL,'',NULL,''),(4053,308,2324,NULL,'',NULL,'',NULL,''),(4054,308,2325,NULL,'',NULL,'',NULL,''),(4055,308,2326,NULL,'',NULL,'',NULL,''),(4056,308,2327,NULL,'',NULL,'',NULL,''),(4057,308,2328,NULL,'',NULL,'',NULL,''),(4058,308,2329,NULL,'',NULL,'',NULL,''),(4059,308,2330,NULL,'',NULL,'',NULL,''),(4060,308,2331,NULL,'',NULL,'',NULL,''),(4061,308,2332,NULL,'',NULL,'',NULL,''),(4062,308,2333,NULL,'',NULL,'',NULL,''),(4063,309,1502,6,'',NULL,'',NULL,''),(4064,309,1503,6,'',NULL,'',NULL,''),(4065,309,1504,6,'',NULL,'',NULL,''),(4066,309,1505,6,'',NULL,'',NULL,''),(4067,309,1506,6,'',NULL,'',NULL,''),(4068,309,1507,NULL,'',NULL,'',NULL,''),(4069,309,1508,NULL,'',NULL,'',NULL,''),(4070,309,1509,NULL,'',NULL,'',NULL,''),(4071,309,1510,NULL,'',NULL,'',NULL,''),(4072,309,1511,6,'',NULL,'',NULL,''),(4073,309,1512,NULL,'',NULL,'',NULL,''),(4074,309,1513,NULL,'',NULL,'',NULL,''),(4075,309,2709,6,'',NULL,'',NULL,''),(4076,309,2710,6,'',NULL,'',NULL,''),(4077,310,1325,49,'',NULL,'',NULL,''),(4078,310,1326,49,'',NULL,'',NULL,''),(4079,310,1327,49,'',NULL,'',NULL,''),(4080,310,1328,49,'',NULL,'',NULL,''),(4081,310,1329,49,'',NULL,'',NULL,''),(4082,310,1330,49,'',NULL,'',NULL,''),(4083,310,1331,49,'',NULL,'',NULL,''),(4084,310,1332,49,'',NULL,'',NULL,''),(4085,310,1333,49,'',NULL,'',NULL,''),(4086,310,1334,49,'',NULL,'',NULL,''),(4087,310,1335,49,'',NULL,'',NULL,''),(4088,310,1336,49,'',NULL,'',NULL,''),(4089,310,1337,49,'',NULL,'',NULL,''),(4090,311,1309,24,'',NULL,'',NULL,''),(4091,311,1310,24,'',NULL,'',NULL,''),(4092,311,1311,24,'',NULL,'',NULL,''),(4093,311,1312,24,'',NULL,'',NULL,''),(4094,311,1313,24,'',NULL,'',NULL,''),(4095,311,1314,NULL,'',NULL,'',NULL,''),(4096,311,1315,24,'',NULL,'',NULL,''),(4097,311,1316,NULL,'',NULL,'',NULL,''),(4098,311,1317,24,'',NULL,'',NULL,''),(4099,311,1318,24,'',NULL,'',NULL,''),(4100,311,1319,24,'',NULL,'',NULL,''),(4101,311,1320,24,'',NULL,'',NULL,''),(4102,311,1321,24,'',NULL,'',NULL,''),(4103,311,1322,24,'',NULL,'',NULL,''),(4104,311,1323,NULL,'',NULL,'',NULL,''),(4105,311,1324,NULL,'',NULL,'',NULL,''),(4106,312,1563,26,'',NULL,'',NULL,''),(4107,312,1564,NULL,'',NULL,'',NULL,''),(4108,312,1565,NULL,'',NULL,'',NULL,''),(4109,312,1566,26,'',NULL,'',NULL,''),(4110,312,1567,NULL,'',NULL,'',NULL,''),(4111,312,1568,NULL,'',NULL,'',NULL,''),(4112,312,1569,NULL,'',NULL,'',NULL,''),(4113,312,1570,NULL,'',NULL,'',NULL,''),(4114,312,1571,NULL,'',NULL,'',NULL,''),(4115,312,1572,NULL,'',NULL,'',NULL,''),(4116,312,1573,NULL,'',NULL,'',NULL,''),(4117,312,1574,26,'',NULL,'',NULL,''),(4118,312,1575,26,'',NULL,'',NULL,''),(4119,312,2711,26,'',NULL,'',NULL,''),(4120,313,1660,26,'',NULL,'',NULL,''),(4121,313,1661,NULL,'',NULL,'',NULL,''),(4122,313,1662,26,'',NULL,'',NULL,''),(4123,313,1663,NULL,'',NULL,'',NULL,''),(4124,313,1664,NULL,'',NULL,'',NULL,''),(4125,313,1665,26,'',NULL,'',NULL,''),(4126,313,1666,NULL,'',NULL,'',NULL,''),(4127,313,1667,NULL,'',NULL,'',NULL,''),(4128,313,1668,NULL,'',NULL,'',NULL,''),(4129,313,1669,NULL,'',NULL,'',NULL,''),(4130,313,1670,26,'',NULL,'',NULL,''),(4131,313,1671,NULL,'',NULL,'',NULL,''),(4132,314,1660,NULL,'',NULL,'',NULL,''),(4133,314,1661,NULL,'',NULL,'',NULL,''),(4134,314,1662,42,'',NULL,'',NULL,''),(4135,314,1663,NULL,'',NULL,'',NULL,''),(4136,314,1664,NULL,'',NULL,'',NULL,''),(4137,314,1665,NULL,'',NULL,'',NULL,''),(4138,314,1666,NULL,'',NULL,'',NULL,''),(4139,314,1667,NULL,'',NULL,'',NULL,''),(4140,314,1668,NULL,'',NULL,'',NULL,''),(4141,314,1669,NULL,'',NULL,'',NULL,''),(4142,314,1670,42,'',NULL,'',NULL,''),(4143,314,1671,NULL,'',NULL,'',NULL,''),(4144,315,1710,26,'',NULL,'',NULL,''),(4145,315,1711,NULL,'',NULL,'',NULL,''),(4146,315,1712,NULL,'',NULL,'',NULL,''),(4147,315,1713,NULL,'',NULL,'',NULL,''),(4148,315,1714,NULL,'',NULL,'',NULL,''),(4149,315,1715,26,'',NULL,'',NULL,''),(4150,315,1716,NULL,'',NULL,'',NULL,''),(4151,315,1717,NULL,'',NULL,'',NULL,''),(4152,315,1718,26,'',NULL,'',NULL,''),(4153,315,1719,NULL,'',NULL,'',NULL,''),(4154,315,1720,NULL,'',NULL,'',NULL,''),(4155,315,1721,NULL,'',NULL,'',NULL,''),(4156,315,1722,26,'',NULL,'',NULL,''),(4157,315,1723,NULL,'',NULL,'',NULL,''),(4158,315,1724,26,'',NULL,'',NULL,''),(4159,316,1710,NULL,'',NULL,'',NULL,''),(4160,316,1711,NULL,'',NULL,'',NULL,''),(4161,316,1712,NULL,'',NULL,'',NULL,''),(4162,316,1713,29,'',NULL,'',NULL,''),(4163,316,1714,NULL,'',NULL,'',NULL,''),(4164,316,1715,NULL,'',NULL,'',NULL,''),(4165,316,1716,NULL,'',NULL,'',NULL,''),(4166,316,1717,NULL,'',NULL,'',NULL,''),(4167,316,1718,NULL,'',NULL,'',NULL,''),(4168,316,1719,29,'',NULL,'',NULL,''),(4169,316,1720,NULL,'',NULL,'',NULL,''),(4170,316,1721,NULL,'',NULL,'',NULL,''),(4171,316,1722,NULL,'',NULL,'',NULL,''),(4172,316,1723,NULL,'',NULL,'',NULL,''),(4173,316,1724,NULL,'',NULL,'',NULL,''),(4174,317,1683,42,'',NULL,'',NULL,''),(4175,317,1684,42,'',NULL,'',NULL,''),(4176,317,1685,NULL,'',NULL,'',NULL,''),(4177,317,1686,NULL,'',NULL,'',NULL,''),(4178,317,1687,NULL,'',NULL,'',NULL,''),(4179,317,1688,42,'',NULL,'',NULL,''),(4180,317,1689,NULL,'',NULL,'',NULL,''),(4181,317,1690,42,'',NULL,'',NULL,''),(4182,317,1691,NULL,'',NULL,'',NULL,''),(4183,317,1692,42,'',NULL,'',NULL,''),(4184,317,1693,NULL,'',NULL,'',NULL,''),(4185,317,1694,NULL,'',NULL,'',NULL,''),(4186,317,1695,42,'',NULL,'',NULL,''),(4187,318,1683,NULL,'',NULL,'',NULL,''),(4188,318,1684,48,'',NULL,'',NULL,''),(4189,318,1685,NULL,'',NULL,'',NULL,''),(4190,318,1686,NULL,'',NULL,'',NULL,''),(4191,318,1687,NULL,'',NULL,'',NULL,''),(4192,318,1688,NULL,'',NULL,'',NULL,''),(4193,318,1689,NULL,'',NULL,'',NULL,''),(4194,318,1690,NULL,'',NULL,'',NULL,''),(4195,318,1691,NULL,'',NULL,'',NULL,''),(4196,318,1692,48,'',NULL,'',NULL,''),(4197,318,1693,NULL,'',NULL,'',NULL,''),(4198,318,1694,NULL,'',NULL,'',NULL,''),(4199,318,1695,NULL,'',NULL,'',NULL,''),(4201,319,1610,42,'',NULL,'',NULL,''),(4202,319,1611,NULL,'',NULL,'',NULL,''),(4203,319,1612,42,'',NULL,'',NULL,''),(4204,319,1613,NULL,'',NULL,'',NULL,''),(4205,319,1614,42,'',NULL,'',NULL,''),(4206,319,1615,NULL,'',NULL,'',NULL,''),(4207,319,1616,NULL,'',NULL,'',NULL,''),(4208,319,1617,NULL,'',NULL,'',NULL,''),(4209,319,1618,42,'',NULL,'',NULL,''),(4210,319,1619,NULL,'',NULL,'',NULL,''),(4211,319,1620,NULL,'',NULL,'',NULL,''),(4212,319,1621,NULL,'',NULL,'',NULL,''),(4213,320,1609,48,'',NULL,'',NULL,''),(4214,320,1610,NULL,'',NULL,'',NULL,''),(4215,320,1611,NULL,'',NULL,'',NULL,''),(4216,320,1612,NULL,'',NULL,'',NULL,''),(4217,320,1613,NULL,'',NULL,'',NULL,''),(4218,320,1614,48,'',NULL,'',NULL,''),(4219,320,1615,NULL,'',NULL,'',NULL,''),(4220,320,1616,NULL,'',NULL,'',NULL,''),(4221,320,1617,NULL,'',NULL,'',NULL,''),(4222,320,1618,NULL,'',NULL,'',NULL,''),(4223,320,1619,NULL,'',NULL,'',NULL,''),(4224,320,1620,NULL,'',NULL,'',NULL,''),(4225,320,1621,NULL,'',NULL,'',NULL,''),(4226,321,1622,NULL,'',NULL,'',NULL,''),(4227,321,1623,NULL,'',NULL,'',NULL,''),(4228,321,1624,1,'',NULL,'',NULL,''),(4229,321,1625,NULL,'',NULL,'',NULL,''),(4230,321,1626,NULL,'',NULL,'',NULL,''),(4231,321,1627,NULL,'',NULL,'',NULL,''),(4232,321,1628,NULL,'',NULL,'',NULL,''),(4233,321,1629,1,'',NULL,'',NULL,''),(4234,321,1630,NULL,'',NULL,'',NULL,''),(4235,321,1631,NULL,'',NULL,'',NULL,''),(4236,321,1632,NULL,'',NULL,'',NULL,''),(4237,322,1735,6,'',NULL,'',NULL,''),(4238,322,1736,6,'',NULL,'',NULL,''),(4239,322,1737,6,'',NULL,'',NULL,''),(4240,322,1738,6,'',NULL,'',NULL,''),(4241,322,1739,6,'',NULL,'',NULL,''),(4242,322,1740,6,'',NULL,'',NULL,''),(4243,322,1741,6,'',NULL,'',NULL,''),(4244,322,1742,6,'',NULL,'',NULL,''),(4245,322,1743,6,'',NULL,'',NULL,''),(4246,322,1744,6,'',NULL,'',NULL,''),(4247,322,1745,6,'',NULL,'',NULL,''),(4248,322,1746,6,'',NULL,'',NULL,''),(4249,322,1747,NULL,'',NULL,'',NULL,''),(4250,322,1748,NULL,'',NULL,'',NULL,''),(4251,322,1749,6,'',NULL,'',NULL,''),(4252,322,1750,6,'',NULL,'',NULL,''),(4253,322,1751,6,'',NULL,'',NULL,''),(4254,322,1752,NULL,'',NULL,'',NULL,''),(4255,323,1782,22,'',NULL,'',NULL,''),(4256,323,1783,22,'',NULL,'',NULL,''),(4257,323,1784,NULL,'',NULL,'',NULL,''),(4258,323,1785,22,'',NULL,'',NULL,''),(4259,323,1786,22,'',NULL,'',NULL,''),(4260,323,1787,22,'',NULL,'',NULL,''),(4261,323,1788,22,'',NULL,'',NULL,''),(4262,323,1789,22,'',NULL,'',NULL,''),(4263,323,1790,22,'',NULL,'',NULL,''),(4264,323,1791,NULL,'',NULL,'',NULL,''),(4265,323,1792,NULL,'',NULL,'',NULL,''),(4266,323,1793,22,'',NULL,'',NULL,''),(4267,324,1725,22,'',NULL,'',NULL,''),(4268,324,1726,22,'',NULL,'',NULL,''),(4269,324,1727,22,'',NULL,'',NULL,''),(4270,324,1728,22,'',NULL,'',NULL,''),(4271,324,1729,27,'',NULL,'',NULL,''),(4272,324,1730,22,'',NULL,'',NULL,''),(4273,324,1731,22,'',NULL,'',NULL,''),(4274,324,1732,22,'',NULL,'',NULL,''),(4275,324,1733,NULL,'',NULL,'',NULL,''),(4276,324,1734,NULL,'',NULL,'',NULL,''),(4277,325,1768,22,'',NULL,'',NULL,''),(4278,325,1769,27,'',NULL,'',NULL,''),(4279,325,1770,27,'',NULL,'',NULL,''),(4280,325,1771,22,'',NULL,'',NULL,''),(4281,325,1772,22,'',NULL,'',NULL,''),(4282,325,1773,NULL,'',NULL,'',NULL,''),(4283,325,1774,22,'',NULL,'',NULL,''),(4284,325,1775,22,'',NULL,'',NULL,''),(4285,325,1776,22,'',NULL,'',NULL,''),(4286,325,1777,22,'',NULL,'',NULL,''),(4287,325,1778,22,'',NULL,'',NULL,''),(4288,325,1779,NULL,'',NULL,'',NULL,''),(4289,325,1780,22,'',NULL,'',NULL,''),(4290,325,1781,22,'',NULL,'',NULL,''),(4291,326,1855,22,'',NULL,'',NULL,''),(4292,326,1856,NULL,'',NULL,'',NULL,''),(4293,326,1857,22,'',NULL,'',NULL,''),(4294,326,1858,22,'',NULL,'',NULL,''),(4295,326,1859,22,'',NULL,'',NULL,''),(4296,326,1860,22,'',NULL,'',NULL,''),(4297,326,1861,22,'',NULL,'',NULL,''),(4298,326,1862,NULL,'',NULL,'',NULL,''),(4299,326,1863,NULL,'',NULL,'',NULL,''),(4300,326,1864,NULL,'',NULL,'',NULL,''),(4301,326,1865,22,'',NULL,'',NULL,''),(4302,326,1866,NULL,'',NULL,'',NULL,''),(4303,326,1867,NULL,'',NULL,'',NULL,''),(4304,326,1868,22,'',NULL,'',NULL,''),(4305,327,1838,11,'',NULL,'',NULL,''),(4306,327,1839,11,'',NULL,'',NULL,''),(4307,327,1840,11,'',NULL,'',NULL,''),(4308,327,1841,NULL,'',NULL,'',NULL,''),(4309,327,1842,NULL,'',NULL,'',NULL,''),(4310,327,1843,11,'',NULL,'',NULL,''),(4311,327,1844,NULL,'',NULL,'',NULL,''),(4312,327,1845,11,'',NULL,'',NULL,''),(4313,327,1846,11,'',NULL,'',NULL,''),(4314,327,1847,NULL,'',NULL,'',NULL,''),(4315,327,1848,11,'',NULL,'',NULL,''),(4316,327,1849,NULL,'',NULL,'',NULL,''),(4317,327,1850,11,'',NULL,'',NULL,''),(4318,327,1851,NULL,'',NULL,'',NULL,''),(4319,327,1852,NULL,'',NULL,'',NULL,''),(4320,327,1853,11,'',NULL,'',NULL,''),(4321,327,1854,11,'',NULL,'',NULL,''),(4322,327,256,11,'',NULL,'',NULL,''),(4323,328,1826,26,'',NULL,'',NULL,''),(4324,328,1827,26,'',NULL,'',NULL,''),(4325,328,1828,NULL,'',NULL,'',NULL,''),(4326,328,1829,26,'',NULL,'',NULL,''),(4327,328,1830,26,'',NULL,'',NULL,''),(4328,328,1831,26,'',NULL,'',NULL,''),(4329,328,1832,26,'',NULL,'',NULL,''),(4330,328,1833,NULL,'',NULL,'',NULL,''),(4331,328,1834,NULL,'',NULL,'',NULL,''),(4332,328,1835,NULL,'',NULL,'',NULL,''),(4333,328,1836,26,'',NULL,'',NULL,''),(4334,328,1837,26,'',NULL,'',NULL,''),(4335,329,2367,NULL,'',NULL,'',NULL,''),(4336,329,2368,42,'',NULL,'',NULL,''),(4337,329,2369,NULL,'',NULL,'',NULL,''),(4338,329,2370,42,'',NULL,'',NULL,''),(4339,329,2371,42,'',NULL,'',NULL,''),(4340,329,2372,42,'',NULL,'',NULL,''),(4341,329,2373,NULL,'',NULL,'',NULL,''),(4342,329,2374,42,'',NULL,'',NULL,''),(4343,329,2375,42,'',NULL,'',NULL,''),(4344,329,2376,42,'',NULL,'',NULL,''),(4345,329,2377,NULL,'',NULL,'',NULL,''),(4346,329,2378,NULL,'',NULL,'',NULL,''),(4347,329,2379,NULL,'',NULL,'',NULL,''),(4348,329,2380,NULL,'',NULL,'',NULL,''),(4349,329,2381,NULL,'',NULL,'',NULL,''),(4350,329,2382,42,'',NULL,'',NULL,''),(4351,329,2383,NULL,'',NULL,'',NULL,''),(4352,329,2384,NULL,'',NULL,'',NULL,''),(4353,329,2385,NULL,'',NULL,'',NULL,''),(4354,330,1838,22,'',NULL,'',NULL,''),(4355,330,1839,22,'',NULL,'',NULL,''),(4356,330,1840,22,'',NULL,'',NULL,''),(4357,330,1841,NULL,'',NULL,'',NULL,''),(4358,330,1842,NULL,'',NULL,'',NULL,''),(4359,330,1843,22,'',NULL,'',NULL,''),(4360,330,1844,NULL,'',NULL,'',NULL,''),(4361,330,1845,22,'',NULL,'',NULL,''),(4362,330,1846,22,'',NULL,'',NULL,''),(4363,330,1847,22,'',NULL,'',NULL,''),(4364,330,1848,22,'',NULL,'',NULL,''),(4365,330,1849,NULL,'',NULL,'',NULL,''),(4366,330,1850,22,'',NULL,'',NULL,''),(4367,330,1851,NULL,'',NULL,'',NULL,''),(4368,330,1852,NULL,'',NULL,'',NULL,''),(4369,330,1853,22,'',NULL,'',NULL,''),(4370,330,1854,22,'',NULL,'',NULL,''),(4371,331,1309,NULL,'',NULL,'',NULL,''),(4372,331,1310,NULL,'',NULL,'',NULL,''),(4373,331,1311,42,'',NULL,'',NULL,''),(4374,331,1312,NULL,'',NULL,'',NULL,''),(4375,331,1313,NULL,'',NULL,'',NULL,''),(4376,331,1314,NULL,'',NULL,'',NULL,''),(4377,331,1315,NULL,'',NULL,'',NULL,''),(4378,331,1316,NULL,'',NULL,'',NULL,''),(4379,331,1317,NULL,'',NULL,'',NULL,''),(4380,331,1318,NULL,'',NULL,'',NULL,''),(4381,331,1319,NULL,'',NULL,'',NULL,''),(4382,331,1320,NULL,'',NULL,'',NULL,''),(4383,331,1321,NULL,'',NULL,'',NULL,''),(4384,331,1322,NULL,'',NULL,'',NULL,''),(4385,331,1323,NULL,'',NULL,'',NULL,''),(4386,331,1324,NULL,'',NULL,'',NULL,''),(4387,332,1809,NULL,'',NULL,'',NULL,''),(4388,332,1810,NULL,'',NULL,'',NULL,''),(4389,332,1811,11,'',NULL,'',NULL,''),(4390,332,1812,NULL,'',NULL,'',NULL,''),(4391,332,1813,11,'',NULL,'',NULL,''),(4392,332,1814,NULL,'',NULL,'',NULL,''),(4393,332,1815,11,'',NULL,'',NULL,''),(4394,332,1816,11,'',NULL,'',NULL,''),(4395,332,1817,NULL,'',NULL,'',NULL,''),(4396,332,1818,11,'',NULL,'',NULL,''),(4397,332,1819,NULL,'',NULL,'',NULL,''),(4398,332,1820,NULL,'',NULL,'',NULL,''),(4399,332,1821,NULL,'',NULL,'',NULL,''),(4400,332,1822,NULL,'',NULL,'',NULL,''),(4401,332,1823,NULL,'',NULL,'',NULL,''),(4402,332,1824,NULL,'',NULL,'',NULL,''),(4403,332,1825,NULL,'',NULL,'',NULL,''),(4404,333,1325,NULL,'',NULL,'',NULL,''),(4405,333,1326,NULL,'',NULL,'',NULL,''),(4406,333,1327,NULL,'',NULL,'',NULL,''),(4407,333,1328,NULL,'',NULL,'',NULL,''),(4408,333,1329,NULL,'',NULL,'',NULL,''),(4409,333,1330,NULL,'',NULL,'',NULL,''),(4410,333,1331,NULL,'',NULL,'',NULL,''),(4411,333,1332,NULL,'',NULL,'',NULL,''),(4412,333,1333,NULL,'',NULL,'',NULL,''),(4413,333,1334,NULL,'',NULL,'',NULL,''),(4414,333,1335,NULL,'',NULL,'',NULL,''),(4415,333,1336,NULL,'',NULL,'',NULL,''),(4416,333,1337,NULL,'',NULL,'',NULL,''),(4417,334,1794,NULL,'',NULL,'',NULL,''),(4418,334,1795,NULL,'',NULL,'',NULL,''),(4419,334,1796,NULL,'',NULL,'',NULL,''),(4420,334,1797,NULL,'',NULL,'',NULL,''),(4421,334,1798,NULL,'',NULL,'',NULL,''),(4422,334,1799,NULL,'',NULL,'',NULL,''),(4423,334,1800,NULL,'',NULL,'',NULL,''),(4424,334,1801,NULL,'',NULL,'',NULL,''),(4425,334,1802,NULL,'',NULL,'',NULL,''),(4426,334,1803,NULL,'',NULL,'',NULL,''),(4427,334,1804,NULL,'',NULL,'',NULL,''),(4428,334,1805,NULL,'',NULL,'',NULL,''),(4429,334,1806,NULL,'',NULL,'',NULL,''),(4430,334,1807,NULL,'',NULL,'',NULL,''),(4431,334,1808,NULL,'',NULL,'',NULL,''),(4432,335,1276,NULL,'',NULL,'',NULL,''),(4433,335,1277,42,'',NULL,'',NULL,''),(4434,335,1278,NULL,'',NULL,'',NULL,''),(4435,335,1279,NULL,'',NULL,'',NULL,''),(4436,335,1280,NULL,'',NULL,'',NULL,''),(4437,335,1281,NULL,'',NULL,'',NULL,''),(4438,335,1282,NULL,'',NULL,'',NULL,''),(4439,335,1283,NULL,'',NULL,'',NULL,''),(4440,335,1284,NULL,'',NULL,'',NULL,''),(4441,335,1285,NULL,'',NULL,'',NULL,''),(4442,335,1286,NULL,'',NULL,'',NULL,''),(4443,335,1287,NULL,'',NULL,'',NULL,''),(4444,335,1288,NULL,'',NULL,'',NULL,''),(4445,335,1289,42,'',NULL,'',NULL,''),(4446,336,242,NULL,'',NULL,'',NULL,''),(4447,336,243,NULL,'',NULL,'',NULL,''),(4448,336,244,NULL,'',NULL,'',NULL,''),(4449,336,245,22,'',NULL,'',NULL,''),(4450,336,246,NULL,'',NULL,'',NULL,''),(4451,336,247,NULL,'',NULL,'',NULL,''),(4452,336,248,NULL,'',NULL,'',NULL,''),(4453,336,249,NULL,'',NULL,'',NULL,''),(4454,336,250,NULL,'',NULL,'',NULL,''),(4455,336,251,NULL,'',NULL,'',NULL,''),(4456,336,252,NULL,'',NULL,'',NULL,''),(4457,336,253,NULL,'',NULL,'',NULL,''),(4458,336,254,22,'',NULL,'',NULL,''),(4459,336,255,NULL,'',NULL,'',NULL,''),(4460,336,256,NULL,'',NULL,'',NULL,''),(4461,336,257,NULL,'',NULL,'',NULL,''),(4462,336,258,NULL,'',NULL,'',NULL,''),(4463,336,259,NULL,'',NULL,'',NULL,''),(4464,336,260,NULL,'',NULL,'',NULL,''),(4465,336,261,NULL,'',NULL,'',NULL,''),(4466,336,262,NULL,'',NULL,'',NULL,''),(4467,336,263,22,'',NULL,'',NULL,''),(4468,336,264,NULL,'',NULL,'',NULL,''),(4469,336,265,NULL,'',NULL,'',NULL,''),(4470,336,266,NULL,'',NULL,'',NULL,''),(4471,336,267,NULL,'',NULL,'',NULL,''),(4472,336,268,NULL,'',NULL,'',NULL,''),(4473,336,269,NULL,'',NULL,'',NULL,''),(4474,336,270,NULL,'',NULL,'',NULL,''),(4475,336,271,NULL,'',NULL,'',NULL,''),(4476,336,272,NULL,'',NULL,'',NULL,''),(4477,336,273,NULL,'',NULL,'',NULL,''),(4478,336,274,NULL,'',NULL,'',NULL,''),(4479,336,275,NULL,'',NULL,'',NULL,''),(4480,336,276,NULL,'',NULL,'',NULL,''),(4481,336,277,NULL,'',NULL,'',NULL,''),(4482,336,278,NULL,'',NULL,'',NULL,''),(4483,337,1290,NULL,'',NULL,'',NULL,''),(4484,337,1291,NULL,'',NULL,'',NULL,''),(4485,337,1292,NULL,'',NULL,'',NULL,''),(4486,337,1293,NULL,'',NULL,'',NULL,''),(4487,337,1294,NULL,'',NULL,'',NULL,''),(4488,337,1295,NULL,'',NULL,'',NULL,''),(4489,337,1296,NULL,'',NULL,'',NULL,''),(4490,337,1297,NULL,'',NULL,'',NULL,''),(4491,337,1298,NULL,'',NULL,'',NULL,''),(4492,337,1299,NULL,'',NULL,'',NULL,''),(4493,337,1300,NULL,'',NULL,'',NULL,''),(4494,337,1301,NULL,'',NULL,'',NULL,''),(4495,337,1302,NULL,'',NULL,'',NULL,''),(4496,337,1303,NULL,'',NULL,'',NULL,''),(4497,337,1304,NULL,'',NULL,'',NULL,''),(4498,337,1305,NULL,'',NULL,'',NULL,''),(4499,337,1306,NULL,'',NULL,'',NULL,''),(4500,337,1307,NULL,'',NULL,'',NULL,''),(4501,337,1308,NULL,'',NULL,'',NULL,''),(4502,338,2646,NULL,'',NULL,'',NULL,''),(4503,338,2647,NULL,'',NULL,'',NULL,''),(4504,338,2648,NULL,'',NULL,'',NULL,''),(4505,338,2649,NULL,'',NULL,'',NULL,''),(4506,338,2650,NULL,'',NULL,'',NULL,''),(4507,338,2651,NULL,'',NULL,'',NULL,''),(4508,338,2652,NULL,'',NULL,'',NULL,''),(4509,338,2653,NULL,'',NULL,'',NULL,''),(4510,338,2654,26,'',NULL,'',NULL,''),(4511,338,2655,NULL,'',NULL,'',NULL,''),(4512,338,256,26,'',NULL,'',NULL,''),(4513,339,1338,24,'',NULL,'',NULL,''),(4514,339,1339,NULL,'',NULL,'',NULL,''),(4515,339,1340,NULL,'',NULL,'',NULL,''),(4516,339,1341,NULL,'',NULL,'',NULL,''),(4517,339,1342,NULL,'',NULL,'',NULL,''),(4518,339,1343,24,'',NULL,'',NULL,''),(4519,339,1344,NULL,'',NULL,'',NULL,''),(4520,339,1345,NULL,'',NULL,'',NULL,''),(4521,339,1346,NULL,'',NULL,'',NULL,''),(4522,339,1347,NULL,'',NULL,'',NULL,''),(4523,339,1348,24,'',NULL,'',NULL,''),(4524,339,1349,24,'',NULL,'',NULL,''),(4525,339,1350,NULL,'',NULL,'',NULL,''),(4526,339,1351,NULL,'',NULL,'',NULL,''),(4527,339,1352,NULL,'',NULL,'',NULL,''),(4528,339,1353,24,'',NULL,'',NULL,''),(4529,340,2439,NULL,'',NULL,'',NULL,''),(4530,340,2440,NULL,'',NULL,'',NULL,''),(4531,340,2441,NULL,'',NULL,'',NULL,''),(4532,340,2442,22,'',NULL,'',NULL,''),(4533,340,2443,NULL,'',NULL,'',NULL,''),(4534,340,2444,NULL,'',NULL,'',NULL,''),(4535,340,2445,NULL,'',NULL,'',NULL,''),(4536,340,2446,NULL,'',NULL,'',NULL,''),(4537,340,2447,NULL,'',NULL,'',NULL,''),(4538,340,2448,22,'',NULL,'',NULL,''),(4539,340,2449,NULL,'',NULL,'',NULL,''),(4540,340,2430,22,'',NULL,'',NULL,''),(4541,340,2438,22,'',NULL,'',NULL,''),(4542,341,1464,NULL,'',NULL,'',NULL,''),(4543,341,1465,NULL,'',NULL,'',NULL,''),(4544,341,1466,NULL,'',NULL,'',NULL,''),(4545,341,1467,NULL,'',NULL,'',NULL,''),(4546,341,1468,13,'',NULL,'',NULL,''),(4547,341,1469,NULL,'',NULL,'',NULL,''),(4548,341,1470,NULL,'',NULL,'',NULL,''),(4549,341,1471,NULL,'',NULL,'',NULL,''),(4550,341,1472,13,'',NULL,'',NULL,''),(4551,341,1473,NULL,'',NULL,'',NULL,''),(4552,341,1474,NULL,'',NULL,'',NULL,''),(4553,341,1475,NULL,'',NULL,'',NULL,''),(4554,342,2636,NULL,'',NULL,'',NULL,''),(4555,342,2637,NULL,'',NULL,'',NULL,''),(4556,342,2638,NULL,'',NULL,'',NULL,''),(4557,342,2639,NULL,'',NULL,'',NULL,''),(4558,342,2640,NULL,'',NULL,'',NULL,''),(4559,342,2641,11,'',NULL,'',NULL,''),(4560,342,2642,11,'',NULL,'',NULL,''),(4561,342,2643,NULL,'',NULL,'',NULL,''),(4562,342,2644,NULL,'',NULL,'',NULL,''),(4563,342,2645,NULL,'',NULL,'',NULL,''),(4564,342,2452,11,'',NULL,'',NULL,''),(4565,342,281,11,'',11,'',NULL,''),(4566,343,1476,NULL,'',NULL,'',NULL,''),(4567,343,1477,NULL,'',NULL,'',NULL,''),(4568,343,1478,NULL,'',NULL,'',NULL,''),(4569,343,1479,NULL,'',NULL,'',NULL,''),(4570,343,1480,NULL,'',NULL,'',NULL,''),(4571,343,1481,13,'',NULL,'',NULL,''),(4572,343,1482,NULL,'',NULL,'',NULL,''),(4573,343,1483,NULL,'',NULL,'',NULL,''),(4574,343,1484,NULL,'',NULL,'',NULL,''),(4575,343,1485,NULL,'',NULL,'',NULL,''),(4576,343,1486,NULL,'',NULL,'',NULL,''),(4577,343,1487,NULL,'',NULL,'',NULL,''),(4578,343,1488,NULL,'',NULL,'',NULL,''),(4579,343,1489,NULL,'',NULL,'',NULL,''),(4580,344,1449,NULL,'',NULL,'',NULL,''),(4581,344,1450,NULL,'',NULL,'',NULL,''),(4582,344,1451,NULL,'',NULL,'',NULL,''),(4583,344,1452,NULL,'',NULL,'',NULL,''),(4584,344,1453,NULL,'',NULL,'',NULL,''),(4585,344,1454,NULL,'',NULL,'',NULL,''),(4586,344,1455,NULL,'',NULL,'',NULL,''),(4587,344,1456,NULL,'',NULL,'',NULL,''),(4588,344,1457,NULL,'',NULL,'',NULL,''),(4589,344,1458,NULL,'',NULL,'',NULL,''),(4590,344,1459,NULL,'',NULL,'',NULL,''),(4591,344,1460,42,'',NULL,'',NULL,''),(4592,344,1461,NULL,'',NULL,'',NULL,''),(4593,344,1462,NULL,'',NULL,'',NULL,''),(4594,344,1463,42,'',NULL,'',NULL,''),(4595,345,2429,NULL,'',NULL,'',NULL,''),(4596,345,2430,NULL,'',NULL,'',NULL,''),(4597,345,2431,NULL,'',NULL,'',NULL,''),(4598,345,2432,NULL,'',NULL,'',NULL,''),(4599,345,2433,11,'',NULL,'',NULL,''),(4600,345,2434,NULL,'',NULL,'',NULL,''),(4601,345,2435,NULL,'',NULL,'',NULL,''),(4602,345,2436,NULL,'',NULL,'',NULL,''),(4603,345,2437,NULL,'',NULL,'',NULL,''),(4604,345,2438,NULL,'',NULL,'',NULL,''),(4605,345,1851,11,'',NULL,'',NULL,''),(4606,346,1309,NULL,'',NULL,'',NULL,''),(4607,346,1310,NULL,'',NULL,'',NULL,''),(4608,346,1311,NULL,'',NULL,'',NULL,''),(4609,346,1312,NULL,'',NULL,'',NULL,''),(4610,346,1313,NULL,'',NULL,'',NULL,''),(4611,346,1314,NULL,'',NULL,'',NULL,''),(4612,346,1315,NULL,'',NULL,'',NULL,''),(4613,346,1316,NULL,'',NULL,'',NULL,''),(4614,346,1317,NULL,'',NULL,'',NULL,''),(4615,346,1318,NULL,'',NULL,'',NULL,''),(4616,346,1319,NULL,'',NULL,'',NULL,''),(4617,346,1320,NULL,'',NULL,'',NULL,''),(4618,346,1321,NULL,'',NULL,'',NULL,''),(4619,346,1322,NULL,'',NULL,'',NULL,''),(4620,346,1323,NULL,'',NULL,'',NULL,''),(4621,346,1324,NULL,'',NULL,'',NULL,''),(4622,347,1378,42,'',NULL,'',NULL,''),(4623,347,1379,NULL,'',NULL,'',NULL,''),(4624,347,1380,NULL,'',NULL,'',NULL,''),(4625,347,1381,NULL,'',NULL,'',NULL,''),(4626,347,1382,NULL,'',NULL,'',NULL,''),(4627,347,1383,NULL,'',NULL,'',NULL,''),(4628,347,1384,NULL,'',NULL,'',NULL,''),(4629,347,1385,NULL,'',NULL,'',NULL,''),(4630,347,1386,42,'',NULL,'',NULL,''),(4631,347,1387,NULL,'',NULL,'',NULL,''),(4632,347,1388,NULL,'',NULL,'',NULL,''),(4633,347,1389,NULL,'',NULL,'',NULL,''),(4634,347,1390,42,'',NULL,'',NULL,''),(4635,347,1391,NULL,'',NULL,'',NULL,''),(4636,347,1392,NULL,'',NULL,'',NULL,''),(4637,347,1393,42,'',NULL,'',NULL,''),(4638,347,1394,42,'',NULL,'',NULL,''),(4639,348,1325,NULL,'',NULL,'',NULL,''),(4640,348,1326,NULL,'',NULL,'',NULL,''),(4641,348,1327,NULL,'',NULL,'',NULL,''),(4642,348,1328,NULL,'',NULL,'',NULL,''),(4643,348,1329,NULL,'',NULL,'',NULL,''),(4644,348,1330,13,'',NULL,'',NULL,''),(4645,348,1331,13,'',NULL,'',NULL,''),(4646,348,1332,NULL,'',NULL,'',NULL,''),(4647,348,1333,NULL,'',NULL,'',NULL,''),(4648,348,1334,NULL,'',NULL,'',NULL,''),(4649,348,1335,NULL,'',NULL,'',NULL,''),(4650,348,1336,NULL,'',NULL,'',NULL,''),(4651,348,1337,NULL,'',NULL,'',NULL,''),(4652,349,2461,NULL,'',NULL,'',NULL,''),(4653,349,2462,11,'',NULL,'',NULL,''),(4654,349,2463,NULL,'',NULL,'',NULL,''),(4655,349,2464,NULL,'',NULL,'',NULL,''),(4656,349,2465,11,'',NULL,'',NULL,''),(4657,349,2466,NULL,'',NULL,'',NULL,''),(4658,349,2467,NULL,'',NULL,'',NULL,''),(4659,349,2468,NULL,'',NULL,'',NULL,''),(4660,349,2469,NULL,'',NULL,'',NULL,''),(4661,349,2470,NULL,'',NULL,'',NULL,''),(4662,349,2471,NULL,'',NULL,'',NULL,''),(4663,349,2472,NULL,'',NULL,'',NULL,''),(4664,349,256,11,'',NULL,'',NULL,''),(4665,349,2430,11,'',NULL,'',11,''),(4666,350,1276,NULL,'',NULL,'',NULL,''),(4667,350,1277,NULL,'',NULL,'',NULL,''),(4668,350,1278,NULL,'',NULL,'',NULL,''),(4669,350,1279,NULL,'',NULL,'',NULL,''),(4670,350,1280,NULL,'',NULL,'',NULL,''),(4671,350,1281,NULL,'',NULL,'',NULL,''),(4672,350,1282,NULL,'',NULL,'',NULL,''),(4673,350,1283,NULL,'',NULL,'',NULL,''),(4674,350,1284,NULL,'',NULL,'',NULL,''),(4675,350,1285,NULL,'',NULL,'',NULL,''),(4676,350,1286,NULL,'',NULL,'',NULL,''),(4677,350,1287,NULL,'',NULL,'',NULL,''),(4678,350,1288,NULL,'',NULL,'',NULL,''),(4679,350,1289,NULL,'',NULL,'',NULL,''),(4680,351,1290,NULL,'',NULL,'',NULL,''),(4681,351,1291,NULL,'',NULL,'',NULL,''),(4682,351,1292,NULL,'',NULL,'',NULL,''),(4683,351,1293,NULL,'',NULL,'',NULL,''),(4684,351,1294,NULL,'',NULL,'',NULL,''),(4685,351,1295,NULL,'',NULL,'',NULL,''),(4686,351,1296,NULL,'',NULL,'',NULL,''),(4687,351,1297,NULL,'',NULL,'',NULL,''),(4688,351,1298,NULL,'',NULL,'',NULL,''),(4689,351,1299,NULL,'',NULL,'',NULL,''),(4690,351,1300,NULL,'',NULL,'',NULL,''),(4691,351,1301,NULL,'',NULL,'',NULL,''),(4692,351,1302,NULL,'',NULL,'',NULL,''),(4693,351,1303,NULL,'',NULL,'',NULL,''),(4694,351,1304,26,'',NULL,'',NULL,''),(4695,351,1305,26,'',NULL,'',NULL,''),(4696,351,1306,NULL,'',NULL,'',NULL,''),(4697,351,1307,NULL,'',NULL,'',NULL,''),(4698,351,1308,26,'',NULL,'',NULL,''),(4699,352,1338,NULL,'',NULL,'',NULL,''),(4700,352,1339,NULL,'',NULL,'',NULL,''),(4701,352,1340,29,'',NULL,'',NULL,''),(4702,352,1341,NULL,'',NULL,'',NULL,''),(4703,352,1342,NULL,'',NULL,'',NULL,''),(4704,352,1343,NULL,'',NULL,'',NULL,''),(4705,352,1344,NULL,'',NULL,'',NULL,''),(4706,352,1345,NULL,'',NULL,'',NULL,''),(4707,352,1346,NULL,'',NULL,'',NULL,''),(4708,352,1347,NULL,'',NULL,'',NULL,''),(4709,352,1348,NULL,'',NULL,'',NULL,''),(4710,352,1349,29,'',NULL,'',NULL,''),(4711,352,1350,NULL,'',NULL,'',NULL,''),(4712,352,1351,NULL,'',NULL,'',NULL,''),(4713,352,1352,NULL,'',NULL,'',NULL,''),(4714,352,1353,NULL,'',NULL,'',NULL,''),(4715,352,257,29,'',NULL,'',NULL,''),(4716,353,2719,11,'',NULL,'',NULL,''),(4717,353,2720,11,'',NULL,'',NULL,''),(4718,353,2721,NULL,'',NULL,'',NULL,''),(4719,353,2722,NULL,'',NULL,'',NULL,''),(4720,353,2723,NULL,'',NULL,'',NULL,''),(4721,353,2724,11,'',NULL,'',NULL,''),(4722,353,2725,11,'',NULL,'',NULL,''),(4723,353,2726,NULL,'',NULL,'',NULL,''),(4724,353,2727,NULL,'',NULL,'',NULL,''),(4725,353,2728,NULL,'',NULL,'',NULL,''),(4726,353,2729,NULL,'',NULL,'',NULL,''),(4727,353,2730,NULL,'',NULL,'',NULL,''),(4728,353,2731,NULL,'',NULL,'',NULL,''),(4729,353,2732,NULL,'',NULL,'',NULL,''),(4730,353,2733,NULL,'',NULL,'',NULL,''),(4731,353,2734,NULL,'',NULL,'',NULL,''),(4732,354,1660,NULL,'',NULL,'',NULL,''),(4733,354,1661,NULL,'',NULL,'',NULL,''),(4734,354,1662,NULL,'',NULL,'',NULL,''),(4735,354,1663,NULL,'',NULL,'',NULL,''),(4736,354,1664,NULL,'',NULL,'',NULL,''),(4737,354,1665,11,'',NULL,'',NULL,''),(4738,354,1666,NULL,'',NULL,'',NULL,''),(4739,354,1667,NULL,'',NULL,'',NULL,''),(4740,354,1668,11,'',NULL,'',NULL,''),(4741,354,1669,NULL,'',NULL,'',NULL,''),(4742,354,1670,NULL,'',NULL,'',NULL,''),(4743,354,1671,NULL,'',NULL,'',NULL,''),(4744,355,2636,NULL,'',NULL,'',NULL,''),(4745,355,2637,NULL,'',NULL,'',NULL,''),(4746,355,2638,NULL,'',NULL,'',NULL,''),(4747,355,2639,11,'',NULL,'',NULL,''),(4748,355,2640,NULL,'',NULL,'',NULL,''),(4749,355,2641,NULL,'',NULL,'',NULL,''),(4750,355,2642,11,'',NULL,'',NULL,''),(4751,355,2643,NULL,'',NULL,'',NULL,''),(4752,355,2644,NULL,'',NULL,'',NULL,''),(4753,355,2645,NULL,'',NULL,'',NULL,''),(4754,355,281,11,'',NULL,'',NULL,''),(4755,355,2537,11,'',NULL,'',NULL,''),(4756,356,1710,NULL,'',NULL,'',NULL,''),(4757,356,1711,24,'',NULL,'',NULL,''),(4758,356,1712,NULL,'',NULL,'',NULL,''),(4759,356,1713,NULL,'',NULL,'',NULL,''),(4760,356,1714,NULL,'',NULL,'',NULL,''),(4761,356,1715,NULL,'',NULL,'',NULL,''),(4762,356,1716,NULL,'',NULL,'',NULL,''),(4763,356,1717,24,'',NULL,'',NULL,''),(4764,356,1718,NULL,'',NULL,'',NULL,''),(4765,356,1719,NULL,'',NULL,'',NULL,''),(4766,356,1720,NULL,'',NULL,'',NULL,''),(4767,356,1721,24,'',NULL,'',NULL,''),(4768,356,1722,NULL,'',NULL,'',NULL,''),(4769,356,1723,NULL,'',NULL,'',NULL,''),(4770,356,1724,NULL,'',NULL,'',NULL,''),(4771,357,1591,NULL,'',NULL,'',NULL,''),(4772,357,1592,26,'',NULL,'',NULL,''),(4773,357,1593,NULL,'',NULL,'',NULL,''),(4774,357,1594,NULL,'',NULL,'',NULL,''),(4775,357,1595,NULL,'',NULL,'',NULL,''),(4776,357,1596,NULL,'',NULL,'',NULL,''),(4777,357,1597,NULL,'',NULL,'',NULL,''),(4778,357,1598,26,'',NULL,'',NULL,''),(4779,357,1599,NULL,'',NULL,'',NULL,''),(4780,357,1600,26,'',NULL,'',NULL,''),(4781,357,1601,NULL,'',NULL,'',NULL,''),(4782,357,1602,NULL,'',NULL,'',NULL,''),(4783,357,1603,NULL,'',NULL,'',NULL,''),(4784,357,1604,NULL,'',NULL,'',NULL,''),(4785,357,1605,NULL,'',NULL,'',NULL,''),(4786,357,1606,NULL,'',NULL,'',NULL,''),(4787,357,1607,NULL,'',NULL,'',NULL,''),(4788,357,1608,NULL,'',NULL,'',NULL,''),(4789,358,1683,NULL,'',NULL,'',NULL,''),(4790,358,1684,NULL,'',NULL,'',NULL,''),(4791,358,1685,NULL,'',NULL,'',NULL,''),(4792,358,1686,41,'',NULL,'',NULL,''),(4793,358,1687,NULL,'',NULL,'',NULL,''),(4794,358,1688,NULL,'',NULL,'',NULL,''),(4795,358,1689,NULL,'',NULL,'',NULL,''),(4796,358,1690,NULL,'',NULL,'',NULL,''),(4797,358,1691,NULL,'',NULL,'',NULL,''),(4798,358,1692,NULL,'',NULL,'',NULL,''),(4799,358,1693,NULL,'',NULL,'',NULL,''),(4800,358,1694,NULL,'',NULL,'',NULL,''),(4801,358,1695,NULL,'',NULL,'',NULL,''),(4802,359,1609,NULL,'',NULL,'',NULL,''),(4803,359,1610,NULL,'',NULL,'',NULL,''),(4804,359,1611,NULL,'',NULL,'',NULL,''),(4805,359,1612,NULL,'',NULL,'',NULL,''),(4806,359,1613,NULL,'',NULL,'',NULL,''),(4807,359,1614,NULL,'',NULL,'',NULL,''),(4808,359,1615,NULL,'',NULL,'',NULL,''),(4809,359,1616,NULL,'',NULL,'',NULL,''),(4810,359,1617,NULL,'',NULL,'',NULL,''),(4811,359,1618,NULL,'',NULL,'',NULL,''),(4812,359,1619,NULL,'',NULL,'',NULL,''),(4813,359,1620,50,'',NULL,'',NULL,''),(4814,359,1621,NULL,'',NULL,'',NULL,''),(4815,360,1514,NULL,'',NULL,'',NULL,''),(4816,360,1515,NULL,'',NULL,'',NULL,''),(4817,360,1516,NULL,'',NULL,'',NULL,''),(4818,360,1517,NULL,'',NULL,'',NULL,''),(4819,360,1518,NULL,'',NULL,'',NULL,''),(4820,360,1519,NULL,'',NULL,'',NULL,''),(4821,360,1520,NULL,'',NULL,'',NULL,''),(4822,360,1521,NULL,'',NULL,'',NULL,''),(4823,360,1522,NULL,'',NULL,'',NULL,''),(4824,360,1523,NULL,'',NULL,'',NULL,''),(4825,360,1524,NULL,'',NULL,'',NULL,''),(4826,360,1525,NULL,'',NULL,'',NULL,''),(4827,360,1526,NULL,'',NULL,'',NULL,''),(4828,360,1527,NULL,'',NULL,'',NULL,''),(4829,360,1528,NULL,'',NULL,'',NULL,''),(4830,360,1529,NULL,'',NULL,'',NULL,''),(4831,360,1530,NULL,'',NULL,'',NULL,''),(4832,360,1531,NULL,'',NULL,'',NULL,''),(4833,360,1532,NULL,'',NULL,'',NULL,''),(4834,360,1533,NULL,'',NULL,'',NULL,''),(4835,360,1534,NULL,'',NULL,'',NULL,''),(4836,360,1535,NULL,'',NULL,'',NULL,''),(4837,360,1536,NULL,'',NULL,'',NULL,''),(4838,360,1537,NULL,'',NULL,'',NULL,''),(4839,360,1538,NULL,'',NULL,'',NULL,''),(4840,360,1539,NULL,'',NULL,'',NULL,''),(4841,360,1540,NULL,'',NULL,'',NULL,''),(4842,360,1541,NULL,'',NULL,'',NULL,''),(4843,360,1542,NULL,'',NULL,'',NULL,''),(4844,360,1543,NULL,'',NULL,'',NULL,''),(4845,360,1544,NULL,'',NULL,'',NULL,''),(4846,360,1545,NULL,'',NULL,'',NULL,''),(4847,360,1546,NULL,'',NULL,'',NULL,''),(4848,360,1547,NULL,'',NULL,'',NULL,''),(4849,361,1622,NULL,'',NULL,'',NULL,''),(4850,361,1623,22,'',NULL,'',NULL,''),(4851,361,1624,NULL,'',NULL,'',NULL,''),(4852,361,1625,NULL,'',NULL,'',NULL,''),(4853,361,1626,22,'',NULL,'',NULL,''),(4854,361,1627,NULL,'',NULL,'',NULL,''),(4855,361,1628,NULL,'',NULL,'',NULL,''),(4856,361,1629,NULL,'',NULL,'',NULL,''),(4857,361,1630,NULL,'',NULL,'',NULL,''),(4858,361,1631,NULL,'',NULL,'',NULL,''),(4859,361,1632,NULL,'',NULL,'',NULL,''),(4860,362,1576,26,'',NULL,'',NULL,''),(4861,362,1577,NULL,'',NULL,'',NULL,''),(4862,362,1578,26,'',NULL,'',NULL,''),(4863,362,1579,26,'',NULL,'',NULL,''),(4864,362,1580,26,'',NULL,'',NULL,''),(4865,362,1581,26,'',NULL,'',NULL,''),(4866,362,1582,NULL,'',NULL,'',NULL,''),(4867,362,1583,NULL,'',NULL,'',NULL,''),(4868,362,1584,NULL,'',NULL,'',NULL,''),(4869,362,1585,NULL,'',NULL,'',NULL,''),(4870,362,1586,NULL,'',NULL,'',NULL,''),(4871,362,1587,NULL,'',NULL,'',NULL,''),(4872,362,1588,26,'',NULL,'',NULL,''),(4873,362,1589,NULL,'',NULL,'',NULL,''),(4874,362,1590,26,'',NULL,'',NULL,''),(4875,363,1437,NULL,'',NULL,'',NULL,''),(4876,363,1438,NULL,'',NULL,'',NULL,''),(4877,363,1439,NULL,'',NULL,'',NULL,''),(4878,363,1440,NULL,'',NULL,'',NULL,''),(4879,363,1441,NULL,'',NULL,'',NULL,''),(4880,363,1442,NULL,'',NULL,'',NULL,''),(4881,363,1443,NULL,'',NULL,'',NULL,''),(4882,363,1444,NULL,'',NULL,'',NULL,''),(4883,363,1445,26,'',NULL,'',NULL,''),(4884,363,1446,NULL,'',NULL,'',NULL,''),(4885,363,1447,NULL,'',NULL,'',NULL,''),(4886,363,1448,NULL,'',NULL,'',NULL,''),(4887,364,1660,NULL,'',NULL,'',NULL,''),(4888,364,1661,35,'',NULL,'',NULL,''),(4889,364,1662,NULL,'',NULL,'',NULL,''),(4890,364,1663,NULL,'',NULL,'',NULL,''),(4891,364,1664,35,'',NULL,'',NULL,''),(4892,364,1665,NULL,'',NULL,'',NULL,''),(4893,364,1666,NULL,'',NULL,'',NULL,''),(4894,364,1667,35,'',NULL,'',NULL,''),(4895,364,1668,NULL,'',NULL,'',NULL,''),(4896,364,1669,NULL,'',NULL,'',NULL,''),(4897,364,1670,35,'',NULL,'',NULL,''),(4898,364,1671,NULL,'',NULL,'',NULL,''),(4899,365,1423,NULL,'',NULL,'',NULL,''),(4900,365,1424,NULL,'',NULL,'',NULL,''),(4901,365,1425,42,'',NULL,'',NULL,''),(4902,365,1426,NULL,'',NULL,'',NULL,''),(4903,365,1427,NULL,'',NULL,'',NULL,''),(4904,365,1428,NULL,'',NULL,'',NULL,''),(4905,365,1429,NULL,'',NULL,'',NULL,''),(4906,365,1430,42,'',NULL,'',NULL,''),(4907,365,1431,NULL,'',NULL,'',NULL,''),(4908,365,1432,NULL,'',NULL,'',NULL,''),(4909,365,1433,NULL,'',NULL,'',NULL,''),(4910,365,1434,NULL,'',NULL,'',NULL,''),(4911,365,1435,NULL,'',NULL,'',NULL,''),(4912,365,1436,NULL,'',NULL,'',NULL,''),(4913,366,1660,NULL,'',NULL,'',NULL,''),(4914,366,1661,NULL,'',NULL,'',NULL,''),(4915,366,1662,NULL,'',NULL,'',NULL,''),(4916,366,1663,NULL,'',NULL,'',NULL,''),(4917,366,1664,NULL,'',NULL,'',NULL,''),(4918,366,1665,NULL,'',NULL,'',NULL,''),(4919,366,1666,NULL,'',NULL,'',NULL,''),(4920,366,1667,NULL,'',NULL,'',NULL,''),(4921,366,1668,NULL,'',NULL,'',NULL,''),(4922,366,1669,22,'',NULL,'',NULL,''),(4923,366,1670,NULL,'',NULL,'',NULL,''),(4924,366,1671,NULL,'',NULL,'',NULL,''),(4925,367,1490,NULL,'',NULL,'',NULL,''),(4926,367,1491,NULL,'',NULL,'',NULL,''),(4927,367,1492,NULL,'',NULL,'',NULL,''),(4928,367,1493,NULL,'',NULL,'',NULL,''),(4929,367,1494,NULL,'',NULL,'',NULL,''),(4930,367,1495,NULL,'',NULL,'',NULL,''),(4931,367,1496,NULL,'',NULL,'',NULL,''),(4932,367,1497,42,'',NULL,'',NULL,''),(4933,367,1498,NULL,'',NULL,'',NULL,''),(4934,367,1499,NULL,'',NULL,'',NULL,''),(4935,367,1500,NULL,'',NULL,'',NULL,''),(4936,367,1501,NULL,'',NULL,'',NULL,''),(4937,368,1710,NULL,'',NULL,'',NULL,''),(4938,368,1711,NULL,'',NULL,'',NULL,''),(4939,368,1712,35,'',NULL,'',NULL,''),(4940,368,1713,NULL,'',NULL,'',NULL,''),(4941,368,1714,NULL,'',NULL,'',NULL,''),(4942,368,1715,NULL,'',NULL,'',NULL,''),(4943,368,1716,NULL,'',NULL,'',NULL,''),(4944,368,1717,NULL,'',NULL,'',NULL,''),(4945,368,1718,35,'',NULL,'',NULL,''),(4946,368,1719,NULL,'',NULL,'',NULL,''),(4947,368,1720,NULL,'',NULL,'',NULL,''),(4948,368,1721,NULL,'',NULL,'',NULL,''),(4949,368,1722,NULL,'',NULL,'',NULL,''),(4950,368,1723,NULL,'',NULL,'',NULL,''),(4951,368,1724,NULL,'',NULL,'',NULL,''),(4952,369,1354,26,'',NULL,'',NULL,''),(4953,369,1355,NULL,'',NULL,'',NULL,''),(4954,369,1356,26,'',NULL,'',NULL,''),(4955,369,1357,NULL,'',NULL,'',NULL,''),(4956,369,1358,NULL,'',NULL,'',NULL,''),(4957,369,1359,NULL,'',NULL,'',NULL,''),(4958,369,1360,NULL,'',NULL,'',NULL,''),(4959,369,1361,NULL,'',NULL,'',NULL,''),(4960,369,1362,NULL,'',NULL,'',NULL,''),(4961,369,1363,NULL,'',NULL,'',NULL,''),(4962,369,1364,NULL,'',NULL,'',NULL,''),(4963,369,1365,NULL,'',NULL,'',NULL,''),(4964,370,1683,11,'',NULL,'',NULL,''),(4965,370,1684,NULL,'',NULL,'',NULL,''),(4966,370,1685,NULL,'',NULL,'',NULL,''),(4967,370,1686,NULL,'',NULL,'',NULL,''),(4968,370,1687,11,'',NULL,'',NULL,''),(4969,370,1688,NULL,'',NULL,'',NULL,''),(4970,370,1689,11,'',NULL,'',NULL,''),(4971,370,1690,NULL,'',NULL,'',NULL,''),(4972,370,1691,NULL,'',NULL,'',NULL,''),(4973,370,1692,NULL,'',NULL,'',NULL,''),(4974,370,1693,NULL,'',NULL,'',NULL,''),(4975,370,1694,NULL,'',NULL,'',NULL,''),(4976,370,1695,NULL,'',NULL,'',NULL,''),(4977,371,1735,42,'',NULL,'',NULL,''),(4978,371,1736,42,'',NULL,'',NULL,''),(4979,371,1737,42,'',NULL,'',NULL,''),(4980,371,1738,42,'',NULL,'',NULL,''),(4981,371,1739,42,'',NULL,'',NULL,''),(4982,371,1740,42,'',NULL,'',NULL,''),(4983,371,1741,42,'',NULL,'',NULL,''),(4984,371,1742,42,'',NULL,'',NULL,''),(4985,371,1743,42,'',NULL,'',NULL,''),(4986,371,1744,NULL,'',NULL,'',NULL,''),(4987,371,1745,NULL,'',NULL,'',NULL,''),(4988,371,1746,NULL,'',NULL,'',NULL,''),(4989,371,1747,NULL,'',NULL,'',NULL,''),(4990,371,1748,42,'',NULL,'',NULL,''),(4991,371,1749,42,'',NULL,'',NULL,''),(4992,371,1750,NULL,'',NULL,'',NULL,''),(4993,371,1751,NULL,'',NULL,'',NULL,''),(4994,371,1752,NULL,'',NULL,'',NULL,''),(4995,372,1609,NULL,'',NULL,'',NULL,''),(4996,372,1610,NULL,'',NULL,'',NULL,''),(4997,372,1611,NULL,'',NULL,'',NULL,''),(4998,372,1612,NULL,'',NULL,'',NULL,''),(4999,372,1613,NULL,'',NULL,'',NULL,''),(5000,372,1614,NULL,'',NULL,'',NULL,''),(5001,372,1615,NULL,'',NULL,'',NULL,''),(5002,372,1616,NULL,'',NULL,'',NULL,''),(5003,372,1617,NULL,'',NULL,'',NULL,''),(5004,372,1618,NULL,'',NULL,'',NULL,''),(5005,372,1619,35,'',NULL,'',NULL,''),(5006,372,1620,NULL,'',NULL,'',NULL,''),(5007,372,1621,NULL,'',NULL,'',NULL,''),(5008,373,1622,42,'',NULL,'',NULL,''),(5009,373,1623,NULL,'',NULL,'',NULL,''),(5010,373,1624,NULL,'',NULL,'',NULL,''),(5011,373,1625,NULL,'',NULL,'',NULL,''),(5012,373,1626,NULL,'',NULL,'',NULL,''),(5013,373,1627,NULL,'',NULL,'',NULL,''),(5014,373,1628,NULL,'',NULL,'',NULL,''),(5015,373,1629,NULL,'',NULL,'',NULL,''),(5016,373,1630,NULL,'',NULL,'',NULL,''),(5017,373,1631,NULL,'',NULL,'',NULL,''),(5018,373,1632,NULL,'',NULL,'',NULL,''),(5019,374,1768,42,'',NULL,'',NULL,''),(5020,374,1769,42,'',NULL,'',NULL,''),(5021,374,1770,42,'',NULL,'',NULL,''),(5022,374,1771,42,'',NULL,'',NULL,''),(5023,374,1772,42,'',NULL,'',NULL,''),(5024,374,1773,NULL,'',NULL,'',NULL,''),(5025,374,1774,42,'',NULL,'',NULL,''),(5026,374,1775,NULL,'',NULL,'',NULL,''),(5027,374,1776,42,'',NULL,'',NULL,''),(5028,374,1777,42,'',NULL,'',NULL,''),(5029,374,1778,NULL,'',NULL,'',NULL,''),(5030,374,1779,NULL,'',NULL,'',NULL,''),(5031,374,1780,42,'',NULL,'',NULL,''),(5032,374,1781,42,'',NULL,'',NULL,''),(5033,375,1725,22,'',NULL,'',NULL,''),(5034,375,1726,22,'',NULL,'',NULL,''),(5035,375,1727,22,'',NULL,'',NULL,''),(5036,375,1728,22,'',NULL,'',NULL,''),(5037,375,1729,22,'',NULL,'',NULL,''),(5038,375,1730,22,'',NULL,'',NULL,''),(5039,375,1731,22,'',NULL,'',NULL,''),(5040,375,1732,22,'',NULL,'',NULL,''),(5041,375,1733,27,'',NULL,'',NULL,''),(5042,375,1734,50,'',NULL,'',NULL,''),(5043,376,242,NULL,'',NULL,'',NULL,''),(5044,376,243,NULL,'',NULL,'',NULL,''),(5045,376,244,NULL,'',NULL,'',NULL,''),(5046,376,245,NULL,'',NULL,'',NULL,''),(5047,376,246,NULL,'',NULL,'',NULL,''),(5048,376,247,NULL,'',NULL,'',NULL,''),(5049,376,248,NULL,'',NULL,'',NULL,''),(5050,376,249,11,'',NULL,'',NULL,''),(5051,376,250,NULL,'',NULL,'',NULL,''),(5052,376,251,NULL,'',NULL,'',NULL,''),(5053,376,252,NULL,'',NULL,'',NULL,''),(5054,376,253,NULL,'',NULL,'',NULL,''),(5055,376,254,NULL,'',NULL,'',NULL,''),(5056,376,255,NULL,'',NULL,'',NULL,''),(5057,376,256,NULL,'',NULL,'',NULL,''),(5058,376,257,NULL,'',NULL,'',NULL,''),(5059,376,258,NULL,'',NULL,'',NULL,''),(5060,376,259,NULL,'',NULL,'',NULL,''),(5061,376,260,NULL,'',NULL,'',NULL,''),(5062,376,261,NULL,'',NULL,'',NULL,''),(5063,376,262,NULL,'',NULL,'',NULL,''),(5064,376,263,11,'',NULL,'',NULL,''),(5065,376,264,NULL,'',NULL,'',NULL,''),(5066,376,265,NULL,'',NULL,'',NULL,''),(5067,376,266,11,'',NULL,'',NULL,''),(5068,376,267,NULL,'',NULL,'',NULL,''),(5069,376,268,NULL,'',NULL,'',NULL,''),(5070,376,269,NULL,'',NULL,'',NULL,''),(5071,376,270,NULL,'',NULL,'',NULL,''),(5072,376,271,NULL,'',NULL,'',NULL,''),(5073,376,272,NULL,'',NULL,'',NULL,''),(5074,376,273,NULL,'',NULL,'',NULL,''),(5075,376,274,NULL,'',NULL,'',NULL,''),(5076,376,275,NULL,'',NULL,'',NULL,''),(5077,376,276,NULL,'',NULL,'',NULL,''),(5078,376,277,NULL,'',NULL,'',NULL,''),(5079,376,278,NULL,'',NULL,'',NULL,''),(5080,377,1782,22,'',NULL,'',NULL,''),(5081,377,1783,22,'',NULL,'',NULL,''),(5082,377,1784,22,'',NULL,'',NULL,''),(5083,377,1785,22,'',NULL,'',NULL,''),(5084,377,1786,22,'',NULL,'',NULL,''),(5085,377,1787,22,'',NULL,'',NULL,''),(5086,377,1788,22,'',NULL,'',NULL,''),(5087,377,1789,22,'',NULL,'',NULL,''),(5088,377,1790,22,'',NULL,'',NULL,''),(5089,377,1791,NULL,'',NULL,'',NULL,''),(5090,377,1792,NULL,'',NULL,'',NULL,''),(5091,377,1793,22,'',NULL,'',NULL,''),(5092,378,2500,NULL,'',NULL,'',NULL,''),(5093,378,2501,NULL,'',NULL,'',NULL,''),(5094,378,2502,NULL,'',NULL,'',NULL,''),(5095,378,2503,11,'',NULL,'',NULL,''),(5096,378,2504,NULL,'',NULL,'',NULL,''),(5097,378,2505,NULL,'',NULL,'',NULL,''),(5098,378,2506,NULL,'',NULL,'',NULL,''),(5099,378,2507,NULL,'',NULL,'',NULL,''),(5100,378,2508,NULL,'',NULL,'',NULL,''),(5101,378,2509,NULL,'',NULL,'',NULL,''),(5102,378,2510,NULL,'',NULL,'',NULL,''),(5103,378,2511,NULL,'',NULL,'',NULL,''),(5104,378,2512,11,'',NULL,'',NULL,''),(5105,378,2513,NULL,'',NULL,'',NULL,''),(5106,378,2514,NULL,'',NULL,'',NULL,''),(5107,378,2515,NULL,'',NULL,'',NULL,''),(5108,378,2516,NULL,'',NULL,'',NULL,''),(5109,378,2517,NULL,'',NULL,'',NULL,''),(5110,378,2518,NULL,'',NULL,'',NULL,''),(5111,379,1514,13,'',NULL,'',NULL,''),(5112,379,1515,NULL,'',NULL,'',NULL,''),(5113,379,1516,13,'',NULL,'',NULL,''),(5114,379,1517,NULL,'',NULL,'',NULL,''),(5115,379,1518,NULL,'',NULL,'',NULL,''),(5116,379,1519,NULL,'',NULL,'',NULL,''),(5117,379,1520,NULL,'',NULL,'',NULL,''),(5118,379,1521,NULL,'',NULL,'',NULL,''),(5119,379,1522,NULL,'',NULL,'',NULL,''),(5120,379,1523,13,'',NULL,'',NULL,''),(5121,379,1524,13,'',NULL,'',NULL,''),(5122,379,1525,NULL,'',NULL,'',NULL,''),(5123,379,1526,13,'',NULL,'',NULL,''),(5124,379,1527,13,'',NULL,'',NULL,''),(5125,379,1528,13,'',NULL,'',NULL,''),(5126,379,1529,NULL,'',NULL,'',NULL,''),(5127,379,1530,NULL,'',NULL,'',NULL,''),(5128,379,1531,NULL,'',NULL,'',NULL,''),(5129,379,1532,NULL,'',NULL,'',NULL,''),(5130,379,1533,NULL,'',NULL,'',NULL,''),(5131,379,1534,NULL,'',NULL,'',NULL,''),(5132,379,1535,NULL,'',NULL,'',NULL,''),(5133,379,1536,NULL,'',NULL,'',NULL,''),(5134,379,1537,NULL,'',NULL,'',NULL,''),(5135,379,1538,NULL,'',NULL,'',NULL,''),(5136,379,1539,NULL,'',NULL,'',NULL,''),(5137,379,1540,NULL,'',NULL,'',NULL,''),(5138,379,1541,NULL,'',NULL,'',NULL,''),(5139,379,1542,NULL,'',NULL,'',NULL,''),(5140,379,1543,NULL,'',NULL,'',NULL,''),(5141,379,1544,NULL,'',NULL,'',NULL,''),(5142,379,1545,NULL,'',NULL,'',NULL,''),(5143,379,1546,NULL,'',NULL,'',NULL,''),(5144,379,1547,NULL,'',NULL,'',NULL,''),(5145,380,2735,NULL,'',NULL,'',NULL,''),(5146,380,2736,NULL,'',NULL,'',NULL,''),(5147,380,2737,NULL,'',NULL,'',NULL,''),(5148,380,2738,11,'',NULL,'',NULL,''),(5149,380,2739,NULL,'',NULL,'',NULL,''),(5150,380,2740,NULL,'',NULL,'',NULL,''),(5151,380,2741,11,'',NULL,'',NULL,''),(5152,380,2742,NULL,'',NULL,'',NULL,''),(5153,381,1548,NULL,'',NULL,'',NULL,''),(5154,381,1549,NULL,'',NULL,'',NULL,''),(5155,381,1550,13,'',NULL,'',NULL,''),(5156,381,1551,13,'',NULL,'',NULL,''),(5157,381,1552,13,'',NULL,'',NULL,''),(5158,381,1553,NULL,'',NULL,'',NULL,''),(5159,381,1554,NULL,'',NULL,'',NULL,''),(5160,381,1555,NULL,'',NULL,'',NULL,''),(5161,381,1556,NULL,'',NULL,'',NULL,''),(5162,381,1557,NULL,'',NULL,'',NULL,''),(5163,381,1558,NULL,'',NULL,'',NULL,''),(5164,381,1559,NULL,'',NULL,'',NULL,''),(5165,381,1560,13,'',NULL,'',NULL,''),(5166,381,1561,13,'',NULL,'',NULL,''),(5167,381,1562,13,'',NULL,'',NULL,''),(5168,382,1647,NULL,'',NULL,'',NULL,''),(5169,382,1648,48,'',NULL,'',NULL,''),(5170,382,1649,48,'',NULL,'',NULL,''),(5171,382,1650,NULL,'',NULL,'',NULL,''),(5172,382,1651,NULL,'',NULL,'',NULL,''),(5173,382,1652,NULL,'',NULL,'',NULL,''),(5174,382,1653,NULL,'',NULL,'',NULL,''),(5175,382,1654,48,'',NULL,'',NULL,''),(5176,382,1655,NULL,'',NULL,'',NULL,''),(5177,382,1656,48,'',NULL,'',NULL,''),(5178,382,1657,NULL,'',NULL,'',NULL,''),(5179,382,1658,NULL,'',NULL,'',NULL,''),(5180,382,1659,48,'',NULL,'',NULL,''),(5181,383,1672,NULL,'',NULL,'',NULL,''),(5182,383,1673,NULL,'',NULL,'',NULL,''),(5183,383,1674,29,'',NULL,'',NULL,''),(5184,383,1675,NULL,'',NULL,'',NULL,''),(5185,383,1676,NULL,'',NULL,'',NULL,''),(5186,383,1677,29,'',NULL,'',NULL,''),(5187,383,1678,NULL,'',NULL,'',NULL,''),(5188,383,1679,NULL,'',NULL,'',NULL,''),(5189,383,1680,29,'',NULL,'',NULL,''),(5190,383,1681,NULL,'',NULL,'',NULL,''),(5191,383,1682,NULL,'',NULL,'',NULL,''),(5192,384,1647,NULL,'',NULL,'',NULL,''),(5193,384,1648,48,'',NULL,'',NULL,''),(5194,384,1649,NULL,'',NULL,'',NULL,''),(5195,384,1650,48,'',NULL,'',NULL,''),(5196,384,1651,NULL,'',NULL,'',NULL,''),(5197,384,1652,NULL,'',NULL,'',NULL,''),(5198,384,1653,NULL,'',NULL,'',NULL,''),(5199,384,1654,NULL,'',NULL,'',NULL,''),(5200,384,1655,48,'',NULL,'',NULL,''),(5201,384,1656,NULL,'',NULL,'',NULL,''),(5202,384,1657,NULL,'',NULL,'',NULL,''),(5203,384,1658,NULL,'',NULL,'',NULL,''),(5204,384,1659,NULL,'',NULL,'',NULL,''),(5205,385,1609,NULL,'',NULL,'',NULL,''),(5206,385,1610,29,'',NULL,'',NULL,''),(5207,385,1611,29,'',NULL,'',NULL,''),(5208,385,1612,NULL,'',NULL,'',NULL,''),(5209,385,1613,29,'',NULL,'',NULL,''),(5210,385,1614,NULL,'',NULL,'',NULL,''),(5211,385,1615,NULL,'',NULL,'',NULL,''),(5212,385,1616,NULL,'',NULL,'',NULL,''),(5213,385,1617,NULL,'',NULL,'',NULL,''),(5214,385,1618,29,'',NULL,'',NULL,''),(5215,385,1619,NULL,'',NULL,'',NULL,''),(5216,385,1620,NULL,'',NULL,'',NULL,''),(5217,385,1621,NULL,'',NULL,'',NULL,''),(5218,386,1672,NULL,'',NULL,'',NULL,''),(5219,386,1673,26,'',NULL,'',NULL,''),(5220,386,1674,NULL,'',NULL,'',NULL,''),(5221,386,1675,NULL,'',NULL,'',NULL,''),(5222,386,1676,26,'',NULL,'',NULL,''),(5223,386,1677,NULL,'',NULL,'',NULL,''),(5224,386,1678,NULL,'',NULL,'',NULL,''),(5225,386,1679,26,'',NULL,'',NULL,''),(5226,386,1680,NULL,'',NULL,'',NULL,''),(5227,386,1681,NULL,'',NULL,'',NULL,''),(5228,386,1682,NULL,'',NULL,'',NULL,''),(5229,387,1622,NULL,'',NULL,'',NULL,''),(5230,387,1623,NULL,'',NULL,'',NULL,''),(5231,387,1624,NULL,'',NULL,'',NULL,''),(5232,387,1625,48,'',NULL,'',NULL,''),(5233,387,1626,NULL,'',NULL,'',NULL,''),(5234,387,1627,NULL,'',NULL,'',NULL,''),(5235,387,1628,NULL,'',NULL,'',NULL,''),(5236,387,1629,48,'',NULL,'',NULL,''),(5237,387,1630,NULL,'',NULL,'',NULL,''),(5238,387,1631,NULL,'',NULL,'',NULL,''),(5239,387,1632,NULL,'',NULL,'',NULL,''),(5240,388,1633,NULL,'',NULL,'',NULL,''),(5241,388,1634,NULL,'',NULL,'',NULL,''),(5242,388,1635,42,'',NULL,'',NULL,''),(5243,388,1636,NULL,'',NULL,'',NULL,''),(5244,388,1637,NULL,'',NULL,'',NULL,''),(5245,388,1638,42,'',NULL,'',NULL,''),(5246,388,1639,NULL,'',NULL,'',NULL,''),(5247,388,1640,NULL,'',NULL,'',NULL,''),(5248,388,1641,42,'',NULL,'',NULL,''),(5249,388,1642,NULL,'',NULL,'',NULL,''),(5250,388,1643,NULL,'',NULL,'',NULL,''),(5251,388,1644,42,'',NULL,'',NULL,''),(5252,388,1645,NULL,'',NULL,'',NULL,''),(5253,388,1646,NULL,'',NULL,'',NULL,''),(5254,389,1325,NULL,'',NULL,'',NULL,''),(5255,389,1326,NULL,'',NULL,'',NULL,''),(5256,389,1327,NULL,'',NULL,'',NULL,''),(5257,389,1328,26,'',NULL,'',NULL,''),(5258,389,1329,NULL,'',NULL,'',NULL,''),(5259,389,1330,26,'',NULL,'',NULL,''),(5260,389,1331,26,'',NULL,'',NULL,''),(5261,389,1332,26,'',NULL,'',NULL,''),(5262,389,1333,NULL,'',NULL,'',NULL,''),(5263,389,1334,NULL,'',NULL,'',NULL,''),(5264,389,1335,NULL,'',NULL,'',NULL,''),(5265,389,1336,NULL,'',NULL,'',NULL,''),(5266,389,1337,NULL,'',NULL,'',NULL,''),(5267,390,1696,NULL,'',NULL,'',NULL,''),(5268,390,1697,NULL,'',NULL,'',NULL,''),(5269,390,1698,28,'',NULL,'',NULL,''),(5270,390,1699,28,'',NULL,'',NULL,''),(5271,390,1700,NULL,'',NULL,'',NULL,''),(5272,390,1701,28,'',NULL,'',NULL,''),(5273,390,1702,NULL,'',NULL,'',NULL,''),(5274,390,1703,NULL,'',NULL,'',NULL,''),(5275,390,1704,NULL,'',NULL,'',NULL,''),(5276,390,1705,28,'',NULL,'',NULL,''),(5277,390,1706,NULL,'',NULL,'',NULL,''),(5278,390,1707,NULL,'',NULL,'',NULL,''),(5279,390,1708,NULL,'',NULL,'',NULL,''),(5280,390,1709,NULL,'',NULL,'',NULL,''),(5281,391,1276,NULL,'',NULL,'',NULL,''),(5282,391,1277,NULL,'',NULL,'',NULL,''),(5283,391,1278,NULL,'',NULL,'',NULL,''),(5284,391,1279,NULL,'',NULL,'',NULL,''),(5285,391,1280,NULL,'',NULL,'',NULL,''),(5286,391,1281,NULL,'',NULL,'',NULL,''),(5287,391,1282,NULL,'',NULL,'',NULL,''),(5288,391,1283,NULL,'',NULL,'',NULL,''),(5289,391,1284,NULL,'',NULL,'',NULL,''),(5290,391,1285,NULL,'',NULL,'',NULL,''),(5291,391,1286,NULL,'',NULL,'',NULL,''),(5292,391,1287,NULL,'',NULL,'',NULL,''),(5293,391,1288,NULL,'',NULL,'',NULL,''),(5294,391,1289,NULL,'',NULL,'',NULL,''),(5295,392,1855,26,'',NULL,'',NULL,''),(5296,392,1856,26,'',NULL,'',NULL,''),(5297,392,1857,26,'',NULL,'',NULL,''),(5298,392,1858,26,'',NULL,'',NULL,''),(5299,392,1859,26,'',NULL,'',NULL,''),(5300,392,1860,26,'',NULL,'',NULL,''),(5301,392,1861,26,'',NULL,'',NULL,''),(5302,392,1862,26,'',NULL,'',NULL,''),(5303,392,1863,26,'',NULL,'',NULL,''),(5304,392,1864,26,'',NULL,'',NULL,''),(5305,392,1865,26,'',NULL,'',NULL,''),(5306,392,1866,26,'',NULL,'',NULL,''),(5307,392,1867,26,'',NULL,'',NULL,''),(5308,392,1868,26,'',NULL,'',NULL,''),(5309,393,1338,24,'',NULL,'',NULL,''),(5310,393,1339,24,'',NULL,'',NULL,''),(5311,393,1340,NULL,'',NULL,'',NULL,''),(5312,393,1341,NULL,'',NULL,'',NULL,''),(5313,393,1342,NULL,'',NULL,'',NULL,''),(5314,393,1343,NULL,'',NULL,'',NULL,''),(5315,393,1344,NULL,'',NULL,'',NULL,''),(5316,393,1345,NULL,'',NULL,'',NULL,''),(5317,393,1346,NULL,'',NULL,'',NULL,''),(5318,393,1347,NULL,'',NULL,'',NULL,''),(5319,393,1348,NULL,'',NULL,'',NULL,''),(5320,393,1349,24,'',NULL,'',NULL,''),(5321,393,1350,NULL,'',NULL,'',NULL,''),(5322,393,1351,NULL,'',NULL,'',NULL,''),(5323,393,1352,24,'',NULL,'',NULL,''),(5324,393,1353,NULL,'',NULL,'',NULL,''),(5325,393,263,24,'',NULL,'',NULL,''),(5333,394,1876,24,'',NULL,'',NULL,''),(5334,394,1877,24,'',NULL,'',NULL,''),(5335,394,1878,24,'',NULL,'',NULL,''),(5336,394,1879,24,'',NULL,'',NULL,''),(5337,394,1881,24,'',NULL,'',NULL,''),(5338,394,1882,24,'',NULL,'',NULL,''),(5339,394,1883,24,'',NULL,'',NULL,''),(5340,394,1884,24,'',NULL,'',NULL,''),(5341,394,1885,24,'',NULL,'',NULL,''),(5342,394,1886,24,'',NULL,'',NULL,''),(5343,394,1887,24,'',NULL,'',NULL,''),(5344,394,1888,24,'',NULL,'',NULL,''),(5345,395,1309,NULL,'',NULL,'',NULL,''),(5346,395,1310,NULL,'',NULL,'',NULL,''),(5347,395,1311,NULL,'',NULL,'',NULL,''),(5348,395,1312,24,'',NULL,'',NULL,''),(5349,395,1313,NULL,'',NULL,'',NULL,''),(5350,395,1314,NULL,'',NULL,'',NULL,''),(5351,395,1315,NULL,'',NULL,'',NULL,''),(5352,395,1316,NULL,'',NULL,'',NULL,''),(5353,395,1317,NULL,'',NULL,'',NULL,''),(5354,395,1318,NULL,'',NULL,'',NULL,''),(5355,395,1319,NULL,'',NULL,'',NULL,''),(5356,395,1320,NULL,'',NULL,'',NULL,''),(5357,395,1321,NULL,'',NULL,'',NULL,''),(5358,395,1322,24,'',NULL,'',NULL,''),(5359,395,1323,NULL,'',NULL,'',NULL,''),(5360,395,1324,NULL,'',NULL,'',NULL,''),(5361,396,2367,26,'',NULL,'',NULL,''),(5362,396,2368,26,'',NULL,'',NULL,''),(5363,396,2369,26,'',NULL,'',NULL,''),(5364,396,2370,26,'',NULL,'',NULL,''),(5365,396,2371,26,'',NULL,'',NULL,''),(5366,396,2372,26,'',NULL,'',NULL,''),(5367,396,2373,26,'',NULL,'',NULL,''),(5368,396,2374,26,'',NULL,'',NULL,''),(5369,396,2375,26,'',NULL,'',NULL,''),(5370,396,2376,26,'',NULL,'',NULL,''),(5371,396,2377,26,'',NULL,'',NULL,''),(5372,396,2378,26,'',NULL,'',NULL,''),(5373,396,2379,26,'',NULL,'',NULL,''),(5374,396,2380,26,'',NULL,'',NULL,''),(5375,396,2381,26,'',NULL,'',NULL,''),(5376,396,2382,26,'',NULL,'',NULL,''),(5377,396,2383,26,'',NULL,'',NULL,''),(5378,396,2384,26,'',NULL,'',NULL,''),(5379,396,2385,26,'',NULL,'',NULL,''),(5380,397,2461,26,'',NULL,'',NULL,''),(5381,397,2462,26,'',NULL,'',NULL,''),(5382,397,2463,NULL,'',NULL,'',NULL,''),(5383,397,2464,NULL,'',NULL,'',NULL,''),(5384,397,2465,NULL,'',NULL,'',NULL,''),(5385,397,2466,26,'',NULL,'',NULL,''),(5386,397,2467,NULL,'',NULL,'',NULL,''),(5387,397,2468,NULL,'',NULL,'',NULL,''),(5388,397,2469,NULL,'',NULL,'',NULL,''),(5389,397,2470,NULL,'',NULL,'',NULL,''),(5390,397,2471,NULL,'',NULL,'',NULL,''),(5391,397,2472,NULL,'',NULL,'',NULL,''),(5392,398,2429,NULL,'',NULL,'',NULL,''),(5393,398,2430,41,'',NULL,'',NULL,''),(5394,398,2431,NULL,'',NULL,'',NULL,''),(5395,398,2433,NULL,'',NULL,'',NULL,''),(5396,398,2434,NULL,'',NULL,'',NULL,''),(5397,398,2435,NULL,'',NULL,'',NULL,''),(5398,398,2436,41,'',NULL,'',NULL,''),(5399,398,2437,NULL,'',NULL,'',NULL,''),(5400,398,2438,NULL,'',NULL,'',NULL,''),(5401,398,2447,41,'',NULL,'',NULL,''),(5402,399,2636,41,'',NULL,'',NULL,''),(5403,399,2637,NULL,'',NULL,'',NULL,''),(5404,399,2638,NULL,'',NULL,'',NULL,''),(5405,399,2639,41,'',NULL,'',NULL,''),(5406,399,2743,41,'',NULL,'',NULL,''),(5407,399,2641,NULL,'',NULL,'',NULL,''),(5408,399,2642,41,'',NULL,'',NULL,''),(5409,399,2643,NULL,'',NULL,'',NULL,''),(5410,399,2644,NULL,'',NULL,'',NULL,''),(5411,399,2645,NULL,'',NULL,'',NULL,''),(5412,400,1502,26,'',NULL,'',NULL,''),(5413,400,1503,26,'',NULL,'',NULL,''),(5414,400,1504,26,'',NULL,'',NULL,''),(5415,400,1505,26,'',NULL,'',NULL,''),(5416,400,1506,NULL,'',NULL,'',NULL,''),(5417,400,2745,26,'',NULL,'',NULL,''),(5418,400,1512,NULL,'',NULL,'',NULL,''),(5419,400,2709,NULL,'',NULL,'',NULL,''),(5420,400,1509,26,'',NULL,'',NULL,''),(5421,400,2744,NULL,'',NULL,'',NULL,''),(5422,401,1395,NULL,'',NULL,'',NULL,''),(5423,401,1396,NULL,'',NULL,'',NULL,''),(5424,401,1397,NULL,'',NULL,'',NULL,''),(5425,401,1398,NULL,'',NULL,'',NULL,''),(5426,401,1399,NULL,'',NULL,'',NULL,''),(5427,401,1400,NULL,'',NULL,'',NULL,''),(5428,401,1401,26,'',NULL,'',NULL,''),(5429,401,1402,NULL,'',NULL,'',NULL,''),(5430,401,1403,NULL,'',NULL,'',NULL,''),(5431,401,1404,NULL,'',NULL,'',NULL,''),(5432,401,1405,NULL,'',NULL,'',NULL,''),(5433,401,1406,NULL,'',NULL,'',NULL,''),(5434,401,1407,NULL,'',NULL,'',NULL,''),(5435,401,1408,NULL,'',NULL,'',NULL,''),(5436,401,1409,NULL,'',NULL,'',NULL,''),(5437,401,1410,NULL,'',NULL,'',NULL,''),(5438,401,1411,NULL,'',NULL,'',NULL,''),(5439,402,1366,26,'',NULL,'',NULL,''),(5440,402,1367,26,'',NULL,'',NULL,''),(5441,402,1368,26,'',NULL,'',NULL,''),(5442,402,1369,26,'',NULL,'',NULL,''),(5443,402,1370,26,'',NULL,'',NULL,''),(5444,402,1371,26,'',NULL,'',NULL,''),(5445,402,1372,26,'',NULL,'',NULL,''),(5446,402,1373,26,'',NULL,'',NULL,''),(5447,402,1374,26,'',NULL,'',NULL,''),(5448,402,1375,26,'',NULL,'',NULL,''),(5449,402,1376,NULL,'',NULL,'',NULL,''),(5450,402,1377,NULL,'',NULL,'',NULL,''),(5451,403,2312,NULL,'',NULL,'',NULL,''),(5452,403,2313,NULL,'',NULL,'',NULL,''),(5453,403,2314,24,'',NULL,'',NULL,''),(5454,403,2315,NULL,'',NULL,'',NULL,''),(5455,403,2316,NULL,'',NULL,'',NULL,''),(5456,403,2317,NULL,'',NULL,'',NULL,''),(5457,403,2318,NULL,'',NULL,'',NULL,''),(5458,403,2319,NULL,'',NULL,'',NULL,''),(5459,403,2320,24,'',NULL,'',NULL,''),(5460,403,2321,NULL,'',NULL,'',NULL,''),(5461,403,2322,NULL,'',NULL,'',NULL,''),(5462,403,2323,NULL,'',NULL,'',NULL,''),(5463,403,2324,NULL,'',NULL,'',NULL,''),(5464,403,2325,NULL,'',NULL,'',NULL,''),(5465,403,2326,NULL,'',NULL,'',NULL,''),(5466,403,2327,NULL,'',NULL,'',NULL,''),(5467,403,2328,NULL,'',NULL,'',NULL,''),(5468,403,2329,24,'',NULL,'',NULL,''),(5469,403,2330,NULL,'',NULL,'',NULL,''),(5470,403,2331,NULL,'',NULL,'',NULL,''),(5471,403,2332,NULL,'',NULL,'',NULL,''),(5472,404,1591,NULL,'',NULL,'',NULL,''),(5473,404,1592,NULL,'',NULL,'',NULL,''),(5474,404,1594,NULL,'',NULL,'',NULL,''),(5475,404,1595,NULL,'',NULL,'',NULL,''),(5476,404,2746,NULL,'',NULL,'',NULL,''),(5477,404,1598,NULL,'',NULL,'',NULL,''),(5478,404,1599,NULL,'',NULL,'',NULL,''),(5479,404,1602,NULL,'',NULL,'',NULL,''),(5480,404,1604,NULL,'',NULL,'',NULL,''),(5481,404,1605,NULL,'',NULL,'',NULL,''),(5482,404,1607,24,'',NULL,'',NULL,''),(5483,405,1464,NULL,'',NULL,'',NULL,''),(5484,405,1465,NULL,'',NULL,'',NULL,''),(5485,405,1466,NULL,'',NULL,'',NULL,''),(5486,405,1467,NULL,'',NULL,'',NULL,''),(5487,405,1468,NULL,'',NULL,'',NULL,''),(5488,405,1469,NULL,'',NULL,'',NULL,''),(5489,405,1470,NULL,'',NULL,'',NULL,''),(5490,405,1471,NULL,'',NULL,'',NULL,''),(5491,405,1472,NULL,'',NULL,'',NULL,''),(5492,405,1473,NULL,'',NULL,'',NULL,''),(5493,405,1474,NULL,'',NULL,'',NULL,''),(5494,405,1475,NULL,'',NULL,'',NULL,''),(5495,406,1378,42,'',NULL,'',NULL,''),(5496,406,1379,NULL,'',NULL,'',NULL,''),(5497,406,1380,42,'',NULL,'',NULL,''),(5498,406,1381,NULL,'',NULL,'',NULL,''),(5499,406,1382,NULL,'',NULL,'',NULL,''),(5500,406,1383,NULL,'',NULL,'',NULL,''),(5501,406,1384,42,'',NULL,'',NULL,''),(5502,406,1385,NULL,'',NULL,'',NULL,''),(5503,406,1386,42,'',NULL,'',NULL,''),(5504,406,1387,NULL,'',NULL,'',NULL,''),(5505,406,1388,NULL,'',NULL,'',NULL,''),(5506,406,1389,42,'',NULL,'',NULL,''),(5507,406,1390,NULL,'',NULL,'',NULL,''),(5508,406,1391,NULL,'',NULL,'',NULL,''),(5509,406,1394,NULL,'',NULL,'',NULL,''),(5510,407,1563,30,'',NULL,'',NULL,''),(5511,407,1564,30,'',NULL,'',NULL,''),(5512,407,1565,30,'',NULL,'',NULL,''),(5513,407,1566,30,'',NULL,'',NULL,''),(5514,407,1567,30,'',NULL,'',NULL,''),(5515,407,1568,30,'',NULL,'',NULL,''),(5516,407,1569,30,'',NULL,'',NULL,''),(5517,407,1570,30,'',NULL,'',NULL,''),(5518,407,1571,30,'',NULL,'',NULL,''),(5519,407,1572,30,'',NULL,'',NULL,''),(5520,407,1573,30,'',NULL,'',NULL,''),(5521,407,1574,NULL,'',NULL,'',NULL,''),(5522,408,1290,13,'',NULL,'',NULL,''),(5523,408,1291,13,'',NULL,'',NULL,''),(5524,408,1292,13,'',NULL,'',NULL,''),(5525,408,1293,13,'',NULL,'',NULL,''),(5526,408,1294,13,'',NULL,'',NULL,''),(5527,408,1295,13,'',NULL,'',NULL,''),(5528,408,1296,13,'',NULL,'',NULL,''),(5529,408,1297,13,'',NULL,'',NULL,''),(5530,408,1298,13,'',NULL,'',NULL,''),(5531,408,1299,13,'',NULL,'',NULL,''),(5532,408,1300,13,'',NULL,'',NULL,''),(5533,408,1301,13,'',NULL,'',NULL,''),(5534,408,1302,13,'',NULL,'',NULL,''),(5535,408,1303,13,'',NULL,'',NULL,''),(5536,408,1304,13,'',NULL,'',NULL,''),(5537,408,1305,13,'',NULL,'',NULL,''),(5538,408,1306,13,'',NULL,'',NULL,''),(5539,408,1307,13,'',NULL,'',NULL,''),(5540,408,1308,13,'',NULL,'',NULL,''),(5541,408,1852,13,'',NULL,'',NULL,''),(5542,409,1276,47,'',NULL,'',NULL,''),(5543,409,1277,47,'',NULL,'',NULL,''),(5544,409,1278,47,'',NULL,'',NULL,''),(5545,409,1279,47,'',NULL,'',NULL,''),(5546,409,1280,47,'',NULL,'',NULL,''),(5547,409,1281,47,'',NULL,'',NULL,''),(5548,409,1282,47,'',NULL,'',NULL,''),(5549,409,1283,47,'',NULL,'',NULL,''),(5550,409,1284,47,'',NULL,'',NULL,''),(5551,409,1285,47,'',NULL,'',NULL,''),(5552,409,1286,47,'',NULL,'',NULL,''),(5553,409,1287,47,'',NULL,'',NULL,''),(5554,409,1288,47,'',NULL,'',NULL,''),(5555,409,1289,47,'',NULL,'',NULL,''),(5556,410,1325,47,'',NULL,'',NULL,''),(5557,410,1326,47,'',NULL,'',NULL,''),(5558,410,1327,47,'',NULL,'',NULL,''),(5559,410,1328,47,'',NULL,'',NULL,''),(5560,410,1329,47,'',NULL,'',NULL,''),(5561,410,1330,47,'',NULL,'',NULL,''),(5562,410,1331,47,'',NULL,'',NULL,''),(5563,410,1332,47,'',NULL,'',NULL,''),(5564,410,1333,47,'',NULL,'',NULL,''),(5565,410,1334,47,'',NULL,'',NULL,''),(5566,410,1335,47,'',NULL,'',NULL,''),(5567,410,1336,47,'',NULL,'',NULL,''),(5568,410,1337,47,'',NULL,'',NULL,''),(5569,411,1309,48,'',NULL,'',NULL,''),(5570,411,1310,NULL,'',NULL,'',NULL,''),(5571,411,1311,48,'',NULL,'',NULL,''),(5572,411,1312,48,'',NULL,'',NULL,''),(5573,411,1313,48,'',NULL,'',NULL,''),(5574,411,1314,48,'',NULL,'',NULL,''),(5575,411,1315,48,'',NULL,'',NULL,''),(5576,411,1316,48,'',NULL,'',NULL,''),(5577,411,1317,48,'',NULL,'',NULL,''),(5578,411,1318,48,'',NULL,'',NULL,''),(5579,411,1319,NULL,'',NULL,'',NULL,''),(5580,411,1320,48,'',NULL,'',NULL,''),(5581,411,1321,NULL,'',NULL,'',NULL,''),(5582,411,1322,48,'',NULL,'',NULL,''),(5583,411,1323,48,'',NULL,'',NULL,''),(5584,411,1324,NULL,'',NULL,'',NULL,''),(5585,411,2532,NULL,'',NULL,'',NULL,''),(5586,411,258,NULL,'',NULL,'',NULL,''),(5587,412,1809,NULL,'',NULL,'',NULL,''),(5588,412,1810,NULL,'',NULL,'',NULL,''),(5589,412,1811,NULL,'',NULL,'',NULL,''),(5590,412,1812,NULL,'',NULL,'',NULL,''),(5591,412,1813,NULL,'',NULL,'',NULL,''),(5592,412,1814,NULL,'',NULL,'',NULL,''),(5593,412,1815,NULL,'',NULL,'',NULL,''),(5594,412,1816,NULL,'',NULL,'',NULL,''),(5595,412,1817,NULL,'',NULL,'',NULL,''),(5596,412,1818,NULL,'',NULL,'',NULL,''),(5597,412,1819,NULL,'',NULL,'',NULL,''),(5598,412,1820,NULL,'',NULL,'',NULL,''),(5599,412,1821,NULL,'',NULL,'',NULL,''),(5600,412,1822,NULL,'',NULL,'',NULL,''),(5601,412,1823,NULL,'',NULL,'',NULL,''),(5602,412,1824,NULL,'',NULL,'',NULL,''),(5603,412,1825,NULL,'',NULL,'',NULL,''),(5604,413,1782,11,'',NULL,'',NULL,''),(5605,413,1783,11,'',NULL,'',NULL,''),(5606,413,1785,11,'',NULL,'',NULL,''),(5607,413,1786,11,'',NULL,'',NULL,''),(5608,413,1787,11,'',NULL,'',NULL,''),(5609,413,1788,11,'',NULL,'',NULL,''),(5610,413,1790,11,'',NULL,'',NULL,''),(5611,413,1792,11,'',NULL,'',NULL,''),(5612,413,1793,11,'',NULL,'',NULL,''),(5613,413,2747,11,'',NULL,'',NULL,''),(5614,413,1812,11,'',NULL,'',NULL,''),(5615,414,1735,11,'',NULL,'',NULL,''),(5616,414,1737,11,'',NULL,'',NULL,''),(5617,414,1738,11,'',NULL,'',NULL,''),(5618,414,1739,11,'',NULL,'',NULL,''),(5619,414,1740,11,'',NULL,'',NULL,''),(5620,414,1741,11,'',NULL,'',NULL,''),(5621,414,1742,11,'',NULL,'',NULL,''),(5622,414,1743,11,'',NULL,'',NULL,''),(5623,414,1744,11,'',NULL,'',NULL,''),(5624,414,1745,11,'',NULL,'',NULL,''),(5625,414,1746,11,'',NULL,'',NULL,''),(5626,414,1748,11,'',NULL,'',NULL,''),(5627,414,1749,11,'',NULL,'',NULL,''),(5628,414,1750,11,'',NULL,'',NULL,''),(5629,414,1751,11,'',NULL,'',NULL,''),(5630,414,1752,11,'',NULL,'',NULL,''),(5631,415,1753,1,'',NULL,'',NULL,''),(5632,415,1754,1,'',NULL,'',NULL,''),(5633,415,1755,1,'',NULL,'',NULL,''),(5634,415,1756,1,'',NULL,'',NULL,''),(5635,415,1757,1,'',NULL,'',NULL,''),(5636,415,1758,1,'',NULL,'',NULL,''),(5637,415,1759,1,'',NULL,'',NULL,''),(5638,415,1760,1,'',NULL,'',NULL,''),(5639,415,1761,1,'',NULL,'',NULL,''),(5640,415,1762,1,'',NULL,'',NULL,''),(5641,415,1763,1,'',NULL,'',NULL,''),(5642,415,1764,1,'',NULL,'',NULL,''),(5643,415,1766,1,'',NULL,'',NULL,''),(5644,416,1725,11,'',NULL,'',NULL,''),(5645,416,1726,11,'',NULL,'',NULL,''),(5646,416,1727,11,'',NULL,'',NULL,''),(5647,416,1728,11,'',NULL,'',NULL,''),(5648,416,1729,11,'',NULL,'',NULL,''),(5649,416,1730,11,'',NULL,'',NULL,''),(5650,416,1731,11,'',NULL,'',NULL,''),(5651,416,1734,11,'',NULL,'',NULL,''),(5652,417,1768,11,'',NULL,'',NULL,''),(5653,417,1769,11,'',NULL,'',NULL,''),(5654,417,1770,11,'',NULL,'',NULL,''),(5655,417,1771,11,'',NULL,'',NULL,''),(5656,417,2748,11,'',NULL,'',NULL,''),(5657,417,1774,11,'',NULL,'',NULL,''),(5658,417,1775,11,'',NULL,'',NULL,''),(5659,417,1776,11,'',NULL,'',NULL,''),(5660,417,1777,11,'',NULL,'',NULL,''),(5661,417,1778,11,'',NULL,'',NULL,''),(5662,417,1780,11,'',NULL,'',NULL,''),(5663,417,1781,11,'',NULL,'',NULL,''),(5664,418,1563,30,'',NULL,'',NULL,''),(5665,418,1564,30,'',NULL,'',NULL,''),(5666,418,1565,30,'',NULL,'',NULL,''),(5667,418,1566,30,'',NULL,'',NULL,''),(5668,418,1567,30,'',NULL,'',NULL,''),(5669,418,1568,30,'',NULL,'',NULL,''),(5670,418,1569,30,'',NULL,'',NULL,''),(5671,418,1570,30,'',NULL,'',NULL,''),(5672,418,1571,30,'',NULL,'',NULL,''),(5673,418,1572,30,'',NULL,'',NULL,''),(5674,418,1573,30,'',NULL,'',NULL,''),(5675,418,1574,30,'',NULL,'',NULL,''),(5676,418,1575,NULL,'',NULL,'',NULL,''),(5677,419,2312,30,'',NULL,'',NULL,''),(5678,419,2313,30,'',NULL,'',NULL,''),(5679,419,2314,NULL,'',NULL,'',NULL,''),(5680,419,2315,30,'',NULL,'',NULL,''),(5681,419,2316,NULL,'',NULL,'',NULL,''),(5682,419,2317,30,'',NULL,'',NULL,''),(5683,419,2318,30,'',NULL,'',NULL,''),(5684,419,2319,30,'',NULL,'',NULL,''),(5685,419,2320,30,'',NULL,'',NULL,''),(5686,419,2321,30,'',NULL,'',NULL,''),(5687,419,2322,30,'',NULL,'',NULL,''),(5688,419,2323,30,'',NULL,'',NULL,''),(5689,419,2324,30,'',NULL,'',NULL,''),(5690,419,2325,30,'',NULL,'',NULL,''),(5691,419,2326,30,'',NULL,'',NULL,''),(5692,419,2327,30,'',NULL,'',NULL,''),(5693,419,2328,NULL,'',NULL,'',NULL,''),(5694,419,2329,30,'',NULL,'',NULL,''),(5695,419,2330,9,'',NULL,'',NULL,''),(5696,419,2331,30,'',NULL,'',NULL,''),(5697,419,2332,30,'',NULL,'',NULL,''),(5698,419,2333,NULL,'',NULL,'',NULL,''),(5699,420,1502,30,'',NULL,'',NULL,''),(5700,420,1503,30,'',NULL,'',NULL,''),(5701,420,1504,30,'',NULL,'',NULL,''),(5702,420,1505,30,'',NULL,'',NULL,''),(5703,420,1506,30,'',NULL,'',NULL,''),(5704,420,1507,30,'',NULL,'',NULL,''),(5705,420,1508,30,'',NULL,'',NULL,''),(5706,420,1509,30,'',NULL,'',NULL,''),(5707,420,1510,30,'',NULL,'',NULL,''),(5708,421,1591,30,'',NULL,'',NULL,''),(5709,421,1594,30,'',NULL,'',NULL,''),(5710,421,1595,30,'',NULL,'',NULL,''),(5711,421,1596,30,'',NULL,'',NULL,''),(5712,421,1597,30,'',NULL,'',NULL,''),(5713,421,1598,30,'',NULL,'',NULL,''),(5714,421,1599,30,'',NULL,'',NULL,''),(5715,421,1600,30,'',NULL,'',NULL,''),(5716,421,1601,30,'',NULL,'',NULL,''),(5717,421,1602,30,'',NULL,'',NULL,''),(5718,421,1603,30,'',NULL,'',NULL,''),(5719,421,1604,30,'',NULL,'',NULL,''),(5720,422,1725,26,'',NULL,'',NULL,''),(5721,422,1726,26,'',NULL,'',NULL,''),(5722,422,1727,26,'',NULL,'',NULL,''),(5723,422,1728,26,'',NULL,'',NULL,''),(5724,422,1729,26,'',NULL,'',NULL,''),(5725,422,1730,26,'',NULL,'',NULL,''),(5726,422,1731,26,'',NULL,'',NULL,''),(5727,422,1732,26,'',NULL,'',NULL,''),(5728,422,1733,26,'',NULL,'',NULL,''),(5729,423,1782,29,'',NULL,'',NULL,''),(5730,423,1783,29,'',NULL,'',NULL,''),(5731,423,1784,29,'',NULL,'',NULL,''),(5732,423,1785,29,'',NULL,'',NULL,''),(5733,423,1786,29,'',NULL,'',NULL,''),(5734,423,1787,29,'',NULL,'',NULL,''),(5735,423,1788,29,'',NULL,'',NULL,''),(5736,423,1789,29,'',NULL,'',NULL,''),(5737,423,1790,29,'',NULL,'',NULL,''),(5738,423,1793,29,'',NULL,'',NULL,''),(5739,424,1735,29,'',NULL,'',NULL,''),(5740,424,1736,29,'',NULL,'',NULL,''),(5741,424,1737,29,'',NULL,'',NULL,''),(5742,424,1738,29,'',NULL,'',NULL,''),(5743,424,1739,29,'',NULL,'',NULL,''),(5744,424,1740,29,'',NULL,'',NULL,''),(5745,424,1741,29,'',NULL,'',NULL,''),(5746,424,1742,29,'',NULL,'',NULL,''),(5747,424,1745,29,'',NULL,'',NULL,''),(5748,424,1746,29,'',NULL,'',NULL,''),(5749,424,1747,29,'',NULL,'',NULL,''),(5750,424,1749,29,'',NULL,'',NULL,''),(5751,424,1751,29,'',NULL,'',NULL,''),(5752,424,1752,29,'',NULL,'',NULL,''),(5753,425,1769,29,'',NULL,'',NULL,''),(5754,425,1770,29,'',NULL,'',NULL,''),(5755,425,1771,29,'',NULL,'',NULL,''),(5756,425,1772,29,'',NULL,'',NULL,''),(5757,425,1773,29,'',NULL,'',NULL,''),(5758,425,1774,29,'',NULL,'',NULL,''),(5759,425,1775,29,'',NULL,'',NULL,''),(5760,425,1776,29,'',NULL,'',NULL,''),(5761,425,1777,29,'',NULL,'',NULL,''),(5762,425,1778,29,'',NULL,'',NULL,''),(5763,425,1779,29,'',NULL,'',NULL,''),(5764,425,1780,29,'',NULL,'',NULL,''),(5765,425,1781,29,'',NULL,'',NULL,''),(5766,426,1889,1,'',NULL,'',NULL,''),(5767,426,1890,1,'',NULL,'',NULL,''),(5768,426,1891,1,'',NULL,'',NULL,''),(5769,426,1892,1,'',NULL,'',NULL,''),(5770,426,1893,1,'',NULL,'',NULL,''),(5771,426,1894,1,'',NULL,'',NULL,''),(5772,426,1895,1,'',NULL,'',NULL,''),(5773,426,1896,1,'',NULL,'',NULL,''),(5774,426,1897,1,'',NULL,'',NULL,''),(5775,426,1898,1,'',NULL,'',NULL,''),(5776,426,1899,1,'',NULL,'',NULL,''),(5777,426,1900,1,'',NULL,'',NULL,''),(5778,427,2367,26,'',NULL,'',NULL,''),(5779,427,2368,26,'',NULL,'',NULL,''),(5780,427,2369,26,'',NULL,'',NULL,''),(5781,427,2370,26,'',NULL,'',NULL,''),(5782,427,2371,26,'',NULL,'',NULL,''),(5783,427,2372,26,'',NULL,'',NULL,''),(5784,427,2373,26,'',NULL,'',NULL,''),(5785,427,2374,26,'',NULL,'',NULL,''),(5786,427,2375,26,'',NULL,'',NULL,''),(5787,427,2376,26,'',NULL,'',NULL,''),(5788,427,2377,26,'',NULL,'',NULL,''),(5789,427,2378,26,'',NULL,'',NULL,''),(5790,427,2379,26,'',NULL,'',NULL,''),(5791,427,2380,26,'',NULL,'',NULL,''),(5792,428,1838,26,'',NULL,'',NULL,''),(5793,428,1839,26,'',NULL,'',NULL,''),(5794,428,1840,26,'',NULL,'',NULL,''),(5795,428,1841,26,'',NULL,'',NULL,''),(5796,428,1842,26,'',NULL,'',NULL,''),(5797,428,1843,26,'',NULL,'',NULL,''),(5798,428,1844,26,'',NULL,'',NULL,''),(5799,428,1845,26,'',NULL,'',NULL,''),(5800,428,1846,26,'',NULL,'',NULL,''),(5801,428,1847,26,'',NULL,'',NULL,''),(5802,428,1848,26,'',NULL,'',NULL,''),(5803,428,1849,26,'',NULL,'',NULL,''),(5804,428,1850,26,'',NULL,'',NULL,''),(5805,429,2667,29,'',NULL,'',NULL,''),(5806,429,2668,29,'',NULL,'',NULL,''),(5807,429,2669,29,'',NULL,'',NULL,''),(5808,429,2670,29,'',NULL,'',NULL,''),(5809,429,2671,29,'',NULL,'',NULL,''),(5810,429,2672,29,'',NULL,'',NULL,''),(5811,429,2673,29,'',NULL,'',NULL,''),(5812,429,2674,29,'',NULL,'',NULL,''),(5813,429,2675,29,'',NULL,'',NULL,''),(5814,429,2676,29,'',NULL,'',NULL,''),(5815,429,2677,29,'',NULL,'',NULL,''),(5816,429,2678,29,'',NULL,'',NULL,''),(5817,430,1309,NULL,'',NULL,'',NULL,''),(5818,430,1310,NULL,'',NULL,'',NULL,''),(5819,430,1311,NULL,'',NULL,'',NULL,''),(5820,430,1312,NULL,'',NULL,'',NULL,''),(5821,430,1313,NULL,'',NULL,'',NULL,''),(5822,430,1314,NULL,'',NULL,'',NULL,''),(5823,430,1315,NULL,'',NULL,'',NULL,''),(5824,430,1316,NULL,'',NULL,'',NULL,''),(5825,430,1317,NULL,'',NULL,'',NULL,''),(5826,430,1318,NULL,'',NULL,'',NULL,''),(5827,430,1319,NULL,'',NULL,'',NULL,''),(5828,430,1320,29,'',NULL,'',NULL,''),(5829,430,1321,NULL,'',NULL,'',NULL,''),(5830,430,1322,NULL,'',NULL,'',NULL,''),(5831,430,1323,NULL,'',NULL,'',NULL,''),(5832,430,1324,NULL,'',NULL,'',NULL,''),(5833,431,1325,26,'',NULL,'',NULL,''),(5834,431,1326,26,'',NULL,'',NULL,''),(5835,431,1327,NULL,'',NULL,'',NULL,''),(5836,431,1328,NULL,'',NULL,'',NULL,''),(5837,431,1329,26,'',NULL,'',NULL,''),(5838,431,1330,NULL,'',NULL,'',NULL,''),(5839,431,1331,NULL,'',NULL,'',NULL,''),(5840,431,1332,26,'',NULL,'',NULL,''),(5841,431,1333,NULL,'',NULL,'',NULL,''),(5842,431,1334,NULL,'',NULL,'',NULL,''),(5843,431,1335,NULL,'',NULL,'',NULL,''),(5844,431,1336,NULL,'',NULL,'',NULL,''),(5845,431,1337,26,'',NULL,'',NULL,''),(5846,431,2749,26,'',NULL,'',NULL,''),(5847,432,1276,NULL,'',NULL,'',NULL,''),(5848,432,1277,28,'',NULL,'',NULL,''),(5849,432,1278,NULL,'',NULL,'',NULL,''),(5850,432,1279,28,'',NULL,'',NULL,''),(5851,432,1280,28,'',NULL,'',NULL,''),(5852,432,1281,NULL,'',NULL,'',NULL,''),(5853,432,1282,28,'',NULL,'',NULL,''),(5854,432,1283,28,'',NULL,'',NULL,''),(5855,432,1284,28,'',NULL,'',NULL,''),(5856,432,1285,NULL,'',NULL,'',NULL,''),(5857,432,1286,28,'',26,'',NULL,''),(5858,432,1287,NULL,'',NULL,'',NULL,''),(5859,432,1288,NULL,'',NULL,'',NULL,''),(5860,432,1289,NULL,'',NULL,'',NULL,''),(5861,433,1290,NULL,'',NULL,'',NULL,''),(5862,433,1291,1,'',NULL,'',NULL,''),(5863,433,1292,1,'',NULL,'',NULL,''),(5864,433,1293,NULL,'',NULL,'',NULL,''),(5865,433,1294,1,'',NULL,'',NULL,''),(5866,433,1295,NULL,'',NULL,'',NULL,''),(5867,433,1296,1,'',NULL,'',NULL,''),(5868,433,1297,NULL,'',NULL,'',NULL,''),(5869,433,1298,NULL,'',NULL,'',NULL,''),(5870,433,1299,1,'',NULL,'',NULL,''),(5871,433,1300,NULL,'',NULL,'',NULL,''),(5872,433,1301,NULL,'',NULL,'',NULL,''),(5873,433,1302,1,'',NULL,'',NULL,''),(5874,433,1303,NULL,'',NULL,'',NULL,''),(5875,433,1304,NULL,'',NULL,'',NULL,''),(5876,433,1305,NULL,'',NULL,'',NULL,''),(5877,433,1306,1,'',NULL,'',NULL,''),(5878,433,1307,NULL,'',NULL,'',NULL,''),(5879,433,1308,NULL,'',NULL,'',NULL,''),(5880,434,1338,NULL,'',NULL,'',NULL,''),(5881,434,1339,NULL,'',NULL,'',NULL,''),(5882,434,1340,28,'',NULL,'',NULL,''),(5883,434,1341,28,'',NULL,'',NULL,''),(5884,434,1342,NULL,'',NULL,'',NULL,''),(5885,434,1343,NULL,'',NULL,'',NULL,''),(5886,434,1344,NULL,'',NULL,'',NULL,''),(5887,434,1345,NULL,'',NULL,'',NULL,''),(5888,434,1346,28,'',NULL,'',NULL,''),(5889,434,1347,NULL,'',NULL,'',NULL,''),(5890,434,1348,NULL,'',NULL,'',NULL,''),(5891,434,1349,28,'',NULL,'',NULL,''),(5892,434,1350,NULL,'',NULL,'',NULL,''),(5893,434,1351,NULL,'',NULL,'',NULL,''),(5894,434,1352,NULL,'',NULL,'',NULL,''),(5895,434,1353,NULL,'',NULL,'',NULL,''),(5896,434,2750,28,'',NULL,'',NULL,''),(5897,435,1624,29,'',NULL,'',NULL,''),(5898,435,1625,29,'',NULL,'',NULL,''),(5899,435,1626,NULL,'',NULL,'',NULL,''),(5900,435,1627,29,'',NULL,'',NULL,''),(5901,435,1628,NULL,'',NULL,'',NULL,''),(5902,435,1629,29,'',NULL,'',NULL,''),(5903,435,1630,29,'',NULL,'',NULL,''),(5904,435,1631,NULL,'',NULL,'',NULL,''),(5905,435,1632,29,'',NULL,'',NULL,''),(5906,435,2751,29,'',NULL,'',NULL,''),(5907,435,2752,29,'',NULL,'',NULL,''),(5908,435,2753,29,'',NULL,'',NULL,''),(5909,435,2754,29,'',NULL,'',NULL,''),(5910,436,1683,29,'',NULL,'',NULL,''),(5911,436,1684,29,'',NULL,'',NULL,''),(5912,436,1685,29,'',NULL,'',NULL,''),(5913,436,1686,NULL,'',NULL,'',NULL,''),(5914,436,1687,29,'',NULL,'',NULL,''),(5915,436,1688,29,'',NULL,'',NULL,''),(5916,436,1689,29,'',NULL,'',NULL,''),(5917,436,1690,NULL,'',NULL,'',NULL,''),(5918,436,1692,29,'',NULL,'',NULL,''),(5919,436,1693,NULL,'',NULL,'',NULL,''),(5920,436,1694,NULL,'',NULL,'',NULL,''),(5921,436,1695,NULL,'',NULL,'',NULL,''),(5922,436,2757,29,'',NULL,'',NULL,''),(5923,436,2763,NULL,'',NULL,'',NULL,''),(5924,436,2760,NULL,'',NULL,'',NULL,''),(5925,436,2761,29,'',NULL,'',NULL,''),(5926,436,2762,NULL,'',NULL,'',NULL,''),(5927,436,2764,29,'',NULL,'',NULL,''),(5928,436,2765,NULL,'',NULL,'',NULL,''),(5929,436,2766,NULL,'',NULL,'',NULL,''),(5930,436,2767,NULL,'',NULL,'',NULL,''),(5931,437,1697,29,'',NULL,'',NULL,''),(5932,437,1698,29,'',NULL,'',NULL,''),(5933,437,1700,29,'',NULL,'',NULL,''),(5934,437,1701,29,'',NULL,'',NULL,''),(5935,437,1702,29,'',NULL,'',NULL,''),(5936,437,1703,29,'',NULL,'',NULL,''),(5937,437,1704,NULL,'',NULL,'',NULL,''),(5938,437,1707,29,'',NULL,'',NULL,''),(5939,437,1708,29,'',NULL,'',NULL,''),(5940,437,2770,29,'',NULL,'',NULL,''),(5941,437,2771,NULL,'',NULL,'',NULL,''),(5942,437,2772,29,'',NULL,'',NULL,''),(5943,438,1647,29,'',NULL,'',NULL,''),(5944,438,1648,NULL,'',NULL,'',NULL,''),(5945,438,1649,29,'',NULL,'',NULL,''),(5946,438,1650,29,'',NULL,'',NULL,''),(5947,438,1651,29,'',NULL,'',NULL,''),(5948,438,1652,29,'',NULL,'',NULL,''),(5949,438,1653,29,'',NULL,'',NULL,''),(5950,438,1654,29,'',NULL,'',NULL,''),(5951,438,1655,NULL,'',NULL,'',NULL,''),(5952,438,1656,29,'',NULL,'',NULL,''),(5953,438,1657,NULL,'',NULL,'',NULL,''),(5954,438,1658,29,'',NULL,'',NULL,''),(5955,438,1659,NULL,'',NULL,'',NULL,''),(5956,439,1660,29,'',NULL,'',NULL,''),(5957,439,1661,29,'',NULL,'',NULL,''),(5958,439,1662,29,'',NULL,'',NULL,''),(5959,439,1663,NULL,'',NULL,'',NULL,''),(5960,439,1664,29,'',NULL,'',NULL,''),(5961,439,1665,NULL,'',NULL,'',NULL,''),(5962,439,1666,29,'',NULL,'',NULL,''),(5963,439,1667,NULL,'',NULL,'',NULL,''),(5964,439,1668,29,'',NULL,'',NULL,''),(5965,439,1669,NULL,'',NULL,'',NULL,''),(5966,439,1670,29,'',NULL,'',NULL,''),(5967,440,2656,NULL,'',NULL,'',NULL,''),(5968,440,2657,NULL,'',NULL,'',NULL,''),(5969,440,2658,NULL,'',NULL,'',NULL,''),(5970,440,2659,NULL,'',NULL,'',NULL,''),(5971,440,2660,NULL,'',NULL,'',NULL,''),(5972,440,2661,NULL,'',NULL,'',NULL,''),(5973,440,2662,NULL,'',NULL,'',NULL,''),(5974,440,2663,NULL,'',NULL,'',NULL,''),(5975,440,2664,NULL,'',NULL,'',NULL,''),(5976,440,2665,NULL,'',NULL,'',NULL,''),(5977,440,2666,NULL,'',NULL,'',NULL,''),(5978,441,1423,NULL,'',43,'',NULL,''),(5979,441,1425,NULL,'',43,'',NULL,''),(5980,441,1427,NULL,'',NULL,'',NULL,''),(5981,441,1428,NULL,'',43,'',NULL,''),(5982,441,1429,NULL,'',NULL,'',NULL,''),(5983,441,1430,NULL,'',NULL,'',NULL,''),(5984,441,1431,NULL,'',NULL,'',NULL,''),(5985,441,1432,NULL,'',NULL,'',NULL,''),(5986,441,1433,NULL,'',NULL,'',NULL,''),(5987,441,1434,NULL,'',NULL,'',NULL,''),(5988,441,1435,NULL,'',NULL,'',NULL,''),(5989,441,1436,NULL,'',NULL,'',NULL,''),(5990,442,1548,NULL,'',NULL,'',NULL,''),(5991,442,1549,NULL,'',NULL,'',NULL,''),(5992,442,1550,NULL,'',NULL,'',NULL,''),(5993,442,1551,NULL,'',NULL,'',NULL,''),(5994,442,1552,NULL,'',NULL,'',NULL,''),(5995,442,1553,NULL,'',NULL,'',NULL,''),(5996,442,1554,NULL,'',NULL,'',NULL,''),(5997,442,1555,NULL,'',NULL,'',NULL,''),(5998,442,1556,NULL,'',NULL,'',NULL,''),(5999,442,1557,NULL,'',NULL,'',NULL,''),(6000,442,1560,NULL,'',NULL,'',NULL,''),(6001,442,1562,NULL,'',NULL,'',NULL,''),(6002,443,1502,29,'',NULL,'',NULL,''),(6003,443,1503,29,'',NULL,'',NULL,''),(6004,443,1504,29,'',NULL,'',NULL,''),(6005,443,1505,29,'',NULL,'',NULL,''),(6006,443,1506,NULL,'',NULL,'',NULL,''),(6007,443,1507,NULL,'',NULL,'',NULL,''),(6008,443,1508,NULL,'',NULL,'',NULL,''),(6009,443,1509,29,'',NULL,'',NULL,''),(6010,443,1511,29,'',NULL,'',NULL,''),(6011,443,1512,29,'',NULL,'',NULL,''),(6012,443,1513,29,'',NULL,'',NULL,''),(6013,443,2773,29,'',NULL,'',NULL,''),(6014,443,2774,NULL,'',NULL,'',NULL,''),(6015,443,2775,29,'',NULL,'',NULL,''),(6016,444,1276,26,'',NULL,'',NULL,''),(6017,444,1277,NULL,'',NULL,'',NULL,''),(6018,444,1278,NULL,'',NULL,'',NULL,''),(6019,444,1279,NULL,'',NULL,'',NULL,''),(6020,444,1280,NULL,'',NULL,'',NULL,''),(6021,444,1281,NULL,'',NULL,'',NULL,''),(6022,444,1282,NULL,'',NULL,'',NULL,''),(6023,444,1283,NULL,'',NULL,'',NULL,''),(6024,444,1284,NULL,'',NULL,'',NULL,''),(6025,444,1285,NULL,'',NULL,'',NULL,''),(6026,444,1286,NULL,'',NULL,'',NULL,''),(6027,444,1287,NULL,'',NULL,'',NULL,''),(6028,444,1288,NULL,'',NULL,'',NULL,''),(6029,444,1289,26,'',NULL,'',NULL,''),(6030,445,1290,1,'',NULL,'',NULL,''),(6031,445,1291,NULL,'',NULL,'',NULL,''),(6032,445,1292,NULL,'',NULL,'',NULL,''),(6033,445,1293,NULL,'',NULL,'',NULL,''),(6034,445,1294,NULL,'',NULL,'',NULL,''),(6035,445,1295,NULL,'',NULL,'',NULL,''),(6036,445,1296,NULL,'',NULL,'',NULL,''),(6037,445,1297,NULL,'',NULL,'',NULL,''),(6038,445,1298,NULL,'',NULL,'',NULL,''),(6039,445,1299,NULL,'',NULL,'',NULL,''),(6040,445,1300,NULL,'',NULL,'',NULL,''),(6041,445,1301,NULL,'',NULL,'',NULL,''),(6042,445,1302,1,'',NULL,'',NULL,''),(6043,445,1303,NULL,'',NULL,'',NULL,''),(6044,445,1304,1,'',NULL,'',NULL,''),(6045,445,1305,NULL,'',NULL,'',NULL,''),(6046,445,1306,1,'',NULL,'',NULL,''),(6047,445,1307,NULL,'',NULL,'',NULL,''),(6048,445,1308,NULL,'',NULL,'',NULL,''),(6049,446,2367,26,'',NULL,'',NULL,''),(6050,446,2368,26,'',NULL,'',NULL,''),(6051,446,2369,26,'',NULL,'',NULL,''),(6052,446,2370,26,'',NULL,'',NULL,''),(6053,446,2371,26,'',NULL,'',NULL,''),(6054,446,2372,26,'',NULL,'',NULL,''),(6055,446,2374,26,'',NULL,'',NULL,''),(6056,446,2375,26,'',NULL,'',NULL,''),(6057,446,2376,26,'',NULL,'',NULL,''),(6058,446,2377,26,'',NULL,'',NULL,''),(6059,446,2378,26,'',NULL,'',NULL,''),(6060,446,2379,26,'',NULL,'',NULL,''),(6061,446,2381,26,'',NULL,'',NULL,''),(6062,446,2382,26,'',NULL,'',NULL,''),(6063,446,2383,26,'',NULL,'',NULL,''),(6064,446,2384,26,'',NULL,'',NULL,''),(6065,446,2385,26,'',NULL,'',NULL,''),(6066,447,1338,NULL,'',NULL,'',NULL,''),(6067,447,1339,NULL,'',NULL,'',NULL,''),(6068,447,1340,NULL,'',NULL,'',NULL,''),(6069,447,1341,22,'',NULL,'',NULL,''),(6070,447,1342,NULL,'',NULL,'',NULL,''),(6071,447,1343,NULL,'',NULL,'',NULL,''),(6072,447,1344,NULL,'',NULL,'',NULL,''),(6073,447,1345,NULL,'',NULL,'',NULL,''),(6074,447,1346,NULL,'',NULL,'',NULL,''),(6075,447,1347,NULL,'',NULL,'',NULL,''),(6076,447,1348,NULL,'',NULL,'',NULL,''),(6077,447,1349,22,'',NULL,'',NULL,''),(6078,447,1350,NULL,'',NULL,'',NULL,''),(6079,447,1351,NULL,'',NULL,'',NULL,''),(6080,447,1352,NULL,'',NULL,'',NULL,''),(6081,447,1353,NULL,'',NULL,'',NULL,''),(6082,447,257,22,'',NULL,'',NULL,''),(6083,448,1725,11,'',NULL,'',NULL,''),(6084,448,1726,11,'',NULL,'',NULL,''),(6085,448,1727,11,'',NULL,'',NULL,''),(6086,448,1730,11,'',NULL,'',NULL,''),(6087,448,1731,11,'',NULL,'',NULL,''),(6088,448,1732,11,'',NULL,'',NULL,''),(6089,449,1826,NULL,'',NULL,'',NULL,''),(6090,449,1827,NULL,'',NULL,'',NULL,''),(6091,449,1828,NULL,'',NULL,'',NULL,''),(6092,449,1829,48,'',NULL,'',NULL,''),(6093,449,1830,NULL,'',NULL,'',NULL,''),(6094,449,1831,NULL,'',NULL,'',NULL,''),(6095,449,1832,NULL,'',NULL,'',NULL,''),(6096,449,1833,48,'',NULL,'',NULL,''),(6097,449,1834,NULL,'',NULL,'',NULL,''),(6098,449,1835,NULL,'',NULL,'',NULL,''),(6099,449,1836,NULL,'',NULL,'',NULL,''),(6100,449,1837,48,'',NULL,'',NULL,''),(6101,450,1782,11,'',NULL,'',NULL,''),(6102,450,1783,11,'',NULL,'',NULL,''),(6103,450,1784,11,'',NULL,'',NULL,''),(6104,450,1785,11,'',NULL,'',NULL,''),(6105,450,1786,11,'',NULL,'',NULL,''),(6106,450,1787,11,'',NULL,'',NULL,''),(6107,450,1788,11,'',NULL,'',NULL,''),(6108,450,1789,11,'',NULL,'',NULL,''),(6109,450,1790,11,'',NULL,'',NULL,''),(6110,451,1768,28,'',NULL,'',NULL,''),(6111,451,1769,28,'',NULL,'',NULL,''),(6112,451,1770,28,'',NULL,'',NULL,''),(6113,451,1771,28,'',NULL,'',NULL,''),(6114,451,1772,28,'',NULL,'',NULL,''),(6115,451,1774,28,'',NULL,'',NULL,''),(6116,451,1775,28,'',NULL,'',NULL,''),(6117,451,1776,28,'',NULL,'',NULL,''),(6118,451,1777,28,'',NULL,'',NULL,''),(6119,451,1778,28,'',NULL,'',NULL,''),(6120,451,1779,28,'',NULL,'',NULL,''),(6121,451,1781,28,'',NULL,'',NULL,''),(6122,452,1735,11,'',NULL,'',NULL,''),(6123,452,1736,11,'',NULL,'',NULL,''),(6124,452,1737,11,'',NULL,'',NULL,''),(6125,452,1738,11,'',NULL,'',NULL,''),(6126,452,1739,11,'',NULL,'',NULL,''),(6127,452,1740,11,'',NULL,'',NULL,''),(6128,452,1741,11,'',NULL,'',NULL,''),(6129,452,1742,11,'',NULL,'',NULL,''),(6130,452,1743,11,'',NULL,'',NULL,''),(6131,452,1744,11,'',NULL,'',NULL,''),(6132,452,1745,11,'',NULL,'',NULL,''),(6133,452,1746,11,'',NULL,'',NULL,''),(6134,452,1747,11,'',NULL,'',NULL,''),(6135,452,1748,11,'',NULL,'',NULL,''),(6136,452,1749,11,'',NULL,'',NULL,''),(6137,452,1750,11,'',NULL,'',NULL,''),(6138,452,1751,11,'',NULL,'',NULL,''),(6139,452,1752,11,'',NULL,'',NULL,''),(6140,453,1838,NULL,'',26,'',NULL,''),(6141,453,1839,NULL,'',26,'',NULL,''),(6142,453,1840,NULL,'',26,'',NULL,''),(6143,453,1841,NULL,'',NULL,'',NULL,''),(6144,453,1842,NULL,'',26,'',NULL,''),(6145,453,1843,NULL,'',26,'',NULL,''),(6146,453,1844,NULL,'',26,'',NULL,''),(6147,453,1845,NULL,'',26,'',NULL,''),(6148,453,1846,NULL,'',26,'',NULL,''),(6149,453,1847,NULL,'',26,'',NULL,''),(6150,453,1848,NULL,'',26,'',NULL,''),(6151,453,1849,NULL,'',26,'',NULL,''),(6152,453,1850,NULL,'',26,'',NULL,''),(6153,453,1852,NULL,'',26,'',NULL,''),(6154,453,1853,NULL,'',26,'',NULL,''),(6155,453,1854,NULL,'',26,'',NULL,''),(6156,453,2776,NULL,'',26,'',NULL,''),(6157,454,1366,NULL,'',NULL,'',NULL,''),(6158,454,1367,28,'',NULL,'',NULL,''),(6159,454,1368,28,'',NULL,'',NULL,''),(6160,454,1369,28,'',NULL,'',NULL,''),(6161,454,1370,28,'',NULL,'',NULL,''),(6162,454,1371,28,'',NULL,'',NULL,''),(6163,454,1372,NULL,'',NULL,'',NULL,''),(6164,454,1373,28,'',NULL,'',NULL,''),(6165,454,1374,NULL,'',NULL,'',NULL,''),(6166,454,1375,NULL,'',NULL,'',NULL,''),(6167,454,1376,28,'',NULL,'',NULL,''),(6168,455,1809,48,'',NULL,'',NULL,''),(6169,455,1810,NULL,'',NULL,'',NULL,''),(6170,455,1811,NULL,'',NULL,'',NULL,''),(6171,455,1812,48,'',NULL,'',NULL,''),(6172,455,1813,48,'',NULL,'',NULL,''),(6173,455,1814,NULL,'',NULL,'',NULL,''),(6174,455,1815,48,'',NULL,'',NULL,''),(6175,455,1816,NULL,'',NULL,'',NULL,''),(6176,455,1817,48,'',NULL,'',NULL,''),(6177,455,1818,NULL,'',NULL,'',NULL,''),(6178,455,1819,NULL,'',NULL,'',NULL,''),(6179,455,1820,48,'',NULL,'',NULL,''),(6180,455,1821,NULL,'',NULL,'',NULL,''),(6181,455,1822,48,'',NULL,'',NULL,''),(6182,455,1823,NULL,'',NULL,'',NULL,''),(6183,455,1824,NULL,'',NULL,'',NULL,''),(6184,455,1825,NULL,'',NULL,'',NULL,''),(6185,456,1423,NULL,'',NULL,'',NULL,''),(6186,456,1424,NULL,'',NULL,'',NULL,''),(6187,456,1425,NULL,'',NULL,'',NULL,''),(6188,456,1426,NULL,'',NULL,'',NULL,''),(6189,456,1427,NULL,'',NULL,'',NULL,''),(6190,456,1428,NULL,'',NULL,'',NULL,''),(6191,456,1429,NULL,'',NULL,'',NULL,''),(6192,456,1430,NULL,'',NULL,'',NULL,''),(6193,456,1431,NULL,'',NULL,'',NULL,''),(6194,456,1432,NULL,'',NULL,'',NULL,''),(6195,456,1433,NULL,'',NULL,'',NULL,''),(6196,456,1434,NULL,'',NULL,'',NULL,''),(6197,456,1435,NULL,'',NULL,'',NULL,''),(6198,456,1436,NULL,'',NULL,'',NULL,''),(6199,457,1794,NULL,'',NULL,'',NULL,''),(6200,457,1795,NULL,'',NULL,'',NULL,''),(6201,457,1796,NULL,'',NULL,'',NULL,''),(6202,457,1797,NULL,'',NULL,'',NULL,''),(6203,457,1798,NULL,'',NULL,'',NULL,''),(6204,457,1799,NULL,'',NULL,'',NULL,''),(6205,457,1800,NULL,'',NULL,'',NULL,''),(6206,457,1801,NULL,'',NULL,'',NULL,''),(6207,457,1802,NULL,'',NULL,'',NULL,''),(6208,457,1803,NULL,'',NULL,'',NULL,''),(6209,457,1804,NULL,'',NULL,'',NULL,''),(6210,457,1805,NULL,'',NULL,'',NULL,''),(6211,457,1806,NULL,'',NULL,'',NULL,''),(6212,457,1807,NULL,'',NULL,'',NULL,''),(6213,457,1808,NULL,'',NULL,'',NULL,''),(6214,458,1476,NULL,'',NULL,'',NULL,''),(6215,458,1477,NULL,'',NULL,'',NULL,''),(6216,458,1478,NULL,'',NULL,'',NULL,''),(6217,458,1479,NULL,'',NULL,'',NULL,''),(6218,458,1480,NULL,'',NULL,'',NULL,''),(6219,458,1481,NULL,'',NULL,'',NULL,''),(6220,458,1482,NULL,'',NULL,'',NULL,''),(6221,458,1483,NULL,'',NULL,'',NULL,''),(6222,458,1484,NULL,'',NULL,'',NULL,''),(6223,458,1485,NULL,'',NULL,'',NULL,''),(6224,458,1486,NULL,'',NULL,'',NULL,''),(6225,458,1487,NULL,'',NULL,'',NULL,''),(6226,458,1488,NULL,'',NULL,'',NULL,''),(6227,458,1489,NULL,'',NULL,'',NULL,''),(6228,459,1735,26,'',NULL,'',NULL,''),(6229,459,1736,26,'',NULL,'',NULL,''),(6230,459,1737,26,'',NULL,'',NULL,''),(6231,459,1738,26,'',NULL,'',NULL,''),(6232,459,1739,26,'',NULL,'',NULL,''),(6233,459,1740,26,'',NULL,'',NULL,''),(6234,459,1741,26,'',NULL,'',NULL,''),(6235,459,1742,26,'',NULL,'',NULL,''),(6236,459,1743,26,'',NULL,'',NULL,''),(6237,459,1745,26,'',NULL,'',NULL,''),(6238,459,1746,26,'',NULL,'',NULL,''),(6239,459,1748,26,'',NULL,'',NULL,''),(6240,459,1750,26,'',NULL,'',NULL,''),(6241,459,1751,26,'',NULL,'',NULL,''),(6242,459,1752,26,'',NULL,'',NULL,''),(6243,460,2500,NULL,'',NULL,'',NULL,''),(6244,460,2501,1,'',NULL,'',NULL,''),(6245,460,2502,1,'',NULL,'',NULL,''),(6246,460,2503,NULL,'',NULL,'',NULL,''),(6247,460,2504,1,'',NULL,'',NULL,''),(6248,460,2505,1,'',NULL,'',NULL,''),(6249,460,2506,1,'',NULL,'',NULL,''),(6250,460,2507,1,'',NULL,'',NULL,''),(6251,460,2508,1,'',NULL,'',NULL,''),(6252,460,2509,NULL,'',NULL,'',NULL,''),(6253,460,2510,NULL,'',NULL,'',NULL,''),(6254,460,2511,NULL,'',NULL,'',NULL,''),(6255,460,2512,1,'',NULL,'',NULL,''),(6256,460,2513,NULL,'',NULL,'',NULL,''),(6257,460,2514,1,'',NULL,'',NULL,''),(6258,460,2515,1,'',NULL,'',NULL,''),(6259,460,2516,NULL,'',NULL,'',NULL,''),(6260,460,2517,1,'',NULL,'',NULL,''),(6261,460,2518,NULL,'',NULL,'',NULL,''),(6262,461,1782,41,'',NULL,'',NULL,''),(6263,461,1783,41,'',NULL,'',NULL,''),(6264,461,1785,41,'',NULL,'',NULL,''),(6265,461,1786,41,'',NULL,'',NULL,''),(6266,461,1787,41,'',NULL,'',NULL,''),(6267,461,1788,41,'',NULL,'',NULL,''),(6268,461,1789,41,'',NULL,'',NULL,''),(6269,461,1790,41,'',NULL,'',NULL,''),(6270,461,1792,41,'',NULL,'',NULL,''),(6271,461,1793,41,'',NULL,'',NULL,''),(6272,462,1725,29,'',NULL,'',NULL,''),(6273,462,1726,29,'',NULL,'',NULL,''),(6274,462,1727,29,'',NULL,'',NULL,''),(6275,462,1728,29,'',NULL,'',NULL,''),(6276,462,1729,29,'',NULL,'',NULL,''),(6277,462,1731,29,'',NULL,'',NULL,''),(6278,462,1732,29,'',NULL,'',NULL,''),(6279,462,1733,29,'',NULL,'',NULL,''),(6280,462,1734,29,'',NULL,'',NULL,''),(6281,462,239,29,'',NULL,'',NULL,''),(6282,463,226,NULL,'',NULL,'',NULL,''),(6283,463,228,NULL,'',NULL,'',NULL,''),(6284,463,229,NULL,'',NULL,'',NULL,''),(6285,463,230,NULL,'',NULL,'',NULL,''),(6286,463,231,NULL,'',NULL,'',NULL,''),(6287,463,232,NULL,'',NULL,'',NULL,''),(6288,463,233,NULL,'',NULL,'',NULL,''),(6289,463,234,1,'',NULL,'',NULL,''),(6290,463,235,NULL,'',NULL,'',NULL,''),(6291,463,236,NULL,'',NULL,'',NULL,''),(6292,463,237,NULL,'',NULL,'',NULL,''),(6293,463,238,NULL,'',NULL,'',NULL,''),(6294,463,239,NULL,'',NULL,'',NULL,''),(6295,463,240,NULL,'',NULL,'',NULL,''),(6296,463,241,NULL,'',NULL,'',NULL,''),(6297,463,2777,NULL,'',NULL,'',NULL,''),(6298,464,1768,30,'',30,'',NULL,''),(6299,464,1769,30,'',30,'',NULL,''),(6300,464,1770,30,'',NULL,'',NULL,''),(6301,464,1771,30,'',NULL,'',NULL,''),(6302,464,1772,30,'',30,'',NULL,''),(6303,464,1774,30,'',30,'',NULL,''),(6304,464,1775,30,'',NULL,'',NULL,''),(6305,464,1776,30,'',NULL,'',NULL,''),(6306,464,1777,30,'',30,'',NULL,''),(6307,464,1778,30,'',NULL,'',NULL,''),(6308,464,1780,30,'',30,'',NULL,''),(6309,464,1781,30,'',NULL,'',NULL,''),(6310,465,1338,26,'',NULL,'',NULL,''),(6311,465,1339,26,'',NULL,'',NULL,''),(6312,465,1340,26,'',NULL,'',NULL,''),(6313,465,1342,NULL,'',NULL,'',NULL,''),(6314,465,1343,NULL,'',NULL,'',NULL,''),(6315,465,1344,NULL,'',NULL,'',NULL,''),(6316,465,1345,NULL,'',NULL,'',NULL,''),(6317,465,1346,NULL,'',NULL,'',NULL,''),(6318,465,1347,NULL,'',NULL,'',NULL,''),(6319,465,1348,NULL,'',NULL,'',NULL,''),(6320,465,1349,26,'',NULL,'',NULL,''),(6321,465,1350,26,'',NULL,'',NULL,''),(6322,465,1351,NULL,'',NULL,'',NULL,''),(6323,465,1352,NULL,'',NULL,'',NULL,''),(6324,465,1353,NULL,'',NULL,'',NULL,''),(6325,466,1753,29,'',29,'',NULL,''),(6326,466,1754,29,'',NULL,'',NULL,''),(6327,466,1755,29,'',NULL,'',NULL,''),(6328,466,1756,29,'',NULL,'',NULL,''),(6329,466,1757,29,'',NULL,'',NULL,''),(6330,466,1758,29,'',NULL,'',NULL,''),(6331,466,1759,29,'',NULL,'',NULL,''),(6332,466,1760,29,'',NULL,'',NULL,''),(6333,466,1761,29,'',NULL,'',NULL,''),(6334,466,1762,29,'',NULL,'',NULL,''),(6335,466,1763,29,'',29,'',NULL,''),(6336,466,1764,29,'',29,'',NULL,''),(6337,466,1765,29,'',NULL,'',NULL,''),(6338,466,1766,29,'',NULL,'',NULL,''),(6339,466,1767,29,'',NULL,'',NULL,''),(6340,467,1325,NULL,'',NULL,'',NULL,''),(6341,467,1326,NULL,'',NULL,'',NULL,''),(6342,467,1327,NULL,'',NULL,'',NULL,''),(6343,467,1328,NULL,'',NULL,'',NULL,''),(6344,467,1329,1,'',NULL,'',NULL,''),(6345,467,1330,NULL,'',NULL,'',NULL,''),(6346,467,1331,1,'',NULL,'',NULL,''),(6347,467,1332,1,'',NULL,'',NULL,''),(6348,467,1333,NULL,'',NULL,'',NULL,''),(6349,467,1334,NULL,'',NULL,'',NULL,''),(6350,467,1335,NULL,'',NULL,'',NULL,''),(6351,467,1336,NULL,'',NULL,'',NULL,''),(6352,467,1337,NULL,'',NULL,'',NULL,''),(6353,468,1753,29,'',NULL,'',NULL,''),(6354,468,1754,29,'',NULL,'',NULL,''),(6355,468,1755,29,'',NULL,'',NULL,''),(6356,468,1756,29,'',NULL,'',NULL,''),(6357,468,1757,29,'',NULL,'',NULL,''),(6358,468,1758,29,'',NULL,'',NULL,''),(6359,468,1759,29,'',NULL,'',NULL,''),(6360,468,1760,29,'',NULL,'',NULL,''),(6361,468,1761,29,'',NULL,'',NULL,''),(6362,468,1762,29,'',NULL,'',NULL,''),(6363,468,1763,29,'',NULL,'',NULL,''),(6364,468,1764,29,'',NULL,'',NULL,''),(6365,468,1765,29,'',NULL,'',NULL,''),(6366,468,1766,29,'',NULL,'',NULL,''),(6367,468,1767,29,'',NULL,'',NULL,''),(6368,469,1768,29,'',NULL,'',NULL,''),(6369,469,1769,29,'',NULL,'',NULL,''),(6370,469,1770,29,'',NULL,'',NULL,''),(6371,469,1771,29,'',NULL,'',NULL,''),(6372,469,1772,29,'',NULL,'',NULL,''),(6373,469,1774,29,'',NULL,'',NULL,''),(6374,469,1775,29,'',NULL,'',NULL,''),(6375,469,1776,29,'',NULL,'',NULL,''),(6376,469,1777,29,'',NULL,'',NULL,''),(6377,469,1778,29,'',NULL,'',NULL,''),(6378,469,1780,29,'',NULL,'',NULL,''),(6379,469,1781,29,'',NULL,'',NULL,''),(6380,470,1276,NULL,'',NULL,'',NULL,''),(6381,470,1277,NULL,'',NULL,'',NULL,''),(6382,470,1278,26,'',NULL,'',NULL,''),(6383,470,1279,NULL,'',NULL,'',NULL,''),(6384,470,1280,NULL,'',NULL,'',NULL,''),(6385,470,1281,26,'',NULL,'',NULL,''),(6386,470,1282,26,'',NULL,'',NULL,''),(6387,470,1283,NULL,'',NULL,'',NULL,''),(6388,470,1284,NULL,'',NULL,'',NULL,''),(6389,470,1285,NULL,'',NULL,'',NULL,''),(6390,470,1286,NULL,'',NULL,'',NULL,''),(6391,470,1287,NULL,'',NULL,'',NULL,''),(6392,470,1288,NULL,'',NULL,'',NULL,''),(6393,470,1289,26,'',NULL,'',NULL,''),(6394,470,2778,26,'',NULL,'',NULL,''),(6395,470,2779,NULL,'',NULL,'',NULL,''),(6396,471,2780,29,'',NULL,'',NULL,''),(6397,471,2783,29,'',NULL,'',NULL,''),(6398,471,2784,29,'',NULL,'',NULL,''),(6399,471,2785,29,'',NULL,'',NULL,''),(6400,471,2786,29,'',NULL,'',NULL,''),(6401,471,2787,29,'',NULL,'',NULL,''),(6402,471,2788,29,'',NULL,'',NULL,''),(6403,471,2789,29,'',NULL,'',NULL,''),(6404,472,1290,NULL,'',NULL,'',NULL,''),(6405,472,1291,NULL,'',NULL,'',NULL,''),(6406,472,1292,26,'',NULL,'',NULL,''),(6407,472,1293,NULL,'',NULL,'',NULL,''),(6408,472,1294,26,'',NULL,'',NULL,''),(6409,472,1295,NULL,'',NULL,'',NULL,''),(6410,472,1297,NULL,'',NULL,'',NULL,''),(6411,472,1298,26,'',NULL,'',NULL,''),(6412,472,1299,NULL,'',NULL,'',NULL,''),(6413,472,1300,NULL,'',NULL,'',NULL,''),(6414,472,1301,NULL,'',NULL,'',NULL,''),(6415,472,1302,NULL,'',NULL,'',NULL,''),(6416,472,1303,NULL,'',NULL,'',NULL,''),(6417,472,1304,NULL,'',NULL,'',NULL,''),(6418,472,1305,26,'',NULL,'',NULL,''),(6419,472,1306,NULL,'',NULL,'',NULL,''),(6420,472,1307,NULL,'',NULL,'',NULL,''),(6421,472,1308,NULL,'',NULL,'',NULL,''),(6422,473,1725,29,'',NULL,'',NULL,''),(6423,473,1726,29,'',29,'',NULL,''),(6424,473,1727,29,'',NULL,'',NULL,''),(6425,473,1728,29,'',NULL,'',NULL,''),(6426,473,1729,29,'',NULL,'',NULL,''),(6427,473,1730,29,'',NULL,'',NULL,''),(6428,473,1731,29,'',NULL,'',NULL,''),(6429,473,1732,29,'',NULL,'',NULL,''),(6430,473,1733,29,'',NULL,'',NULL,''),(6431,473,1734,29,'',NULL,'',NULL,''),(6432,474,1782,29,'',29,'',NULL,''),(6433,474,1783,29,'',NULL,'',NULL,''),(6434,474,1784,29,'',NULL,'',NULL,''),(6435,474,1785,29,'',NULL,'',NULL,''),(6436,474,1786,29,'',NULL,'',NULL,''),(6437,474,1787,29,'',NULL,'',NULL,''),(6438,474,1788,29,'',NULL,'',NULL,''),(6439,474,1789,29,'',NULL,'',NULL,''),(6440,474,1790,29,'',NULL,'',NULL,''),(6441,474,1791,29,'',NULL,'',NULL,''),(6442,474,1792,29,'',29,'',NULL,''),(6443,474,1793,29,'',29,'',NULL,''),(6444,475,1735,6,'',NULL,'',NULL,''),(6445,475,1736,6,'',NULL,'',NULL,''),(6446,475,1737,6,'',NULL,'',NULL,''),(6447,475,1738,6,'',NULL,'',NULL,''),(6448,475,1739,6,'',NULL,'',NULL,''),(6449,475,1740,6,'',NULL,'',NULL,''),(6450,475,1741,6,'',NULL,'',NULL,''),(6451,475,1742,6,'',NULL,'',NULL,''),(6452,475,1743,6,'',NULL,'',NULL,''),(6453,475,1744,6,'',NULL,'',NULL,''),(6454,475,1745,6,'',NULL,'',NULL,''),(6455,475,1746,6,'',NULL,'',NULL,''),(6456,475,1747,6,'',NULL,'',NULL,''),(6457,475,1748,6,'',NULL,'',NULL,''),(6458,475,1749,6,'',NULL,'',NULL,''),(6459,475,1750,6,'',NULL,'',NULL,''),(6460,475,1751,6,'',NULL,'',NULL,''),(6461,475,1752,6,'',NULL,'',NULL,''),(6462,476,2790,1,'',NULL,'',NULL,''),(6463,476,2791,29,'',NULL,'',NULL,''),(6464,476,2792,29,'',NULL,'',NULL,''),(6465,476,2793,1,'',NULL,'',NULL,''),(6466,476,2794,29,'',NULL,'',NULL,''),(6467,476,2795,1,'',NULL,'',NULL,''),(6468,476,2796,29,'',NULL,'',NULL,''),(6469,476,2797,29,'',NULL,'',NULL,''),(6470,476,2798,29,'',NULL,'',NULL,''),(6471,476,2799,1,'',NULL,'',NULL,''),(6472,476,2800,1,'',NULL,'',NULL,''),(6473,477,2801,NULL,'',NULL,'',NULL,''),(6474,477,2802,29,'',NULL,'',NULL,''),(6475,477,2803,29,'',NULL,'',NULL,''),(6476,477,2804,29,'',NULL,'',NULL,''),(6477,477,2805,29,'',NULL,'',NULL,''),(6478,477,2806,29,'',NULL,'',NULL,''),(6479,477,2807,NULL,'',NULL,'',NULL,''),(6480,477,2808,29,'',NULL,'',NULL,''),(6481,477,2809,NULL,'',NULL,'',NULL,''),(6482,477,2810,29,'',NULL,'',NULL,''),(6483,477,2811,29,'',NULL,'',NULL,''),(6484,477,2812,NULL,'',NULL,'',NULL,''),(6485,477,2813,NULL,'',NULL,'',NULL,''),(6486,477,2814,NULL,'',NULL,'',NULL,''),(6487,477,2815,29,'',NULL,'',NULL,''),(6488,477,2816,NULL,'',NULL,'',NULL,''),(6489,478,1696,29,'',NULL,'',NULL,'uses of vermicompost'),(6490,478,1697,29,'',NULL,'',NULL,''),(6491,478,1699,1,'',NULL,'',NULL,''),(6492,478,1700,1,'',NULL,'',NULL,'wh\\y jaggery is to beadded in the feed'),(6493,478,1701,1,'',NULL,'',NULL,''),(6494,478,1702,1,'',NULL,'',NULL,''),(6495,478,1703,29,'',NULL,'',NULL,''),(6496,478,1704,29,'',NULL,'',NULL,''),(6497,478,1705,29,'',NULL,'',NULL,''),(6498,478,1706,1,'',NULL,'',NULL,''),(6499,478,1707,29,'',NULL,'',NULL,''),(6500,478,1708,1,'',NULL,'',NULL,''),(6501,478,1709,29,'',NULL,'',NULL,''),(6502,479,1514,NULL,'',NULL,'',NULL,''),(6503,479,1515,29,'',NULL,'',NULL,''),(6504,479,1516,29,'',NULL,'',NULL,''),(6505,479,1517,29,'',NULL,'',NULL,''),(6506,479,1518,29,'',NULL,'',NULL,''),(6507,479,1519,29,'',NULL,'',NULL,''),(6508,479,1520,29,'',NULL,'',NULL,''),(6509,479,1521,NULL,'',NULL,'',NULL,''),(6510,479,1522,NULL,'',NULL,'',NULL,''),(6511,479,1523,NULL,'',NULL,'',NULL,''),(6512,479,1524,29,'',NULL,'',NULL,''),(6513,479,1525,NULL,'',NULL,'',NULL,''),(6514,479,1526,NULL,'',NULL,'',NULL,''),(6515,479,1527,NULL,'',NULL,'',NULL,''),(6516,479,1528,NULL,'',NULL,'',NULL,''),(6517,479,1529,NULL,'',NULL,'',NULL,''),(6518,479,1530,NULL,'',NULL,'',NULL,''),(6519,479,1531,NULL,'',NULL,'',NULL,''),(6520,479,1532,NULL,'',NULL,'',NULL,''),(6521,479,1533,NULL,'',NULL,'',NULL,''),(6522,479,1534,NULL,'',NULL,'',NULL,''),(6523,479,1535,NULL,'',NULL,'',NULL,''),(6524,479,1536,NULL,'',NULL,'',NULL,''),(6525,479,1537,NULL,'',NULL,'',NULL,''),(6526,479,1538,NULL,'',NULL,'',NULL,''),(6527,479,1539,NULL,'',NULL,'',NULL,''),(6528,479,1540,NULL,'',NULL,'',NULL,''),(6529,479,1541,NULL,'',NULL,'',NULL,''),(6530,479,1542,NULL,'',NULL,'',NULL,''),(6531,479,1543,NULL,'',NULL,'',NULL,''),(6532,479,1544,NULL,'',NULL,'',NULL,''),(6533,479,1545,29,'',NULL,'',NULL,''),(6534,479,1546,NULL,'',NULL,'',NULL,''),(6535,479,1547,NULL,'',NULL,'',NULL,''),(6536,480,1683,1,'',NULL,'',NULL,'Is there any subsidy orhelp for doing vermicompost'),(6537,480,1684,1,'',NULL,'',NULL,''),(6538,480,1685,1,'',NULL,'',NULL,''),(6539,480,1686,29,'',NULL,'',NULL,''),(6540,480,1687,29,'',NULL,'',NULL,''),(6541,480,1688,29,'',NULL,'',NULL,''),(6542,480,1689,1,'',NULL,'',NULL,''),(6543,480,1690,29,'',NULL,'',NULL,''),(6544,480,2818,1,'',NULL,'',NULL,''),(6545,480,1692,29,'',NULL,'',NULL,''),(6546,480,1693,29,'',NULL,'',NULL,''),(6547,480,1694,NULL,'',NULL,'',NULL,''),(6548,480,1695,29,'',NULL,'',NULL,''),(6549,480,2817,29,'',NULL,'',NULL,''),(6550,481,1660,29,'',NULL,'',NULL,''),(6551,481,1661,29,'',NULL,'',NULL,''),(6552,481,1662,1,'',NULL,'',NULL,''),(6553,481,1663,1,'',NULL,'',NULL,''),(6554,481,1664,29,'',NULL,'',NULL,''),(6555,481,1665,1,'',NULL,'',NULL,''),(6556,481,1666,1,'',NULL,'',NULL,''),(6557,481,1667,29,'',NULL,'',NULL,''),(6558,481,1668,1,'',NULL,'',NULL,''),(6559,481,1669,29,'',NULL,'',NULL,''),(6560,481,1670,29,'',NULL,'',NULL,''),(6561,481,1671,29,'',NULL,'',NULL,''),(6562,482,2312,29,'',NULL,'',NULL,''),(6563,482,2313,NULL,'',NULL,'',NULL,''),(6564,482,2314,29,'',NULL,'',NULL,''),(6565,482,2315,29,'',NULL,'',NULL,''),(6566,482,2316,29,'',NULL,'',NULL,''),(6567,482,2317,NULL,'',NULL,'',NULL,''),(6568,482,2318,29,'',NULL,'',NULL,''),(6569,482,2319,29,'',NULL,'',NULL,''),(6570,482,2320,29,'',NULL,'',NULL,''),(6571,482,2321,29,'',NULL,'',NULL,''),(6572,482,2322,29,'',NULL,'',NULL,''),(6573,482,2323,NULL,'',NULL,'',NULL,''),(6574,482,2324,NULL,'',NULL,'',NULL,''),(6575,482,2325,NULL,'',NULL,'',NULL,''),(6576,482,2326,NULL,'',NULL,'',NULL,''),(6577,482,2327,NULL,'',NULL,'',NULL,''),(6578,482,2328,NULL,'',NULL,'',NULL,''),(6579,482,2329,NULL,'',NULL,'',NULL,''),(6580,482,2330,NULL,'',NULL,'',NULL,''),(6581,482,2331,NULL,'',NULL,'',NULL,''),(6582,482,2332,NULL,'',NULL,'',NULL,''),(6583,482,2333,NULL,'',NULL,'',NULL,''),(6584,482,2819,29,'',NULL,'',NULL,''),(6585,483,2801,NULL,'',NULL,'',NULL,''),(6586,483,2802,48,'',NULL,'',NULL,''),(6587,483,2803,NULL,'',NULL,'',NULL,''),(6588,483,2804,NULL,'',NULL,'',NULL,''),(6589,483,2805,NULL,'',NULL,'',NULL,''),(6590,483,2806,48,'',NULL,'',NULL,''),(6591,483,2807,48,'',NULL,'',NULL,''),(6592,483,2808,48,'',NULL,'',NULL,''),(6593,483,2809,48,'',NULL,'',NULL,''),(6594,483,2810,48,'',NULL,'',NULL,''),(6595,483,2811,NULL,'',NULL,'',NULL,''),(6596,483,2812,48,'',NULL,'',NULL,''),(6597,483,2813,48,'',NULL,'',NULL,''),(6598,483,2814,NULL,'',NULL,'',NULL,''),(6599,483,2815,NULL,'',NULL,'',NULL,''),(6600,484,2820,1,'',NULL,'',NULL,''),(6601,484,2821,1,'',NULL,'',NULL,''),(6602,484,2822,1,'',NULL,'',NULL,''),(6603,484,2823,29,'',NULL,'',NULL,''),(6604,484,2824,29,'',NULL,'',NULL,''),(6605,484,2825,29,'',NULL,'',NULL,''),(6606,484,2826,29,'',NULL,'',NULL,''),(6607,484,2827,1,'',NULL,'',NULL,''),(6608,484,2828,29,'',NULL,'',NULL,''),(6609,484,2829,29,'',NULL,'',NULL,''),(6610,484,2830,29,'',NULL,'',NULL,''),(6611,484,2831,29,'',NULL,'',NULL,''),(6612,484,2832,1,'',NULL,'',NULL,''),(6613,485,1672,1,'',NULL,'',NULL,''),(6614,485,1673,29,'',NULL,'',NULL,''),(6615,485,1674,29,'',NULL,'',NULL,''),(6616,485,1675,29,'',NULL,'',NULL,''),(6617,485,1680,29,'',NULL,'',NULL,''),(6618,485,2833,1,'',NULL,'',NULL,''),(6619,485,2834,1,'',NULL,'',NULL,''),(6620,485,2835,1,'',NULL,'',NULL,''),(6621,485,2836,1,'',NULL,'',NULL,''),(6622,485,2837,29,'',NULL,'',NULL,''),(6623,485,2838,29,'',NULL,'',NULL,''),(6624,486,1514,48,'',NULL,'',NULL,''),(6625,486,1515,48,'',NULL,'',NULL,''),(6626,486,1516,48,'',NULL,'',NULL,''),(6627,486,1517,48,'',NULL,'',NULL,''),(6628,486,1518,48,'',NULL,'',NULL,''),(6629,486,1519,48,'',NULL,'',NULL,''),(6630,486,1520,NULL,'',NULL,'',NULL,''),(6631,486,1521,NULL,'',NULL,'',NULL,''),(6632,486,1522,NULL,'',NULL,'',NULL,''),(6633,486,1523,48,'',NULL,'',NULL,''),(6634,486,1524,NULL,'',NULL,'',NULL,''),(6635,486,1525,48,'',NULL,'',NULL,''),(6636,486,1526,NULL,'',NULL,'',NULL,''),(6637,486,1527,NULL,'',NULL,'',NULL,''),(6638,486,1528,48,'',NULL,'',NULL,''),(6639,486,1529,NULL,'',NULL,'',NULL,''),(6640,486,1530,NULL,'',NULL,'',NULL,''),(6641,486,1531,NULL,'',NULL,'',NULL,''),(6642,486,1532,NULL,'',NULL,'',NULL,''),(6643,486,1533,NULL,'',NULL,'',NULL,''),(6644,486,1534,NULL,'',NULL,'',NULL,''),(6645,486,1535,NULL,'',NULL,'',NULL,''),(6646,486,1536,NULL,'',NULL,'',NULL,''),(6647,486,1537,NULL,'',NULL,'',NULL,''),(6648,486,1538,NULL,'',NULL,'',NULL,''),(6649,486,1539,NULL,'',NULL,'',NULL,''),(6650,486,1540,NULL,'',NULL,'',NULL,''),(6651,486,1541,NULL,'',NULL,'',NULL,''),(6652,486,1542,NULL,'',NULL,'',NULL,''),(6653,486,1543,NULL,'',NULL,'',NULL,''),(6654,486,1544,NULL,'',NULL,'',NULL,''),(6655,486,1545,NULL,'',NULL,'',NULL,''),(6656,486,1546,NULL,'',NULL,'',NULL,''),(6657,486,1547,NULL,'',NULL,'',NULL,''),(6658,487,1622,NULL,'',NULL,'',NULL,''),(6659,487,1623,NULL,'',NULL,'',NULL,''),(6660,487,1624,NULL,'',NULL,'',NULL,''),(6661,487,1625,NULL,'',NULL,'',NULL,''),(6662,487,1626,NULL,'',NULL,'',NULL,''),(6663,487,1627,NULL,'',NULL,'',NULL,''),(6664,487,1628,NULL,'',NULL,'',NULL,''),(6665,487,1629,NULL,'',NULL,'',NULL,''),(6666,487,1630,NULL,'',NULL,'',NULL,''),(6667,487,1631,NULL,'',NULL,'',NULL,''),(6668,487,1632,NULL,'',NULL,'',NULL,''),(6669,487,2839,NULL,'',NULL,'',NULL,''),(6670,488,1502,NULL,'',NULL,'',NULL,''),(6671,488,1503,NULL,'',NULL,'',NULL,''),(6672,488,1504,NULL,'',NULL,'',NULL,''),(6673,488,1505,NULL,'',NULL,'',NULL,''),(6674,488,1506,NULL,'',NULL,'',NULL,''),(6675,488,1507,NULL,'',NULL,'',NULL,''),(6676,488,1508,29,'',NULL,'',NULL,''),(6677,488,1509,29,'',NULL,'',NULL,''),(6678,488,1510,29,'',NULL,'',NULL,''),(6679,488,1511,NULL,'',NULL,'',NULL,''),(6680,488,1512,NULL,'',NULL,'',NULL,''),(6681,488,1513,NULL,'',NULL,'',NULL,''),(6682,489,2840,29,'',NULL,'',NULL,''),(6683,489,2841,NULL,'',NULL,'',NULL,''),(6684,489,2842,NULL,'',NULL,'',NULL,''),(6685,489,2843,29,'',NULL,'',NULL,''),(6686,489,2844,29,'',NULL,'',NULL,''),(6687,489,2845,NULL,'',NULL,'',NULL,''),(6688,489,2846,NULL,'',NULL,'',NULL,''),(6689,489,2847,29,'',NULL,'',NULL,''),(6690,489,2848,NULL,'',NULL,'',NULL,''),(6691,489,2849,NULL,'',NULL,'',NULL,''),(6692,489,2850,NULL,'',NULL,'',NULL,''),(6693,489,2851,29,'',NULL,'',NULL,''),(6694,489,2852,29,'',NULL,'',NULL,''),(6695,489,2853,NULL,'',NULL,'',NULL,''),(6696,489,2854,29,'',NULL,'',NULL,''),(6697,489,2855,29,'',NULL,'',NULL,''),(6698,489,2856,NULL,'',NULL,'',NULL,''),(6699,489,2857,NULL,'',NULL,'',NULL,''),(6700,489,2858,29,'',NULL,'',NULL,''),(6701,489,2859,29,'',NULL,'',NULL,''),(6702,489,2860,29,'',NULL,'',NULL,''),(6703,489,2861,NULL,'',NULL,'',NULL,''),(6704,489,2862,29,'',NULL,'',NULL,''),(6705,490,1591,29,'',NULL,'',NULL,''),(6706,490,1592,29,'',NULL,'',NULL,''),(6707,490,1593,29,'',NULL,'',NULL,''),(6708,490,1594,29,'',NULL,'',NULL,''),(6709,490,1595,29,'',NULL,'',NULL,''),(6710,490,1596,29,'',NULL,'',NULL,''),(6711,490,1597,29,'',NULL,'',NULL,''),(6712,490,1598,29,'',NULL,'',NULL,''),(6713,490,1599,29,'',NULL,'',NULL,''),(6714,490,1602,29,'',NULL,'',NULL,''),(6715,490,1603,29,'',NULL,'',NULL,''),(6716,490,1604,29,'',NULL,'',NULL,''),(6717,490,1605,29,'',NULL,'',NULL,''),(6718,490,1606,29,'',NULL,'',NULL,''),(6719,490,1607,29,'',NULL,'',NULL,''),(6720,490,1608,29,'',NULL,'',NULL,''),(6721,491,1354,26,'',26,'',NULL,''),(6722,491,1355,NULL,'',NULL,'',NULL,''),(6723,491,1356,NULL,'',NULL,'',NULL,''),(6724,491,1357,NULL,'',NULL,'',NULL,''),(6725,491,1358,NULL,'',NULL,'',NULL,''),(6726,491,1359,NULL,'',NULL,'',NULL,''),(6727,491,1360,26,'',26,'',NULL,''),(6728,491,1361,26,'',26,'',NULL,''),(6729,491,1362,NULL,'',NULL,'',NULL,''),(6730,491,1363,NULL,'',NULL,'',NULL,''),(6731,491,1364,NULL,'',NULL,'',NULL,''),(6732,491,1365,NULL,'',NULL,'',NULL,''),(6733,491,244,26,'',26,'',NULL,''),(6734,492,1380,NULL,'',NULL,'',NULL,''),(6735,492,1381,NULL,'',NULL,'',NULL,''),(6736,492,1382,NULL,'',26,'',NULL,''),(6737,492,1383,NULL,'',26,'',NULL,''),(6738,492,1384,NULL,'',NULL,'',NULL,''),(6739,492,1386,NULL,'',NULL,'',NULL,''),(6740,492,1387,NULL,'',26,'',NULL,''),(6741,492,1388,NULL,'',NULL,'',NULL,''),(6742,492,1389,NULL,'',NULL,'',NULL,''),(6743,492,1392,NULL,'',NULL,'',NULL,''),(6744,492,1393,NULL,'',26,'',NULL,''),(6745,492,1394,NULL,'',NULL,'',NULL,''),(6746,493,1476,NULL,'',NULL,'',NULL,''),(6747,493,1477,NULL,'',NULL,'',NULL,''),(6748,493,1478,NULL,'',NULL,'',NULL,''),(6749,493,1479,NULL,'',NULL,'',NULL,''),(6750,493,1480,NULL,'',NULL,'',NULL,''),(6751,493,1481,NULL,'',NULL,'',NULL,''),(6752,493,1482,NULL,'',NULL,'',NULL,''),(6753,493,1483,NULL,'',NULL,'',NULL,''),(6754,493,1484,NULL,'',NULL,'',NULL,''),(6755,493,1485,NULL,'',NULL,'',NULL,''),(6756,493,1486,NULL,'',NULL,'',NULL,''),(6757,493,1487,NULL,'',NULL,'',NULL,''),(6758,493,1488,NULL,'',NULL,'',NULL,''),(6759,493,1489,NULL,'',NULL,'',NULL,''),(6760,494,2473,NULL,'',NULL,'',NULL,''),(6761,494,2474,NULL,'',NULL,'',NULL,''),(6762,494,2475,NULL,'',NULL,'',NULL,''),(6763,494,2476,NULL,'',26,'',NULL,''),(6764,494,2477,NULL,'',NULL,'',NULL,''),(6765,494,2478,NULL,'',NULL,'',NULL,''),(6766,494,2479,NULL,'',NULL,'',NULL,''),(6767,494,2480,NULL,'',NULL,'',NULL,''),(6768,494,2481,NULL,'',NULL,'',NULL,''),(6769,494,2482,NULL,'',NULL,'',NULL,''),(6770,494,2483,NULL,'',26,'',NULL,''),(6771,494,2484,NULL,'',NULL,'',NULL,''),(6772,494,2485,NULL,'',NULL,'',NULL,''),(6773,494,2486,NULL,'',NULL,'',NULL,''),(6774,494,2487,NULL,'',NULL,'',NULL,''),(6775,494,2488,NULL,'',NULL,'',NULL,''),(6776,494,2489,NULL,'',NULL,'',NULL,''),(6777,494,2490,NULL,'',NULL,'',NULL,''),(6778,494,2491,NULL,'',NULL,'',NULL,''),(6779,494,2492,NULL,'',NULL,'',NULL,''),(6780,494,2493,NULL,'',NULL,'',NULL,''),(6781,494,2494,NULL,'',NULL,'',NULL,''),(6782,494,2495,NULL,'',NULL,'',NULL,''),(6783,494,2496,NULL,'',NULL,'',NULL,''),(6784,494,2497,NULL,'',NULL,'',NULL,''),(6785,494,2498,NULL,'',26,'',NULL,''),(6786,494,2499,NULL,'',NULL,'',NULL,''),(6787,495,1591,13,'',NULL,'',NULL,''),(6788,495,1592,13,'',NULL,'',NULL,''),(6789,495,1594,NULL,'',NULL,'',NULL,''),(6790,495,1595,NULL,'',NULL,'',NULL,''),(6791,495,1598,13,'',NULL,'',NULL,''),(6792,495,1599,13,'',NULL,'',NULL,''),(6793,495,1600,13,'',NULL,'',NULL,''),(6794,495,1602,NULL,'',NULL,'',NULL,''),(6795,495,1604,13,'',NULL,'',NULL,''),(6796,495,1605,13,'',NULL,'',NULL,''),(6797,495,1607,NULL,'',NULL,'',NULL,''),(6798,495,2874,13,'',NULL,'',NULL,''),(6799,496,2313,NULL,'',NULL,'',NULL,''),(6800,496,2314,26,'',NULL,'',NULL,''),(6801,496,2315,26,'',NULL,'',NULL,''),(6802,496,2316,26,'',NULL,'',NULL,''),(6803,496,2317,NULL,'',NULL,'',NULL,''),(6804,496,2318,NULL,'',NULL,'',NULL,''),(6805,496,2319,26,'',NULL,'',NULL,''),(6806,496,2320,26,'',NULL,'',NULL,''),(6807,496,2321,NULL,'',NULL,'',NULL,''),(6808,496,2322,NULL,'',NULL,'',NULL,''),(6809,496,2323,NULL,'',NULL,'',NULL,''),(6810,496,2324,NULL,'',NULL,'',NULL,''),(6811,496,2325,NULL,'',NULL,'',NULL,''),(6812,496,2326,NULL,'',NULL,'',NULL,''),(6813,496,2327,NULL,'',NULL,'',NULL,''),(6814,496,2328,NULL,'',NULL,'',NULL,''),(6815,496,2329,NULL,'',NULL,'',NULL,''),(6816,496,2330,NULL,'',NULL,'',NULL,''),(6817,496,2331,26,'',NULL,'',NULL,''),(6818,496,2332,26,'',NULL,'',NULL,''),(6819,496,2333,NULL,'',NULL,'',NULL,''),(6820,497,2863,28,'',NULL,'',NULL,''),(6821,497,2864,28,'',NULL,'',NULL,''),(6822,497,2865,NULL,'',NULL,'',NULL,''),(6823,497,2866,NULL,'',NULL,'',NULL,''),(6824,497,2867,NULL,'',NULL,'',NULL,''),(6825,497,2868,NULL,'',NULL,'',NULL,''),(6826,497,2869,28,'',NULL,'',NULL,''),(6827,497,2871,28,'',NULL,'',NULL,''),(6828,497,2872,28,'',NULL,'',NULL,''),(6829,497,2873,28,'',NULL,'',NULL,''),(6830,497,2875,28,'',NULL,'',NULL,''),(6831,497,2876,NULL,'',NULL,'',NULL,''),(6832,497,2877,NULL,'',NULL,'',NULL,''),(6833,497,2878,28,'',NULL,'',NULL,''),(6834,497,2879,NULL,'',NULL,'',NULL,''),(6835,497,2880,NULL,'',NULL,'',NULL,''),(6836,497,2881,NULL,'',NULL,'',NULL,''),(6837,497,2882,NULL,'',NULL,'',NULL,''),(6838,498,1548,NULL,'',NULL,'',NULL,''),(6839,498,1549,NULL,'',NULL,'',NULL,''),(6840,498,1550,NULL,'',NULL,'',NULL,''),(6841,498,1551,NULL,'',NULL,'',NULL,''),(6842,498,1552,47,'',NULL,'',NULL,''),(6843,498,1553,NULL,'',NULL,'',NULL,''),(6844,498,1554,NULL,'',NULL,'',NULL,''),(6845,498,1555,NULL,'',NULL,'',NULL,''),(6846,498,1556,NULL,'',NULL,'',NULL,''),(6847,498,1557,NULL,'',NULL,'',NULL,''),(6848,498,1558,NULL,'',NULL,'',NULL,''),(6849,498,1559,NULL,'',NULL,'',NULL,''),(6850,498,1560,NULL,'',NULL,'',NULL,''),(6851,498,1561,NULL,'',NULL,'',NULL,''),(6852,498,1562,NULL,'',NULL,'',NULL,''),(6853,499,2347,NULL,'',NULL,'',NULL,''),(6854,499,2348,NULL,'',NULL,'',NULL,''),(6855,499,2349,NULL,'',NULL,'',NULL,''),(6856,499,2353,NULL,'',NULL,'',NULL,''),(6857,499,2355,NULL,'',NULL,'',NULL,''),(6858,499,2356,48,'',NULL,'',NULL,''),(6859,499,2359,NULL,'',NULL,'',NULL,''),(6860,499,2360,48,'',NULL,'',NULL,''),(6861,499,2361,NULL,'',NULL,'',NULL,''),(6862,499,2362,48,'',NULL,'',NULL,''),(6863,499,2363,NULL,'',NULL,'',NULL,''),(6864,499,2364,48,'',NULL,'',NULL,''),(6865,499,2885,48,'',NULL,'',NULL,''),(6866,499,2884,48,'',NULL,'',NULL,''),(6867,500,1515,NULL,'',NULL,'',NULL,''),(6868,500,1516,NULL,'',NULL,'',NULL,''),(6869,500,1517,NULL,'',NULL,'',NULL,''),(6870,500,1518,NULL,'',NULL,'',NULL,''),(6871,500,1519,NULL,'',NULL,'',NULL,''),(6872,500,1520,47,'',NULL,'',NULL,''),(6873,500,1522,NULL,'',NULL,'',NULL,''),(6874,500,1523,47,'',NULL,'',NULL,''),(6875,500,1524,47,'',NULL,'',NULL,''),(6876,500,1526,NULL,'',NULL,'',NULL,''),(6877,500,1527,NULL,'',NULL,'',NULL,''),(6878,500,1528,NULL,'',NULL,'',NULL,''),(6879,500,1530,NULL,'',NULL,'',NULL,''),(6880,500,1531,NULL,'',NULL,'',NULL,''),(6881,500,1532,NULL,'',NULL,'',NULL,''),(6882,500,1533,NULL,'',NULL,'',NULL,''),(6883,500,1534,NULL,'',NULL,'',NULL,''),(6884,500,1535,NULL,'',NULL,'',NULL,''),(6885,500,1536,NULL,'',NULL,'',NULL,''),(6886,500,1538,NULL,'',NULL,'',NULL,''),(6887,500,1539,NULL,'',NULL,'',NULL,''),(6888,500,2886,NULL,'',NULL,'',NULL,''),(6889,500,1541,NULL,'',NULL,'',NULL,''),(6890,500,1542,NULL,'',NULL,'',NULL,''),(6891,500,1543,NULL,'',NULL,'',NULL,''),(6892,500,1544,NULL,'',NULL,'',NULL,''),(6893,500,1545,NULL,'',NULL,'',NULL,''),(6894,500,1546,NULL,'',NULL,'',NULL,''),(6895,500,1547,NULL,'',NULL,'',NULL,''),(6896,500,2314,NULL,'',NULL,'',NULL,''),(6897,500,1509,NULL,'',NULL,'',NULL,''),(6898,501,244,NULL,'',NULL,'',NULL,''),(6899,501,245,NULL,'',NULL,'',NULL,''),(6900,501,246,NULL,'',NULL,'',NULL,''),(6901,501,247,48,'',NULL,'',NULL,''),(6902,501,248,NULL,'',NULL,'',NULL,''),(6903,501,249,NULL,'',NULL,'',NULL,''),(6904,501,250,NULL,'',NULL,'',NULL,''),(6905,501,251,48,'',NULL,'',NULL,''),(6906,501,252,NULL,'',NULL,'',NULL,''),(6907,501,253,NULL,'',NULL,'',NULL,''),(6908,501,254,NULL,'',NULL,'',NULL,''),(6909,501,255,NULL,'',NULL,'',NULL,''),(6910,501,256,48,'',NULL,'',NULL,''),(6911,501,257,48,'',NULL,'',NULL,''),(6912,501,258,48,'',NULL,'',NULL,''),(6913,501,259,NULL,'',NULL,'',NULL,''),(6914,501,260,NULL,'',NULL,'',NULL,''),(6915,501,2887,48,'',NULL,'',NULL,''),(6916,501,263,NULL,'',NULL,'',NULL,''),(6917,502,2500,NULL,'',NULL,'',NULL,''),(6918,502,2501,NULL,'',NULL,'',NULL,''),(6919,502,2502,6,'',NULL,'',NULL,''),(6920,502,2503,6,'',NULL,'',NULL,''),(6921,502,2504,6,'',NULL,'',NULL,''),(6922,502,2505,NULL,'',NULL,'',NULL,''),(6923,502,2506,6,'',NULL,'',NULL,''),(6924,502,2507,6,'',NULL,'',NULL,''),(6925,502,2508,6,'',NULL,'',NULL,''),(6926,502,2509,NULL,'',NULL,'',NULL,''),(6927,502,2510,NULL,'',NULL,'',NULL,''),(6928,502,2511,NULL,'',NULL,'',NULL,''),(6929,502,2512,NULL,'',NULL,'',NULL,''),(6930,502,2513,NULL,'',NULL,'',NULL,''),(6931,502,2514,NULL,'',NULL,'',NULL,''),(6932,502,2515,NULL,'',NULL,'',NULL,''),(6933,502,2516,NULL,'',NULL,'',NULL,''),(6934,502,2517,NULL,'',NULL,'',NULL,''),(6935,502,2518,NULL,'',NULL,'',NULL,''),(6936,503,1502,NULL,'',NULL,'',NULL,''),(6937,503,1503,NULL,'',NULL,'',NULL,''),(6938,503,1504,NULL,'',NULL,'',NULL,''),(6939,503,1505,NULL,'',NULL,'',NULL,''),(6940,503,1506,NULL,'',NULL,'',NULL,''),(6941,503,1507,NULL,'',NULL,'',NULL,''),(6942,503,1509,NULL,'',NULL,'',NULL,''),(6943,503,1511,NULL,'',NULL,'',NULL,''),(6944,503,1589,NULL,'',NULL,'',NULL,''),(6945,504,225,NULL,'',NULL,'',NULL,''),(6946,504,226,NULL,'',NULL,'',NULL,''),(6947,504,227,NULL,'',NULL,'',NULL,''),(6948,504,228,NULL,'',NULL,'',NULL,''),(6949,504,229,NULL,'',NULL,'',NULL,''),(6950,504,230,NULL,'',NULL,'',NULL,''),(6951,504,231,NULL,'',NULL,'',NULL,''),(6952,504,232,NULL,'',NULL,'',NULL,''),(6953,504,233,NULL,'',NULL,'',NULL,''),(6954,504,234,48,'',NULL,'',NULL,''),(6955,504,235,NULL,'',NULL,'',NULL,''),(6956,504,236,NULL,'',NULL,'',NULL,''),(6957,504,237,NULL,'',NULL,'',NULL,''),(6958,504,238,NULL,'',NULL,'',NULL,''),(6959,504,239,48,'',NULL,'',NULL,''),(6960,504,240,NULL,'',NULL,'',NULL,''),(6961,504,241,NULL,'',NULL,'',NULL,''),(6962,505,1591,NULL,'',NULL,'',NULL,''),(6963,505,1592,NULL,'',NULL,'',NULL,''),(6964,505,1595,NULL,'',NULL,'',NULL,''),(6965,505,1596,NULL,'',NULL,'',NULL,''),(6966,505,1598,NULL,'',NULL,'',NULL,''),(6967,505,1599,NULL,'',NULL,'',NULL,''),(6968,505,1600,47,'',NULL,'',NULL,''),(6969,505,1602,NULL,'',NULL,'',NULL,''),(6970,505,1604,NULL,'',NULL,'',NULL,''),(6971,505,1605,NULL,'',NULL,'',NULL,''),(6972,505,1607,NULL,'',NULL,'',NULL,''),(6973,506,1855,NULL,'',NULL,'',NULL,''),(6974,506,1856,NULL,'',NULL,'',NULL,''),(6975,506,1857,NULL,'',NULL,'',NULL,''),(6976,506,1858,NULL,'',NULL,'',NULL,''),(6977,506,1859,NULL,'',NULL,'',NULL,''),(6978,506,1860,NULL,'',NULL,'',NULL,''),(6979,506,1861,NULL,'',NULL,'',NULL,''),(6980,506,1862,NULL,'',NULL,'',NULL,''),(6981,506,1863,NULL,'',NULL,'',NULL,''),(6982,506,1864,NULL,'',NULL,'',NULL,''),(6983,506,1865,NULL,'',NULL,'',NULL,''),(6984,506,1866,NULL,'',NULL,'',NULL,''),(6985,506,1867,NULL,'',NULL,'',NULL,''),(6986,506,1868,NULL,'',NULL,'',NULL,''),(6987,507,1826,NULL,'',NULL,'',NULL,''),(6988,507,1827,41,'',NULL,'',NULL,''),(6989,507,1828,NULL,'',NULL,'',NULL,''),(6990,507,1829,NULL,'',NULL,'',NULL,''),(6991,507,1830,NULL,'',NULL,'',NULL,''),(6992,507,1831,41,'',NULL,'',NULL,''),(6993,507,1832,41,'',NULL,'',NULL,''),(6994,507,1833,NULL,'',NULL,'',NULL,''),(6995,507,1834,NULL,'',NULL,'',NULL,''),(6996,507,1835,NULL,'',NULL,'',NULL,''),(6997,507,1836,NULL,'',NULL,'',NULL,''),(6998,507,1837,48,'',NULL,'',NULL,''),(6999,508,2367,NULL,'',NULL,'',NULL,''),(7000,508,2368,NULL,'',NULL,'',NULL,''),(7001,508,2369,NULL,'',NULL,'',NULL,''),(7002,508,2370,NULL,'',NULL,'',NULL,''),(7003,508,2371,NULL,'',NULL,'',NULL,''),(7004,508,2372,NULL,'',NULL,'',NULL,''),(7005,508,2373,NULL,'',NULL,'',NULL,''),(7006,508,2374,NULL,'',NULL,'',NULL,''),(7007,508,2375,NULL,'',NULL,'',NULL,''),(7008,508,2376,NULL,'',NULL,'',NULL,''),(7009,508,2377,NULL,'',NULL,'',NULL,''),(7010,508,2378,NULL,'',NULL,'',NULL,''),(7011,508,2379,NULL,'',NULL,'',NULL,''),(7012,508,2380,NULL,'',NULL,'',NULL,''),(7013,508,2381,NULL,'',NULL,'',NULL,''),(7014,508,2382,NULL,'',NULL,'',NULL,''),(7015,508,2383,NULL,'',NULL,'',NULL,''),(7016,508,2384,NULL,'',NULL,'',NULL,''),(7017,508,2385,NULL,'',NULL,'',NULL,''),(7018,509,1869,13,'',NULL,'',NULL,''),(7019,509,1870,NULL,'',NULL,'',NULL,''),(7020,509,1871,13,'',NULL,'',NULL,''),(7021,509,1873,NULL,'',NULL,'',NULL,''),(7022,509,1874,NULL,'',NULL,'',NULL,''),(7023,509,1875,13,'',NULL,'',NULL,''),(7024,509,1876,13,'',NULL,'',NULL,''),(7025,509,1877,NULL,'',NULL,'',NULL,''),(7026,509,1878,13,'',NULL,'',NULL,''),(7027,509,1879,13,'',NULL,'',NULL,''),(7028,509,1880,13,'',NULL,'',NULL,''),(7029,509,1881,NULL,'',NULL,'',NULL,''),(7030,509,1885,13,'',NULL,'',NULL,''),(7031,509,1887,13,'',NULL,'',NULL,''),(7032,510,1826,48,'',NULL,'',NULL,''),(7033,510,1827,48,'',NULL,'',NULL,''),(7034,510,1828,NULL,'',NULL,'',NULL,''),(7035,510,1829,48,'',NULL,'',NULL,''),(7036,510,1830,48,'',NULL,'',NULL,''),(7037,510,1831,48,'',NULL,'',NULL,''),(7038,510,1832,NULL,'',NULL,'',NULL,''),(7039,510,1833,NULL,'',NULL,'',NULL,''),(7040,510,1834,NULL,'',NULL,'',NULL,''),(7041,510,1835,48,'',NULL,'',NULL,''),(7042,510,1836,48,'',NULL,'',NULL,''),(7043,510,1837,48,'',NULL,'',NULL,''),(7044,511,1838,NULL,'',NULL,'',NULL,''),(7045,511,1839,NULL,'',NULL,'',NULL,''),(7046,511,1840,NULL,'',NULL,'',NULL,''),(7047,511,1842,NULL,'',NULL,'',NULL,''),(7048,511,1843,NULL,'',NULL,'',NULL,''),(7049,511,1844,NULL,'',NULL,'',NULL,''),(7050,511,1845,NULL,'',NULL,'',NULL,''),(7051,511,1846,NULL,'',NULL,'',NULL,''),(7052,511,1847,NULL,'',NULL,'',NULL,''),(7053,511,1848,NULL,'',NULL,'',NULL,''),(7054,511,1849,NULL,'',NULL,'',NULL,''),(7055,511,1850,NULL,'',NULL,'',NULL,''),(7056,511,1852,NULL,'',NULL,'',NULL,''),(7057,511,1853,NULL,'',NULL,'',NULL,''),(7058,511,1854,NULL,'',NULL,'',NULL,''),(7059,512,2519,NULL,'',NULL,'',NULL,''),(7060,512,2520,NULL,'',NULL,'',NULL,''),(7061,512,2521,NULL,'',NULL,'',NULL,''),(7062,512,2522,NULL,'',NULL,'',NULL,''),(7063,512,2523,NULL,'',NULL,'',NULL,''),(7064,512,2524,NULL,'',NULL,'',NULL,''),(7065,512,2525,NULL,'',NULL,'',NULL,''),(7066,512,2526,NULL,'',NULL,'',NULL,''),(7067,512,2527,NULL,'',NULL,'',NULL,''),(7068,512,2528,NULL,'',NULL,'',NULL,''),(7069,512,2529,NULL,'',NULL,'',NULL,''),(7070,512,2530,NULL,'',NULL,'',NULL,''),(7071,512,2531,NULL,'',NULL,'',NULL,''),(7072,512,2532,NULL,'',NULL,'',NULL,''),(7073,512,2533,NULL,'',NULL,'',NULL,''),(7074,512,2534,NULL,'',NULL,'',NULL,''),(7075,512,2535,NULL,'',NULL,'',NULL,''),(7076,512,2888,NULL,'',NULL,'',NULL,''),(7077,513,2367,26,'',NULL,'',NULL,''),(7078,513,2370,26,'',NULL,'',NULL,''),(7079,513,2371,NULL,'',NULL,'',NULL,''),(7080,513,2373,26,'',NULL,'',NULL,''),(7081,513,2375,NULL,'',NULL,'',NULL,''),(7082,513,2376,NULL,'',NULL,'',NULL,''),(7083,513,2378,NULL,'',NULL,'',NULL,''),(7084,513,2379,NULL,'',NULL,'',NULL,''),(7085,513,2381,NULL,'',NULL,'',NULL,''),(7086,513,2382,NULL,'',NULL,'',NULL,''),(7087,513,2383,NULL,'',NULL,'',NULL,''),(7088,513,2384,26,'',NULL,'',NULL,''),(7089,513,2385,NULL,'',NULL,'',NULL,''),(7090,514,1869,26,'',NULL,'',NULL,''),(7091,514,1870,26,'',NULL,'',NULL,''),(7092,514,1871,26,'',NULL,'',NULL,''),(7093,514,1872,26,'',NULL,'',NULL,''),(7094,514,1873,26,'',NULL,'',NULL,''),(7095,514,1874,26,'',NULL,'',NULL,''),(7096,514,1875,26,'',NULL,'',NULL,''),(7097,514,1876,26,'',NULL,'',NULL,''),(7098,514,1878,26,'',NULL,'',NULL,''),(7099,514,1880,26,'',NULL,'',NULL,''),(7100,514,1882,26,'',NULL,'',NULL,''),(7101,514,1883,26,'',NULL,'',NULL,''),(7102,515,1838,13,'',NULL,'',NULL,''),(7103,515,1840,13,'',NULL,'',NULL,''),(7104,515,1842,NULL,'',NULL,'',NULL,''),(7105,515,1843,13,'',NULL,'',NULL,''),(7106,515,1844,13,'',NULL,'',NULL,''),(7107,515,1845,13,'',NULL,'',NULL,''),(7108,515,1846,NULL,'',NULL,'',NULL,''),(7109,515,1847,NULL,'',NULL,'',NULL,''),(7110,515,1848,NULL,'',NULL,'',NULL,''),(7111,515,1849,NULL,'',NULL,'',NULL,''),(7112,515,1850,NULL,'',NULL,'',NULL,''),(7113,515,1851,NULL,'',NULL,'',NULL,''),(7114,515,1852,NULL,'',NULL,'',NULL,''),(7115,515,1854,NULL,'',NULL,'',NULL,''),(7116,516,2367,29,'',NULL,'',NULL,''),(7117,516,2368,29,'',NULL,'',NULL,''),(7118,516,2369,29,'',NULL,'',NULL,''),(7119,516,2370,29,'',NULL,'',NULL,''),(7120,516,2372,NULL,'',NULL,'',NULL,''),(7121,516,2373,29,'',NULL,'',NULL,''),(7122,516,2374,29,'',NULL,'',NULL,''),(7123,516,2375,29,'',NULL,'',NULL,''),(7124,516,2376,29,'',NULL,'',NULL,''),(7125,516,2377,29,'',NULL,'',NULL,''),(7126,516,2379,29,'',NULL,'',NULL,''),(7127,516,2381,29,'',NULL,'',NULL,''),(7128,516,2382,29,'',NULL,'',NULL,''),(7129,516,2383,29,'',NULL,'',NULL,''),(7130,516,2384,29,'',NULL,'',NULL,''),(7131,516,2385,29,'',NULL,'',NULL,''),(7132,517,1838,41,'',NULL,'',NULL,''),(7133,517,1839,41,'',NULL,'',NULL,''),(7134,517,1840,41,'',NULL,'',NULL,''),(7135,517,1841,41,'',NULL,'',NULL,''),(7136,517,1842,41,'',NULL,'',NULL,''),(7137,517,1843,41,'',NULL,'',NULL,''),(7138,517,1844,41,'',NULL,'',NULL,''),(7139,517,1845,41,'',NULL,'',NULL,''),(7140,517,1846,41,'',NULL,'',NULL,''),(7141,517,1847,41,'',NULL,'',NULL,''),(7142,517,1848,41,'',NULL,'',NULL,''),(7143,517,1849,41,'',NULL,'',NULL,''),(7144,517,1850,41,'',NULL,'',NULL,''),(7145,517,1852,41,'',NULL,'',NULL,''),(7146,517,1853,41,'',NULL,'',NULL,''),(7147,518,2312,1,'',NULL,'',NULL,''),(7148,518,2313,NULL,'',NULL,'',NULL,''),(7149,518,2314,1,'',NULL,'',NULL,''),(7150,518,2316,1,'',NULL,'',NULL,''),(7151,518,2317,NULL,'',NULL,'',NULL,''),(7152,518,2318,1,'',NULL,'',NULL,''),(7153,518,2319,1,'',NULL,'',NULL,''),(7154,518,2320,1,'',NULL,'',NULL,''),(7155,518,2321,1,'',NULL,'',NULL,''),(7156,518,2322,1,'',NULL,'',NULL,''),(7157,518,2323,NULL,'',NULL,'',NULL,''),(7158,518,2324,NULL,'',NULL,'',NULL,''),(7159,518,2325,1,'',NULL,'',NULL,''),(7160,518,2326,NULL,'',NULL,'',NULL,''),(7161,518,2889,NULL,'',NULL,'',NULL,''),(7162,518,2329,1,'',NULL,'',NULL,''),(7163,518,2331,1,'',NULL,'',NULL,''),(7164,519,2801,NULL,'',NULL,'',NULL,''),(7165,519,2802,48,'',NULL,'',NULL,''),(7166,519,2803,NULL,'',NULL,'',NULL,''),(7167,519,2805,NULL,'',NULL,'',NULL,''),(7168,519,2806,48,'',NULL,'',NULL,''),(7169,519,2807,48,'',NULL,'',NULL,''),(7170,519,2808,48,'',NULL,'',NULL,''),(7171,519,2809,NULL,'',NULL,'',NULL,''),(7172,519,2810,48,'',NULL,'',NULL,''),(7173,519,2811,48,'',NULL,'',NULL,''),(7174,519,2812,48,'',NULL,'',NULL,''),(7175,519,2813,48,'',NULL,'',NULL,''),(7176,519,2814,NULL,'',NULL,'',NULL,''),(7177,519,2815,48,'',NULL,'',NULL,''),(7178,520,1514,48,'',NULL,'',NULL,''),(7179,520,1515,48,'',NULL,'',NULL,''),(7180,520,1519,48,'',NULL,'',NULL,''),(7181,520,1520,48,'',NULL,'',NULL,''),(7182,520,1521,NULL,'',NULL,'',NULL,''),(7183,520,1523,48,'',NULL,'',NULL,''),(7184,520,1526,48,'',NULL,'',NULL,''),(7185,520,1527,NULL,'',NULL,'',NULL,''),(7186,520,1528,48,'',NULL,'',NULL,''),(7187,520,1529,NULL,'',NULL,'',NULL,''),(7188,520,1531,48,'',NULL,'',NULL,''),(7189,520,1535,48,'',NULL,'',NULL,''),(7190,520,1540,48,'',NULL,'',NULL,''),(7191,520,1543,48,'',NULL,'',NULL,''),(7192,520,1547,NULL,'',NULL,'',NULL,''),(7193,521,1502,NULL,'',NULL,'',NULL,''),(7194,521,1503,NULL,'',NULL,'',NULL,''),(7195,521,1504,NULL,'',NULL,'',NULL,''),(7196,521,1505,NULL,'',NULL,'',NULL,''),(7197,521,1506,NULL,'',NULL,'',NULL,''),(7198,521,1507,NULL,'',NULL,'',NULL,''),(7199,521,1508,NULL,'',NULL,'',NULL,''),(7200,521,1509,29,'',NULL,'',NULL,''),(7201,521,1510,NULL,'',NULL,'',NULL,''),(7202,521,1511,29,'',NULL,'',NULL,''),(7203,521,1512,NULL,'',NULL,'',NULL,''),(7204,521,1513,NULL,'',NULL,'',NULL,''),(7205,522,1591,29,'',NULL,'',NULL,''),(7206,522,1593,29,'',NULL,'',NULL,''),(7207,522,1595,29,'',NULL,'',NULL,''),(7208,522,1596,29,'',NULL,'',NULL,''),(7209,522,1597,29,'',NULL,'',NULL,''),(7210,522,1599,29,'',NULL,'',NULL,''),(7211,522,1600,29,'',NULL,'',NULL,''),(7212,522,1602,29,'',NULL,'',NULL,''),(7213,522,1606,29,'',NULL,'',NULL,''),(7214,522,1607,29,'',NULL,'',NULL,''),(7215,522,1608,29,'',NULL,'',NULL,''),(7216,523,212,48,'',NULL,'',NULL,''),(7217,523,213,NULL,'',NULL,'',NULL,''),(7218,523,214,48,'',NULL,'',NULL,''),(7219,523,216,NULL,'',NULL,'',NULL,''),(7220,523,217,NULL,'',NULL,'',NULL,''),(7221,523,218,48,'',NULL,'',NULL,''),(7222,523,220,NULL,'',NULL,'',NULL,''),(7223,523,221,NULL,'',NULL,'',NULL,''),(7224,523,222,NULL,'',NULL,'',NULL,''),(7225,523,223,NULL,'',NULL,'',NULL,''),(7226,523,224,48,'',NULL,'',NULL,''),(7227,523,225,NULL,'',NULL,'',NULL,''),(7228,523,226,NULL,'',NULL,'',NULL,''),(7229,523,227,NULL,'',NULL,'',NULL,''),(7230,523,228,NULL,'',NULL,'',NULL,''),(7231,523,229,NULL,'',NULL,'',NULL,''),(7232,523,230,48,'',NULL,'',NULL,''),(7233,523,235,NULL,'',NULL,'',NULL,''),(7234,523,236,NULL,'',NULL,'',NULL,''),(7235,523,237,NULL,'',NULL,'',NULL,''),(7236,523,238,NULL,'',NULL,'',NULL,''),(7237,523,239,NULL,'',NULL,'',NULL,''),(7238,524,1354,1,'',26,'',NULL,''),(7239,524,1355,NULL,'',NULL,'',NULL,''),(7240,524,1356,NULL,'',NULL,'',NULL,''),(7241,524,1357,NULL,'',NULL,'',NULL,''),(7242,524,1358,NULL,'',NULL,'',NULL,''),(7243,524,1359,NULL,'',NULL,'',NULL,''),(7244,524,1360,NULL,'',NULL,'',NULL,''),(7245,524,1361,26,'',26,'',NULL,''),(7246,524,1362,26,'',26,'',NULL,''),(7247,524,1363,26,'',26,'',NULL,''),(7248,524,1364,NULL,'',NULL,'',NULL,''),(7249,524,1365,NULL,'',NULL,'',NULL,''),(7250,525,1380,NULL,'',NULL,'',NULL,''),(7251,525,1381,NULL,'',NULL,'',NULL,''),(7252,525,1382,NULL,'',26,'',NULL,''),(7253,525,1383,NULL,'',26,'',NULL,''),(7254,525,1384,NULL,'',NULL,'',NULL,''),(7255,525,1386,NULL,'',NULL,'',NULL,''),(7256,525,1387,NULL,'',26,'',NULL,''),(7257,525,1388,NULL,'',26,'',NULL,''),(7258,525,1389,NULL,'',26,'',NULL,''),(7259,525,1392,NULL,'',NULL,'',NULL,''),(7260,525,1393,NULL,'',NULL,'',NULL,''),(7261,525,1394,NULL,'',NULL,'',NULL,''),(7262,526,1476,1,'herbal medicine',NULL,'',NULL,''),(7263,526,1477,NULL,'herbal medicine',NULL,'',NULL,''),(7264,526,1478,NULL,'herbal medicine',NULL,'',NULL,''),(7265,526,1479,NULL,'herbal medicine',NULL,'',NULL,''),(7266,526,1480,NULL,'herbal medicine',NULL,'',NULL,''),(7267,526,1481,NULL,'herbal medicine',NULL,'',NULL,''),(7268,526,1482,NULL,'herbal medicine',NULL,'',NULL,''),(7269,526,1483,NULL,'herbal medicine',NULL,'',NULL,''),(7270,526,1484,NULL,'herbal medicine',NULL,'',NULL,''),(7271,526,1485,NULL,'herbal medicine',NULL,'',NULL,''),(7272,526,1486,NULL,'herbal medicine',NULL,'',NULL,''),(7273,526,1487,NULL,'herbal medicine',NULL,'',NULL,''),(7274,526,1488,NULL,'herbal medicine',NULL,'',NULL,''),(7275,526,1489,NULL,'herbal medicine',NULL,'',NULL,''),(7276,527,2473,NULL,'',NULL,'',NULL,''),(7277,527,2474,NULL,'',NULL,'',NULL,''),(7278,527,2475,NULL,'',NULL,'',NULL,''),(7279,527,2476,NULL,'',26,'',NULL,''),(7280,527,2477,NULL,'',NULL,'',NULL,''),(7281,527,2478,NULL,'',NULL,'',NULL,''),(7282,527,2479,NULL,'',NULL,'',NULL,''),(7283,527,2480,NULL,'',NULL,'',NULL,''),(7284,527,2481,NULL,'',NULL,'',NULL,''),(7285,527,2482,NULL,'',NULL,'',NULL,''),(7286,527,2483,NULL,'',26,'',NULL,''),(7287,527,2484,NULL,'',NULL,'',NULL,''),(7288,527,2485,NULL,'',NULL,'',NULL,''),(7289,527,2486,NULL,'',NULL,'',NULL,''),(7290,527,2487,NULL,'',NULL,'',NULL,''),(7291,527,2488,NULL,'',NULL,'',NULL,''),(7292,527,2489,NULL,'',NULL,'',NULL,''),(7293,527,2490,NULL,'',NULL,'',NULL,''),(7294,527,2491,NULL,'',NULL,'',NULL,''),(7295,527,2492,NULL,'',NULL,'',NULL,''),(7296,527,2493,NULL,'',26,'',NULL,''),(7297,527,2494,NULL,'',29,'',NULL,''),(7298,527,2495,NULL,'',NULL,'',NULL,''),(7299,527,2496,NULL,'',NULL,'',NULL,''),(7300,527,2497,NULL,'',NULL,'',NULL,''),(7301,527,2498,NULL,'',26,'',NULL,''),(7302,527,2499,NULL,'',NULL,'',NULL,''),(7303,528,1449,NULL,'',NULL,'',NULL,''),(7304,528,1450,NULL,'',NULL,'',NULL,''),(7305,528,1451,NULL,'',NULL,'',NULL,''),(7306,528,1452,NULL,'',NULL,'',NULL,''),(7307,528,1453,NULL,'',NULL,'',NULL,''),(7308,528,1454,NULL,'',NULL,'',NULL,''),(7309,528,1455,NULL,'',NULL,'',NULL,''),(7310,528,1456,NULL,'',NULL,'',NULL,''),(7311,528,1457,NULL,'',NULL,'',NULL,''),(7312,528,1458,NULL,'',NULL,'',NULL,''),(7313,528,1459,NULL,'',NULL,'',NULL,''),(7314,528,1460,NULL,'',NULL,'',NULL,''),(7315,528,1461,NULL,'',NULL,'',NULL,''),(7316,528,1462,NULL,'',NULL,'',NULL,''),(7317,528,1463,NULL,'',NULL,'',NULL,''),(7318,529,1683,51,'',NULL,'',NULL,''),(7319,529,1684,48,'',NULL,'',NULL,'what are the uses of azolla'),(7320,529,1685,51,'',NULL,'',NULL,''),(7321,529,1686,51,'',NULL,'',NULL,''),(7322,529,1687,51,'leaf disease of mango ',NULL,'',NULL,''),(7323,529,1688,51,'',NULL,'',NULL,''),(7324,529,1689,51,'',NULL,'',NULL,''),(7325,529,1690,51,'',NULL,'',NULL,''),(7326,529,1691,51,'',NULL,'',NULL,''),(7327,529,1692,51,'',NULL,'',NULL,''),(7328,529,1693,51,'',NULL,'',NULL,''),(7329,529,1694,51,'',NULL,'',NULL,''),(7330,529,2890,51,'',NULL,'',NULL,''),(7331,529,2891,51,'',NULL,'',NULL,''),(7332,529,2892,48,'',NULL,'',NULL,''),(7333,529,2893,51,'',NULL,'',NULL,''),(7334,529,2894,48,'',NULL,'',NULL,''),(7335,529,2895,51,'',NULL,'',NULL,''),(7336,529,2896,48,'',NULL,'',NULL,''),(7337,530,1735,22,'',NULL,'',NULL,''),(7338,530,1736,22,'',NULL,'',NULL,''),(7339,530,1737,22,'',NULL,'',NULL,''),(7340,530,1738,22,'',NULL,'',NULL,''),(7341,530,1739,22,'',NULL,'',NULL,''),(7342,530,1740,22,'',NULL,'',NULL,''),(7343,530,1741,22,'',NULL,'',NULL,''),(7344,530,1742,22,'',NULL,'',NULL,''),(7345,530,1743,22,'',NULL,'',NULL,''),(7346,530,1744,22,'',NULL,'',NULL,''),(7347,530,1745,22,'',NULL,'',NULL,''),(7348,530,1746,22,'',NULL,'',NULL,''),(7349,530,1748,22,'',NULL,'',NULL,''),(7350,530,1749,22,'',NULL,'',NULL,''),(7351,530,1750,22,'',NULL,'',NULL,''),(7352,530,1752,22,'',NULL,'',NULL,''),(7353,530,256,22,'',NULL,'',NULL,''),(7354,531,1782,22,'',NULL,'',NULL,''),(7355,531,1783,22,'',NULL,'',NULL,''),(7356,531,1785,22,'',NULL,'',NULL,''),(7357,531,1786,22,'',NULL,'',NULL,''),(7358,531,1787,22,'',NULL,'',NULL,''),(7359,531,1788,NULL,'',NULL,'',NULL,''),(7360,531,1789,22,'',NULL,'',NULL,''),(7361,531,1790,22,'',NULL,'',NULL,''),(7362,531,1791,NULL,'',NULL,'',NULL,''),(7363,531,1792,NULL,'',NULL,'',NULL,''),(7364,531,1793,22,'',NULL,'',NULL,''),(7365,532,1725,NULL,'',NULL,'',NULL,''),(7366,532,1726,NULL,'',NULL,'',NULL,''),(7367,532,1727,NULL,'',NULL,'',NULL,''),(7368,532,1728,NULL,'',NULL,'',NULL,''),(7369,532,1729,NULL,'',NULL,'',NULL,''),(7370,532,1730,NULL,'',NULL,'',NULL,''),(7371,532,1731,NULL,'',NULL,'',NULL,''),(7372,532,1732,NULL,'',NULL,'',NULL,''),(7373,532,1734,NULL,'',NULL,'',NULL,''),(7374,533,1768,26,'',NULL,'',NULL,''),(7375,533,1769,26,'',NULL,'',NULL,''),(7376,533,1770,26,'',NULL,'',NULL,''),(7377,533,1771,26,'',NULL,'',NULL,''),(7378,533,1772,26,'',NULL,'',NULL,''),(7379,533,1774,26,'',NULL,'',NULL,''),(7380,533,1775,26,'',NULL,'',NULL,''),(7381,533,1776,26,'',NULL,'',NULL,''),(7382,533,1777,26,'',NULL,'',NULL,''),(7383,533,1778,26,'',NULL,'',NULL,''),(7384,533,1780,26,'',NULL,'',NULL,''),(7385,533,1781,26,'',NULL,'',NULL,''),(7386,534,1309,22,'',NULL,'',NULL,''),(7387,534,1311,NULL,'',NULL,'',NULL,''),(7388,534,1312,NULL,'',NULL,'',NULL,''),(7389,534,1313,NULL,'',NULL,'',NULL,''),(7390,534,1314,NULL,'',NULL,'',NULL,''),(7391,534,1315,NULL,'',NULL,'',NULL,''),(7392,534,1316,NULL,'',NULL,'',NULL,''),(7393,534,1317,NULL,'',NULL,'',NULL,''),(7394,534,1318,NULL,'',NULL,'',NULL,''),(7395,534,1319,NULL,'',NULL,'',NULL,''),(7396,534,1320,NULL,'',NULL,'',NULL,''),(7397,534,1321,NULL,'',NULL,'',NULL,''),(7398,534,1322,NULL,'',NULL,'',NULL,''),(7399,534,1323,NULL,'',NULL,'',NULL,''),(7400,534,1324,NULL,'',NULL,'',NULL,''),(7401,535,1325,NULL,'',NULL,'',NULL,''),(7402,535,1326,NULL,'',NULL,'',NULL,''),(7403,535,1327,NULL,'',NULL,'',NULL,''),(7404,535,1328,NULL,'',NULL,'',NULL,''),(7405,535,1329,NULL,'',NULL,'',NULL,''),(7406,535,1330,NULL,'',NULL,'',NULL,''),(7407,535,1331,11,'',NULL,'',NULL,''),(7408,535,1332,11,'',NULL,'',NULL,''),(7409,535,1333,NULL,'',NULL,'',NULL,''),(7410,535,1334,NULL,'',NULL,'',NULL,''),(7411,535,1335,NULL,'',NULL,'',NULL,''),(7412,535,1336,NULL,'',NULL,'',NULL,''),(7413,535,1337,NULL,'',NULL,'',NULL,''),(7414,536,1276,NULL,'',NULL,'',NULL,''),(7415,536,1277,48,'',NULL,'',NULL,''),(7416,536,1278,NULL,'',NULL,'',NULL,''),(7417,536,1279,NULL,'',NULL,'',NULL,''),(7418,536,1280,NULL,'',NULL,'',NULL,''),(7419,536,1281,NULL,'',NULL,'',NULL,''),(7420,536,1282,48,'',NULL,'',NULL,''),(7421,536,1283,48,'',NULL,'',NULL,''),(7422,536,1284,NULL,'',NULL,'',NULL,''),(7423,536,1285,NULL,'',NULL,'',NULL,''),(7424,536,1286,NULL,'',NULL,'',NULL,''),(7425,536,1287,NULL,'',NULL,'',NULL,''),(7426,536,1288,NULL,'',NULL,'',NULL,''),(7427,536,1289,48,'',NULL,'',NULL,''),(7428,537,1290,22,'',NULL,'',NULL,''),(7429,537,1291,NULL,'',NULL,'',NULL,''),(7430,537,1292,NULL,'',NULL,'',NULL,''),(7431,537,1293,NULL,'',NULL,'',NULL,''),(7432,537,1294,NULL,'',NULL,'',NULL,''),(7433,537,1295,NULL,'',NULL,'',NULL,''),(7434,537,1296,22,'',NULL,'',NULL,''),(7435,537,1297,NULL,'',NULL,'',NULL,''),(7436,537,1298,NULL,'',NULL,'',NULL,''),(7437,537,1299,NULL,'',NULL,'',NULL,''),(7438,537,1300,22,'',NULL,'',NULL,''),(7439,537,1301,NULL,'',NULL,'',NULL,''),(7440,537,1302,NULL,'',NULL,'',NULL,''),(7441,537,1303,NULL,'',NULL,'',NULL,''),(7442,537,1304,22,'',NULL,'',NULL,''),(7443,537,1305,22,'',NULL,'',NULL,''),(7444,537,1306,22,'',NULL,'',NULL,''),(7445,537,1307,22,'',NULL,'',NULL,''),(7446,537,1308,NULL,'',NULL,'',NULL,''),(7447,538,1338,NULL,'',NULL,'',NULL,''),(7448,538,1339,22,'',NULL,'',NULL,''),(7449,538,1340,NULL,'',NULL,'',NULL,''),(7450,538,1341,22,'',NULL,'',NULL,''),(7451,538,1342,NULL,'',NULL,'',NULL,''),(7452,538,1343,NULL,'',NULL,'',NULL,''),(7453,538,1344,NULL,'',NULL,'',NULL,''),(7454,538,1345,NULL,'',NULL,'',NULL,''),(7455,538,1346,NULL,'',NULL,'',NULL,''),(7456,538,1347,NULL,'',NULL,'',NULL,''),(7457,538,1348,NULL,'',NULL,'',NULL,''),(7458,538,1349,NULL,'',NULL,'',NULL,''),(7459,538,1350,22,'',NULL,'',NULL,''),(7460,538,1351,NULL,'',NULL,'',NULL,''),(7461,538,1352,NULL,'',NULL,'',NULL,''),(7462,538,1353,NULL,'',NULL,'',NULL,''),(7463,59,1710,NULL,'',NULL,'',NULL,''),(7464,59,1711,NULL,'',NULL,'',NULL,''),(7465,59,1712,NULL,'',NULL,'',NULL,''),(7466,59,1713,NULL,'',NULL,'',NULL,''),(7467,59,1714,NULL,'',NULL,'',NULL,''),(7468,59,1715,NULL,'',NULL,'',NULL,''),(7469,59,1716,NULL,'',NULL,'',NULL,''),(7470,59,1717,NULL,'',NULL,'',NULL,''),(7471,59,1718,NULL,'',NULL,'',NULL,''),(7472,59,1719,NULL,'',NULL,'',NULL,''),(7473,59,1720,NULL,'',NULL,'',NULL,''),(7474,59,1721,NULL,'',NULL,'',NULL,''),(7475,59,1722,NULL,'',NULL,'',NULL,''),(7476,59,1723,NULL,'',NULL,'',NULL,''),(7477,59,1724,NULL,'',NULL,'',NULL,''),(7478,63,2735,NULL,'',NULL,'',NULL,''),(7479,63,2736,NULL,'',NULL,'',NULL,''),(7480,63,2737,NULL,'',NULL,'',NULL,''),(7481,63,2738,NULL,'',NULL,'',NULL,''),(7482,63,2739,NULL,'',NULL,'',NULL,''),(7483,63,2740,NULL,'',NULL,'',NULL,''),(7484,63,2741,NULL,'',NULL,'',NULL,''),(7485,63,2742,NULL,'',NULL,'',NULL,''),(7486,539,1696,51,'',NULL,'',NULL,''),(7487,539,1697,51,'',NULL,'',NULL,''),(7488,539,1698,48,'',NULL,'',NULL,''),(7489,539,1699,48,'',NULL,'',NULL,''),(7490,539,1700,48,'',NULL,'',NULL,''),(7491,539,1701,51,'',NULL,'',NULL,''),(7492,539,1702,48,'',NULL,'',NULL,''),(7493,539,1703,48,'',NULL,'',NULL,''),(7494,539,1704,48,'',NULL,'',NULL,''),(7495,539,1705,51,'',NULL,'',NULL,''),(7496,539,1706,51,'',NULL,'',NULL,''),(7497,539,1707,51,'',NULL,'',NULL,''),(7498,539,1708,51,'',NULL,'',NULL,''),(7499,539,1709,51,'',NULL,'',NULL,''),(7500,539,2904,51,'',NULL,'',NULL,''),(7501,540,1622,51,'',NULL,'',NULL,''),(7502,540,1623,NULL,'',NULL,'',NULL,''),(7503,540,1624,48,'',NULL,'',NULL,''),(7504,540,1625,NULL,'',NULL,'',NULL,''),(7505,540,1626,51,'',NULL,'',NULL,''),(7506,540,1627,NULL,'',NULL,'',NULL,''),(7507,540,1628,51,'',NULL,'',NULL,''),(7508,540,1629,48,'',NULL,'',NULL,''),(7509,540,1630,NULL,'',NULL,'',NULL,''),(7510,540,2905,NULL,'',NULL,'',NULL,''),(7511,540,1632,48,'',NULL,'',NULL,''),(7512,540,2906,51,'',NULL,'',NULL,''),(7513,541,1647,48,'',NULL,'',NULL,''),(7514,541,1648,51,'',NULL,'',NULL,''),(7515,541,1649,48,'',NULL,'',NULL,''),(7516,541,1650,48,'',NULL,'',NULL,''),(7517,541,1651,48,'',NULL,'',NULL,''),(7518,541,1652,NULL,'',NULL,'',NULL,''),(7519,541,1653,NULL,'',NULL,'',NULL,''),(7520,541,1654,NULL,'',NULL,'',NULL,''),(7521,541,1655,51,'',NULL,'',NULL,''),(7522,541,1656,51,'',NULL,'',NULL,''),(7523,541,1657,51,'',NULL,'',NULL,''),(7524,541,1658,NULL,'',NULL,'',NULL,''),(7525,541,1659,NULL,'',NULL,'',NULL,''),(7526,542,1660,48,'',NULL,'',NULL,''),(7527,542,1661,48,'',NULL,'',NULL,''),(7528,542,1662,51,'',NULL,'',NULL,''),(7529,542,1663,48,'',NULL,'',NULL,''),(7530,542,1665,48,'',NULL,'',NULL,''),(7531,542,1666,51,'',NULL,'',NULL,''),(7532,542,1667,51,'',NULL,'',NULL,''),(7533,542,1668,51,'',NULL,'',NULL,''),(7534,542,1669,51,'',NULL,'',NULL,''),(7535,542,1670,48,'',NULL,'',NULL,''),(7536,542,1671,51,'',NULL,'',NULL,''),(7537,542,2907,51,'',NULL,'',NULL,''),(7538,543,1609,48,'',NULL,'',NULL,''),(7539,543,1610,51,'',NULL,'',NULL,''),(7540,543,1611,51,'',NULL,'',NULL,''),(7541,543,1612,51,'',NULL,'',NULL,''),(7542,543,1613,48,'',NULL,'',NULL,''),(7543,543,1614,48,'',NULL,'',NULL,''),(7544,543,1615,51,'',NULL,'',NULL,''),(7545,543,1616,51,'',NULL,'',NULL,''),(7546,543,1617,51,'',NULL,'',NULL,''),(7547,543,1618,51,'',NULL,'',NULL,''),(7548,543,1619,51,'',NULL,'',NULL,''),(7549,543,1620,48,'',NULL,'',NULL,''),(7550,543,1621,48,'',NULL,'',NULL,''),(7551,543,2908,NULL,'',NULL,'',NULL,''),(7552,543,2909,NULL,'',NULL,'',NULL,''),(7553,544,1753,41,'',NULL,'',NULL,''),(7554,544,1754,41,'',NULL,'How to construct the biogas ',NULL,''),(7555,544,1755,41,'',NULL,'what is expenditure for construction',NULL,''),(7556,544,1756,41,'',NULL,'',NULL,''),(7557,544,1757,41,'',NULL,'',NULL,''),(7558,544,1758,41,'',NULL,'',NULL,''),(7559,544,1759,41,'',NULL,'',NULL,''),(7560,544,1760,41,'',NULL,'',NULL,''),(7561,544,1761,41,'',NULL,'',NULL,''),(7562,544,1762,41,'',NULL,'',NULL,''),(7563,544,1763,41,'',NULL,'',NULL,''),(7564,544,1764,41,'',NULL,'',NULL,''),(7565,544,1765,41,'',NULL,'',NULL,''),(7566,544,1766,41,'',NULL,'',NULL,''),(7567,544,1767,41,'',NULL,'',NULL,''),(7568,545,1735,41,'',NULL,'',NULL,''),(7569,545,1736,41,'',NULL,'',NULL,''),(7570,545,1737,41,'',NULL,'',NULL,''),(7571,545,1738,41,'',NULL,'',NULL,''),(7572,545,1739,41,'',NULL,'',NULL,''),(7573,545,1740,41,'',41,'',NULL,''),(7574,545,1741,41,'',NULL,'',NULL,''),(7575,545,1742,41,'',41,'',NULL,''),(7576,545,1743,41,'',41,'',NULL,''),(7577,545,1744,41,'',NULL,'',NULL,''),(7578,545,1745,41,'',NULL,'',NULL,''),(7579,545,1746,41,'',NULL,'',NULL,''),(7580,545,1747,41,'',NULL,'',NULL,''),(7581,545,1748,41,'',NULL,'',NULL,''),(7582,545,1749,41,'',NULL,'',NULL,''),(7583,545,1750,41,'',NULL,'',NULL,''),(7584,545,1751,41,'',NULL,'',NULL,''),(7585,545,1752,41,'',NULL,'',NULL,''),(7586,545,2910,41,'',NULL,'',NULL,''),(7587,545,2911,41,'',NULL,'',NULL,''),(7588,545,2912,41,'',NULL,'',NULL,''),(7589,545,2913,41,'',NULL,'',NULL,''),(7590,545,2914,41,'',NULL,'',NULL,''),(7591,545,2915,41,'',41,'',NULL,''),(7592,545,2916,41,'',41,'',NULL,''),(7593,545,2917,41,'',NULL,'',NULL,''),(7594,546,1782,1,'',1,'',NULL,''),(7595,546,1783,1,'',NULL,'',NULL,''),(7596,546,1784,1,'',NULL,'',NULL,''),(7597,546,1785,1,'',NULL,'',NULL,''),(7598,546,1786,1,'',NULL,'',NULL,''),(7599,546,1787,1,'',NULL,'',NULL,''),(7600,546,1788,1,'',NULL,'',NULL,''),(7601,546,1789,1,'',NULL,'',NULL,''),(7602,546,1790,1,'',NULL,'',NULL,''),(7603,546,1791,1,'',NULL,'',NULL,''),(7604,546,1792,1,'',1,'',NULL,''),(7605,546,1793,1,'',NULL,'',NULL,''),(7606,547,1725,26,'',NULL,'',NULL,''),(7607,547,1726,26,'',NULL,'',NULL,''),(7608,547,1727,26,'',NULL,'',NULL,''),(7609,547,1728,26,'',NULL,'',NULL,''),(7610,547,1729,26,'',NULL,'',NULL,''),(7611,547,1730,26,'',NULL,'',NULL,''),(7612,547,1731,26,'',NULL,'',NULL,''),(7613,547,1732,26,'',NULL,'',NULL,''),(7614,547,1733,26,'',NULL,'',NULL,''),(7615,547,1734,26,'',NULL,'',NULL,''),(7616,547,2918,26,'',NULL,'',NULL,''),(7617,548,1768,1,'',1,'',NULL,''),(7618,548,1769,1,'',NULL,'',NULL,''),(7619,548,1770,1,'',1,'',NULL,''),(7620,548,1771,1,'',1,'',NULL,''),(7621,548,1772,1,'',NULL,'',NULL,''),(7622,548,1773,1,'',NULL,'',NULL,''),(7623,548,1774,1,'',1,'',NULL,''),(7624,548,1775,1,'',NULL,'',NULL,''),(7625,548,1776,1,'',NULL,'',NULL,''),(7626,548,1777,1,'',NULL,'',NULL,''),(7627,548,1778,1,'',NULL,'',NULL,''),(7628,548,1779,1,'',NULL,'',NULL,''),(7629,548,1781,1,'',NULL,'',NULL,''),(7630,549,1464,NULL,'',NULL,'',NULL,''),(7631,549,1465,NULL,'',NULL,'',NULL,''),(7632,549,1466,NULL,'',NULL,'',NULL,''),(7633,549,1467,26,'',NULL,'',NULL,''),(7634,549,1468,26,'',NULL,'',NULL,''),(7635,549,1469,NULL,'',NULL,'',NULL,''),(7636,549,1470,NULL,'',NULL,'',NULL,''),(7637,549,1471,NULL,'',NULL,'',NULL,''),(7638,549,1472,NULL,'',NULL,'',NULL,''),(7639,549,1473,NULL,'',NULL,'',NULL,''),(7640,549,1474,NULL,'',NULL,'',NULL,''),(7641,549,1475,NULL,'',NULL,'',NULL,''),(7642,550,1809,27,'',27,'',NULL,''),(7643,550,1812,27,'',NULL,'',NULL,'Can we grow in mango plantation'),(7644,550,1814,NULL,'',NULL,'',NULL,''),(7645,550,1815,27,'',NULL,'',NULL,''),(7646,550,1816,27,'',NULL,'',NULL,''),(7647,550,1817,NULL,'',NULL,'',NULL,''),(7648,550,1819,NULL,'',NULL,'',NULL,''),(7649,550,1821,NULL,'',NULL,'',NULL,''),(7650,550,1822,27,'',NULL,'',NULL,''),(7651,551,242,NULL,'',NULL,'',NULL,''),(7652,551,243,NULL,'',NULL,'',NULL,''),(7653,551,246,NULL,'',NULL,'',NULL,''),(7654,551,247,NULL,'',NULL,'',NULL,''),(7655,551,248,NULL,'',NULL,'',NULL,''),(7656,551,2919,NULL,'',NULL,'',NULL,''),(7657,551,250,NULL,'',NULL,'',NULL,''),(7658,551,251,NULL,'',NULL,'',NULL,''),(7659,551,252,NULL,'',NULL,'',NULL,''),(7660,551,253,NULL,'',NULL,'',NULL,''),(7661,551,258,NULL,'',NULL,'',NULL,''),(7662,551,260,NULL,'',NULL,'',NULL,''),(7663,552,1869,13,'',NULL,'',NULL,''),(7664,552,1870,NULL,'',NULL,'',NULL,''),(7665,552,1871,13,'',NULL,'',NULL,''),(7666,552,1873,NULL,'',NULL,'',NULL,''),(7667,552,1874,NULL,'',NULL,'',NULL,''),(7668,552,1875,13,'',NULL,'',NULL,''),(7669,552,1876,13,'',NULL,'',NULL,''),(7670,552,1878,13,'',NULL,'',NULL,''),(7671,552,1879,13,'',NULL,'',NULL,''),(7672,552,1880,13,'',NULL,'',NULL,''),(7673,552,1881,NULL,'',NULL,'',NULL,''),(7674,552,1882,NULL,'',NULL,'',NULL,''),(7675,552,1885,13,'',NULL,'',NULL,''),(7676,552,1887,13,'',NULL,'',NULL,''),(7677,553,1826,13,'',NULL,'',NULL,''),(7678,553,1827,13,'',NULL,'',NULL,''),(7679,553,1828,NULL,'',NULL,'',NULL,''),(7680,553,1829,13,'',NULL,'',NULL,''),(7681,553,1830,13,'',NULL,'',NULL,''),(7682,553,1831,13,'',NULL,'',NULL,''),(7683,553,1832,NULL,'',NULL,'',NULL,''),(7684,553,1833,NULL,'',NULL,'',NULL,''),(7685,553,1834,NULL,'',NULL,'',NULL,''),(7686,553,1835,13,'',NULL,'',NULL,''),(7687,553,1836,13,'',NULL,'',NULL,''),(7688,553,1837,13,'',NULL,'',NULL,''),(7689,554,2367,13,'',NULL,'',NULL,''),(7690,554,2370,26,'',NULL,'',NULL,''),(7691,554,2371,NULL,'',NULL,'',NULL,''),(7692,554,2373,26,'',NULL,'',NULL,''),(7693,554,2375,NULL,'',NULL,'',NULL,''),(7694,554,2376,NULL,'',NULL,'',NULL,''),(7695,554,2378,NULL,'',NULL,'',NULL,''),(7696,554,2379,NULL,'',NULL,'',NULL,''),(7697,554,2381,NULL,'',NULL,'',NULL,''),(7698,554,2382,NULL,'',NULL,'',NULL,''),(7699,554,2383,26,'',NULL,'',NULL,''),(7700,554,2920,26,'',NULL,'',NULL,''),(7701,554,2921,NULL,'',NULL,'',NULL,'');
/*!40000 ALTER TABLE `PERSON_MEETING_ATTENDANCE` ENABLE KEYS */;
UNLOCK TABLES;

--
-- Table structure for table `PERSON_RELATIONS`
--

DROP TABLE IF EXISTS `PERSON_RELATIONS`;
SET @saved_cs_client     = @@character_set_client;
SET character_set_client = utf8;
CREATE TABLE `PERSON_RELATIONS` (
  `id` int(11) NOT NULL auto_increment,
  `person_id` int(11) NOT NULL,
  `relative_id` int(11) NOT NULL,
  `TYPE_OF_RELATIONSHIP` varchar(100) NOT NULL,
  PRIMARY KEY  (`id`),
  KEY `PERSON_RELATIONS_person_id` (`person_id`),
  KEY `PERSON_RELATIONS_relative_id` (`relative_id`)
) ENGINE=MyISAM DEFAULT CHARSET=latin1;
SET character_set_client = @saved_cs_client;

--
-- Dumping data for table `PERSON_RELATIONS`
--

LOCK TABLES `PERSON_RELATIONS` WRITE;
/*!40000 ALTER TABLE `PERSON_RELATIONS` DISABLE KEYS */;
/*!40000 ALTER TABLE `PERSON_RELATIONS` ENABLE KEYS */;
UNLOCK TABLES;

--
-- Table structure for table `PRACTICES`
--

DROP TABLE IF EXISTS `PRACTICES`;
SET @saved_cs_client     = @@character_set_client;
SET character_set_client = utf8;
CREATE TABLE `PRACTICES` (
  `id` int(11) NOT NULL auto_increment,
  `PRACTICE_NAME` varchar(200) NOT NULL,
  `SEASONALITY` varchar(3) NOT NULL,
  `SUMMARY` longtext NOT NULL,
  PRIMARY KEY  (`id`)
) ENGINE=MyISAM AUTO_INCREMENT=57 DEFAULT CHARSET=latin1;
SET character_set_client = @saved_cs_client;

--
-- Dumping data for table `PRACTICES`
--

LOCK TABLES `PRACTICES` WRITE;
/*!40000 ALTER TABLE `PRACTICES` DISABLE KEYS */;
INSERT INTO `PRACTICES` VALUES (1,'Vermicompost','Kha',''),(2,'Harvesting','Kha',''),(3,'Sowing','Rab',''),(6,'Intercultural','Rou',''),(10,'Duck care and treatment','Kha',''),(8,'Nursery','Rou',''),(9,'Transplantation','Rou',''),(11,'Insecticidal treatment','Rab',''),(12,'Pisciculture','Rou',''),(13,'Jeevamrutha','Rou',''),(14,'Application of Jeevamrutha','Rou',''),(15,'Pea sowing','Rab',''),(41,'biogas','Rou',''),(17,'Tomato transplanting','Rab',''),(18,'Arhar sowing','Rab',''),(19,'Tomato sowing','Rab',''),(20,'Fish feed and care','Rou',''),(21,'Yield comparision','Kha',''),(22,'Fodder preservation','Sum',''),(23,'Eco friendly resource','Rou',''),(24,'malnutrition in children','Rou',''),(25,'Income generation aspects','Rou',''),(26,'Herbal medicine','Rou',''),(27,'Fodder conservation','Rou',''),(28,'Insemmination ','Rou',''),(29,'Animal care','Rou',''),(30,'Tree based farming','Rou',''),(31,'Pest & Disease Management','Rou',''),(32,'Yield comparaision','Kha',''),(33,'Compost','Rou',''),(42,'Forest tree pruning ','Rou',''),(35,'Seed Treatment','Rou',''),(36,'Success story ','Rou',''),(37,'Pest & Disease Management','Rou',''),(38,'Staking','Rou',''),(39,'Handi Ausadh','Rou',''),(43,'Amrutaballi khasaya','Rou',''),(44,'Artificial insemmination','Rou',''),(45,'Jowar seed treatment','Rou',''),(46,'Dungslurry application','Rou',''),(47,'Floriculture','Rou',''),(48,'Azolla','Rou',''),(49,'Farm pond','Sum',''),(50,'organic urea','Rou',''),(51,'wadi','Rou',''),(52,'Livelihood activities','Rou',''),(53,'water conservation','Sum',''),(54,'soil testing','Rou',''),(55,'Grain storage','Rou','');
/*!40000 ALTER TABLE `PRACTICES` ENABLE KEYS */;
UNLOCK TABLES;

--
-- Table structure for table `REGION`
--

DROP TABLE IF EXISTS `REGION`;
SET @saved_cs_client     = @@character_set_client;
SET character_set_client = utf8;
CREATE TABLE `REGION` (
  `id` int(11) NOT NULL auto_increment,
  `REGION_NAME` varchar(100) NOT NULL,
  `START_DATE` date default NULL,
  PRIMARY KEY  (`id`)
) ENGINE=MyISAM AUTO_INCREMENT=18 DEFAULT CHARSET=latin1;
SET character_set_client = @saved_cs_client;

--
-- Dumping data for table `REGION`
--

LOCK TABLES `REGION` WRITE;
/*!40000 ALTER TABLE `REGION` DISABLE KEYS */;
INSERT INTO `REGION` VALUES (1,'Pioneers ',NULL),(2,'Crusaders',NULL),(3,'Beacons ',NULL);
/*!40000 ALTER TABLE `REGION` ENABLE KEYS */;
UNLOCK TABLES;

--
-- Table structure for table `REGION_TEST`
--

DROP TABLE IF EXISTS `REGION_TEST`;
SET @saved_cs_client     = @@character_set_client;
SET character_set_client = utf8;
CREATE TABLE `REGION_TEST` (
  `id` int(11) NOT NULL auto_increment,
  `REGION_NAME` varchar(100) NOT NULL,
  `START_DATE` date default NULL,
  PRIMARY KEY  (`id`),
  UNIQUE KEY `REGION_NAME` (`REGION_NAME`)
) ENGINE=MyISAM AUTO_INCREMENT=7402 DEFAULT CHARSET=latin1;
SET character_set_client = @saved_cs_client;

--
-- Dumping data for table `REGION_TEST`
--

LOCK TABLES `REGION_TEST` WRITE;
/*!40000 ALTER TABLE `REGION_TEST` DISABLE KEYS */;
INSERT INTO `REGION_TEST` VALUES (1,'dsfd','2010-02-23'),(2,'test','2010-02-23'),(3,'hope it works','2010-02-23'),(4,'dsdfsd123','2010-02-23'),(1000,'tew','2010-02-24'),(1001,'testetetstetsete','2010-02-23'),(1002,'app','2010-02-23'),(1003,'fgsdf','2010-02-23'),(1004,'efdsdf','2010-02-23'),(1090,'abc','2010-02-23'),(1091,'testss','2010-02-23'),(1092,'bcd','2010-02-23'),(109,'xyz','2010-02-23'),(1093,'cde','2010-02-23'),(1094,'tttttt','2010-02-23'),(1095,'aaaa','2010-02-23'),(105,'ad','2010-02-23'),(7401,'testesesrsdasdsadasdasda','2010-02-23');
/*!40000 ALTER TABLE `REGION_TEST` ENABLE KEYS */;
UNLOCK TABLES;

--
-- Table structure for table `REVIEWER`
--

DROP TABLE IF EXISTS `REVIEWER`;
SET @saved_cs_client     = @@character_set_client;
SET character_set_client = utf8;
CREATE TABLE `REVIEWER` (
  `id` int(11) NOT NULL auto_increment,
  `content_type_id` int(11) NOT NULL,
  `object_id` int(10) unsigned NOT NULL,
  PRIMARY KEY  (`id`),
  KEY `REVIEWER_content_type_id` (`content_type_id`)
) ENGINE=MyISAM AUTO_INCREMENT=16 DEFAULT CHARSET=latin1;
SET character_set_client = @saved_cs_client;

--
-- Dumping data for table `REVIEWER`
--

LOCK TABLES `REVIEWER` WRITE;
/*!40000 ALTER TABLE `REVIEWER` DISABLE KEYS */;
INSERT INTO `REVIEWER` VALUES (1,11,1),(2,11,2),(5,13,1),(4,11,3),(6,13,2),(7,13,3),(8,13,4),(9,14,1),(10,14,2),(11,14,3),(12,14,4),(13,14,5),(14,14,6),(15,14,10);
/*!40000 ALTER TABLE `REVIEWER` ENABLE KEYS */;
UNLOCK TABLES;

--
-- Table structure for table `SCREENING`
--

DROP TABLE IF EXISTS `SCREENING`;
SET @saved_cs_client     = @@character_set_client;
SET character_set_client = utf8;
CREATE TABLE `SCREENING` (
  `id` int(11) NOT NULL auto_increment,
  `DATE` date NOT NULL,
  `START_TIME` time NOT NULL,
  `END_TIME` time NOT NULL,
  `LOCATION` varchar(200) NOT NULL,
  `TARGET_PERSON_ATTENDANCE` int(11) default NULL,
  `TARGET_AUDIENCE_INTEREST` int(11) default NULL,
  `TARGET_ADOPTIONS` int(11) default NULL,
  `village_id` int(11) NOT NULL,
  `fieldofficer_id` int(11) default NULL,
  `animator_id` int(11) NOT NULL,
  PRIMARY KEY  (`id`),
  KEY `SCREENING_village_id` (`village_id`),
  KEY `SCREENING_fieldofficer_id` (`fieldofficer_id`),
  KEY `SCREENING_animator_id` (`animator_id`)
) ENGINE=MyISAM AUTO_INCREMENT=557 DEFAULT CHARSET=latin1;
SET character_set_client = @saved_cs_client;

--
-- Dumping data for table `SCREENING`
--

LOCK TABLES `SCREENING` WRITE;
/*!40000 ALTER TABLE `SCREENING` DISABLE KEYS */;
INSERT INTO `SCREENING` VALUES (26,'2009-11-13','07:00:00','08:30:00','',NULL,NULL,NULL,27,3,35),(25,'2009-11-15','07:00:00','08:30:00','',NULL,NULL,NULL,29,3,39),(24,'2009-11-22','07:00:00','08:30:00','School',NULL,NULL,NULL,29,3,39),(29,'2010-01-11','18:00:00','19:00:00','Under the tree at road side',NULL,NULL,NULL,62,4,77),(28,'2010-01-15','18:00:00','19:00:00','Under the tree at road side',NULL,NULL,NULL,62,NULL,77),(27,'2009-11-20','07:00:00','08:30:00','',NULL,NULL,NULL,27,NULL,35),(30,'2010-01-09','18:00:00','19:00:00','Village market',NULL,NULL,NULL,62,4,77),(31,'2010-01-08','18:00:00','19:00:00','Under the tree ofvillage road',NULL,NULL,NULL,62,4,77),(32,'2010-01-02','18:00:00','19:00:00','Village market',NULL,NULL,NULL,62,4,77),(33,'2010-01-23','18:00:00','19:00:00','Village market field',NULL,NULL,NULL,62,4,77),(34,'2010-01-22','18:00:00','19:00:00','Under the tree of village road',NULL,NULL,NULL,62,4,77),(35,'2010-01-18','18:00:00','19:00:00','Village road',NULL,NULL,NULL,62,4,77),(36,'2010-01-16','18:00:00','19:00:00','Village market',NULL,NULL,NULL,62,4,77),(37,'2010-01-25','18:00:00','19:00:00','Village road',NULL,NULL,NULL,62,4,77),(38,'2010-01-29','18:00:00','19:00:00','Under the tree at road side',NULL,NULL,NULL,62,4,77),(39,'2010-01-30','18:00:00','19:00:00','Village market',NULL,NULL,NULL,62,NULL,77),(40,'2010-01-16','18:30:00','19:30:00','Village school',NULL,NULL,NULL,57,4,63),(41,'2010-01-18','19:00:00','20:00:00','Village school',NULL,NULL,NULL,60,4,63),(42,'2010-01-20','18:00:00','19:00:00','',NULL,NULL,NULL,89,NULL,63),(43,'2010-01-20','19:30:00','20:30:00','School',NULL,NULL,NULL,59,4,63),(44,'2010-01-21','18:30:00','19:30:00','Club House',NULL,NULL,NULL,55,NULL,63),(45,'2010-01-23','19:00:00','20:00:00','School',NULL,NULL,NULL,57,NULL,63),(46,'2010-01-24','18:30:00','19:30:00','Village school',NULL,NULL,NULL,58,4,63),(47,'2010-01-25','19:00:00','20:00:00','',NULL,NULL,NULL,60,NULL,63),(48,'2010-01-27','18:30:00','19:30:00','Village school',NULL,NULL,NULL,89,NULL,63),(49,'2010-01-28','19:00:00','20:00:00','Village school',NULL,NULL,NULL,55,4,63),(50,'2010-01-15','18:30:00','19:30:00','Village',18,NULL,3,55,4,63),(51,'2010-01-26','20:10:00','20:45:00','Workshed',13,8,0,43,6,49),(52,'2010-01-26','20:10:00','20:45:00','Workshed',13,8,0,43,6,49),(53,'2010-01-28','21:00:00','21:30:00','Youth club',9,9,6,44,6,85),(54,'2010-01-28','21:00:00','21:30:00','',9,9,6,43,6,49),(55,'2010-01-26','21:00:00','21:30:00','youht club ',17,17,10,44,6,85),(56,'2010-01-26','21:00:00','21:30:00','Youth club',11,11,4,44,6,85),(57,'2010-01-28','21:00:00','21:30:00','Youth club',8,8,0,44,6,85),(58,'2010-01-24','20:00:00','21:30:00','Home',15,1,0,49,6,54),(59,'2010-01-27','19:30:00','21:30:00','Home',11,2,0,49,6,54),(60,'2010-01-27','19:30:00','21:30:00','Home',11,2,0,49,NULL,54),(61,'2010-01-29','20:00:00','12:30:00','Temple',13,1,0,49,6,54),(62,'2010-01-28','20:00:00','21:50:00','Home',11,1,0,49,6,54),(63,'2010-01-24','20:00:00','21:35:00','home',16,5,0,45,6,50),(64,'2010-01-25','20:00:00','20:45:00','home',16,3,0,45,6,50),(65,'2010-01-26','20:00:00','20:50:00','home',13,0,0,45,6,50),(66,'2010-01-27','20:00:00','20:30:00','Home',14,3,0,45,NULL,50),(67,'2010-01-28','20:10:00','20:40:00','Home',18,0,0,45,NULL,50),(68,'2010-01-29','19:10:00','20:00:00','Home',16,4,0,45,6,50),(69,'2010-01-25','20:00:00','21:00:00','Home',10,3,0,50,6,55),(70,'2009-12-27','20:00:00','21:00:00','home',11,2,0,50,6,55),(71,'2010-01-27','21:10:00','22:00:00','home',8,0,0,50,6,55),(72,'2010-01-27','20:00:00','22:00:00','Home',12,1,0,48,6,53),(73,'2010-01-25','19:00:00','22:00:00','Home',16,2,0,48,6,53),(74,'2010-01-24','19:00:00','21:00:00','Hotel',12,2,0,48,6,53),(75,'2010-01-23','19:00:00','21:00:00','Home',14,3,0,48,6,53),(76,'2010-01-28','20:30:00','21:30:00','home',12,2,0,46,6,51),(77,'2010-01-27','21:30:00','22:30:00','home',10,3,0,46,6,51),(78,'2010-01-26','22:30:00','23:00:00','temple',18,5,0,46,6,51),(79,'2010-01-26','19:30:00','20:30:00','home',14,4,0,46,6,51),(394,'2009-12-23','20:00:00','21:00:00','Home',20,20,0,43,6,49),(81,'2010-01-18','20:10:00','21:30:00','Home',15,3,0,49,6,54),(82,'2010-01-21','20:00:00','21:30:00','Home',15,3,0,49,6,54),(83,'2010-01-21','20:30:00','21:45:00','Temple',13,1,0,49,6,54),(84,'2010-01-22','20:30:00','21:30:00','home',13,2,0,49,6,54),(85,'2010-01-18','20:00:00','20:45:00','Work shed',12,8,0,43,6,49),(86,'2010-01-19','20:15:00','21:00:00','Work shed',17,9,0,43,6,49),(87,'2010-01-20','20:30:00','21:15:00','work shed',15,7,0,43,6,49),(88,'2010-01-20','20:30:00','21:15:00','work shed',15,7,0,43,6,49),(89,'2010-01-21','20:15:00','21:00:00','workshed',20,12,0,43,6,49),(90,'2010-01-21','19:00:00','22:00:00','home',12,2,0,48,NULL,53),(91,'2010-01-20','19:00:00','22:00:00','Petty shop',14,3,0,48,6,53),(92,'2010-01-18','20:00:00','21:00:00','home',11,5,0,50,6,55),(93,'2010-01-18','21:15:00','10:10:00','home',16,3,0,50,6,55),(94,'2010-01-19','20:00:00','21:00:00','home',14,5,0,50,6,55),(95,'2010-01-20','20:00:00','21:00:00','home',17,0,0,50,6,55),(96,'2010-01-19','20:10:00','20:40:00','Home',13,0,0,45,6,50),(97,'2010-02-01','19:30:00','20:30:00','Home',11,2,0,49,6,54),(98,'2010-01-04','18:00:00','18:45:00','Viswasi di\'s home',20,NULL,NULL,102,3,42),(99,'2010-01-05','19:00:00','20:00:00','Ground',16,NULL,NULL,31,3,42),(100,'2010-01-06','19:00:00','20:00:00','Ground',28,NULL,NULL,31,NULL,42),(101,'2010-01-15','19:00:00','20:30:00','Ground',20,NULL,NULL,97,3,33),(102,'2010-01-16','19:00:00','20:30:00','Ground',17,NULL,NULL,96,3,33),(103,'2010-01-17','19:00:00','20:30:00','',16,NULL,NULL,100,3,33),(104,'2010-01-18','19:00:00','21:00:00','School',NULL,NULL,NULL,99,3,33),(113,'2010-01-17','18:00:00','19:00:00','Home',17,NULL,NULL,29,NULL,39),(106,'2010-01-08','18:00:00','19:00:00','School',NULL,NULL,NULL,27,NULL,39),(107,'2010-01-15','18:00:00','20:00:00','',21,NULL,NULL,27,3,39),(108,'2010-01-23','18:00:00','20:00:00','School',21,NULL,NULL,27,3,39),(109,'2010-01-30','19:00:00','20:30:00','Dias',16,NULL,NULL,100,3,33),(110,'2010-01-31','19:00:00','20:30:00','Village Dais',20,NULL,NULL,97,3,33),(114,'2010-01-15','02:00:00','03:00:00','House of jaishree Diggi',9,NULL,NULL,91,2,100),(115,'2010-01-16','04:00:00','06:00:00','House of Piru kerai',15,2,NULL,91,2,100),(116,'2010-01-11','18:00:00','19:45:00','Ground',NULL,NULL,NULL,84,3,79),(117,'2010-01-12','18:00:00','19:45:00','Ground',NULL,NULL,NULL,84,3,79),(118,'2010-01-19','04:00:00','06:00:00','House of piru kerai',NULL,NULL,NULL,91,2,100),(119,'2010-01-23','12:00:00','01:00:00','House of Gurbari Jamuda',NULL,NULL,NULL,91,2,100),(120,'2010-01-24','05:00:00','06:00:00','House of Gurbari Jamuda',NULL,NULL,NULL,91,2,100),(121,'2010-01-25','01:00:00','02:00:00','House of Jaishree Diggi',NULL,NULL,NULL,91,NULL,100),(122,'2010-01-26','01:00:00','02:00:00','Aganbadi Centre',NULL,NULL,NULL,91,NULL,100),(127,'2010-01-15','18:30:00','19:30:00','Village club house',18,3,NULL,55,4,63),(128,'2010-01-11','18:30:00','19:30:00','Village road side',10,0,NULL,60,4,63),(129,'2010-01-10','18:30:00','19:30:00','Village road side',NULL,NULL,NULL,58,4,63),(130,'2010-01-09','18:30:00','19:30:00','Village road side',15,NULL,NULL,57,4,63),(131,'2010-01-07','18:30:00','19:30:00','Club house',11,NULL,NULL,55,4,63),(132,'2010-01-06','18:30:00','19:30:00','School',22,NULL,NULL,59,NULL,63),(133,'2010-01-02','18:30:00','19:30:00','Village road side',14,NULL,NULL,57,NULL,63),(134,'2010-01-12','18:00:00','19:00:00','School',25,13,NULL,52,4,59),(135,'2010-01-11','18:00:00','19:00:00','Gitanjali Nayak House',20,12,NULL,52,NULL,59),(136,'2010-01-10','18:00:00','19:00:00','Somtari Chattar',NULL,NULL,NULL,53,NULL,62),(137,'2010-01-09','18:00:00','19:00:00','Tilotama Chattar House',15,NULL,NULL,53,4,62),(138,'2010-01-07','18:00:00','19:00:00','Tillotama Nayak House',8,NULL,NULL,52,4,59),(139,'2010-01-06','18:00:00','19:00:00','School',20,7,NULL,52,4,59),(140,'2010-01-04','18:00:00','19:00:00','School',23,15,NULL,52,4,59),(141,'2010-01-25','18:00:00','19:00:00','School',9,0,NULL,52,4,59),(142,'2010-01-25','18:00:00','19:00:00','Gitanjali Nayak House',25,NULL,NULL,52,4,59),(143,'2010-01-25','18:00:00','19:00:00','Gitanjali Nayak House',25,NULL,NULL,52,4,59),(144,'2010-01-13','19:30:00','20:30:00','School',5,NULL,NULL,68,4,75),(145,'2010-01-12','19:30:00','20:00:00','School',5,2,NULL,68,4,75),(146,'2010-01-10','18:00:00','18:45:00','School',17,5,NULL,69,4,75),(147,'2010-01-09','19:00:00','19:55:00','House',17,3,NULL,69,4,75),(148,'2010-01-08','18:30:00','19:30:00','Club house',12,NULL,NULL,67,4,75),(149,'2010-01-24','20:00:00','20:45:00','House',12,NULL,NULL,69,4,75),(150,'2009-11-01','20:30:00','21:30:00','home',10,8,0,46,6,51),(151,'2009-10-31','20:30:00','21:30:00','home',10,6,0,46,6,51),(152,'2009-11-02','19:00:00','22:00:00','TEMPLE',12,12,0,48,6,53),(153,'2009-11-05','19:00:00','22:00:00','Home',12,12,0,48,6,53),(154,'2009-11-06','19:00:00','22:00:00','Home',11,11,0,48,6,53),(155,'2009-11-03','19:00:00','22:00:00','Home',16,16,0,48,6,53),(156,'2009-11-06','20:00:00','21:00:00','Home',15,8,0,47,6,52),(157,'2009-11-02','20:30:00','21:15:00','Home',18,9,0,47,6,52),(158,'2009-11-01','20:00:00','21:15:00','Home',11,4,0,47,6,52),(159,'2009-11-03','21:00:00','21:30:00','Yuvak mandal office',27,27,0,44,NULL,85),(160,'2009-11-03','21:00:00','21:30:00','Home',10,10,0,44,6,85),(161,'2009-11-04','21:00:00','21:30:00','Yuvak mandal office',9,9,0,44,6,85),(162,'2009-11-05','21:00:00','22:00:00','Yuvak mandal office',12,12,0,44,6,85),(163,'2009-11-02','21:00:00','21:30:00','Home',17,2,0,50,6,55),(164,'2009-11-03','21:00:00','21:30:00','Home',18,2,0,50,6,55),(165,'2009-11-04','19:30:00','09:30:00','Home',37,2,0,50,6,55),(166,'2009-11-05','19:00:00','19:30:00','Home',25,5,0,50,6,55),(167,'2009-11-02','20:45:00','22:15:00','Home',13,5,0,43,6,49),(168,'2009-11-03','20:30:00','22:00:00','work shed',18,2,0,43,6,49),(169,'2009-11-05','21:00:00','22:00:00','work shed',14,14,0,43,6,49),(170,'2009-11-05','20:30:00','21:30:00','Home',9,4,0,49,6,54),(171,'2009-11-04','20:30:00','21:30:00','Home',10,4,0,49,6,54),(172,'2009-11-03','20:30:00','21:30:00','Home',10,5,0,49,6,54),(173,'2009-11-03','20:30:00','21:30:00','Home',9,4,0,49,6,54),(174,'2009-11-02','20:30:00','21:30:00','Home',12,6,0,49,6,54),(175,'2009-11-01','20:30:00','21:30:00','Home',11,5,0,49,6,54),(176,'2009-11-01','20:10:00','20:40:00','Home',13,7,0,45,6,50),(177,'2009-11-03','20:10:00','20:00:00','Home',14,8,0,45,6,50),(178,'2009-11-04','20:30:00','21:30:00','Home',14,10,0,46,6,51),(179,'2009-11-06','20:10:00','20:30:00','Home',17,9,0,45,6,50),(180,'2009-11-02','20:00:00','20:30:00','Home',19,2,0,45,6,50),(181,'2009-11-12','20:15:00','21:00:00','Home',12,0,0,47,6,52),(182,'2009-11-13','20:10:00','20:30:00','Home',21,21,0,45,6,50),(183,'2009-11-10','20:30:00','21:15:00','Home',9,3,0,47,6,52),(184,'2009-11-11','20:00:00','20:30:00','Temple',12,3,0,45,6,50),(185,'2009-11-15','20:30:00','21:30:00','Home',10,4,0,49,6,54),(186,'2009-11-10','20:00:00','20:30:00','Home',14,0,0,45,6,50),(187,'2009-11-11','20:30:00','21:30:00','Home',11,0,0,49,6,54),(188,'2009-11-09','20:20:00','21:00:00','Home',18,0,0,45,6,50),(189,'2009-11-08','20:30:00','21:30:00','Home',10,3,0,49,6,54),(190,'2009-11-13','20:30:00','21:30:00','Home',10,9,0,46,6,51),(191,'2009-11-11','21:00:00','21:30:00','yu',10,10,0,44,6,85),(192,'2009-11-12','21:00:00','21:30:00','Yuvak mandal office',10,10,0,44,6,85),(193,'2009-11-10','20:30:00','21:30:00','Home',11,7,0,46,6,51),(194,'2009-11-10','21:00:00','21:30:00','Yuvak mandal office',12,12,0,44,6,85),(195,'2009-11-09','20:30:00','21:30:00','Home',11,8,0,46,6,51),(196,'2009-11-13','20:00:00','20:30:00','Home',24,7,0,50,6,55),(197,'2009-11-08','20:30:00','21:30:00','Home',12,8,0,46,6,51),(198,'2009-11-12','20:30:00','21:00:00','Home',16,2,0,50,6,55),(199,'2009-11-13','19:00:00','22:00:00','Home',27,1,0,48,6,53),(200,'2009-11-12','19:00:00','22:00:00','Temple',12,0,0,48,6,53),(201,'2009-11-11','20:30:00','21:30:00','Home',19,5,0,50,6,55),(202,'2009-11-09','20:00:00','20:40:00','Home',17,3,0,50,6,55),(203,'2009-11-09','19:00:00','22:00:00','Temple',18,2,0,48,6,53),(204,'2009-11-13','21:00:00','21:30:00','Home',8,0,0,47,6,52),(205,'2009-11-13','20:45:00','21:15:00','work shed',17,17,0,43,NULL,49),(206,'2009-11-09','20:45:00','22:00:00','work shed',12,12,0,43,6,49),(207,'2009-11-10','20:30:00','22:00:00','workshed',12,12,0,43,6,49),(208,'2009-11-19','20:00:00','20:30:00','Home',19,6,0,45,6,50),(209,'2009-11-27','20:30:00','21:30:00','Home',12,3,0,49,6,54),(210,'2009-11-22','21:00:00','21:20:00','Home',16,6,0,45,6,50),(211,'2009-11-25','22:30:00','23:30:00','Home',11,2,0,49,6,54),(212,'2009-11-23','20:20:00','21:00:00','Home',16,0,0,45,6,50),(213,'2009-11-24','20:30:00','21:30:00','Home',14,3,0,49,6,54),(214,'2009-11-24','20:00:00','20:30:00','Home',13,3,0,45,6,50),(215,'2009-11-24','21:30:00','22:00:00','yuvak mandal office',14,14,0,44,6,85),(216,'2009-11-25','20:00:00','21:00:00','Home',14,7,0,45,6,50),(217,'2009-11-24','20:30:00','21:00:00','yuvak mandal office',11,11,0,44,6,85),(218,'2009-11-21','21:00:00','22:00:00','Home',10,6,0,46,6,51),(219,'2009-11-18','21:00:00','21:30:00','yuvak mandal office',9,9,0,44,6,85),(220,'2009-11-25','20:30:00','21:30:00','mahila mandal',9,6,0,46,6,51),(221,'2009-11-19','21:00:00','21:30:00','yuvak mandal office',11,11,0,44,6,85),(222,'2009-11-26','21:30:00','22:30:00','Home',10,4,0,46,6,51),(223,'2009-11-27','19:30:00','20:00:00','Temple',17,6,0,50,6,55),(224,'2009-11-27','19:40:00','20:10:00','Home',12,3,0,50,6,55),(225,'2009-11-24','20:30:00','21:30:00','Home',10,6,0,46,6,51),(226,'2009-11-26','21:00:00','21:30:00','Home',6,4,0,50,6,55),(227,'2009-11-26','21:30:00','22:15:00','Home',8,6,0,50,6,55),(228,'2009-11-22','19:00:00','22:00:00','Home',27,1,0,48,6,53),(229,'2009-11-25','21:00:00','21:30:00','Home',15,0,0,50,6,55),(230,'2009-11-23','19:00:00','22:00:00','TEMPLE',14,3,0,48,6,53),(231,'2009-11-24','20:00:00','20:30:00','Home',15,4,0,50,10,55),(232,'2009-11-23','19:00:00','19:30:00','Home',17,3,0,50,6,55),(233,'2009-11-26','19:00:00','22:00:00','Home',14,1,0,48,6,53),(234,'2009-11-27','20:00:00','21:00:00','Home',9,7,0,47,6,52),(235,'2009-11-24','21:00:00','21:30:00','Home',13,6,0,47,6,52),(236,'2009-11-26','19:00:00','20:00:00','Home',12,0,0,47,6,52),(237,'2009-11-22','20:30:00','21:30:00','Home',14,4,0,49,6,54),(238,'2009-11-18','21:00:00','21:30:00','Home',14,5,0,45,6,50),(239,'2009-11-15','21:00:00','21:30:00','Yuvak mandal office',15,15,0,44,6,85),(240,'2009-11-17','21:00:00','21:30:00','Yuvak mandal office',12,12,0,44,6,85),(241,'2009-11-17','21:30:00','22:00:00','Yuvak mandal office',18,18,0,44,6,85),(242,'2009-11-19','21:00:00','21:30:00','Home',15,2,0,50,6,55),(243,'2009-11-18','21:30:00','22:00:00','Home',12,5,0,50,6,55),(244,'2009-11-16','20:00:00','20:30:00','Home',11,5,0,50,6,55),(245,'2009-11-20','19:40:00','20:10:00','Home',11,1,0,50,6,55),(246,'2009-11-17','21:00:00','21:30:00','Home',16,6,0,50,6,55),(247,'2009-11-16','20:00:00','20:30:00','Home',17,4,0,50,6,55),(248,'2009-11-21','20:30:00','22:15:00','work shed',10,2,0,43,6,49),(249,'2009-11-24','20:30:00','22:00:00','workshed',20,12,0,43,6,49),(250,'2009-11-25','20:30:00','22:00:00','workshed',16,10,0,43,6,49),(251,'2009-11-17','20:00:00','20:30:00','Home',13,5,0,45,6,50),(252,'2009-11-16','20:00:00','20:30:00','Home',17,0,0,45,6,50),(253,'2009-11-22','20:10:00','22:00:00','workshed',11,7,0,43,6,49),(254,'2009-11-14','20:30:00','21:30:00','Home',10,6,0,46,6,51),(255,'2009-11-20','22:00:00','23:00:00','Home',10,4,0,46,6,51),(256,'2009-11-18','22:30:00','23:30:00','Home',12,3,0,49,6,54),(257,'2009-11-18','22:00:00','23:00:00','Home',11,5,0,46,6,51),(258,'2009-11-15','20:30:00','21:30:00','Home',10,7,0,46,6,51),(259,'2009-11-17','10:30:00','11:30:00','Home',13,5,0,49,6,54),(260,'2009-11-14','19:00:00','22:00:00','Temple',14,0,0,48,6,53),(261,'2009-11-15','19:00:00','22:00:00','Home',12,0,0,48,6,53),(262,'2009-11-21','10:30:00','11:30:00','Home',12,2,0,49,6,54),(263,'2009-11-20','19:00:00','22:00:00','Home',11,1,0,48,6,53),(264,'2009-11-20','20:30:00','21:30:00','Home',11,4,0,49,6,54),(265,'2009-11-16','20:30:00','21:30:00','Home',12,4,0,49,6,54),(266,'2009-11-15','20:30:00','21:30:00','Home',11,2,0,49,6,54),(267,'2009-11-19','21:00:00','21:30:00','yuvak mandal office',11,11,0,44,10,85),(268,'2009-11-19','20:30:00','21:30:00','Home',13,6,0,49,6,54),(269,'2009-12-08','20:30:00','21:00:00','yuvak mandal office',14,14,0,44,6,85),(270,'2009-12-12','21:00:00','21:30:00','Home',12,12,0,43,6,49),(271,'2009-12-08','21:00:00','21:30:00','yuvak mandal office',12,12,0,44,6,85),(272,'2009-12-09','21:00:00','21:30:00','yuvak mandal office',10,9,0,44,6,85),(273,'2009-12-10','21:10:00','21:30:00','yuvak mandal office',12,12,0,44,6,85),(274,'2009-12-16','20:30:00','21:00:00','work shed',13,13,0,43,6,49),(275,'2009-12-11','21:00:00','21:30:00','yuvak mandal office',15,11,0,44,6,85),(276,'2009-12-16','21:00:00','21:30:00','Yuvak mandal office',9,9,0,44,6,85),(277,'2009-12-05','20:10:00','22:00:00','workshed',12,12,0,43,6,49),(278,'2009-12-15','20:30:00','21:30:00','Yuvak mandal office',17,17,0,44,6,85),(279,'2009-12-09','20:15:00','22:00:00','workshed',14,14,0,43,6,49),(280,'2009-12-17','21:00:00','21:30:00','Yuvak mandal office',10,10,0,44,6,85),(281,'2009-12-10','20:00:00','22:00:00','workshed',22,22,0,43,6,49),(282,'2009-12-11','20:00:00','20:30:00','Home',18,18,0,45,6,50),(283,'2009-12-15','21:00:00','21:30:00','Yuvak mandal office',12,12,0,44,6,85),(284,'2009-12-09','20:00:00','20:30:00','Home',14,4,0,45,6,50),(285,'2009-12-13','20:00:00','21:00:00','Home',10,7,0,47,6,52),(286,'2009-12-08','20:10:00','20:30:00','Home',13,4,0,45,6,50),(287,'2009-12-07','20:00:00','20:30:00','Home',16,0,0,45,6,50),(288,'2009-12-18','19:00:00','20:00:00','TEMPLE',12,4,0,48,6,53),(289,'2009-12-14','19:00:00','20:00:00','TEMPLE',11,0,0,48,6,53),(290,'2009-12-06','20:00:00','20:40:00','Home',18,5,0,45,6,50),(291,'2009-12-17','19:00:00','20:00:00','petty shop',14,1,0,48,6,53),(292,'2009-12-06','19:00:00','22:00:00','Home',12,0,0,48,6,53),(293,'2009-12-07','20:00:00','21:00:00','Temple',16,5,0,48,6,53),(294,'2009-12-14','19:00:00','20:00:00','Home',12,0,0,48,6,53),(295,'2009-12-10','19:00:00','20:00:00','Home',12,1,0,48,6,53),(296,'2009-12-13','22:00:00','23:00:00','TEMPLE',13,8,0,46,6,51),(297,'2009-12-17','21:30:00','22:30:00','Home',11,6,0,46,6,51),(298,'2009-12-11','20:00:00','21:00:00','petty shop',17,7,0,48,6,53),(299,'2009-12-16','20:30:00','21:30:00','Home',10,5,0,46,6,51),(300,'2009-12-08','20:30:00','21:00:00','Temple',11,5,0,46,6,51),(301,'2009-12-15','20:30:00','21:30:00','TEMPLE',13,7,0,46,6,51),(302,'2009-12-09','20:30:00','21:30:00','Temple',11,2,0,46,6,51),(303,'2009-12-09','21:30:00','22:30:00','Temple',12,5,0,46,6,51),(304,'2009-12-10','20:30:00','21:30:00','Home',11,4,0,46,6,51),(305,'2009-12-17','19:30:00','20:00:00','Home',21,7,0,45,6,50),(306,'2009-12-06','20:00:00','21:40:00','Home',11,1,0,47,6,52),(307,'2009-12-16','21:00:00','21:30:00','Home',14,5,0,45,6,50),(308,'2009-12-08','20:00:00','21:40:00','Home',13,1,0,47,6,52),(309,'2009-12-10','21:00:00','21:40:00','Home',8,8,0,47,6,52),(310,'2009-12-15','20:10:00','20:30:00','Home',13,13,0,45,6,50),(311,'2009-12-14','20:00:00','20:20:00','Home',16,12,0,45,6,50),(312,'2009-12-11','20:00:00','21:00:00','Home',11,5,0,47,6,52),(313,'2009-12-13','19:30:00','21:00:00','TEMPLE',11,4,0,49,6,54),(314,'2009-12-06','20:00:00','21:00:00','Home',11,2,0,49,6,54),(315,'2009-12-14','20:00:00','21:30:00','Home',13,5,0,49,6,54),(316,'2009-12-07','20:00:00','21:30:00','Home',9,2,0,49,6,54),(317,'2009-12-16','19:00:00','20:30:00','Home',11,6,0,49,6,54),(318,'2009-12-08','20:00:00','21:30:00','Temple',9,2,0,49,6,54),(319,'2009-12-18','20:00:00','21:30:00','TEMPLE',10,4,0,49,6,54),(320,'2009-12-10','20:00:00','21:30:00','Home',11,2,0,49,6,54),(321,'2009-12-11','19:00:00','20:00:00','TEMPLE',11,2,0,49,6,54),(322,'2010-01-05','20:30:00','21:00:00','Yuvak mandal office',15,15,0,44,6,85),(323,'2010-02-05','21:00:00','21:30:00','Yuvak mandal office',10,10,0,44,6,85),(324,'2010-01-06','21:00:00','21:30:00','Yuvak mandal office',8,8,0,44,6,85),(325,'2010-01-07','21:00:00','21:30:00','Yuvak mandal office',12,12,0,44,6,85),(326,'2010-01-11','20:00:00','20:40:00','Home',12,9,0,43,6,49),(327,'2010-01-04','20:00:00','20:40:00','work shed',15,11,0,43,6,49),(328,'2010-01-12','20:10:00','20:50:00','workshed',12,8,0,43,6,49),(329,'2010-01-05','20:30:00','21:00:00','work shed',13,8,0,43,6,49),(330,'2010-01-13','20:00:00','21:00:00','workshed',14,11,0,43,6,49),(331,'2010-01-11','20:00:00','20:30:00','Home',16,1,0,45,6,50),(332,'2010-01-11','20:00:00','21:00:00','Home',14,5,0,50,6,55),(333,'2010-01-05','19:30:00','20:20:00','Home',13,0,0,45,6,50),(334,'2010-01-12','20:00:00','21:00:00','Home',17,8,0,50,6,55),(335,'2010-01-06','20:00:00','20:40:00','Home',14,2,0,45,6,50),(336,'2010-01-13','20:00:00','21:00:00','Home',15,3,0,50,6,55),(337,'2010-01-07','19:30:00','20:20:00','Home',18,0,0,45,6,50),(338,'2010-01-14','20:30:00','21:30:00','Temple',14,2,0,46,6,51),(339,'2010-01-08','20:00:00','20:40:00','Home',17,5,0,45,6,50),(340,'2010-01-15','20:30:00','21:30:00','Temple',11,4,0,46,6,51),(341,'2010-01-08','20:00:00','21:00:00','Home',12,2,0,48,6,53),(342,'2010-01-11','20:30:00','21:30:00','Temple',19,4,1,46,6,51),(343,'2010-01-07','19:00:00','20:00:00','TEMPLE',14,1,0,48,6,53),(344,'2010-01-05','19:00:00','20:00:00','petty shop',15,2,0,48,6,53),(345,'2010-01-13','22:30:00','23:30:00','Home',18,2,0,46,6,51),(346,'2010-01-11','20:10:00','20:40:00','Home',16,0,0,45,6,50),(347,'2010-01-04','19:00:00','20:00:00','TEMPLE',16,5,0,48,6,53),(348,'2010-01-12','20:20:00','21:00:00','Home',13,2,0,45,6,50),(349,'2010-01-02','20:30:00','21:30:00','Home',14,4,1,46,6,51),(350,'2010-01-13','20:00:00','20:30:00','Home',14,0,0,45,6,50),(351,'2010-01-14','20:00:00','20:40:00','Home',19,3,0,45,6,50),(352,'2010-01-15','20:00:00','20:40:00','Home',16,3,0,45,6,50),(353,'2010-01-03','19:30:00','20:30:00','Home',16,4,0,46,6,51),(354,'2010-01-09','20:00:00','21:30:00','Home',11,2,0,49,6,54),(355,'2010-01-04','23:00:00','23:30:00','TEMPLE',20,4,0,46,6,51),(356,'2010-01-10','19:30:00','21:00:00','Home',14,3,0,49,6,54),(357,'2010-01-08','20:00:00','21:00:00','Home',10,3,0,47,6,52),(358,'2010-01-11','19:30:00','20:30:00','Temple',13,1,0,49,6,54),(359,'2010-01-12','20:30:00','21:30:00','Home',13,1,0,49,6,54),(360,'2010-01-06','20:30:00','21:30:00','Home',20,0,0,47,6,52),(361,'2010-01-13','19:30:00','21:00:00','Home',12,2,0,49,6,54),(362,'2010-01-07','20:00:00','21:00:00','Home',15,7,0,47,6,52),(363,'2010-01-13','20:00:00','21:00:00','Home',12,1,0,48,6,53),(364,'2010-01-02','19:30:00','20:30:00','Home',12,4,0,49,6,54),(365,'2010-01-11','20:00:00','21:30:00','Home',14,2,0,48,6,53),(366,'2010-01-03','20:00:00','21:00:00','Home',11,1,0,49,6,54),(367,'2010-01-10','20:00:00','21:00:00','Home',12,1,0,48,6,53),(368,'2010-01-05','19:30:00','21:00:00','Home',13,2,0,49,6,54),(369,'2010-01-14','20:00:00','21:00:00','Temple',12,2,0,48,6,53),(370,'2010-01-06','19:30:00','21:30:00','Home',12,3,0,49,6,54),(371,'2010-01-12','20:30:00','21:00:00','yuvak mandal office',16,11,0,44,6,85),(372,'2010-01-07','20:00:00','21:30:00','TEMPLE',13,1,0,49,6,54),(373,'2010-01-08','19:00:00','21:30:00','Home',10,1,0,49,6,54),(374,'2010-01-14','21:00:00','21:30:00','yuvak mandal office',14,10,0,44,6,85),(375,'2010-01-13','21:00:00','21:30:00','yuvak mandal office',10,10,0,44,6,85),(376,'2010-01-06','20:15:00','21:00:00','Home',16,3,0,50,6,55),(377,'2010-01-12','21:00:00','21:30:00','yuvak mandal office',10,10,0,44,6,85),(378,'2010-01-07','20:00:00','21:00:00','Home',18,2,0,50,6,55),(379,'2010-01-13','20:15:00','21:30:00','Home',15,7,0,47,6,52),(380,'2010-01-08','20:30:00','21:30:00','TEMPLE',9,3,0,50,6,55),(381,'2010-01-12','20:30:00','21:30:00','Home',12,6,0,47,6,52),(382,'2009-12-01','20:00:00','21:00:00','Home',10,5,0,49,6,54),(383,'2009-12-02','20:00:00','21:00:00','Home',12,3,0,49,6,54),(384,'2009-12-10','19:30:00','21:30:00','Home',10,3,0,49,6,54),(385,'2009-12-04','20:00:00','21:00:00','Home',10,4,0,49,6,54),(386,'2009-12-21','19:00:00','21:00:00','Home',8,3,0,49,6,54),(387,'2009-12-03','20:00:00','21:00:00','Home',10,2,0,49,6,54),(388,'2009-12-23','20:00:00','21:30:00','Home',10,4,0,49,6,54),(389,'2009-12-01','20:10:00','20:30:00','Home',13,4,0,45,6,50),(390,'2009-12-25','20:30:00','21:30:00','Home',11,4,0,49,6,54),(391,'2009-12-02','20:00:00','21:00:00','Home',14,0,0,45,6,50),(392,'2009-12-21','20:30:00','21:00:00','Home',14,14,0,43,6,49),(393,'2009-12-03','20:00:00','21:30:00','Home',16,5,0,45,6,50),(395,'2009-12-30','20:00:00','20:30:00','Home',16,2,0,45,6,50),(396,'2009-12-25','20:00:00','21:00:00','Home',16,16,0,43,6,49),(397,'2009-11-28','20:30:00','21:30:00','Home',10,8,0,46,6,51),(398,'2009-12-01','23:00:00','23:30:00','Home',10,3,0,46,6,51),(399,'2009-12-04','20:30:00','21:30:00','Home',10,4,0,46,6,51),(400,'2009-12-24','20:00:00','21:00:00','Home',9,5,0,47,6,52),(401,'2009-12-01','19:00:00','22:00:00','community hall',18,1,0,48,6,53),(402,'2009-11-29','19:00:00','22:00:00','Home',12,10,0,48,6,53),(403,'2009-12-22','20:00:00','21:00:00','Home',17,3,0,47,6,52),(404,'2009-12-25','20:15:00','21:00:00','Home',12,2,0,47,6,52),(405,'2009-11-30','19:00:00','22:00:00','Temple',17,5,0,48,6,53),(406,'2009-12-22','20:00:00','21:00:00','TEMPLE',14,5,0,48,6,53),(407,'2009-11-29','21:00:00','21:30:00','Home',12,11,0,47,6,52),(408,'2009-12-24','20:00:00','20:20:00','Home',22,22,0,45,6,50),(409,'2009-12-23','20:10:00','20:30:00','Home',14,14,0,45,6,50),(410,'2009-12-22','20:00:00','20:20:00','Home',13,13,0,45,6,50),(411,'2009-12-21','19:40:00','20:00:00','Home',18,14,0,45,6,50),(412,'2009-12-20','20:00:00','20:20:00','Home',17,0,0,50,6,55),(413,'2009-12-22','21:10:00','21:30:00','Yuvak mandal office',10,10,0,44,6,85),(414,'2009-12-22','20:30:00','21:00:00','Yuvak mandal office',16,16,0,44,6,85),(415,'2009-12-25','21:00:00','21:30:00','Yuvak mandal office',13,13,0,44,6,85),(416,'2009-12-23','21:00:00','21:30:00','Yuvak mandal office',8,8,0,44,6,85),(417,'2009-12-24','21:00:00','21:30:00','Yuvak mandal office',12,12,0,44,6,85),(418,'2009-11-29','21:00:00','21:30:00','Home',12,11,0,47,6,52),(419,'2009-12-02','20:30:00','21:30:00','Home',14,11,0,47,6,52),(420,'2009-12-03','20:30:00','21:30:00','Home',9,9,0,47,6,52),(421,'2009-12-04','20:15:00','21:00:00','Home',9,9,0,47,6,52),(422,'2009-12-02','20:30:00','21:00:00','Yuvak mandal office',9,9,0,44,6,85),(423,'2009-12-01','21:00:00','21:30:00','Yuvak mandal office',11,11,0,44,6,85),(424,'2009-12-01','20:30:00','21:00:00','Yuvak mandal office',14,14,0,44,6,85),(425,'2009-12-03','20:30:00','21:00:00','Yuvak mandal office',13,13,0,44,6,85),(426,'2009-11-30','20:00:00','21:00:00','Home',12,12,0,43,6,49),(427,'2009-12-01','20:30:00','21:30:00','work shed',14,14,0,43,6,49),(428,'2009-12-02','20:00:00','21:30:00','work shed',15,15,0,43,6,49),(429,'2009-12-04','20:00:00','21:00:00','Home',12,12,0,43,6,49),(430,'2009-10-26','20:20:00','21:00:00','Home',19,1,0,45,6,50),(431,'2009-10-27','20:10:00','21:00:00','Home',14,7,0,45,6,50),(432,'2009-10-28','20:20:00','20:30:00','Home',14,7,1,45,6,50),(433,'2009-10-29','20:20:00','21:00:00','Home',18,7,0,45,6,50),(434,'2009-10-30','20:15:00','20:30:00','Home',17,5,0,45,6,50),(435,'2009-10-25','20:00:00','21:00:00','Home',12,10,NULL,49,NULL,54),(436,'2009-10-26','20:00:00','21:00:00','Home',21,10,NULL,49,NULL,54),(437,'2010-02-27','20:00:00','21:00:00','',12,10,NULL,49,6,54),(438,'2009-10-28','20:00:00','21:00:00','Home',13,11,0,49,6,54),(439,'2009-10-30','20:00:00','21:00:00','Home',11,7,NULL,49,6,54),(440,'2009-10-26','19:00:00','22:00:00','Home',11,0,NULL,48,6,53),(441,'2009-10-25','19:00:00','22:00:00','Home',12,0,0,48,6,53),(442,'2009-10-27','20:00:00','21:00:00','Home',13,NULL,NULL,47,NULL,52),(443,'2009-10-29','20:00:00','21:00:00','Home',14,10,NULL,47,6,52),(444,'2010-01-20','20:00:00','20:30:00','Home',14,2,0,45,6,50),(445,'2010-01-21','20:30:00','21:00:00','Home',19,4,0,45,6,50),(446,'2009-10-24','20:30:00','21:00:00','workshed',17,17,NULL,43,6,49),(447,'2010-01-22','20:00:00','20:40:00','Home',16,3,0,45,6,50),(448,'2010-01-21','21:00:00','21:30:00','yuvak mandal office',6,6,0,44,6,85),(449,'2009-10-23','20:30:00','21:15:00','workshed',12,3,NULL,43,NULL,49),(450,'2010-01-19','21:00:00','21:30:00','yuvak mandal office',10,10,0,44,6,85),(451,'2010-02-21','21:00:00','21:30:00','yuvak mandal office',12,12,0,44,6,85),(452,'2010-01-19','20:30:00','21:00:00','yuvak mandal office',18,18,0,44,6,85),(453,'2009-10-25','20:15:00','21:00:00','workshed',17,NULL,16,43,6,49),(454,'2009-10-20','20:10:00','22:00:00','Home',11,7,0,48,6,53),(455,'2009-12-26','19:30:00','20:00:00','Home',17,7,0,50,6,55),(456,'2009-10-21','20:00:00','22:00:00','Home',14,0,0,48,6,53),(457,'2009-10-28','20:30:00','21:00:00','Home',18,8,NULL,50,6,55),(458,'2009-10-23','20:00:00','22:00:00','Home',15,0,0,48,6,53),(459,'2009-10-19','20:30:00','21:30:00','yuvak mandal office',15,15,0,44,6,85),(460,'2009-10-28','20:30:00','21:00:00','Home',19,11,NULL,50,6,55),(461,'2009-10-20','20:30:00','21:30:00','yuvak mandal office',11,11,0,44,6,85),(462,'2009-10-21','20:30:00','21:30:00','yuvak mandal office',10,10,0,44,6,85),(463,'2009-10-29','20:00:00','20:30:00','Home',17,1,NULL,50,NULL,55),(464,'2009-10-22','20:30:00','21:30:00','yuvak mandal office',12,12,7,44,6,85),(465,'2009-10-23','21:10:00','21:40:00','Home',17,5,NULL,45,6,50),(466,'2009-10-23','20:30:00','21:30:00','yuvak mandal office',15,15,3,44,6,85),(467,'2009-10-20','20:00:00','21:00:00','Home',13,3,NULL,45,6,50),(468,'2009-10-30','20:30:00','21:30:00','yuvak mandal office',15,15,0,44,6,85),(469,'2009-10-29','20:30:00','21:30:00','yuvak mandal office',14,12,0,44,6,85),(470,'2009-10-21','21:10:00','21:30:00','Home',16,7,NULL,45,6,50),(471,'2009-10-28','20:30:00','21:30:00','yuvak mandal office',8,8,0,44,6,85),(472,'2009-10-22','20:20:00','21:00:00','',18,4,NULL,45,NULL,50),(473,'2009-10-28','20:30:00','21:30:00','yuvak mandal office',10,10,1,44,6,85),(474,'2009-10-27','21:00:00','21:30:00','yuvak mandal office',13,13,3,44,6,85),(475,'2009-10-27','20:30:00','21:30:00','yuvak mandal office',16,16,0,44,6,85),(476,'2009-10-17','20:00:00','21:00:00','Home',11,11,NULL,49,NULL,54),(477,'2009-10-20','20:00:00','21:00:00','Home',16,9,0,47,6,52),(478,'2009-10-18','20:00:00','21:00:00','Home',13,13,NULL,49,6,54),(479,'2009-10-21','20:10:00','21:10:00','Home',17,8,0,47,6,52),(480,'2009-10-20','20:00:00','21:00:00','Home',14,13,NULL,49,6,54),(481,'2009-10-21','20:00:00','21:00:00','Home',12,12,NULL,49,6,54),(482,'2009-10-11','20:30:00','21:10:00','Home',17,10,0,47,6,52),(483,'2009-10-12','20:00:00','21:00:00','Home',14,9,0,47,6,52),(484,'2009-10-22','20:00:00','21:00:00','Home',13,13,NULL,49,NULL,54),(485,'2009-10-17','20:00:00','21:00:00','Home',11,11,NULL,49,6,54),(486,'2009-10-14','20:30:00','21:10:00','Home',14,10,0,47,6,52),(487,'2009-10-24','20:00:00','21:00:00','Home',13,0,0,49,NULL,54),(488,'2009-10-15','20:00:00','21:00:00','Home',12,2,0,47,6,52),(489,'2009-10-17','20:30:00','21:00:00','Home',23,12,NULL,50,6,55),(490,'2009-10-16','20:00:00','21:00:00','Home',11,11,0,47,6,52),(491,'2009-10-14','19:00:00','22:00:00','Home',12,4,4,48,6,53),(492,'2009-10-12','19:00:00','22:00:00','temple',12,0,5,48,6,53),(493,'2009-10-15','20:00:00','22:00:00','Petty shop',14,0,0,48,6,53),(494,'2009-10-11','19:00:00','22:00:00','temple',27,0,4,48,6,53),(495,'2010-02-05','20:15:00','21:00:00','Home',12,8,0,47,6,52),(496,'2010-02-06','20:30:00','21:45:00','Home',17,7,0,47,6,52),(497,'2009-10-20','20:00:00','20:30:00','home',18,8,NULL,50,NULL,55),(498,'2010-02-09','20:30:00','21:45:00','Home',15,1,0,47,6,52),(499,'2009-10-20','19:00:00','19:30:00','home',14,6,NULL,50,6,55),(500,'2010-02-10','20:00:00','21:30:00','Home',19,6,0,47,6,52),(501,'2009-09-21','20:00:00','20:30:00','home',20,6,NULL,50,6,55),(502,'2009-10-21','19:00:00','19:30:00','home',19,6,NULL,50,6,55),(503,'2010-02-12','20:00:00','21:00:00','Home',8,0,0,47,6,52),(504,'2009-10-22','20:00:00','20:30:00','home',17,2,NULL,50,6,55),(505,'2010-02-12','20:30:00','21:30:00','Home',11,1,0,47,6,52),(506,'2009-10-17','20:30:00','21:00:00','home',14,NULL,NULL,43,6,49),(507,'2009-10-19','21:00:00','19:45:00','home',12,4,NULL,43,6,49),(508,'2009-10-20','20:30:00','21:10:00','workshed',18,NULL,NULL,43,NULL,49),(509,'2010-02-06','20:00:00','20:30:00','Home',14,9,0,43,6,49),(510,'2010-02-08','20:15:00','21:00:00','work shed',12,8,0,43,6,49),(511,'2009-10-21','20:45:00','21:30:00','workshed',16,NULL,NULL,43,6,49),(512,'2009-10-23','20:45:00','21:10:00','workshed',18,NULL,NULL,43,NULL,49),(513,'2010-02-09','20:00:00','21:00:00','work shed',11,5,0,43,6,49),(514,'2009-10-16','21:00:00','21:45:00','workshed',12,12,NULL,43,NULL,49),(515,'2010-02-10','20:15:00','21:00:00','work shed',14,4,0,43,6,49),(516,'2009-10-13','20:40:00','21:10:00','workshed',15,14,NULL,43,6,49),(517,'2009-10-14','20:30:00','21:00:00','workshed',15,15,NULL,43,NULL,49),(518,'2009-10-11','20:30:00','21:15:00','workshed',17,11,NULL,47,6,52),(519,'2009-10-10','20:00:00','21:00:00','home',14,9,NULL,47,6,52),(520,'2009-10-14','20:30:00','21:15:00','home',14,10,NULL,47,6,52),(521,'2009-10-15','20:00:00','21:00:00','home',12,2,NULL,47,NULL,52),(522,'2009-10-16','20:00:00','21:00:00','home',11,11,NULL,47,NULL,52),(523,'2009-10-13','20:00:00','21:30:00','home',22,5,NULL,50,6,55),(524,'2009-10-14','19:00:00','22:00:00','temple',12,4,4,48,6,53),(525,'2009-10-12','19:00:00','22:00:00','temple',11,0,5,48,6,53),(526,'2009-10-15','19:00:00','22:00:00','shop',14,1,NULL,48,NULL,53),(527,'2009-10-11','19:00:00','22:00:00','temple',27,NULL,5,48,6,53),(528,'2009-10-13','19:00:00','22:00:00','shop',16,NULL,NULL,48,6,53),(529,'2009-10-11','20:00:00','21:00:00','home',19,19,NULL,49,6,54),(530,'2010-02-02','20:30:00','21:00:00','yuvak mandal sangh',17,16,0,44,6,85),(531,'2010-02-02','21:00:00','21:30:00','yuvak mandal sangh',12,9,0,44,6,85),(532,'2010-02-03','21:00:00','21:30:00','yuvak mandal sangh',9,9,0,44,6,85),(533,'2010-02-04','21:00:00','21:30:00','yuvak mandal sangh',12,12,0,44,6,85),(534,'2010-02-08','21:00:00','21:40:00','home',15,1,0,45,6,50),(535,'2010-02-09','20:30:00','21:00:00','home',13,2,0,45,6,50),(536,'2010-02-10','21:00:00','21:40:00','Home',14,4,0,45,6,50),(537,'2010-02-11','20:10:00','21:00:00','Home',19,8,0,45,6,50),(538,'2010-02-12','20:10:00','21:30:00','Home',16,3,0,45,6,50),(539,'2009-10-12','20:00:00','21:00:00','home',15,15,NULL,49,6,54),(540,'2009-10-13','20:00:00','21:00:00','home',12,8,NULL,49,6,54),(541,'2009-10-14','20:00:00','21:00:00','home',13,9,NULL,49,6,54),(542,'2009-10-15','20:00:00','21:00:00','home',12,12,NULL,49,6,54),(543,'2009-10-16','20:00:00','21:00:00','home',15,13,NULL,49,NULL,54),(544,'2009-10-11','20:00:00','21:00:00','Yuvak mandal office',15,15,NULL,44,6,85),(545,'2009-10-12','20:00:00','21:00:00','Yuvak mandal office',25,25,5,44,6,85),(546,'2009-10-13','20:00:00','21:00:00','Yuvak mandal office',12,12,NULL,44,NULL,85),(547,'2009-10-14','20:00:00','21:00:00','Yuvak mandal office',11,11,NULL,44,6,85),(548,'2009-10-15','20:00:00','21:00:00','Yuvak mandal office',13,13,NULL,44,6,85),(549,'2010-02-12','19:00:00','22:00:00','home',12,2,NULL,48,6,53),(550,'2010-02-08','20:00:00','21:00:00','home',9,5,NULL,50,NULL,55),(551,'2010-02-09','20:00:00','21:00:00','home',9,4,NULL,50,6,55),(552,'2010-02-06','20:00:00','20:30:00','home',14,9,NULL,43,6,49),(553,'2010-02-08','20:15:00','21:00:00','workshed',12,8,NULL,43,NULL,49),(554,'2010-02-09','20:00:00','21:00:00','workshed',11,5,NULL,43,6,49);
/*!40000 ALTER TABLE `SCREENING` ENABLE KEYS */;
UNLOCK TABLES;

--
-- Table structure for table `SCREENING_farmer_groups_targeted`
--

DROP TABLE IF EXISTS `SCREENING_farmer_groups_targeted`;
SET @saved_cs_client     = @@character_set_client;
SET character_set_client = utf8;
CREATE TABLE `SCREENING_farmer_groups_targeted` (
  `id` int(11) NOT NULL auto_increment,
  `screening_id` int(11) NOT NULL,
  `persongroups_id` int(11) NOT NULL,
  PRIMARY KEY  (`id`),
  UNIQUE KEY `screening_id` (`screening_id`,`persongroups_id`),
  KEY `persongroups_id_refs_id_512348e` (`persongroups_id`)
) ENGINE=MyISAM AUTO_INCREMENT=637 DEFAULT CHARSET=latin1;
SET character_set_client = @saved_cs_client;

--
-- Dumping data for table `SCREENING_farmer_groups_targeted`
--

LOCK TABLES `SCREENING_farmer_groups_targeted` WRITE;
/*!40000 ALTER TABLE `SCREENING_farmer_groups_targeted` DISABLE KEYS */;
INSERT INTO `SCREENING_farmer_groups_targeted` VALUES (27,26,77),(26,25,81),(34,31,131),(33,30,132),(25,24,81),(32,29,130),(31,28,131),(30,27,77),(35,32,132),(36,33,132),(37,34,131),(38,35,130),(39,36,132),(40,37,130),(41,38,131),(42,39,132),(43,40,126),(44,41,129),(45,42,175),(46,43,128),(47,44,124),(48,45,126),(49,46,127),(50,47,129),(51,48,175),(52,49,124),(53,50,124),(54,51,0),(566,53,94),(512,54,91),(612,55,95),(613,56,93),(614,57,96),(615,58,110),(616,59,108),(617,60,168),(520,61,167),(525,62,112),(618,63,222),(528,64,98),(529,65,99),(531,66,97),(533,67,153),(534,68,100),(537,69,114),(541,70,115),(544,71,113),(549,72,156),(552,73,156),(558,74,156),(561,75,159),(564,76,101),(595,77,101),(597,78,101),(599,79,101),(603,81,108),(607,82,110),(608,83,168),(609,84,167),(610,85,91),(611,86,169),(576,87,90),(575,88,90),(574,89,170),(573,90,105),(572,91,155),(570,92,114),(102,93,113),(569,94,117),(568,95,115),(105,96,99),(106,97,112),(107,98,188),(108,99,184),(109,100,186),(110,100,185),(111,101,179),(112,102,177),(113,103,183),(114,104,180),(126,113,81),(116,106,77),(117,107,77),(118,108,77),(119,109,183),(120,110,179),(128,114,197),(127,114,193),(129,115,194),(130,116,150),(131,117,149),(132,117,151),(133,118,194),(134,119,195),(135,120,192),(136,120,195),(137,121,193),(138,122,196),(143,127,124),(144,128,129),(145,129,127),(146,130,126),(147,131,124),(148,132,128),(149,133,126),(150,134,119),(151,135,134),(152,136,122),(153,137,121),(154,138,198),(155,139,120),(158,140,119),(159,141,119),(160,142,118),(161,143,118),(162,144,141),(163,145,140),(164,146,143),(165,147,142),(166,148,139),(167,149,143),(168,150,101),(170,151,101),(171,152,106),(172,153,105),(173,154,105),(174,155,107),(175,156,102),(177,157,199),(178,158,104),(180,159,95),(181,160,200),(182,161,96),(183,162,94),(184,163,114),(185,164,201),(186,165,115),(187,166,116),(188,167,89),(189,168,169),(190,169,202),(191,170,166),(192,171,112),(193,172,110),(194,173,111),(195,174,109),(196,175,108),(197,176,203),(198,177,99),(199,178,101),(200,179,100),(201,180,98),(202,181,162),(203,182,100),(204,183,162),(205,184,97),(206,185,167),(207,186,99),(208,187,111),(209,188,98),(210,189,166),(211,190,204),(212,191,96),(213,192,94),(214,193,205),(215,194,93),(216,195,206),(217,196,115),(218,197,207),(219,198,116),(220,199,208),(221,200,156),(222,201,209),(223,202,114),(224,203,156),(225,204,102),(226,205,170),(227,206,91),(228,207,210),(229,208,153),(230,209,166),(231,210,203),(232,211,110),(233,212,98),(234,213,108),(235,214,99),(236,215,95),(237,216,97),(238,217,93),(239,218,207),(240,219,96),(241,220,211),(242,221,94),(243,222,204),(244,223,116),(245,224,212),(246,225,213),(247,226,214),(248,227,214),(249,228,208),(250,229,209),(251,230,107),(252,231,114),(253,232,113),(254,233,155),(255,234,102),(256,235,199),(257,236,103),(258,237,109),(259,238,97),(260,239,92),(261,240,93),(262,241,95),(263,242,116),(264,243,209),(265,244,114),(266,245,215),(267,246,113),(268,247,115),(269,248,172),(270,249,173),(271,250,90),(272,251,99),(273,252,98),(274,253,216),(275,254,207),(276,255,217),(277,256,110),(278,257,204),(279,258,218),(280,259,165),(281,260,105),(282,261,106),(283,262,112),(284,263,219),(285,264,111),(286,265,109),(287,266,167),(288,267,94),(289,268,168),(290,269,95),(291,270,91),(292,271,93),(293,272,96),(294,273,94),(295,274,90),(296,275,92),(298,276,96),(299,277,171),(300,278,95),(301,279,90),(304,280,94),(303,281,170),(305,282,100),(306,283,93),(307,284,97),(308,285,104),(309,286,99),(310,287,98),(311,288,105),(312,289,160),(313,290,153),(314,291,155),(315,292,106),(316,293,107),(317,294,154),(318,295,156),(319,296,218),(320,297,213),(321,298,155),(322,299,204),(323,300,205),(324,301,218),(325,302,207),(326,303,220),(327,304,221),(328,305,153),(329,306,104),(330,307,97),(331,308,199),(332,309,164),(333,310,99),(334,311,98),(336,312,104),(337,313,112),(338,314,112),(339,315,108),(340,316,108),(341,317,110),(342,318,110),(343,319,168),(344,320,168),(345,321,167),(346,322,95),(347,323,93),(348,324,96),(349,325,94),(350,326,89),(351,327,90),(352,328,91),(353,329,169),(354,330,90),(355,331,98),(356,332,114),(357,333,99),(358,334,113),(359,335,97),(360,336,115),(361,337,153),(362,338,218),(363,339,100),(364,340,205),(365,341,156),(368,342,217),(367,343,155),(369,344,157),(370,345,204),(371,346,98),(372,347,107),(373,348,99),(376,349,207),(375,350,97),(377,351,153),(378,352,100),(379,353,101),(380,354,112),(381,355,217),(382,356,108),(383,357,102),(384,358,110),(385,359,168),(386,360,163),(387,361,167),(388,362,103),(389,363,158),(390,364,112),(391,365,159),(392,366,112),(393,367,154),(394,368,108),(395,369,105),(396,370,110),(397,371,95),(398,372,168),(399,373,167),(400,374,94),(401,375,96),(402,376,115),(403,377,93),(404,378,209),(405,379,163),(406,380,222),(407,381,162),(408,382,165),(409,383,111),(410,384,165),(411,385,168),(412,386,111),(413,387,167),(414,388,166),(415,389,99),(416,390,109),(417,391,97),(418,392,89),(419,393,100),(421,394,173),(422,395,98),(423,396,169),(424,397,207),(425,398,204),(426,399,217),(427,400,164),(428,401,161),(429,402,106),(430,403,199),(431,404,102),(432,405,156),(433,406,107),(434,407,104),(435,408,153),(436,409,97),(437,410,99),(438,411,98),(439,412,114),(440,413,93),(441,414,95),(442,415,92),(443,416,96),(444,417,94),(445,418,104),(446,419,199),(447,420,164),(448,421,102),(449,422,96),(450,423,93),(451,424,95),(452,425,94),(453,426,172),(454,427,169),(455,428,90),(456,429,171),(457,430,98),(458,431,99),(459,432,97),(460,433,153),(461,434,100),(462,435,167),(463,436,110),(464,437,109),(465,438,165),(466,439,112),(467,440,219),(468,441,159),(469,442,162),(470,443,164),(471,444,97),(472,445,153),(473,446,169),(474,447,100),(475,448,96),(476,449,91),(477,450,93),(478,451,94),(479,452,95),(480,453,90),(481,454,106),(482,455,114),(483,456,159),(484,457,113),(485,458,155),(486,459,95),(487,460,209),(488,461,93),(489,462,96),(490,463,116),(491,464,94),(492,465,100),(493,466,92),(494,467,99),(495,468,92),(496,469,94),(497,470,97),(498,471,223),(499,472,153),(500,473,96),(501,474,93),(502,475,95),(503,476,108),(504,477,224),(505,478,109),(506,479,163),(507,480,110),(508,481,112),(509,482,199),(511,483,224),(513,484,166),(516,485,111),(517,486,163),(519,487,167),(522,488,164),(523,489,116),(524,490,102),(526,491,105),(527,492,107),(530,493,155),(532,494,208),(535,495,102),(536,496,199),(538,497,113),(565,52,90),(540,498,162),(542,499,201),(543,500,163),(545,501,115),(546,502,209),(547,503,164),(548,504,116),(550,505,102),(551,506,89),(553,507,91),(554,508,169),(555,509,173),(556,510,91),(557,511,90),(559,512,170),(560,513,169),(562,514,173),(563,515,90),(580,516,169),(581,517,90),(582,518,199),(583,519,224),(584,520,163),(585,521,164),(586,522,102),(587,523,116),(588,524,105),(589,525,107),(590,526,155),(591,527,208),(592,528,157),(593,529,110),(594,530,95),(596,531,93),(598,532,96),(600,533,94),(601,534,98),(602,535,99),(604,536,97),(605,537,153),(606,538,100),(619,539,109),(620,540,167),(621,541,165),(622,542,112),(623,543,168),(624,544,92),(625,545,95),(626,546,93),(627,547,96),(628,548,94),(629,549,156),(630,550,114),(631,551,115),(632,552,173),(633,553,91),(634,554,169);
/*!40000 ALTER TABLE `SCREENING_farmer_groups_targeted` ENABLE KEYS */;
UNLOCK TABLES;

--
-- Table structure for table `SCREENING_videoes_screened`
--

DROP TABLE IF EXISTS `SCREENING_videoes_screened`;
SET @saved_cs_client     = @@character_set_client;
SET character_set_client = utf8;
CREATE TABLE `SCREENING_videoes_screened` (
  `id` int(11) NOT NULL auto_increment,
  `screening_id` int(11) NOT NULL,
  `video_id` int(11) NOT NULL,
  PRIMARY KEY  (`id`),
  UNIQUE KEY `screening_id` (`screening_id`,`video_id`),
  KEY `video_id_refs_id_123d9047` (`video_id`)
) ENGINE=MyISAM AUTO_INCREMENT=781 DEFAULT CHARSET=latin1;
SET character_set_client = @saved_cs_client;

--
-- Dumping data for table `SCREENING_videoes_screened`
--

LOCK TABLES `SCREENING_videoes_screened` WRITE;
/*!40000 ALTER TABLE `SCREENING_videoes_screened` DISABLE KEYS */;
INSERT INTO `SCREENING_videoes_screened` VALUES (31,27,19),(30,27,18),(29,26,17),(28,25,17),(27,24,19),(34,30,37),(33,29,37),(32,28,37),(35,31,39),(36,32,37),(37,33,16),(38,34,37),(39,35,26),(40,36,39),(41,37,48),(42,38,48),(43,39,48),(44,40,26),(45,41,26),(46,42,30),(47,43,26),(48,44,16),(49,45,16),(50,46,26),(51,47,16),(52,48,16),(53,49,26),(54,50,26),(674,52,72),(676,53,62),(599,54,72),(741,55,16),(743,56,62),(744,57,72),(746,58,72),(750,60,65),(612,61,59),(620,62,68),(626,64,56),(627,65,72),(630,66,69),(633,67,71),(634,68,62),(638,69,70),(641,70,71),(644,71,16),(651,72,16),(655,73,72),(663,74,72),(667,75,72),(672,76,62),(716,77,62),(719,78,62),(722,79,62),(487,394,59),(726,81,99),(731,82,67),(733,83,65),(735,84,59),(738,85,62),(739,86,54),(688,87,62),(687,88,62),(686,89,62),(685,90,72),(683,91,72),(681,92,62),(96,93,16),(680,94,72),(679,95,70),(99,96,60),(100,97,65),(101,97,67),(102,98,17),(103,98,20),(104,99,95),(105,100,95),(106,101,17),(107,101,76),(108,102,17),(109,102,76),(110,103,17),(111,103,76),(112,104,17),(113,104,76),(130,113,76),(129,113,16),(116,106,20),(117,107,16),(118,108,76),(119,109,77),(120,109,78),(121,110,77),(122,110,78),(134,116,76),(133,116,17),(131,114,96),(132,115,86),(135,117,17),(136,117,76),(137,118,87),(138,119,89),(139,120,89),(140,121,89),(141,122,87),(146,127,26),(147,128,32),(148,129,32),(149,130,32),(150,131,30),(151,132,32),(152,133,23),(153,134,16),(154,135,16),(155,136,44),(156,137,44),(157,138,30),(158,139,22),(161,140,88),(162,141,16),(163,142,16),(164,143,17),(165,144,58),(166,145,58),(167,146,26),(168,147,34),(169,148,26),(170,149,44),(171,150,56),(173,151,56),(174,152,67),(175,152,68),(176,153,56),(177,153,67),(178,154,56),(179,154,67),(180,155,67),(181,155,68),(182,156,52),(184,157,52),(185,158,52),(187,159,56),(188,160,56),(189,161,57),(190,162,57),(191,163,56),(192,164,56),(193,165,53),(194,166,65),(195,167,68),(196,168,52),(197,169,56),(198,170,56),(199,170,52),(200,171,56),(201,171,52),(202,172,56),(203,172,52),(204,173,56),(205,173,52),(206,174,56),(207,174,52),(208,175,56),(209,175,52),(210,176,67),(211,176,68),(212,177,51),(213,177,54),(214,178,56),(215,179,54),(216,180,51),(217,181,51),(218,182,68),(219,183,53),(220,184,68),(221,185,56),(222,185,52),(223,186,57),(224,187,56),(225,187,54),(226,188,57),(227,189,56),(228,189,52),(229,190,68),(230,191,52),(231,192,52),(232,193,56),(233,194,57),(234,195,56),(235,196,75),(236,197,56),(237,198,65),(238,199,56),(239,199,54),(240,200,56),(241,200,54),(242,201,75),(243,202,75),(244,203,56),(245,203,52),(246,204,51),(247,205,67),(248,206,56),(249,207,67),(250,208,54),(251,209,56),(252,209,54),(253,209,55),(254,210,54),(255,211,52),(256,212,56),(257,213,56),(258,213,54),(259,214,54),(260,215,53),(261,216,51),(262,217,67),(263,218,68),(264,219,68),(265,220,57),(266,221,53),(267,222,57),(268,223,56),(269,224,54),(270,225,57),(271,226,54),(272,227,54),(273,228,56),(274,228,51),(275,229,51),(276,230,56),(277,230,54),(278,231,53),(279,232,52),(280,233,67),(281,233,68),(282,234,51),(283,235,51),(284,236,56),(285,237,56),(286,237,54),(287,238,54),(288,239,56),(289,240,52),(290,241,57),(291,242,52),(292,243,55),(293,244,52),(294,245,75),(295,246,75),(296,247,55),(297,248,67),(298,249,67),(299,250,54),(300,251,52),(301,252,54),(302,253,54),(303,254,57),(304,255,57),(305,256,56),(306,256,52),(307,256,54),(308,257,57),(309,258,57),(310,259,56),(311,259,52),(312,259,54),(313,260,67),(314,260,68),(315,261,67),(316,261,68),(317,262,56),(318,262,52),(319,262,54),(320,263,56),(321,263,51),(322,264,56),(323,264,54),(324,265,56),(325,265,52),(326,266,56),(327,266,52),(328,266,54),(329,267,53),(330,268,56),(331,268,54),(332,268,55),(333,269,71),(334,270,58),(335,271,71),(336,272,71),(337,273,58),(338,274,68),(339,275,71),(341,276,51),(342,277,56),(343,278,51),(344,279,60),(348,280,72),(346,281,58),(347,281,51),(349,282,51),(350,282,67),(351,283,51),(352,284,68),(353,285,68),(354,286,75),(355,287,51),(356,288,60),(357,288,71),(358,289,71),(359,290,51),(360,290,54),(361,291,71),(362,292,72),(363,293,72),(364,294,71),(365,295,72),(366,296,72),(367,297,72),(368,298,72),(369,299,72),(370,300,72),(371,301,72),(372,302,72),(373,303,72),(374,304,72),(375,305,58),(376,305,67),(377,306,59),(378,307,59),(379,308,59),(380,309,53),(381,310,97),(382,310,55),(383,311,59),(385,312,60),(386,313,60),(387,314,71),(388,315,60),(389,316,52),(390,317,71),(391,318,54),(392,319,71),(393,320,54),(394,321,56),(395,322,65),(396,323,62),(397,324,62),(398,325,62),(399,326,62),(400,327,72),(401,328,60),(402,328,62),(403,329,72),(404,329,71),(405,330,67),(406,330,62),(407,331,71),(408,332,72),(409,333,72),(410,334,72),(411,335,71),(412,336,62),(413,337,72),(414,338,72),(415,338,62),(416,339,59),(417,340,72),(418,340,62),(419,341,58),(420,341,60),(424,342,72),(422,343,58),(423,343,71),(425,344,71),(426,345,72),(427,345,62),(428,346,62),(429,347,71),(430,348,106),(433,349,72),(432,350,106),(434,351,68),(435,352,52),(436,353,72),(437,354,72),(438,355,72),(439,356,59),(440,357,68),(441,358,57),(442,359,65),(443,360,69),(444,361,62),(445,362,68),(446,363,60),(447,364,75),(448,365,68),(449,365,71),(450,366,62),(451,367,71),(452,368,75),(453,369,68),(454,369,71),(455,370,72),(456,371,71),(457,372,75),(458,373,60),(459,373,71),(460,374,71),(461,375,62),(462,376,72),(463,377,62),(464,378,72),(465,379,106),(466,380,72),(467,381,58),(468,382,52),(469,382,54),(470,383,52),(471,383,54),(472,384,52),(473,384,54),(474,385,52),(475,385,54),(476,386,68),(477,387,56),(478,387,54),(479,388,60),(480,388,71),(481,389,68),(482,390,51),(483,391,57),(484,392,68),(485,393,59),(488,395,59),(489,396,68),(490,397,68),(491,398,57),(492,399,57),(493,400,68),(494,401,67),(495,401,68),(496,402,67),(497,402,68),(498,403,59),(499,404,59),(500,405,56),(501,405,54),(502,406,71),(503,407,55),(504,408,106),(505,409,70),(506,409,71),(507,410,70),(508,411,52),(509,411,54),(510,412,71),(511,413,72),(512,414,72),(513,415,56),(514,416,72),(515,417,72),(516,418,55),(517,419,55),(518,420,55),(519,421,55),(520,422,67),(521,423,52),(522,424,52),(523,425,52),(524,426,56),(525,427,68),(526,428,67),(527,429,52),(528,430,52),(529,431,67),(530,432,51),(531,433,56),(532,434,51),(533,435,56),(534,435,52),(535,436,56),(536,436,52),(537,437,56),(538,437,52),(539,438,56),(540,438,52),(541,439,56),(542,439,52),(543,440,67),(544,440,68),(545,441,67),(546,441,68),(547,442,52),(548,443,52),(549,444,60),(550,445,56),(551,446,68),(552,447,62),(553,448,72),(554,449,53),(555,449,54),(556,450,72),(557,451,51),(558,452,72),(559,453,68),(560,454,51),(561,455,51),(562,455,54),(563,456,56),(564,456,51),(565,457,51),(566,458,56),(567,458,68),(568,459,67),(569,459,68),(570,460,52),(571,461,57),(572,462,52),(573,463,52),(574,464,55),(575,465,68),(576,466,52),(577,467,56),(578,468,52),(579,469,52),(580,470,67),(581,471,52),(582,472,68),(583,473,52),(584,474,52),(585,475,53),(586,476,56),(587,476,52),(588,477,52),(589,478,56),(590,478,52),(591,479,52),(592,480,56),(593,480,52),(594,481,56),(595,481,52),(596,482,52),(598,483,54),(600,54,75),(601,484,56),(602,484,52),(605,485,56),(606,485,52),(607,486,54),(751,60,51),(610,487,56),(611,487,52),(613,61,60),(619,62,52),(616,488,52),(617,489,52),(618,490,52),(621,491,56),(622,491,67),(623,491,68),(624,492,56),(625,492,54),(628,493,56),(629,493,51),(631,494,56),(632,494,54),(635,495,58),(636,496,67),(637,496,68),(639,497,51),(640,498,70),(642,499,54),(643,500,70),(645,71,60),(646,501,54),(647,502,65),(648,502,66),(649,503,70),(650,504,54),(652,72,72),(653,505,70),(654,506,52),(656,507,57),(657,508,52),(658,509,58),(659,510,106),(660,510,54),(661,511,67),(662,511,68),(664,512,54),(665,513,58),(666,513,67),(668,514,57),(669,514,67),(670,515,58),(671,515,68),(673,76,70),(675,52,75),(684,91,60),(737,85,60),(694,516,52),(695,517,57),(696,518,56),(697,519,54),(698,520,54),(699,521,52),(700,522,52),(701,523,54),(702,524,56),(703,524,67),(704,524,68),(705,525,56),(706,525,54),(707,526,56),(708,526,51),(709,527,56),(710,527,54),(711,528,56),(712,528,54),(713,529,54),(714,529,55),(715,530,62),(717,77,70),(718,531,62),(720,532,62),(721,532,70),(723,533,60),(724,534,62),(725,535,72),(727,81,60),(728,536,54),(729,537,62),(730,538,62),(732,82,68),(734,83,71),(736,84,52),(740,86,62),(742,55,62),(745,57,62),(747,58,62),(748,59,65),(749,59,51),(752,63,56),(753,63,54),(754,539,54),(755,539,55),(756,540,54),(757,540,55),(758,541,54),(759,541,55),(760,542,54),(761,542,55),(762,543,54),(763,543,55),(764,544,57),(765,545,56),(766,546,56),(767,547,67),(768,548,56),(769,549,60),(770,550,69),(771,551,52),(772,552,72),(773,552,58),(774,553,58),(775,553,54),(776,554,58),(777,554,67);
/*!40000 ALTER TABLE `SCREENING_videoes_screened` ENABLE KEYS */;
UNLOCK TABLES;

--
-- Table structure for table `STATE`
--

DROP TABLE IF EXISTS `STATE`;
SET @saved_cs_client     = @@character_set_client;
SET character_set_client = utf8;
CREATE TABLE `STATE` (
  `id` int(11) NOT NULL auto_increment,
  `STATE_NAME` varchar(100) NOT NULL,
  `region_id` int(11) NOT NULL,
  `START_DATE` date default NULL,
  PRIMARY KEY  (`id`),
  KEY `STATE_region_id` (`region_id`)
) ENGINE=MyISAM AUTO_INCREMENT=11 DEFAULT CHARSET=latin1;
SET character_set_client = @saved_cs_client;

--
-- Dumping data for table `STATE`
--

LOCK TABLES `STATE` WRITE;
/*!40000 ALTER TABLE `STATE` DISABLE KEYS */;
INSERT INTO `STATE` VALUES (1,'Madhya Pradesh',1,NULL),(2,'Jharkhand',2,NULL),(3,'Orissa',2,NULL),(4,'West Bengal',2,NULL),(5,'Karnataka',3,NULL);
/*!40000 ALTER TABLE `STATE` ENABLE KEYS */;
UNLOCK TABLES;

--
-- Table structure for table `TRAINING`
--

DROP TABLE IF EXISTS `TRAINING`;
SET @saved_cs_client     = @@character_set_client;
SET character_set_client = utf8;
CREATE TABLE `TRAINING` (
  `id` int(11) NOT NULL auto_increment,
  `TRAINING_PURPOSE` longtext NOT NULL,
  `TRAINING_OUTCOME` longtext NOT NULL,
  `TRAINING_START_DATE` date default NULL,
  `TRAINING_END_DATE` date default NULL,
  `village_id` int(11) NOT NULL,
  `dm_id` int(11) NOT NULL,
  `fieldofficer_id` int(11) NOT NULL,
  PRIMARY KEY  (`id`),
  KEY `TRAINING_village_id` (`village_id`),
  KEY `TRAINING_dm_id` (`dm_id`),
  KEY `TRAINING_fieldofficer_id` (`fieldofficer_id`)
) ENGINE=MyISAM AUTO_INCREMENT=3 DEFAULT CHARSET=latin1;
SET character_set_client = @saved_cs_client;

--
-- Dumping data for table `TRAINING`
--

LOCK TABLES `TRAINING` WRITE;
/*!40000 ALTER TABLE `TRAINING` DISABLE KEYS */;
/*!40000 ALTER TABLE `TRAINING` ENABLE KEYS */;
UNLOCK TABLES;

--
-- Table structure for table `TRAINING_animators_trained`
--

DROP TABLE IF EXISTS `TRAINING_animators_trained`;
SET @saved_cs_client     = @@character_set_client;
SET character_set_client = utf8;
CREATE TABLE `TRAINING_animators_trained` (
  `id` int(11) NOT NULL auto_increment,
  `training_id` int(11) NOT NULL,
  `animator_id` int(11) NOT NULL,
  PRIMARY KEY  (`id`),
  UNIQUE KEY `training_id` (`training_id`,`animator_id`),
  KEY `animator_id_refs_id_630d4e47` (`animator_id`)
) ENGINE=MyISAM AUTO_INCREMENT=4 DEFAULT CHARSET=latin1;
SET character_set_client = @saved_cs_client;

--
-- Dumping data for table `TRAINING_animators_trained`
--

LOCK TABLES `TRAINING_animators_trained` WRITE;
/*!40000 ALTER TABLE `TRAINING_animators_trained` DISABLE KEYS */;
/*!40000 ALTER TABLE `TRAINING_animators_trained` ENABLE KEYS */;
UNLOCK TABLES;

--
-- Table structure for table `VIDEO`
--

DROP TABLE IF EXISTS `VIDEO`;
SET @saved_cs_client     = @@character_set_client;
SET character_set_client = utf8;
CREATE TABLE `VIDEO` (
  `id` int(11) NOT NULL auto_increment,
  `TITLE` varchar(200) NOT NULL,
  `VIDEO_TYPE` int(11) NOT NULL,
  `DURATION` time default NULL,
  `language_id` int(11) NOT NULL,
  `SUMMARY` longtext NOT NULL,
  `PICTURE_QUALITY` varchar(200) NOT NULL,
  `AUDIO_QUALITY` varchar(200) NOT NULL,
  `EDITING_QUALITY` varchar(200) NOT NULL,
  `EDIT_START_DATE` date default NULL,
  `EDIT_FINISH_DATE` date default NULL,
  `THEMATIC_QUALITY` varchar(200) NOT NULL,
  `VIDEO_PRODUCTION_START_DATE` date NOT NULL,
  `VIDEO_PRODUCTION_END_DATE` date NOT NULL,
  `STORYBASE` int(11) NOT NULL,
  `STORYBOARD_FILENAME` varchar(100) NOT NULL,
  `RAW_FILENAME` varchar(100) NOT NULL,
  `MOVIE_MAKER_PROJECT_FILENAME` varchar(100) NOT NULL,
  `FINAL_EDITED_FILENAME` varchar(100) NOT NULL,
  `village_id` int(11) NOT NULL,
  `facilitator_id` int(11) NOT NULL,
  `cameraoperator_id` int(11) NOT NULL,
  `reviewer_id` int(11) default NULL,
  `APPROVAL_DATE` date default NULL,
  `supplementary_video_produced_id` int(11) default NULL,
  `VIDEO_SUITABLE_FOR` int(11) NOT NULL,
  `REMARKS` longtext NOT NULL,
  `ACTORS` varchar(1) NOT NULL,
  `last_modified` datetime NOT NULL,
  PRIMARY KEY  (`id`),
  KEY `VIDEO_language_id` (`language_id`),
  KEY `VIDEO_village_id` (`village_id`),
  KEY `VIDEO_facilitator_id` (`facilitator_id`),
  KEY `VIDEO_cameraoperator_id` (`cameraoperator_id`),
  KEY `VIDEO_reviewer_id` (`reviewer_id`),
  KEY `VIDEO_supplementary_video_produced_id` (`supplementary_video_produced_id`)
) ENGINE=MyISAM AUTO_INCREMENT=120 DEFAULT CHARSET=latin1;
SET character_set_client = @saved_cs_client;

--
-- Dumping data for table `VIDEO`
--

LOCK TABLES `VIDEO` WRITE;
/*!40000 ALTER TABLE `VIDEO` DISABLE KEYS */;
INSERT INTO `VIDEO` VALUES (17,'Potato sowing',1,NULL,4,'','','','',NULL,NULL,'','2009-10-28','2009-11-16',1,'','','','',25,34,34,NULL,NULL,NULL,1,'','I','2009-12-16 00:22:32'),(16,'Green-Pea Sowing',1,NULL,4,'','','','',NULL,NULL,'','2009-11-17','2009-11-17',1,'','','','',30,41,34,NULL,NULL,NULL,1,'','I','2009-12-15 23:58:46'),(15,'cabbage intercultural',1,NULL,3,'','','','',NULL,NULL,'','2009-11-19','2009-12-19',1,'','','','',26,34,34,NULL,NULL,NULL,1,'','I','2009-12-15 22:53:49'),(22,'7 days duck feed and treatment',1,NULL,125,'','','','',NULL,NULL,'','2009-09-01','2009-09-01',1,'','','','',62,59,63,NULL,NULL,NULL,1,'','I','2010-01-31 22:30:17'),(14,'Potato intercultural',1,NULL,3,'','','','',NULL,NULL,'','2009-11-19','2009-11-19',1,'','','','',26,34,34,NULL,NULL,NULL,1,'','I','2009-12-12 08:47:19'),(18,'cabbage nursery',1,NULL,3,'','','','',NULL,NULL,'','2009-10-10','2009-10-23',1,'','','','',25,34,34,NULL,NULL,NULL,1,'','I','2009-12-17 07:25:44'),(19,'cauliflower nursery',1,NULL,3,'','','','',NULL,NULL,'','2009-10-01','2009-10-23',1,'','','','',25,34,34,NULL,NULL,NULL,1,'','I','2009-12-16 02:29:12'),(20,'cabbage transplantation',1,NULL,3,'','','','',NULL,NULL,'','2009-10-01','2009-10-07',1,'','','','',26,40,34,NULL,NULL,NULL,1,'','I','2009-12-16 02:42:34'),(21,'Makha Harvest',1,NULL,128,'This movie deals with the harvest of corn. When you should harvest your planet?  How you know when to harvest your crop.  Once you have harvested, when and where should you appropriately store your corn.  If you harvest on time, however end up leaving your cobs in the wrong place they will end up with disease and your crop will be lost. ','Good','Good','Great','2009-11-03','2010-01-01','','2009-10-01','2010-01-02',1,'','','','',38,47,47,NULL,NULL,NULL,4,'','F','2010-01-10 01:58:36'),(23,'7 days duck feed and treatment',1,NULL,123,'','','','',NULL,NULL,'','2009-09-01','2009-09-01',1,'','','','',62,63,59,NULL,NULL,NULL,1,'','I','2010-01-31 22:37:09'),(24,'Brinjal Insecticidal treatment',1,NULL,123,'Spray of insecticide,its quantity and method is shown\r\n','','','',NULL,NULL,'','2009-09-02','2009-09-02',1,'','','','',71,63,59,NULL,NULL,NULL,1,'','I','2010-02-01 22:52:52'),(25,'Brinjal Insecticidal Treatment',1,NULL,125,'Spray of insecticide,its quantity and method is shown\r\n','','','',NULL,NULL,'','2009-09-02','2009-09-02',1,'','','','',71,59,63,NULL,NULL,NULL,1,'','I','2010-02-01 23:36:26'),(26,'Tomato Sowing',1,NULL,123,'Sowing of tomato from nursery bed,its method,and application of fertilizer is shown.\r\n','','','',NULL,NULL,'','2009-09-03','2009-09-03',1,'','','','',72,63,59,NULL,NULL,NULL,1,'','I','2010-02-01 23:59:39'),(27,'Radish Nursery Bed',1,NULL,125,'Nursery bed preperation of radish with amout of fertilizer required and metod of bed preperation is shown.\r\n','','','',NULL,NULL,'','2009-09-03','2009-09-03',1,'','','','',73,59,63,NULL,NULL,NULL,1,'','I','2010-02-02 00:07:30'),(28,'Pumpkin earthing up',1,NULL,123,'Earthing up operation in pumpkin and its fertilizer application.\r\n','','','',NULL,NULL,'','2009-09-12','2009-09-12',1,'','','','',74,58,78,NULL,NULL,NULL,1,'','I','2010-02-02 00:24:42'),(29,'Insecticidal Treatment in Paddy',1,NULL,125,'Treatment of insecticide,its quantity,and method of application is shown.\r\n','','','',NULL,NULL,'','2009-09-13','2009-09-13',1,'','','','',70,78,58,NULL,NULL,NULL,1,'','I','2010-02-02 00:30:10'),(30,'20 days duck feed and treatment',1,NULL,125,'Feeding and treatment of 20 days old duck is shown.Precaution to be taken is also shown\r\n','','','',NULL,NULL,'','2009-09-13','2009-09-13',1,'','','','',62,59,63,NULL,NULL,NULL,1,'','I','2010-02-02 00:32:52'),(31,'20 days duck feed and treatment',1,NULL,123,'Feeding and treatment of 20 days old duck is shown.Precaution to be taken is also shown\r\n','','','',NULL,NULL,'','2009-09-13','2009-09-13',1,'','','','',62,63,59,NULL,NULL,NULL,1,'','I','2010-02-02 00:34:49'),(32,'Feeding of fish',1,NULL,125,'It deals with feeding of fish,its method,dose and time of feeding.It is shown by SHG Group.\r\n','','','',NULL,NULL,'','2009-10-12','2009-10-12',1,'','','','',76,59,63,NULL,NULL,NULL,1,'','G','2010-02-02 00:39:58'),(33,'Fertilizer application in pea',1,NULL,125,'It shows the process and amount of fertilizer to be applied in green pea.The method to be followed and duration after which it should be applied\r\n','','','',NULL,NULL,'','2009-11-05','2009-11-05',1,'','','','',52,59,63,NULL,NULL,NULL,1,'','I','2010-02-02 00:43:14'),(34,'Tomato Sowing',1,NULL,125,'Process of sowing of tomato,fertilizer apllication while sowing is demonstrated.\r\n','','','',NULL,NULL,'','2009-10-20','2009-10-20',1,'','','','',52,63,59,NULL,NULL,NULL,1,'','I','2010-02-02 00:45:21'),(35,'Gram sowing',1,NULL,125,'Process and method applied in sowing of gram.Fertilizer and its dose has been discussed\r\n','','','',NULL,NULL,'','2009-10-22','2009-10-22',1,'','','','',52,63,59,NULL,NULL,NULL,1,'','I','2010-02-02 00:47:25'),(36,'Cauliflower sowing',1,NULL,125,'Process and method applied in sowing of cauliflower.Fertilizer and its dose has been discussed\r\n','','','',NULL,NULL,'','2009-10-22','2009-10-22',1,'','','','',71,59,63,NULL,NULL,NULL,1,'','I','2010-02-02 00:49:50'),(37,'Application of Jeevamrutha',1,NULL,125,'Method of application of Jeevamruta is shown and discussed.Its advantage on application to crop, duration and quantity applied is shown\r\n','','','',NULL,NULL,'','2009-10-24','2009-10-24',1,'','','','',52,59,63,NULL,NULL,NULL,1,'','I','2010-02-02 00:54:05'),(38,'Transplanting of chilli',1,NULL,125,'Transplanting of chilli from nursey bed to the field and its procedure and metods of transplanting has been dealt with.\r\n','','','',NULL,NULL,'','2009-08-07','2009-08-07',1,'','','','',55,59,63,NULL,NULL,NULL,1,'','I','2010-02-02 00:57:28'),(39,'Line sowing of Arhar',1,NULL,125,'It deals with sowing of arhar in line which maintains proper spacing and uniformity resulting in higher yield\r\n','','','',NULL,NULL,'','2009-07-23','2009-07-23',1,'','','','',77,63,59,NULL,NULL,NULL,1,'','I','2010-02-02 01:01:17'),(40,'Fertilizer application in paddy',1,NULL,123,'It deals with application of fertilizer using rope which helps in saving fertilizer as well as proper application of fertilizer is shown.\r\n','','','',NULL,NULL,'','2009-07-23','2009-07-23',1,'','','','',72,78,63,NULL,NULL,NULL,1,'','I','2010-02-02 01:04:27'),(41,'Earthing up in Chilli',1,NULL,123,'','','','',NULL,NULL,'','2009-07-23','2009-07-23',1,'','','','',72,63,59,NULL,NULL,NULL,1,'','I','2010-02-02 01:06:37'),(42,'Cauliflower sowing',1,NULL,132,'Sowing of cauliflower is shown in nursery bed with complete methodology invoved in sowing.\r\n','','','',NULL,NULL,'','2009-07-24','2009-07-24',1,'','','','',78,63,59,NULL,NULL,NULL,1,'','I','2010-02-02 01:09:20'),(43,'Bhindi Earthing up',1,NULL,125,'earthing up in bhindi is shown and describes the benefits of earthing up in chilli as well as complete procedure.\r\n','','','',NULL,NULL,'','2009-07-27','2009-07-27',1,'','','','',79,58,63,NULL,NULL,NULL,1,'','I','2010-02-02 01:11:22'),(44,'Brinjal Earthing up',1,NULL,125,'Earthing up in brinjal is shown and describes the benefits of earthing up in chilli as well as complete procedure.\r\n','','','',NULL,NULL,'','2009-07-24','2009-07-24',1,'','','','',79,63,58,NULL,NULL,NULL,1,'','I','2010-02-02 01:20:51'),(45,'Ways of keeping duck',1,NULL,125,'','','','',NULL,NULL,'','2009-08-23','2009-08-23',1,'','','','',62,59,63,NULL,NULL,NULL,1,'','I','2010-02-02 01:35:01'),(46,'Pea spray',1,NULL,125,'It shows the spray operation in pea.The dose,method and precautions taken while spraying is shown\r\n','','','',NULL,NULL,'','2009-11-16','2009-11-16',1,'','','','',52,63,59,NULL,NULL,NULL,1,'','I','2010-02-02 01:38:47'),(47,'Brinjal earthing up',1,NULL,125,'Earthing up operation in brinjal is shown.It shows the fertilizer application while earthing up operation and duration of application\r\n','','','',NULL,NULL,'','2009-11-17','2009-11-17',1,'','','','',52,63,59,NULL,NULL,NULL,1,'','I','2010-02-02 01:41:23'),(48,'Cauliflower earthing up',1,NULL,125,'','','','',NULL,NULL,'','2009-09-10','2009-09-10',1,'','','','',71,59,63,NULL,NULL,NULL,1,'','I','2010-02-04 04:31:05'),(50,'Transplantation of Onion Seedling',1,NULL,125,'This video is kind of demonstration showing method of uprooting of Onion seedling from nursery bed and transplantation in main field.','','','',NULL,NULL,'','2010-01-10','2010-02-04',1,'','','','',94,84,81,NULL,NULL,NULL,1,'','I','2010-02-06 00:24:06'),(51,'A. I Programme',1,NULL,127,'The process of NDDB program was takenup & also it tells that BAIF was established A.I centers and doing better compare with department\r\n','','','',NULL,NULL,'','2009-06-12','2009-06-12',1,'','','','',95,87,86,NULL,NULL,NULL,1,'','I','2010-02-08 03:43:10'),(52,'Low cost cattle feed',1,NULL,127,'Here the farm women was preparing low costcattle feed by use of locally available grains of both cereals and pulses and mixing with subabul dry leaves and jaggery.  Salt and mineral mixture which reduces the 40 % cost and increasing the nutritive value\r\n','','','',NULL,NULL,'','2009-06-20','2009-06-20',1,'','','','',44,87,92,NULL,NULL,NULL,1,'','I','2010-02-08 03:45:55'),(53,'Ring Trench Biomas',1,NULL,127,'It is a new technique of making trench arround 2 years old mango tree and putting dry leaves, vermi compost and dung slurry  and finally covered with top soil which increases the water holding capacity and nutrient quality of soil\r\n','','','',NULL,NULL,'','2009-06-22','2009-06-22',1,'','','','',44,94,92,NULL,NULL,NULL,1,'','I','2010-02-08 03:48:11'),(54,'Azolla',1,NULL,127,'Here the farmer producing Azolla & using as a cattle feed by mixing with flour\r\n','','','',NULL,NULL,'','2009-07-07','2009-07-07',1,'','','','',48,53,86,NULL,NULL,NULL,1,'','I','2010-02-08 03:55:29'),(55,'WADI',1,NULL,127,'It is a program taken up by BAIF by establishing mango orchards & planting forestry saplings around the plant with inter cultivation of agriculture crops by making farm pond in the corner for water source\r\n','','','',NULL,NULL,'','2009-07-18','2009-07-18',1,'','','','',46,95,86,NULL,NULL,NULL,1,'','I','2010-02-08 03:58:48'),(56,'Low cost Vermicompost',1,NULL,127,'It was demonstrated for the preparation of low cost vermicompost without use of cement structures.\r\n','','','',NULL,NULL,'','2009-08-13','2009-08-13',1,'','','','',44,85,92,NULL,NULL,NULL,1,'','I','2010-02-08 03:59:44'),(57,'Bio gas',1,NULL,127,'','','','',NULL,NULL,'','2009-09-08','2009-09-08',2,'','','','',44,93,92,NULL,NULL,NULL,1,'','I','2010-02-08 03:13:46'),(58,'Jeevamruta',1,NULL,127,'Jeevamruta video is meant its advantage of increasing microbial activity in the soil. It is one of the practices of organic farmer.It is low cost technique and most of the farmers can adopt it .\r\n','','','',NULL,NULL,'','2009-09-17','2009-09-17',1,'','','','',48,53,50,NULL,NULL,NULL,1,'','I','2010-02-08 03:14:46'),(59,'Baby nutrition food',5,NULL,127,'This ia a demonstration of preparation of highly nutritive baby food.It comprises of cereals and pulses. This is preferably most used by below 1 year old.\r\n','','','',NULL,NULL,'','2009-09-17','2009-09-17',2,'','','','',48,53,50,NULL,NULL,NULL,1,'','I','2010-02-08 03:16:03'),(60,'Mound soil soap',1,NULL,127,'This is a demonstration of preparation of soap using mound soil of some herbs. This can be used against several skin diseases.\r\n','','','',NULL,NULL,'','2009-09-18','2009-09-18',2,'','','','',48,53,50,NULL,NULL,NULL,1,'','I','2010-02-08 03:17:26'),(61,'Paddy raised seed bed',1,NULL,127,'It is a demonstration of making raised bed for paddy nursery raising.  This can be adopted for SRI method of paddy cultivation\r\n','','','',NULL,NULL,'','2009-10-01','2009-10-01',1,'','','','',45,50,85,NULL,NULL,NULL,1,'','I','2010-02-08 02:55:01'),(62,'Dry fodder preservation',1,NULL,127,'It is a method of preserving the different dry fodders keeping layer by layer and making as a \"heap banave\" which improves the palatable and nutritive value.  It is mainly used in summer seaon. \r\n','','','',NULL,NULL,'','2009-10-08','2009-10-08',1,'','','','',45,91,50,NULL,NULL,NULL,1,'','I','2010-02-08 02:57:23'),(63,'Paddy seed treatment',1,NULL,127,'This demonstration was conducted in FFS group.  Here the seed treatment is mainly for removing the chappy materials of using local paddy seeds\r\n','','','',NULL,NULL,'','2009-10-12','2009-10-12',1,'','','','',45,50,52,NULL,NULL,NULL,1,'','I','2010-02-08 02:59:39'),(64,'Biopesticide',1,NULL,127,'It was deomonstrats that preparation of Biopesticide by using 6 different plant leaves and garlic. These are soaked about 30 days in a cattle urine then extract the solution and sprayed for any crop for pest and disease control\r\n','','','',NULL,NULL,'','2009-10-13','2009-10-13',1,'','','','',48,53,50,NULL,NULL,NULL,1,'','I','2010-02-08 03:02:04'),(65,'Organic urea',1,NULL,127,'Here the farmer was preparing organic urea by use of sand and cattle urine as a low cost technique\r\n','','','',NULL,NULL,'','2009-10-14','2009-10-14',1,'','','','',50,55,52,NULL,NULL,NULL,1,'','I','2010-02-08 03:03:40'),(66,'Mulching ',1,NULL,127,'Here the farmer was using dry materials of banana for mulching in banana garden which increases the retention capacity of water in soil and controls weed growth and improvesfertility and productivity of soil\r\n','','','',NULL,NULL,'','2009-10-15','2009-10-15',1,'','','','',101,55,51,NULL,NULL,NULL,1,'','I','2010-02-08 03:05:34'),(67,'Adusoge khasahaya',1,NULL,127,'Herbal solution for controlling chough and fever, very good medicine for children. This can be prepared by for chiddren.This can be prepared by using leaves of adusoge which can be easily available everywhere and can be grown everywhere.\r\n','','','',NULL,NULL,'','2009-09-18','2009-09-19',1,'','','','',48,53,50,NULL,NULL,NULL,1,'','I','2010-02-08 03:20:18'),(68,'Amruta balli',1,NULL,127,'This is a dissemination of preparation of khashaya using a herb named amrutaballi.This khashaya is useful in preventing fevers an dalso helpful in preventing some common diseases like BP, sugar etc.As this amrutaballi is available in everyplace, the people are unaware of it. This video helps in identifying this creeps and can make .\r\n','','','',NULL,NULL,'','2009-09-19','2009-09-19',1,'','','','',48,53,50,NULL,NULL,NULL,1,'','I','2010-02-08 03:22:26'),(69,'Fodder development',1,NULL,127,'Video demostrates about famer established fodder as a intercrop with mango trees.Using 3 improved fodder varieites and harvesting 8 times in ayear.Because of fodder which improves soil and water conservation.\r\n','','','',NULL,NULL,'','2009-09-21','2009-09-21',1,'','','','',47,50,52,NULL,NULL,NULL,1,'','I','2010-02-08 03:24:28'),(70,'Flori culture ',2,NULL,127,'Its all about farmer cultivating jasmine in his area and getting more income  compared to other commercial crops.In turn providing labour to poor people and can harvest the crop through out the year.\r\n','','','',NULL,NULL,'','2009-09-22','2009-09-22',1,'','','','',45,50,52,NULL,NULL,NULL,1,'','I','2010-02-08 03:27:25'),(71,'Forest tree pruning',1,NULL,127,'the video demonstrates the Mangement of the trees so that it should shade main crops.It provides fuel wood, green manures and fodder and also acts as wind break.\r\n','','','',NULL,NULL,'','2009-09-23','2009-09-23',1,'','','','',44,92,85,NULL,NULL,NULL,1,'','I','2010-02-08 03:29:28'),(72,'Dung slurry application',1,NULL,127,'This video demonstrates the application of dung slurry on one year old plants. This helps in control grazing, plant growth acting as hormone.\r\n','','','',NULL,NULL,'','2009-09-24','2009-09-24',1,'','','','',46,50,50,NULL,NULL,NULL,1,'','I','2010-02-08 03:31:12'),(73,'Mango planting technique',1,NULL,127,'Demonstration of how to plant mango sappling by digging pit and filling the materials at the time of planting.\r\n','','','',NULL,NULL,'','2009-09-24','2009-09-24',1,'','','','',47,51,51,NULL,NULL,NULL,1,'','I','2010-02-08 03:32:53'),(74,'Mango tree pruning',1,NULL,127,'Farmer pruning branches which have seriously attached by pest and diseases.\r\n','','','',NULL,NULL,'','2009-09-25','2009-09-25',1,'','','','',43,87,49,NULL,NULL,NULL,1,'','I','2010-02-08 03:34:54'),(75,'Jowar seed treatment ',1,NULL,127,'The video demonstrates the seed treatment of Jowar seeds before sowing.  It controls the seed born diseases like smut, sootymould and for uniform and higher germination percentage. By this treatment the jowar yield also increases.\r\n','','','',NULL,NULL,'','2009-09-25','2009-09-25',1,'','','','',43,87,85,NULL,NULL,NULL,1,'','I','2010-02-08 03:38:06'),(76,'Potato Pest & Disease management_kamara_sadari',1,NULL,4,'Fungicide application in Potato cultivation. Mainly this application prevents fungal diseases like blight. This can be screen in Rabi season','','','',NULL,NULL,'','2009-12-20','2009-12-20',1,'','','','',104,96,34,NULL,NULL,NULL,1,'','I','2010-02-08 05:00:02'),(77,'Cabbage Pest & Disease Management_T.Navatoli_Sadari',1,NULL,4,'It shows the method of application of pesticide and/or fungicide to control pests & diseases of cabbage. It even covers the farmer\'s past experience & success story of cabbage cultivation. ','','','',NULL,NULL,'','2010-01-22','2010-01-25',1,'','','','',96,33,34,NULL,NULL,NULL,1,'','I','2010-02-08 22:20:54'),(78,'Cauliflower Pest & Disease Management_T.Navatoli_Sadari',1,NULL,4,'It shows the method of application of pesticide and/or fungicide to control pests & diseases of cauliflower. ','','','',NULL,NULL,'','2010-01-23','2010-01-25',1,'','','','',96,33,34,NULL,NULL,NULL,1,'','I','2010-02-08 23:36:45'),(79,'Paddy yield comparisison between SRI and traditional method',1,NULL,123,'This video is kind of demonstration for comparing the paddy yield between  SRI and Traditional method of cultivation','','','',NULL,NULL,'','2010-01-05','2010-02-10',1,'','','','',91,84,81,NULL,NULL,NULL,1,'','I','2010-02-09 00:59:57'),(80,'Cabbage harvesting',4,NULL,125,'It gives the general idea about the yield potential of cabbage farming','','','',NULL,NULL,'','2010-01-05','2010-02-10',1,'','','','',94,84,81,NULL,NULL,NULL,4,'','I','2010-02-09 01:12:51'),(81,'Yield of lal bhaji (amaranthus) and palak (spinach)',4,NULL,125,'It gives the general idea about the yield potential of lala bhaji (amaranthus) and palak (spinach)','','','',NULL,NULL,'','2010-01-05','2010-02-10',1,'','','','',94,84,81,NULL,NULL,NULL,4,'','I','2010-02-09 01:16:14'),(82,'Seedling growing of bottle gourd in polythene bag',1,NULL,123,'This is a kind of demostration showing method od seedling growing in polythene bag and advantages of this method.','','','',NULL,NULL,'','2010-01-19','2010-02-10',1,'','','','',93,83,81,NULL,NULL,NULL,1,'','I','2010-02-09 01:22:15'),(83,'Seedling growing of BItter Gourd in polythene bag',1,NULL,123,'This is a kind of demostration showing method of seedling growing in polythene bag and advantages of this method.','','','',NULL,NULL,'','2010-01-05','2010-02-10',1,'','','','',93,82,83,NULL,NULL,NULL,1,'','I','2010-02-09 01:25:42'),(84,'Fertilizer application in Tomato after 25 days of transplantation',1,NULL,123,'This is a kind of demostration showing method and dose of fertilizer application in tomato plant after 25 days of transplantation','','','',NULL,NULL,'','2010-01-19','2010-02-10',1,'','','','',93,83,81,NULL,NULL,NULL,1,'','I','2010-02-09 01:33:05'),(85,'Sowing of Red Spinach',1,NULL,123,'This is kind of demonstration showing the  preparation of line bed and sowing of seed of Red spinach. It also shows the application of fertilizer  (chemical fertilize mixed with cow dung) in the line bed prepared.','','','',NULL,NULL,'','2009-10-23','2009-10-30',1,'','','','',105,83,82,NULL,NULL,NULL,1,'','I','2010-02-09 02:03:09'),(86,'Sowing of Radish',1,NULL,123,'This is kind of demonstration showing the operations for preparing bed  and sowing of seed of Radish in line by following the required distances between rows. It also shows the fertlizers (Mixture of chemical fertilizer and cow dung ) application in prepared bed beforoe sowing of seed. It shows the application of water by using sprinkler after sowing of seed.','','','',NULL,NULL,'','2009-10-23','2009-10-30',1,'','','','',105,83,82,NULL,NULL,NULL,1,'','I','2010-02-09 02:05:26'),(87,'Pest control in Cabbage',1,NULL,125,'This is kind of demonstration showing the  application of pesticides in cabbage field. It shows the pesticides used, preparation of solution and application in field.','','','',NULL,NULL,'','2009-11-15','2009-12-18',1,'','','','',94,84,81,NULL,NULL,NULL,1,'','I','2010-02-09 02:21:04'),(88,'Preparation of Handi kath',1,NULL,123,'This is a kind of demonstration sowing the method of preparation of Jeevamrita which is also known as Handi Kath. This video also shows the ingradients used for preparation.','','','',NULL,NULL,'','2009-11-15','2009-12-18',1,'','','','',107,83,82,NULL,NULL,NULL,1,'','I','2010-02-09 02:35:04'),(89,'Preperation of compost from weeds (Grass)',1,NULL,123,'This is a kind of demonstration sowing how to preparare compost by using Sawai Grass.This compost is used as organic fertilizer in various filed crop like paddy and also in vegetables. It is used mainly as soil application during filed preparation.','','','',NULL,NULL,'','2009-11-15','2009-12-18',1,'','','','',106,83,82,NULL,NULL,NULL,1,'','I','2010-02-09 02:42:56'),(90,'Seedbed preparation and sowing of onion seed',1,NULL,125,'This is a kind of demonstration sowing the operation involved in seedbed preparation, fertilizer applied and the sowing of seed.','','','',NULL,NULL,'','2009-10-23','2009-11-22',1,'','','','',94,84,81,NULL,NULL,NULL,1,'','I','2010-02-09 02:47:16'),(91,'Nursery bed preparation for tomato and seed sowing ',1,NULL,123,'This is kind of demonstration showing the  preparation of nursery  bed and sowing of tomato seed. It also shows the application of fertilizer in seed bed before sowing.','','','',NULL,NULL,'','2009-10-23','2009-11-22',1,'','','','',93,83,82,NULL,NULL,NULL,1,'','I','2010-02-09 02:53:09'),(92,'Summer Paddy Seed Treatment_Jibilong_mundari',1,NULL,3,'Seed treatment of paddy which describes the method of seed treatment and importance of it.','','','',NULL,NULL,'','2010-01-24','2010-01-24',1,'','','','',25,97,34,NULL,NULL,NULL,1,'','I','2010-02-09 08:36:31'),(93,'Mango orchard Activities 1_Gufu_sadari',1,NULL,4,'','','','',NULL,NULL,'','2010-01-26','2010-01-26',1,'','','','',27,99,98,NULL,NULL,NULL,1,'','I','2010-02-09 08:43:36'),(94,'Lac culture on Ber_Alankel_Sadari',2,NULL,4,'','','','',NULL,NULL,'','2010-01-30','2010-01-30',1,'','','','',110,98,34,NULL,NULL,NULL,1,'','I','2010-02-09 08:54:28'),(95,'INRM',3,NULL,1,'This is not a DG\'s community person\'s production. Its Pradan\'s movie which had screen many times in various to bring group members to think of INRM.','','','',NULL,NULL,'','2008-12-17','2008-12-25',1,'','','','',25,34,34,NULL,NULL,NULL,1,'','F','2010-02-09 09:02:29'),(96,'Staking in Tomato',1,NULL,123,'THis video shows how staking is done in tomato and the benifits of doing so. Staking provides support to plant and mainly it cheks the distruction of tomato fruit as fruit usually distroyed or rotted out when it comes in contact of soil.','','','',NULL,NULL,'','2009-09-09','2009-09-26',1,'','','','',93,83,82,NULL,NULL,NULL,1,'','I','2010-02-15 21:56:19'),(97,'Farm pond',1,NULL,127,'This video shows the advantages formation of farm pond in the field.  It holds runoff water out of the field which also reduces the soil erosion.  It recharges ground water table. \r\n','','','',NULL,NULL,'','2010-01-21','2010-01-21',1,'','','','',47,51,102,NULL,NULL,NULL,1,'','I','2010-02-17 02:35:38'),(98,'Silage',1,NULL,127,'This is the demonstration of preservation of green fodder.  The green fodder is available only during the rainy season.  Hence to preserve the green fodder even during summer season it can be preserved by silage method. The smaller pieces of the jowar sti\r\n','','','',NULL,NULL,'','2009-11-27','2009-11-27',1,'','','','',47,52,50,NULL,NULL,NULL,1,'','F','2010-02-17 03:22:24'),(99,'Jowar seed treatment ',1,NULL,127,'This is the demonstration of jowar seed treatment which removes the unfertile seeds and also helps in good sprouting percentage.  This treatment should be done within 2 hours before sowing.  In this method the cow urine is used. \r\n','','','',NULL,NULL,'','2009-11-01','2009-11-01',1,'','','','',50,50,52,NULL,NULL,NULL,1,'','I','2010-02-17 03:25:18'),(100,'Paddy straw - urea treatment',1,NULL,127,'This is the demonstration of preservation of enriched dryfodder.In this method the paddy straw or any other dry fodder can be preserved by sprinkling the solution of salt, urea and jaggery.  This can be used within 24 hours or can be stored for the year\r\n','','','',NULL,NULL,'','2009-11-20','2009-11-20',1,'','','','',46,50,51,NULL,NULL,NULL,1,'','I','2010-02-17 03:28:06'),(101,'Virus control in coconut ',4,NULL,127,'This film demonstrates how virus can be controlled in coconut farming to have good quality fruits by using simple techniques.\r\n','','','',NULL,NULL,'','2009-11-21','2009-11-21',1,'','','','',115,50,52,NULL,NULL,NULL,1,'','I','2010-02-17 03:33:09'),(102,'Basket compost',1,NULL,127,'This is the demonstration of basket compost using local materials.  Compare to compost manure this is easy and fast method.   \r\n','','','',NULL,NULL,'','2009-11-28','2009-11-28',1,'','','','',44,85,50,NULL,NULL,NULL,1,'','I','2010-02-17 03:36:26'),(103,'panchagavya',1,NULL,127,'This is the deomonstration of preparation of Panchagavya.  In this method cowdung, cowurine, banana, ghee, curd, buttermilk.  This solution can be used after 18 days in 3: 100 (panchagavya : water)  against fungal diseases to mango, sapota plants and also\r\n','','','',NULL,NULL,'','2009-12-04','2009-12-04',1,'','','','',45,85,52,NULL,NULL,NULL,1,'','I','2010-02-17 03:38:59'),(104,'Biopesticide',1,NULL,127,'This is the demonstration of biopesticide preparation.  In this, locally available different plants were used.  \r\n','','','',NULL,NULL,'','2010-01-10','2010-01-10',1,'','','','',48,85,50,NULL,NULL,NULL,1,'','I','2010-02-17 03:41:58'),(105,'Home made cattle feed',1,NULL,127,'This is the demonstration of preparation of low cost cattle feed using jowar, soyabean, maize, paddy husk and mineral mixture.  This method is low cost technology that it is easily adoptable by the farmer.\r\n','','','',NULL,NULL,'','2010-02-23','2010-02-23',1,'','','','',44,85,102,NULL,NULL,NULL,1,'','I','2010-02-17 03:45:53'),(106,'Jeevamruta',1,NULL,127,'This is the demonstration of preparation of Jeevamrut using cowdung, cow urine, jaggery, flour of any one dicotyledone grain viz., bengal gram, green gram, soya etc., and soil of the field.  This can be used as growth promoter of plants and to improve the\r\n','','','',NULL,NULL,'','2010-01-10','2010-01-10',1,'','','','',48,85,50,NULL,NULL,NULL,1,'','I','2010-02-17 03:47:49'),(107,'sheep  manuring',1,NULL,127,'This video shows why to apply sheep manure to the soil, it ensures 2-3 years of fertility to the soil\r\n','','','',NULL,NULL,'','2010-01-08','2010-01-08',1,'','','','',116,85,50,NULL,NULL,NULL,1,'','I','2010-02-17 04:05:31'),(108,'Goat rearing ',1,NULL,127,'This video shows the economics of goat rearing and less disease incidence\r\n','','','',NULL,NULL,'','2009-12-31','2009-12-31',1,'','','','',47,51,52,NULL,NULL,NULL,1,'','I','2010-02-20 02:18:35'),(109,'Farm pond ',1,NULL,127,'This video shows the advantages formation of farm pond in the field.  It holds runoff water out of the field which also reduces the soil erosion.  It recharges ground water table. \r\n','','','',NULL,NULL,'','2010-01-21','2010-01-21',1,'','','','',47,51,102,NULL,NULL,NULL,1,'','I','2010-02-20 02:22:12'),(110,'Azolla in paddy cultivation ',1,NULL,127,'In this film the in paddy azolla is grown.  After harvest this azolla mix in to the soil and incrases soil fertility and also helps in moisture retention of the field\r\n','','','',NULL,NULL,'','2010-01-22','2010-01-22',1,'','','','',48,85,50,NULL,NULL,NULL,1,'','I','2010-02-20 02:24:33'),(111,'Trench Cum Bund ',1,NULL,127,'This video shows the advantages of formation of trenches in the field.\r\n','','','',NULL,NULL,'','2010-01-21','2010-01-21',1,'','','','',47,103,51,NULL,NULL,NULL,1,'','I','2010-02-20 02:29:46'),(112,'Soil testing ',1,NULL,127,'This film demonstrates method for collection of soil sample for soil testing.  By this the farmer will come to know about nutrient level of the land.  This soil analysis  helps type of fertiliser and quantity of fertiliser to be added to the soil and crop\r\n','','','',NULL,NULL,'','2010-01-25','2010-01-25',1,'','','','',49,54,52,NULL,NULL,NULL,1,'','I','2010-02-20 02:36:46'),(113,'Vermicompost enrichment ',1,NULL,127,'This film demonstrates method of enrichment of vermicompost by adding microorganisms based biofertilisers.  This enriches the fertility status of the vermicompost. \r\n','','','',NULL,NULL,'','2010-01-25','2010-01-25',1,'','','','',49,54,52,NULL,NULL,NULL,1,'','I','2010-02-20 02:39:17'),(114,'Farmyard manure enrichment ',1,NULL,127,'This film demonstrates method of enrichment of farmyard manure by adding microorganisms based biofertilisers.  This enriches the fertility status of the farmyard manure. \r\n','','','',NULL,NULL,'','2010-01-25','2010-01-25',1,'','','','',49,54,52,NULL,NULL,NULL,1,'','I','2010-02-20 02:42:29'),(115,'Deworming in calves ',1,NULL,127,'This method demonstrates  home medicine to prevent worms in the calves.  In this method the asafoetida will be mixed with palm oil and this mixture is mixed with water and will be fed to the calves monthly once upto 3 years \r\n','','','',NULL,NULL,'','2010-01-25','2010-01-25',1,'','','','',49,52,102,NULL,NULL,NULL,1,'','I','2010-02-20 02:44:48'),(116,'Jowar grain storage ',1,NULL,127,'This method demonstrates the method of storage of jowar grains using locally available leaves viz., Eucalyptus and neem,  red chilli and ash to prevent flies in the grain. \r\n','','','',NULL,NULL,'','2010-01-25','2010-01-25',1,'','','','',118,55,52,NULL,NULL,NULL,1,'','I','2010-02-20 02:51:38'),(117,'Lime water feeding for milk production ',1,NULL,127,'This film demonstrates feeding of lime water to cattle.  This helps in increasing milk yield and also strenghthens the bones of the cattle.\r\n','','','',NULL,NULL,'','2010-01-28','2010-01-28',1,'','','','',45,85,50,NULL,NULL,NULL,1,'','I','2010-02-20 02:53:51'),(118,'Debudding in calves ',1,NULL,127,'This film demonstrates debudding in the calf. This technique is done after the 21 days after birth. It prevents the cannabalism in cows \r\n','','','',NULL,NULL,'','2010-01-24','2010-01-24',1,'','','','',43,50,85,NULL,NULL,NULL,1,'','I','2010-02-20 03:00:02'),(119,'After care - calves  ',1,NULL,127,'This video demonstrates how to take care of the calves and cattle.  \r\n','','','',NULL,NULL,'','2010-01-28','2010-01-28',1,'','','','',45,50,85,NULL,NULL,NULL,1,'','I','2010-02-20 03:03:19');
/*!40000 ALTER TABLE `VIDEO` ENABLE KEYS */;
UNLOCK TABLES;

--
-- Table structure for table `VIDEO_farmers_shown`
--

DROP TABLE IF EXISTS `VIDEO_farmers_shown`;
SET @saved_cs_client     = @@character_set_client;
SET character_set_client = utf8;
CREATE TABLE `VIDEO_farmers_shown` (
  `id` int(11) NOT NULL auto_increment,
  `video_id` int(11) NOT NULL,
  `person_id` int(11) NOT NULL,
  PRIMARY KEY  (`id`),
  UNIQUE KEY `video_id` (`video_id`,`person_id`),
  KEY `person_id_refs_id_3825c139` (`person_id`)
) ENGINE=MyISAM AUTO_INCREMENT=142 DEFAULT CHARSET=latin1;
SET character_set_client = @saved_cs_client;

--
-- Dumping data for table `VIDEO_farmers_shown`
--

LOCK TABLES `VIDEO_farmers_shown` WRITE;
/*!40000 ALTER TABLE `VIDEO_farmers_shown` DISABLE KEYS */;
INSERT INTO `VIDEO_farmers_shown` VALUES (26,17,193),(25,16,192),(23,14,104),(24,15,104),(33,22,283),(28,19,194),(31,18,194),(29,20,104),(32,21,195),(34,23,931),(35,24,1087),(36,25,1088),(37,26,1089),(38,27,1090),(39,28,1091),(40,29,1092),(41,30,708),(42,31,742),(43,32,1106),(44,33,1121),(45,34,1124),(46,35,1121),(47,36,1125),(48,37,1124),(49,38,1124),(50,39,1127),(51,40,1128),(52,41,1129),(53,42,1130),(54,43,1133),(55,44,1134),(56,45,333),(57,46,1121),(58,47,1124),(59,48,1087),(61,50,1915),(91,51,1924),(92,52,1925),(93,53,1926),(94,54,1927),(95,55,1928),(96,56,1929),(78,57,1930),(79,58,1931),(80,59,1932),(81,60,1933),(72,61,1951),(73,62,1952),(74,63,1951),(75,64,1953),(76,65,1954),(77,66,1967),(82,67,1933),(83,68,1988),(84,69,1988),(85,70,1989),(86,71,2005),(87,72,2006),(88,73,2007),(89,74,2008),(90,75,2019),(97,76,2055),(98,77,2056),(99,78,2056),(100,79,1916),(101,80,1917),(102,81,1917),(103,82,1918),(104,83,1918),(105,84,1919),(106,85,2171),(107,86,2172),(108,87,1917),(109,88,2178),(110,89,2177),(111,90,2176),(112,91,2175),(113,92,194),(114,93,2181),(115,94,2182),(116,95,2183),(118,96,2186),(119,97,2708),(120,98,2712),(121,99,2713),(122,100,2714),(123,101,2715),(124,102,211),(125,103,2716),(126,104,1933),(127,105,2717),(128,106,2498),(129,107,2718),(130,108,2897),(131,109,2708),(132,110,2898),(133,111,2899),(134,112,2901),(135,113,2901),(136,114,2901),(137,115,2901),(138,116,2862),(139,117,2902),(140,118,2903),(141,119,2902);
/*!40000 ALTER TABLE `VIDEO_farmers_shown` ENABLE KEYS */;
UNLOCK TABLES;

--
-- Table structure for table `VIDEO_related_agricultural_practices`
--

DROP TABLE IF EXISTS `VIDEO_related_agricultural_practices`;
SET @saved_cs_client     = @@character_set_client;
SET character_set_client = utf8;
CREATE TABLE `VIDEO_related_agricultural_practices` (
  `id` int(11) NOT NULL auto_increment,
  `video_id` int(11) NOT NULL,
  `practices_id` int(11) NOT NULL,
  PRIMARY KEY  (`id`),
  UNIQUE KEY `video_id` (`video_id`,`practices_id`),
  KEY `practices_id_refs_id_71dca078` (`practices_id`)
) ENGINE=MyISAM AUTO_INCREMENT=139 DEFAULT CHARSET=latin1;
SET character_set_client = @saved_cs_client;

--
-- Dumping data for table `VIDEO_related_agricultural_practices`
--

LOCK TABLES `VIDEO_related_agricultural_practices` WRITE;
/*!40000 ALTER TABLE `VIDEO_related_agricultural_practices` DISABLE KEYS */;
INSERT INTO `VIDEO_related_agricultural_practices` VALUES (22,16,3),(20,14,6),(30,22,10),(21,15,6),(28,18,8),(23,17,3),(25,19,8),(26,20,9),(29,21,2),(31,23,10),(32,24,11),(33,25,11),(34,26,3),(35,27,8),(36,28,6),(37,29,11),(38,30,10),(39,31,10),(40,32,12),(41,33,6),(42,34,3),(43,35,3),(44,36,3),(45,37,11),(46,38,9),(47,39,3),(48,40,6),(49,41,6),(50,42,3),(51,43,6),(52,44,6),(53,45,10),(54,46,11),(55,47,6),(56,48,6),(58,50,9),(88,51,28),(89,52,29),(90,53,6),(91,54,21),(92,55,30),(93,56,6),(75,57,23),(76,58,14),(77,59,24),(78,60,25),(69,61,3),(70,62,22),(71,63,3),(72,64,6),(73,65,6),(74,66,6),(79,67,26),(80,68,26),(81,69,27),(82,70,25),(83,71,6),(84,72,6),(85,73,3),(86,74,6),(87,75,3),(94,76,31),(95,77,31),(96,78,31),(97,79,32),(98,80,2),(99,81,2),(100,82,8),(101,83,8),(102,84,6),(103,85,3),(104,86,3),(105,87,31),(106,88,26),(107,89,33),(108,90,8),(109,91,8),(110,92,35),(111,93,6),(112,94,36),(113,95,36),(115,96,38),(116,97,49),(117,98,27),(118,99,35),(119,100,35),(120,101,31),(121,102,33),(122,103,31),(123,104,31),(124,105,29),(125,106,31),(126,107,6),(127,108,52),(128,109,53),(129,110,48),(130,111,53),(131,112,54),(132,113,1),(133,114,6),(134,115,29),(135,116,55),(136,117,29),(137,118,29),(138,119,29);
/*!40000 ALTER TABLE `VIDEO_related_agricultural_practices` ENABLE KEYS */;
UNLOCK TABLES;

--
-- Table structure for table `VILLAGE`
--

DROP TABLE IF EXISTS `VILLAGE`;
SET @saved_cs_client     = @@character_set_client;
SET character_set_client = utf8;
CREATE TABLE `VILLAGE` (
  `id` int(11) NOT NULL auto_increment,
  `VILLAGE_NAME` varchar(100) NOT NULL,
  `block_id` int(11) NOT NULL,
  `NO_OF_HOUSEHOLDS` int(11) default NULL,
  `POPULATION` int(11) default NULL,
  `ROAD_CONNECTIVITY` varchar(100) NOT NULL,
  `CONTROL` tinyint(1) default NULL,
  `START_DATE` date default NULL,
  PRIMARY KEY  (`id`),
  KEY `VILLAGE_block_id` (`block_id`)
) ENGINE=MyISAM AUTO_INCREMENT=122 DEFAULT CHARSET=latin1;
SET character_set_client = @saved_cs_client;

--
-- Dumping data for table `VILLAGE`
--

LOCK TABLES `VILLAGE` WRITE;
/*!40000 ALTER TABLE `VILLAGE` DISABLE KEYS */;
INSERT INTO `VILLAGE` VALUES (28,'Kinsu',9,NULL,NULL,'',0,NULL),(27,'Gufu',9,NULL,NULL,'',0,NULL),(26,'Tati',9,NULL,NULL,'',NULL,NULL),(25,'Jibilong',9,NULL,NULL,'',0,NULL),(24,'Navatoli 1',9,NULL,NULL,'',0,NULL),(73,'Jhunriposhi',13,NULL,NULL,'',NULL,NULL),(52,'Deuli',12,NULL,NULL,'',0,NULL),(29,'Gopla',9,NULL,NULL,'',0,NULL),(30,'Bandhu',9,NULL,NULL,'',NULL,NULL),(31,'Lohajimi',9,NULL,NULL,'',NULL,NULL),(32,'Kajurdag',9,NULL,NULL,'',NULL,NULL),(33,'Mansingpura',4,NULL,NULL,'Good',NULL,NULL),(34,'Neemkhada',4,NULL,NULL,'Good',NULL,NULL),(35,'Kisanghar',4,NULL,NULL,'',NULL,NULL),(37,'Pandutalab',4,NULL,NULL,'Good',NULL,NULL),(38,'Sitapuri (Small)',4,NULL,NULL,'Bad',NULL,'2009-11-11'),(39,'Shampura',4,NULL,NULL,'',NULL,NULL),(40,'Semli',4,NULL,NULL,'',NULL,NULL),(41,'Jamasindh',4,NULL,NULL,'',NULL,NULL),(42,'Bisali',4,NULL,NULL,'',NULL,NULL),(43,'SS Koppa',15,NULL,NULL,'',NULL,NULL),(44,'kamplikoppa',25,NULL,NULL,'',NULL,NULL),(45,'BN Koppa',25,NULL,NULL,'',NULL,NULL),(46,'Dastikoppa',26,NULL,NULL,'',0,NULL),(47,'Hirehonnalli',26,NULL,NULL,'',NULL,NULL),(48,'Ganjigatti',25,NULL,NULL,'',NULL,NULL),(49,'Huniskatte',25,NULL,NULL,'',0,NULL),(50,'Mukkal',25,NULL,NULL,'',0,NULL),(53,'Baria',12,NULL,NULL,'',0,NULL),(72,'Palsagadia',12,NULL,NULL,'',NULL,NULL),(55,'Ektali',13,NULL,NULL,'',0,NULL),(56,'Mangarh',13,NULL,NULL,'',0,NULL),(57,'Basantpur_Naiksahi',13,NULL,NULL,'',0,NULL),(58,'Basantpur',13,NULL,NULL,'',0,NULL),(59,'Kumdabadi',13,NULL,NULL,'',0,NULL),(60,'Kanthikena',13,NULL,NULL,'',0,NULL),(74,'Rangalbeda',12,NULL,NULL,'',NULL,NULL),(62,'Khandbandha',13,NULL,NULL,'',0,NULL),(63,'Badaposhi',13,NULL,NULL,'',0,NULL),(75,'Badhubheda',12,NULL,NULL,'',NULL,NULL),(71,'Kaluakhaman',13,NULL,NULL,'',0,NULL),(67,'Ramchandrapur',12,NULL,NULL,'',0,NULL),(68,'Chandusahi',12,NULL,NULL,'',0,NULL),(69,'Dumbisahi',12,NULL,NULL,'',0,NULL),(70,'Kendumundhi',12,NULL,NULL,'',NULL,NULL),(76,'Diajodi',12,NULL,NULL,'',NULL,NULL),(77,'Tangabila',13,NULL,NULL,'',NULL,NULL),(78,'Dhuduku',13,NULL,NULL,'',NULL,NULL),(79,'Bisipur',13,NULL,NULL,'',NULL,NULL),(80,'Sundari bhosatoli',9,NULL,NULL,'',0,NULL),(81,'sundari pakartoli',9,NULL,NULL,'',0,NULL),(82,'Kokiya',9,NULL,NULL,'',0,NULL),(83,'Prachartoli',9,NULL,NULL,'',0,NULL),(84,'Tirla',9,NULL,NULL,'',0,NULL),(85,'Palasgadia',13,NULL,NULL,'',NULL,NULL),(86,'Marangsahi',12,NULL,NULL,'',NULL,NULL),(87,'Jhalkiani',12,NULL,NULL,'',0,NULL),(88,'Kaliasahi',12,NULL,NULL,'',0,NULL),(89,'Rajam Sahi',13,NULL,NULL,'',0,NULL),(91,'Lonzo',30,NULL,NULL,'',0,NULL),(92,'Baihatu',7,NULL,NULL,'',0,NULL),(93,'Lauria',7,NULL,NULL,'',0,NULL),(94,'Udaipur',30,NULL,NULL,'',NULL,NULL),(95,'Kadara koppa',25,NULL,NULL,'',0,NULL),(96,'T.Navatoli',9,NULL,NULL,'',NULL,NULL),(97,'B.Navatoli',9,NULL,NULL,'',NULL,NULL),(98,'B.Chandatoli',9,NULL,NULL,'',0,NULL),(99,'Urmi',9,NULL,NULL,'',NULL,NULL),(100,'B.Kotatoli',9,NULL,NULL,'',1,NULL),(101,'somanna koppa',25,NULL,NULL,'',NULL,NULL),(102,'Derang',9,NULL,NULL,'',0,NULL),(103,'Gutuhatu',9,NULL,NULL,'',0,NULL),(104,'Kamara',9,NULL,NULL,'',NULL,NULL),(105,'Dem Guttu',7,NULL,NULL,'',NULL,NULL),(106,'Asantalia',30,NULL,NULL,'',NULL,NULL),(107,'Domardiha',29,NULL,NULL,'',0,NULL),(108,'Golmunda',30,NULL,NULL,'',NULL,NULL),(109,'Banabira',9,NULL,NULL,'',NULL,NULL),(110,'Alankel',9,NULL,NULL,'',NULL,NULL),(111,'Khunti',24,NULL,NULL,'',NULL,NULL),(112,'Bhalupani',29,NULL,NULL,'',0,NULL),(113,'Dumardih',29,NULL,NULL,'',0,NULL),(114,'villages of Jharkhand',7,NULL,NULL,'',NULL,NULL),(115,'Sangadevvara koppa',25,NULL,NULL,'',NULL,NULL),(116,'Malakankoppa',25,NULL,NULL,'',NULL,NULL),(117,'Kendposi',8,NULL,NULL,'',0,NULL),(118,'Bidar gaddi',25,NULL,NULL,'',NULL,NULL),(119,'DULLI',24,NULL,NULL,'',0,NULL),(120,'Tilma ',24,NULL,NULL,'',NULL,NULL),(121,'Jilinga ',24,NULL,NULL,'',NULL,NULL);
/*!40000 ALTER TABLE `VILLAGE` ENABLE KEYS */;
UNLOCK TABLES;

--
-- Table structure for table `auth_group`
--

DROP TABLE IF EXISTS `auth_group`;
SET @saved_cs_client     = @@character_set_client;
SET character_set_client = utf8;
CREATE TABLE `auth_group` (
  `id` int(11) NOT NULL auto_increment,
  `name` varchar(80) NOT NULL,
  PRIMARY KEY  (`id`),
  UNIQUE KEY `name` (`name`)
) ENGINE=MyISAM AUTO_INCREMENT=3 DEFAULT CHARSET=latin1;
SET character_set_client = @saved_cs_client;

--
-- Dumping data for table `auth_group`
--

LOCK TABLES `auth_group` WRITE;
/*!40000 ALTER TABLE `auth_group` DISABLE KEYS */;
INSERT INTO `auth_group` VALUES (1,'Field Officer'),(2,'Development Manager');
/*!40000 ALTER TABLE `auth_group` ENABLE KEYS */;
UNLOCK TABLES;

--
-- Table structure for table `auth_group_permissions`
--

DROP TABLE IF EXISTS `auth_group_permissions`;
SET @saved_cs_client     = @@character_set_client;
SET character_set_client = utf8;
CREATE TABLE `auth_group_permissions` (
  `id` int(11) NOT NULL auto_increment,
  `group_id` int(11) NOT NULL,
  `permission_id` int(11) NOT NULL,
  PRIMARY KEY  (`id`),
  UNIQUE KEY `group_id` (`group_id`,`permission_id`),
  KEY `permission_id_refs_id_5886d21f` (`permission_id`)
) ENGINE=MyISAM AUTO_INCREMENT=219 DEFAULT CHARSET=latin1;
SET character_set_client = @saved_cs_client;

--
-- Dumping data for table `auth_group_permissions`
--

LOCK TABLES `auth_group_permissions` WRITE;
/*!40000 ALTER TABLE `auth_group_permissions` DISABLE KEYS */;
INSERT INTO `auth_group_permissions` VALUES (178,1,92),(177,1,91),(176,1,89),(175,1,88),(174,1,86),(173,1,85),(172,1,83),(171,1,82),(170,1,80),(169,1,79),(168,1,77),(167,1,76),(166,1,71),(165,1,70),(164,1,68),(163,1,67),(162,1,65),(161,1,64),(160,1,62),(159,1,61),(158,1,59),(157,1,58),(156,1,56),(155,1,55),(154,1,50),(153,1,49),(152,1,47),(151,1,46),(150,1,44),(149,1,43),(216,2,92),(215,2,91),(214,2,89),(213,2,88),(212,2,86),(211,2,85),(210,2,83),(209,2,82),(208,2,80),(207,2,79),(206,2,77),(205,2,76),(204,2,74),(203,2,73),(202,2,71),(201,2,70),(200,2,68),(199,2,67),(198,2,66),(197,2,65),(196,2,64),(195,2,62),(194,2,61),(193,2,59),(192,2,58),(191,2,56),(190,2,55),(189,2,53),(188,2,52),(187,2,50),(186,2,49),(185,2,47),(184,2,46),(183,2,44),(182,2,43),(181,2,32),(148,1,41);
/*!40000 ALTER TABLE `auth_group_permissions` ENABLE KEYS */;
UNLOCK TABLES;

--
-- Table structure for table `auth_message`
--

DROP TABLE IF EXISTS `auth_message`;
SET @saved_cs_client     = @@character_set_client;
SET character_set_client = utf8;
CREATE TABLE `auth_message` (
  `id` int(11) NOT NULL auto_increment,
  `user_id` int(11) NOT NULL,
  `message` longtext NOT NULL,
  PRIMARY KEY  (`id`),
  KEY `auth_message_user_id` (`user_id`)
) ENGINE=MyISAM AUTO_INCREMENT=1727 DEFAULT CHARSET=latin1;
SET character_set_client = @saved_cs_client;

--
-- Dumping data for table `auth_message`
--

LOCK TABLES `auth_message` WRITE;
/*!40000 ALTER TABLE `auth_message` DISABLE KEYS */;
/*!40000 ALTER TABLE `auth_message` ENABLE KEYS */;
UNLOCK TABLES;

--
-- Table structure for table `auth_permission`
--

DROP TABLE IF EXISTS `auth_permission`;
SET @saved_cs_client     = @@character_set_client;
SET character_set_client = utf8;
CREATE TABLE `auth_permission` (
  `id` int(11) NOT NULL auto_increment,
  `name` varchar(50) NOT NULL,
  `content_type_id` int(11) NOT NULL,
  `codename` varchar(100) NOT NULL,
  PRIMARY KEY  (`id`),
  UNIQUE KEY `content_type_id` (`content_type_id`,`codename`),
  KEY `auth_permission_content_type_id` (`content_type_id`)
) ENGINE=MyISAM AUTO_INCREMENT=106 DEFAULT CHARSET=latin1;
SET character_set_client = @saved_cs_client;

--
-- Dumping data for table `auth_permission`
--

LOCK TABLES `auth_permission` WRITE;
/*!40000 ALTER TABLE `auth_permission` DISABLE KEYS */;
INSERT INTO `auth_permission` VALUES (1,'Can add log entry',1,'add_logentry'),(2,'Can change log entry',1,'change_logentry'),(3,'Can delete log entry',1,'delete_logentry'),(4,'Can add permission',2,'add_permission'),(5,'Can change permission',2,'change_permission'),(6,'Can delete permission',2,'delete_permission'),(7,'Can add group',3,'add_group'),(8,'Can change group',3,'change_group'),(9,'Can delete group',3,'delete_group'),(10,'Can add user',4,'add_user'),(11,'Can change user',4,'change_user'),(12,'Can delete user',4,'delete_user'),(13,'Can add message',5,'add_message'),(14,'Can change message',5,'change_message'),(15,'Can delete message',5,'delete_message'),(16,'Can add content type',6,'add_contenttype'),(17,'Can change content type',6,'change_contenttype'),(18,'Can delete content type',6,'delete_contenttype'),(19,'Can add session',7,'add_session'),(20,'Can change session',7,'change_session'),(21,'Can delete session',7,'delete_session'),(22,'Can add region',8,'add_region'),(23,'Can change region',8,'change_region'),(24,'Can delete region',8,'delete_region'),(25,'Can add equipment holder',9,'add_equipmentholder'),(26,'Can change equipment holder',9,'change_equipmentholder'),(27,'Can delete equipment holder',9,'delete_equipmentholder'),(28,'Can add reviewer',10,'add_reviewer'),(29,'Can change reviewer',10,'change_reviewer'),(30,'Can delete reviewer',10,'delete_reviewer'),(31,'Can add development manager',11,'add_developmentmanager'),(32,'Can change development manager',11,'change_developmentmanager'),(33,'Can delete development manager',11,'delete_developmentmanager'),(34,'Can add state',12,'add_state'),(35,'Can change state',12,'change_state'),(36,'Can delete state',12,'delete_state'),(37,'Can add partners',13,'add_partners'),(38,'Can change partners',13,'change_partners'),(39,'Can delete partners',13,'delete_partners'),(40,'Can add field officer',14,'add_fieldofficer'),(41,'Can change field officer',14,'change_fieldofficer'),(42,'Can delete field officer',14,'delete_fieldofficer'),(43,'Can add district',15,'add_district'),(44,'Can change district',15,'change_district'),(45,'Can delete district',15,'delete_district'),(46,'Can add block',16,'add_block'),(47,'Can change block',16,'change_block'),(48,'Can delete block',16,'delete_block'),(49,'Can add village',17,'add_village'),(50,'Can change village',17,'change_village'),(51,'Can delete village',17,'delete_village'),(52,'Can add monthly cost per village',18,'add_monthlycostpervillage'),(53,'Can change monthly cost per village',18,'change_monthlycostpervillage'),(54,'Can delete monthly cost per village',18,'delete_monthlycostpervillage'),(55,'Can add person groups',19,'add_persongroups'),(56,'Can change person groups',19,'change_persongroups'),(57,'Can delete person groups',19,'delete_persongroups'),(58,'Can add person',20,'add_person'),(59,'Can change person',20,'change_person'),(60,'Can delete person',20,'delete_person'),(61,'Can add person relations',21,'add_personrelations'),(62,'Can change person relations',21,'change_personrelations'),(63,'Can delete person relations',21,'delete_personrelations'),(64,'Can add animator',22,'add_animator'),(65,'Can change animator',22,'change_animator'),(66,'Can delete animator',22,'delete_animator'),(67,'Can add training',23,'add_training'),(68,'Can change training',23,'change_training'),(69,'Can delete training',23,'delete_training'),(70,'Can add animator assigned village',24,'add_animatorassignedvillage'),(71,'Can change animator assigned village',24,'change_animatorassignedvillage'),(72,'Can delete animator assigned village',24,'delete_animatorassignedvillage'),(73,'Can add animator salary per month',25,'add_animatorsalarypermonth'),(74,'Can change animator salary per month',25,'change_animatorsalarypermonth'),(75,'Can delete animator salary per month',25,'delete_animatorsalarypermonth'),(76,'Can add language',26,'add_language'),(77,'Can change language',26,'change_language'),(78,'Can delete language',26,'delete_language'),(79,'Can add video',27,'add_video'),(80,'Can change video',27,'change_video'),(81,'Can delete video',27,'delete_video'),(82,'Can add practices',28,'add_practices'),(83,'Can change practices',28,'change_practices'),(84,'Can delete practices',28,'delete_practices'),(85,'Can add screening',29,'add_screening'),(86,'Can change screening',29,'change_screening'),(87,'Can delete screening',29,'delete_screening'),(88,'Can add person meeting attendance',30,'add_personmeetingattendance'),(89,'Can change person meeting attendance',30,'change_personmeetingattendance'),(90,'Can delete person meeting attendance',30,'delete_personmeetingattendance'),(91,'Can add person adopt practice',31,'add_personadoptpractice'),(92,'Can change person adopt practice',31,'change_personadoptpractice'),(93,'Can delete person adopt practice',31,'delete_personadoptpractice'),(105,'Can delete region test',35,'delete_regiontest'),(104,'Can change region test',35,'change_regiontest'),(103,'Can add region test',35,'add_regiontest'),(97,'Can add random',33,'add_random'),(98,'Can change random',33,'change_random'),(99,'Can delete random',33,'delete_random'),(100,'Can add equipment',34,'add_equipment'),(101,'Can change equipment',34,'change_equipment'),(102,'Can delete equipment',34,'delete_equipment');
/*!40000 ALTER TABLE `auth_permission` ENABLE KEYS */;
UNLOCK TABLES;

--
-- Table structure for table `auth_user`
--

DROP TABLE IF EXISTS `auth_user`;
SET @saved_cs_client     = @@character_set_client;
SET character_set_client = utf8;
CREATE TABLE `auth_user` (
  `id` int(11) NOT NULL auto_increment,
  `username` varchar(30) NOT NULL,
  `first_name` varchar(30) NOT NULL,
  `last_name` varchar(30) NOT NULL,
  `email` varchar(75) NOT NULL,
  `password` varchar(128) NOT NULL,
  `is_staff` tinyint(1) NOT NULL,
  `is_active` tinyint(1) NOT NULL,
  `is_superuser` tinyint(1) NOT NULL,
  `last_login` datetime NOT NULL,
  `date_joined` datetime NOT NULL,
  PRIMARY KEY  (`id`),
  UNIQUE KEY `username` (`username`)
) ENGINE=MyISAM AUTO_INCREMENT=14 DEFAULT CHARSET=latin1;
SET character_set_client = @saved_cs_client;

--
-- Dumping data for table `auth_user`
--

LOCK TABLES `auth_user` WRITE;
/*!40000 ALTER TABLE `auth_user` DISABLE KEYS */;
INSERT INTO `auth_user` VALUES (1,'digitalgreen','','','dg@digitalgreen.org','sha1$3f48d$2f5f291662df3f33e06e9f6929f3ffcbcc9b9fcd',1,1,1,'2010-02-22 00:48:57','2009-08-21 07:43:36'),(2,'development_manager','','','','sha1$581bb$5eaa974a972b014114126572145280d5d4d5a147',1,1,0,'2009-10-12 02:58:15','2009-08-25 11:12:13'),(3,'field_officer','','','','sha1$c9bff$35f5eab360e9113ebc6a780d7fdfcd6619e24f1e',1,1,0,'2010-01-31 05:06:39','2009-08-25 11:14:45'),(4,'satyam','','','','sha1$db6fc$d5ab2748c88285bbc7f2582f977c58362b5580c3',1,1,0,'2010-02-04 15:37:18','2009-10-12 14:32:07'),(5,'archana','','','','sha1$4a949$8455e2f12b4ea32b042176edb4060177100ed88f',1,1,0,'2010-02-20 05:44:43','2009-10-12 14:33:43'),(6,'ramachandra','','','','sha1$40d5a$e2c6c432f7ccf6d93c37328d10dc009ff11e39f2',1,1,0,'2009-10-26 04:28:29','2009-10-12 14:34:29'),(7,'chandrashekhar','','','','sha1$b993f$611432113fe34d2354b39753b77c78fdb3ce6b43',1,1,0,'2010-02-14 20:34:24','2009-10-12 14:36:40'),(8,'muthumari','','','','sha1$4b579$4d2e4dafe374ebcf241d806745ecaf862a57664e',1,1,0,'2010-02-23 22:18:29','2009-10-12 14:37:54'),(9,'abhishek','','','','sha1$5203e$9452ac231c8a5caa3bfb12a72faf618714684612',1,1,0,'2010-02-17 21:19:47','2009-10-12 14:38:21'),(10,'kevin','','','','sha1$8b18a$1cf2133582e9dc4b22dfe9b939c09f9ba89f7af0',1,1,0,'2010-01-07 19:51:15','2009-10-12 14:38:36'),(11,'nadagouda','','','','sha1$2ddd9$1f7c4d439d3042fdb98f34b53027f784d947daa7',1,1,0,'2009-11-05 03:52:19','2009-10-12 14:41:48'),(12,'avinash','','','','sha1$71ae1$957dc33a382032189f1a21f4c84318d7321311a7',1,1,0,'2010-02-23 21:37:32','2009-10-12 14:42:27'),(13,'gulzar','','','','sha1$7623a$043277e6f00d7fb7fca6e61d23c2f7c9fdeee109',1,1,0,'2010-02-17 04:33:01','2009-10-12 14:43:10');
/*!40000 ALTER TABLE `auth_user` ENABLE KEYS */;
UNLOCK TABLES;

--
-- Table structure for table `auth_user_groups`
--

DROP TABLE IF EXISTS `auth_user_groups`;
SET @saved_cs_client     = @@character_set_client;
SET character_set_client = utf8;
CREATE TABLE `auth_user_groups` (
  `id` int(11) NOT NULL auto_increment,
  `user_id` int(11) NOT NULL,
  `group_id` int(11) NOT NULL,
  PRIMARY KEY  (`id`),
  UNIQUE KEY `user_id` (`user_id`,`group_id`),
  KEY `group_id_refs_id_f116770` (`group_id`)
) ENGINE=MyISAM AUTO_INCREMENT=14 DEFAULT CHARSET=latin1;
SET character_set_client = @saved_cs_client;

--
-- Dumping data for table `auth_user_groups`
--

LOCK TABLES `auth_user_groups` WRITE;
/*!40000 ALTER TABLE `auth_user_groups` DISABLE KEYS */;
INSERT INTO `auth_user_groups` VALUES (1,2,2),(2,3,1),(7,10,1),(4,9,1),(5,5,1),(6,7,1),(8,8,1),(9,6,1),(10,4,1),(11,11,2),(12,12,2),(13,13,2);
/*!40000 ALTER TABLE `auth_user_groups` ENABLE KEYS */;
UNLOCK TABLES;

--
-- Table structure for table `auth_user_user_permissions`
--

DROP TABLE IF EXISTS `auth_user_user_permissions`;
SET @saved_cs_client     = @@character_set_client;
SET character_set_client = utf8;
CREATE TABLE `auth_user_user_permissions` (
  `id` int(11) NOT NULL auto_increment,
  `user_id` int(11) NOT NULL,
  `permission_id` int(11) NOT NULL,
  PRIMARY KEY  (`id`),
  UNIQUE KEY `user_id` (`user_id`,`permission_id`),
  KEY `permission_id_refs_id_67e79cb` (`permission_id`)
) ENGINE=MyISAM DEFAULT CHARSET=latin1;
SET character_set_client = @saved_cs_client;

--
-- Dumping data for table `auth_user_user_permissions`
--

LOCK TABLES `auth_user_user_permissions` WRITE;
/*!40000 ALTER TABLE `auth_user_user_permissions` DISABLE KEYS */;
/*!40000 ALTER TABLE `auth_user_user_permissions` ENABLE KEYS */;
UNLOCK TABLES;

--
-- Table structure for table `dashboard_random`
--

DROP TABLE IF EXISTS `dashboard_random`;
SET @saved_cs_client     = @@character_set_client;
SET character_set_client = utf8;
CREATE TABLE `dashboard_random` (
  `id` int(11) NOT NULL auto_increment,
  `random_no` varchar(300) NOT NULL,
  `random_date` date default NULL,
  `radom_time` time default NULL,
  PRIMARY KEY  (`id`)
) ENGINE=MyISAM AUTO_INCREMENT=9 DEFAULT CHARSET=latin1;
SET character_set_client = @saved_cs_client;

--
-- Dumping data for table `dashboard_random`
--

LOCK TABLES `dashboard_random` WRITE;
/*!40000 ALTER TABLE `dashboard_random` DISABLE KEYS */;
INSERT INTO `dashboard_random` VALUES (1,'asdsa','2009-08-27','20:52:06'),(2,'dsfsd','2009-08-27','20:54:42'),(3,'sxasdasdas','2009-08-27','20:54:52'),(4,'2','2009-08-10','06:00:00'),(5,'5','2009-08-10','06:00:00'),(6,'csd','2009-08-31','17:44:52'),(7,'csd','2009-08-31','17:44:52'),(8,'csd','2009-08-31','17:44:52');
/*!40000 ALTER TABLE `dashboard_random` ENABLE KEYS */;
UNLOCK TABLES;

--
-- Table structure for table `django_admin_log`
--

DROP TABLE IF EXISTS `django_admin_log`;
SET @saved_cs_client     = @@character_set_client;
SET character_set_client = utf8;
CREATE TABLE `django_admin_log` (
  `id` int(11) NOT NULL auto_increment,
  `action_time` datetime NOT NULL,
  `user_id` int(11) NOT NULL,
  `content_type_id` int(11) default NULL,
  `object_id` longtext,
  `object_repr` varchar(200) NOT NULL,
  `action_flag` smallint(5) unsigned NOT NULL,
  `change_message` longtext NOT NULL,
  PRIMARY KEY  (`id`),
  KEY `django_admin_log_user_id` (`user_id`),
  KEY `django_admin_log_content_type_id` (`content_type_id`)
) ENGINE=MyISAM AUTO_INCREMENT=2290 DEFAULT CHARSET=latin1;
SET character_set_client = @saved_cs_client;

--
-- Dumping data for table `django_admin_log`
--

LOCK TABLES `django_admin_log` WRITE;
/*!40000 ALTER TABLE `django_admin_log` DISABLE KEYS */;
INSERT INTO `django_admin_log` VALUES (1,'2009-08-21 07:44:28',1,8,'1','Region1',1,''),(2,'2009-08-21 07:44:34',1,8,'2','Region2',1,''),(3,'2009-08-21 07:44:40',1,8,'3','Region3',1,''),(4,'2009-08-21 07:45:09',1,11,'1','asd',1,''),(5,'2009-08-21 07:45:32',1,11,'1','asd',3,''),(6,'2009-08-21 07:47:58',1,11,'2','Mr. Gulzar',1,''),(7,'2009-08-21 07:48:33',1,11,'3','Mr. Avinash',1,''),(8,'2009-08-21 07:48:56',1,11,'4','Dr. Nadagouda',1,''),(9,'2009-08-21 07:49:46',1,12,'1','Madhya Pradesh',1,''),(10,'2009-08-21 07:49:59',1,12,'2','Jharkhand',1,''),(11,'2009-08-21 07:50:07',1,12,'3','Orissa',1,''),(12,'2009-08-21 07:50:16',1,12,'4','West Bengal',1,''),(13,'2009-08-21 07:50:24',1,12,'5','Karnataka',1,''),(14,'2009-08-21 07:51:14',1,14,'1','Kevin Gandhi',1,''),(15,'2009-08-21 07:51:33',1,14,'2','Abhishek',1,''),(16,'2009-08-21 07:52:12',1,14,'3','Muthumari',1,''),(17,'2009-08-21 07:52:31',1,14,'4','Chandrashekhar',1,''),(18,'2009-08-21 07:52:46',1,14,'5','Ramachandra',1,''),(19,'2009-08-21 07:52:58',1,14,'6','Archana',1,''),(20,'2009-08-21 07:53:30',1,13,'1','PRADAN',1,''),(21,'2009-08-21 07:53:48',1,13,'2','BAIF',1,''),(22,'2009-08-21 07:54:08',1,13,'3','GREEN Foundation',1,''),(23,'2009-08-21 07:54:25',1,13,'4','SPS',1,''),(24,'2009-08-21 07:57:30',1,14,'7','Mr. Gulzar',1,''),(25,'2009-08-21 07:58:17',1,15,'1','Dindori ',1,''),(26,'2009-08-21 08:13:34',1,15,'2','Mandla ',1,''),(27,'2009-08-21 08:14:09',1,15,'3','Dewas',1,''),(28,'2009-08-21 08:14:48',1,15,'4','West Singhbum',1,''),(29,'2009-08-21 08:15:15',1,15,'5','Khunti ',1,''),(30,'2009-08-21 08:15:48',1,15,'6','Karanjia ',1,''),(31,'2009-08-21 08:16:30',1,14,'8','Mr. Avinash',1,''),(32,'2009-08-21 08:16:45',1,15,'7','Purulia ',1,''),(33,'2009-08-21 08:17:31',1,15,'8','Dharwad ',1,''),(34,'2009-08-21 08:18:07',1,14,'9','Dr. Nadagouda',1,''),(35,'2009-08-21 08:18:21',1,15,'9','Kushalnagar ',1,''),(36,'2009-08-21 08:18:50',1,15,'10','Bangalore Rural',1,''),(37,'2009-08-21 08:19:30',1,16,'1','Samnapur',1,''),(38,'2009-08-21 08:19:39',1,16,'2','Saka',1,''),(39,'2009-08-21 08:19:53',1,16,'3','Mogaon',1,''),(40,'2009-08-21 08:20:11',1,16,'4','Bagli',1,''),(41,'2009-08-21 08:20:27',1,16,'5','Amarpur',1,''),(42,'2009-08-21 08:20:39',1,16,'6','Chaibasa',1,''),(43,'2009-08-21 08:20:51',1,16,'7','Chakradhapur',1,''),(44,'2009-08-21 08:21:06',1,16,'8','Hatgamaria',1,''),(45,'2009-08-21 08:21:21',1,16,'9','Thorpa',1,''),(46,'2009-08-21 08:21:38',1,16,'10','Artiki',1,''),(47,'2009-08-21 08:21:48',1,16,'11','Muru',1,''),(48,'2009-08-21 08:22:02',1,16,'12','Karanjia',1,''),(49,'2009-08-21 08:22:14',1,16,'13','Jashipur',1,''),(50,'2009-08-21 08:22:32',1,16,'14','Purulia',1,''),(51,'2009-08-21 08:22:44',1,16,'15','Surshettikoppa',1,''),(52,'2009-08-21 08:22:54',1,16,'16','Kushalnagar',1,''),(53,'2009-08-21 08:23:05',1,16,'17','Kodugu',1,''),(54,'2009-08-21 08:23:17',1,16,'18','Hunsur',1,''),(55,'2009-08-21 08:23:28',1,16,'19','Kanakapura',1,''),(56,'2009-08-21 08:24:37',1,17,'1','temp1',1,''),(57,'2009-08-21 08:25:00',1,20,'1','person1',1,''),(58,'2009-08-21 08:25:55',1,19,'1','Group1',1,''),(59,'2009-08-21 08:26:27',1,22,'1','Animator1',1,''),(60,'2009-08-21 08:28:24',1,26,'1','Hindi',1,''),(61,'2009-08-21 08:28:31',1,26,'2','English',1,''),(62,'2009-08-21 08:28:46',1,26,'3','Mundari',1,''),(63,'2009-08-21 08:29:02',1,26,'4','Sadri',1,''),(64,'2009-08-21 08:32:26',1,28,'1','Vermicompost',1,''),(65,'2009-08-21 08:51:11',1,27,'1','Tomato Harvesting',1,''),(66,'2009-08-21 09:16:57',1,27,'1','Tomato Harvesting',2,'Changed storyboard_filename.'),(67,'2009-08-21 13:31:52',1,28,'2','Harvesting',1,''),(68,'2009-08-21 13:32:05',1,28,'3','Sowing',1,''),(69,'2009-08-21 13:32:27',1,20,'2','person2',1,''),(70,'2009-08-21 13:32:39',1,20,'3','person3',1,''),(71,'2009-08-21 13:33:01',1,20,'4','person4',1,''),(72,'2009-08-21 13:33:22',1,20,'5','person5',1,''),(73,'2009-08-21 13:33:39',1,20,'6','person6',1,''),(74,'2009-08-21 13:33:55',1,20,'7','person7',1,''),(75,'2009-08-21 13:34:10',1,20,'8','person8',1,''),(76,'2009-08-21 13:34:36',1,20,'9','person9',1,''),(77,'2009-08-21 13:34:53',1,20,'10','person10',1,''),(78,'2009-08-21 13:41:35',1,27,'2','Lac spraying ',1,''),(79,'2009-08-21 13:41:48',1,27,'2','Lac spraying ',2,'No fields changed.'),(80,'2009-08-21 13:54:15',1,17,'2','village1',1,''),(81,'2009-08-21 13:54:25',1,17,'3','village2',1,''),(82,'2009-08-21 13:54:34',1,17,'4','village3',1,''),(83,'2009-08-21 13:54:43',1,17,'5','village4',1,''),(84,'2009-08-21 13:54:56',1,17,'6','village5',1,''),(85,'2009-08-21 13:59:14',1,27,'3','Lac spraying and harvesting',1,''),(86,'2009-08-21 14:37:24',1,27,'4','video-temp',1,''),(87,'2009-08-22 03:51:31',1,29,'1','Screening object',1,''),(88,'2009-08-22 04:18:25',1,29,'2','Screening object',1,''),(89,'2009-08-23 00:26:37',1,29,'3','Screening object',1,''),(90,'2009-08-23 00:28:48',1,29,'3','2009-08-23 village1',2,'Added person meeting attendance \"PersonMeetingAttendance object\".'),(91,'2009-08-25 11:06:26',1,3,'1','Field Officer',1,''),(92,'2009-08-25 11:11:00',1,3,'2','Development Manager',1,''),(93,'2009-08-25 11:12:13',1,4,'2','development_manager',1,''),(94,'2009-08-25 11:14:08',1,4,'2','development_manager',2,'Changed is_staff and groups.'),(95,'2009-08-25 11:14:45',1,4,'3','field_officer',1,''),(96,'2009-08-25 11:15:18',1,4,'3','field_officer',2,'Changed is_staff and groups.'),(97,'2009-08-25 23:40:50',1,29,'3','2009-08-23 village1',2,'No fields changed.'),(98,'2009-08-27 08:22:36',1,33,'1','Random object',1,''),(99,'2009-08-27 08:25:10',1,33,'2','Random object',1,''),(100,'2009-08-27 08:25:20',1,33,'3','Random object',1,''),(101,'2009-08-29 04:05:01',1,22,'2','animator2',1,''),(102,'2009-08-31 00:28:59',1,33,'4','Random object',1,''),(103,'2009-08-31 00:35:50',1,33,'5','Random object',1,''),(104,'2009-08-31 05:18:55',1,33,'6','Random object',1,''),(105,'2009-08-31 05:19:26',1,33,'7','Random object',1,''),(106,'2009-08-31 05:19:41',1,33,'8','Random object',1,''),(107,'2009-09-02 05:57:00',1,27,'4','video-temp',2,'No fields changed.'),(108,'2009-09-02 05:57:37',1,27,'4','video-temp',2,'No fields changed.'),(109,'2009-09-04 02:44:14',1,11,'5','asd',1,''),(110,'2009-09-04 02:44:40',1,11,'5','asd',2,'No fields changed.'),(111,'2009-09-04 02:44:57',1,11,'5','asd',3,''),(112,'2009-09-04 05:45:07',1,11,'6','dssfdsfsdf',1,''),(113,'2009-09-04 05:45:46',1,11,'6','dssfdsfsdf',3,''),(114,'2009-09-07 04:57:15',1,22,'1','Animator1',2,'Added animator assigned village \"AnimatorAssignedVillage object\".'),(115,'2009-09-09 10:00:17',1,22,'3','animator3',1,''),(116,'2009-09-10 09:05:46',1,11,'7','temp',1,''),(117,'2009-09-10 09:05:59',1,11,'7','temp',3,''),(118,'2009-09-11 00:36:39',1,29,'4','2009-09-11 village3',1,''),(119,'2009-09-11 00:40:09',1,29,'4','2009-09-11 village3',3,''),(120,'2009-09-11 04:26:48',1,29,'3','2009-08-23 village3',2,'Changed village and animator.'),(121,'2009-09-12 11:07:37',1,19,'2','temp',1,''),(122,'2009-09-12 11:45:44',1,11,'8','sdsada',1,''),(123,'2009-09-12 11:46:38',1,11,'9','sadasdasdasd',1,''),(124,'2009-09-12 11:46:49',1,11,'9','sadasdasdasd',3,''),(125,'2009-09-12 11:46:49',1,11,'8','sdsada',3,''),(126,'2009-09-13 00:38:37',1,5,'109','scs',1,''),(127,'2009-09-13 00:38:49',1,5,'109','scs',3,''),(128,'2009-09-15 03:52:39',1,29,'5','2009-09-15 village3',1,''),(129,'2009-09-15 03:52:56',1,29,'5','2009-09-15 village3',3,''),(130,'2009-09-15 03:54:50',1,29,'6','2009-09-15 temp1',1,''),(131,'2009-09-15 03:55:00',1,29,'6','2009-09-15 temp1',3,''),(132,'2009-09-15 03:56:01',1,22,'4','animator4',1,''),(133,'2009-09-15 03:56:11',1,29,'7','2009-09-15 temp1',1,''),(134,'2009-09-15 03:57:03',1,29,'7','2009-09-15 temp1',3,''),(135,'2009-09-17 04:21:32',1,19,'1','Group1',2,'Changed village.'),(136,'2009-09-17 04:22:09',1,20,'1','person1',2,'Changed group.'),(137,'2009-09-17 04:22:21',1,20,'2','person2',2,'Changed group.'),(138,'2009-09-17 04:22:31',1,20,'3','person3',2,'Changed group.'),(139,'2009-09-17 04:22:40',1,20,'4','person4',2,'Changed group.'),(140,'2009-09-18 02:16:57',1,29,'8','2009-09-18 village3',1,''),(141,'2009-09-18 02:34:08',1,29,'9','2009-09-18 temp1',1,''),(142,'2009-09-18 02:40:36',1,29,'10','2009-09-18 temp1',1,''),(143,'2009-09-18 03:20:15',1,29,'11','2009-09-18 temp1',1,''),(144,'2009-09-18 03:20:45',1,29,'11','2009-09-18 temp1',3,''),(145,'2009-09-18 03:24:11',1,29,'14','2009-09-18 temp1',1,''),(146,'2009-09-18 03:24:22',1,29,'14','2009-09-18 temp1',3,''),(147,'2009-09-18 03:31:48',1,29,'15','2009-09-18 village3',1,''),(148,'2009-09-18 03:33:43',1,29,'16','2009-09-18 village3',1,''),(149,'2009-09-18 03:34:51',1,29,'16','2009-09-18 village3',3,''),(150,'2009-09-18 03:34:51',1,29,'15','2009-09-18 village3',3,''),(151,'2009-09-19 01:29:28',1,17,'2','village1',2,'No fields changed.'),(152,'2009-09-19 01:59:35',1,17,'7','temp',1,''),(153,'2009-09-20 18:47:42',1,17,'8','sadsada',1,''),(154,'2009-09-20 18:47:59',1,17,'8','sadsada',3,''),(155,'2009-09-20 18:49:21',1,17,'9','Village6',1,''),(156,'2009-09-21 01:24:10',1,19,'12','dffsd',1,''),(157,'2009-09-21 01:24:24',1,19,'12','dffsd',3,''),(158,'2009-09-21 01:24:24',1,19,'11','sasda',3,''),(159,'2009-09-22 04:28:01',1,17,'10','village7',1,''),(160,'2009-09-22 04:30:04',1,19,'13','Grp1',2,'Added person \"p1\". Added person \"p2\".'),(161,'2009-09-22 06:12:09',1,22,'5','a7',1,''),(162,'2009-09-22 06:16:28',1,19,'14','Grp2',2,'Added person \"p3\".'),(163,'2009-09-22 11:23:33',1,29,'17','2009-09-22 temp1',1,''),(164,'2009-09-28 00:52:20',1,26,'5','sada',3,''),(165,'2009-09-28 01:51:40',1,26,'7','lang2',1,''),(166,'2009-09-28 02:01:25',1,26,'8','',3,''),(167,'2009-09-28 02:41:07',1,26,'11','sasdad',1,''),(168,'2009-09-28 02:41:23',1,26,'11','sasdad',3,''),(169,'2009-09-28 02:41:23',1,26,'10','12312',3,''),(170,'2009-09-28 02:41:23',1,26,'9','123',3,''),(171,'2009-09-28 02:41:23',1,26,'7','lang2',3,''),(172,'2009-09-28 02:41:23',1,26,'6','lang1',3,''),(173,'2009-09-28 03:22:33',1,26,'15','sad',1,''),(174,'2009-09-28 03:22:50',1,26,'15','sad',3,''),(175,'2009-09-28 03:23:59',1,26,'18','sadsd',3,''),(176,'2009-09-28 03:23:59',1,26,'17','sadsd',3,''),(177,'2009-09-28 03:23:59',1,26,'16','sadsd',3,''),(178,'2009-09-28 03:24:12',1,26,'14','english',3,''),(179,'2009-09-28 03:24:12',1,26,'13','english',3,''),(180,'2009-09-28 03:24:12',1,26,'12','english',3,''),(181,'2009-09-28 03:24:26',1,26,'19','Telgu',1,''),(182,'2009-09-28 03:39:48',1,26,'20','asdas',3,''),(183,'2009-09-30 06:48:04',1,26,'23','english111',3,''),(184,'2009-09-30 06:48:04',1,26,'22','12432',3,''),(185,'2009-09-30 06:48:04',1,26,'21','12432',3,''),(186,'2009-09-30 09:05:46',1,26,'31','asdsadas',3,''),(187,'2009-09-30 09:05:46',1,26,'30','l3',3,''),(188,'2009-09-30 09:05:46',1,26,'29','l2',3,''),(189,'2009-09-30 09:05:46',1,26,'28','xczxasdasd',3,''),(190,'2009-09-30 09:05:46',1,26,'27','sdasdasdsa ascmasdlkmaslk',3,''),(191,'2009-09-30 09:05:46',1,26,'26','sadasadsad',3,''),(192,'2009-09-30 09:05:46',1,26,'25','tsm',3,''),(193,'2009-09-30 09:05:46',1,26,'24','l1',3,''),(194,'2009-09-30 22:59:09',1,26,'33','temp2',1,''),(195,'2009-09-30 23:14:00',1,26,'33','temp2',3,''),(196,'2009-09-30 23:14:00',1,26,'32','tmep1',3,''),(197,'2009-09-30 23:20:15',1,26,'35','temp2',1,''),(198,'2009-09-30 23:20:43',1,26,'35','temp2',3,''),(199,'2009-09-30 23:21:24',1,26,'36','temp2',1,''),(200,'2009-09-30 23:44:44',1,26,'39','blah',1,''),(201,'2009-10-01 02:33:57',1,26,'41','temp1',1,''),(202,'2009-10-01 02:34:07',1,26,'42','temp1',1,''),(203,'2009-10-01 02:34:15',1,26,'42','temp1',2,'No fields changed.'),(204,'2009-10-01 08:15:46',1,26,'48','<function language at 0x9c8ba3c>',3,''),(205,'2009-10-01 08:15:46',1,26,'47','<function language at 0x903aa3c>',3,''),(206,'2009-10-01 08:15:46',1,26,'46','<function language at 0x90c4b54>',3,''),(207,'2009-10-01 08:15:46',1,26,'45','<function language at 0x9988b1c>',3,''),(208,'2009-10-01 08:15:46',1,26,'44','<function language at 0xa56cae4>',3,''),(209,'2009-10-01 08:15:46',1,26,'43','<function language at 0xa052ca4>',3,''),(210,'2009-10-01 08:15:46',1,26,'42','temp1',3,''),(211,'2009-10-01 08:15:46',1,26,'41','temp1',3,''),(212,'2009-10-01 08:15:46',1,26,'40','hh',3,''),(213,'2009-10-01 08:15:46',1,26,'39','blah',3,''),(214,'2009-10-01 08:15:46',1,26,'38','Gujarati',3,''),(215,'2009-10-01 08:15:46',1,26,'37','temp1',3,''),(216,'2009-10-01 08:15:46',1,26,'36','temp2',3,''),(217,'2009-10-01 08:15:46',1,26,'34','temp1',3,''),(218,'2009-10-01 08:31:26',1,26,'55','lsdkfnsdlkfs',3,''),(219,'2009-10-01 08:31:26',1,26,'54','lsdkfnsdlkfs',3,''),(220,'2009-10-01 08:31:26',1,26,'53','sdfdmdsl;fmsd;lf',3,''),(221,'2009-10-01 08:31:26',1,26,'52','slksdkmaskldmas',3,''),(222,'2009-10-01 08:31:26',1,26,'51','<function language at 0xa1c2b54>',3,''),(223,'2009-10-01 08:31:26',1,26,'50','<function language at 0x9202b54>',3,''),(224,'2009-10-01 08:31:26',1,26,'49','<function language at 0x8aaad4c>',3,''),(225,'2009-10-01 08:32:28',1,26,'56','skdamldk',1,''),(226,'2009-10-01 08:35:52',1,26,'59','temwpsdfds',1,''),(227,'2009-10-01 08:37:32',1,26,'60','temp22lknk',3,''),(228,'2009-10-01 08:37:32',1,26,'59','temwpsdfds',3,''),(229,'2009-10-01 08:37:32',1,26,'58','temp22',3,''),(230,'2009-10-01 08:37:32',1,26,'57','temp2',3,''),(231,'2009-10-01 08:37:32',1,26,'56','skdamldk',3,''),(232,'2009-10-01 09:23:17',1,26,'75','sdmasldka',3,''),(233,'2009-10-01 09:23:17',1,26,'74','sd',3,''),(234,'2009-10-01 09:23:17',1,26,'73','dsd;fmsdf',3,''),(235,'2009-10-01 09:23:17',1,26,'72','sldkas',3,''),(236,'2009-10-01 09:23:17',1,26,'71','please',3,''),(237,'2009-10-01 09:23:17',1,26,'70','sdfsdf',3,''),(238,'2009-10-01 09:23:17',1,26,'69','faltus.d,masd;l',3,''),(239,'2009-10-01 09:23:17',1,26,'68','faltus.d,ma',3,''),(240,'2009-10-01 09:23:17',1,26,'67','faltu',3,''),(241,'2009-10-01 09:23:17',1,26,'66','fina;l',3,''),(242,'2009-10-01 09:23:17',1,26,'65','temp1',3,''),(243,'2009-10-01 09:23:17',1,26,'64','ldslmfdls;f',3,''),(244,'2009-10-01 09:23:17',1,26,'63','sadasd',3,''),(245,'2009-10-01 09:23:17',1,26,'62','temlsdfzx.c, zx',3,''),(246,'2009-10-01 09:23:17',1,26,'61','temlsdf',3,''),(247,'2009-10-01 09:27:12',1,26,'76','1',1,''),(248,'2009-10-01 09:27:34',1,26,'76','1',3,''),(249,'2009-10-01 10:34:25',1,26,'85','sdasd',3,''),(250,'2009-10-01 10:34:25',1,26,'84','1111',3,''),(251,'2009-10-01 10:34:25',1,26,'83','dd',3,''),(252,'2009-10-01 10:34:25',1,26,'82','1',3,''),(253,'2009-10-01 10:34:25',1,26,'81','4',3,''),(254,'2009-10-01 10:34:25',1,26,'80','3',3,''),(255,'2009-10-01 10:34:25',1,26,'79','2',3,''),(256,'2009-10-01 10:34:25',1,26,'78','1',3,''),(257,'2009-10-01 10:34:25',1,26,'77','1',3,''),(258,'2009-10-01 23:39:09',1,26,'92','6',3,''),(259,'2009-10-01 23:39:09',1,26,'91','5',3,''),(260,'2009-10-01 23:39:09',1,26,'90','5',3,''),(261,'2009-10-01 23:39:09',1,26,'89','4',3,''),(262,'2009-10-01 23:39:09',1,26,'88','3',3,''),(263,'2009-10-01 23:39:09',1,26,'87','2',3,''),(264,'2009-10-01 23:39:09',1,26,'86','1',3,''),(265,'2009-10-01 23:39:36',1,26,'93','1',1,''),(266,'2009-10-02 00:28:42',1,26,'98','7',3,''),(267,'2009-10-02 00:28:42',1,26,'97','7',3,''),(268,'2009-10-02 00:28:42',1,26,'96','6',3,''),(269,'2009-10-02 00:28:42',1,26,'95','3',3,''),(270,'2009-10-02 00:28:42',1,26,'94','1',3,''),(271,'2009-10-02 00:28:42',1,26,'93','1',3,''),(272,'2009-10-02 01:32:06',1,26,'111','hjjj',3,''),(273,'2009-10-02 01:32:06',1,26,'110','dsfdsf',3,''),(274,'2009-10-02 01:32:06',1,26,'109','2',3,''),(275,'2009-10-02 01:32:06',1,26,'108','hjjj',3,''),(276,'2009-10-02 01:32:06',1,26,'107','2',3,''),(277,'2009-10-02 01:32:06',1,26,'106','b',3,''),(278,'2009-10-02 01:32:06',1,26,'105','2sada',3,''),(279,'2009-10-02 01:32:06',1,26,'104','b',3,''),(280,'2009-10-02 01:32:06',1,26,'103','2sada',3,''),(281,'2009-10-02 01:32:06',1,26,'102','8',3,''),(282,'2009-10-02 01:32:06',1,26,'101','8',3,''),(283,'2009-10-02 01:32:06',1,26,'100','cynosure',3,''),(284,'2009-10-02 01:32:06',1,26,'99','2',3,''),(285,'2009-10-02 01:36:54',1,26,'115','asdas',1,''),(286,'2009-10-02 01:44:47',1,26,'119','sdasdasdasdss',3,''),(287,'2009-10-02 01:44:47',1,26,'118','sdasdasdas',3,''),(288,'2009-10-02 01:44:47',1,26,'117','sdasdasdas',3,''),(289,'2009-10-02 01:44:47',1,26,'116','232',3,''),(290,'2009-10-02 01:44:47',1,26,'115','asdas',3,''),(291,'2009-10-02 01:44:47',1,26,'114','sdsda',3,''),(292,'2009-10-02 01:44:47',1,26,'113','sdsda',3,''),(293,'2009-10-02 01:44:47',1,26,'112','sdsda',3,''),(294,'2009-10-04 00:41:08',1,8,'6','Region5',3,''),(295,'2009-10-04 00:41:08',1,8,'5','Region5',3,''),(296,'2009-10-04 00:41:08',1,8,'4','Region4',3,''),(297,'2009-10-05 04:08:41',1,8,'1','Madhya Pradesh',2,'Changed region_name.'),(298,'2009-10-05 04:08:48',1,8,'1','Madhya Pradesh',2,'No fields changed.'),(299,'2009-10-05 04:09:01',1,8,'2','Crusaders',2,'Changed region_name.'),(300,'2009-10-05 04:09:14',1,8,'3','Karnataka',2,'Changed region_name.'),(301,'2009-10-05 23:56:11',1,26,'122','english',3,''),(302,'2009-10-05 23:56:11',1,26,'121','sdf',3,''),(303,'2009-10-05 23:56:11',1,26,'120','temp1',3,''),(304,'2009-10-06 01:21:35',1,8,'7','<script type=\"text/javascript\">alert(\"HAHA!\")</script>',1,''),(305,'2009-10-06 01:23:12',1,8,'8','<script type=\"text/javascript\">alert(\"HAHA!\");</script>',1,''),(306,'2009-10-06 01:39:46',1,8,'8','<script type=\"text/javascript\">alert(\"HAHA!\");</script>',3,''),(307,'2009-10-06 01:39:46',1,8,'7','<script type=\"text/javascript\">alert(\"HAHA!\")</script>',3,''),(308,'2009-10-06 02:38:12',1,11,'10','a7',1,''),(309,'2009-10-06 02:38:21',1,11,'10','a7',3,''),(310,'2009-10-06 03:14:44',1,13,'5','asdasd',1,''),(311,'2009-10-06 03:14:59',1,13,'5','asdasd',3,''),(312,'2009-10-06 04:18:55',1,20,'16','asdas',1,''),(313,'2009-10-06 04:19:23',1,20,'16','asdas',3,''),(314,'2009-10-06 05:48:53',1,29,'18','2009-10-06 village7',1,''),(315,'2009-10-06 08:14:32',1,27,'5','lknlm',1,''),(316,'2009-10-06 08:14:45',1,27,'5','lknlm',3,''),(317,'2009-10-06 08:55:01',1,27,'6','sdfdksdlf',1,''),(318,'2009-10-06 08:55:18',1,27,'6','sdfdksdlf',3,''),(319,'2009-10-06 08:56:29',1,17,'10','village7',3,''),(320,'2009-10-06 08:56:29',1,17,'9','Village6',3,''),(321,'2009-10-06 08:56:29',1,17,'7','temp',3,''),(322,'2009-10-06 08:56:29',1,17,'6','village5',3,''),(323,'2009-10-06 08:56:29',1,17,'5','village4',3,''),(324,'2009-10-06 08:56:29',1,17,'4','village3',3,''),(325,'2009-10-06 08:56:29',1,17,'3','village2',3,''),(326,'2009-10-06 08:56:29',1,17,'2','village1',3,''),(327,'2009-10-06 08:56:29',1,17,'1','temp1',3,''),(328,'2009-10-06 08:58:06',1,17,'10','village7',3,''),(329,'2009-10-06 08:58:06',1,17,'9','Village6',3,''),(330,'2009-10-06 08:58:06',1,17,'7','temp',3,''),(331,'2009-10-06 08:58:06',1,17,'6','village5',3,''),(332,'2009-10-06 08:58:06',1,17,'5','village4',3,''),(333,'2009-10-06 08:58:06',1,17,'4','village3',3,''),(334,'2009-10-06 08:58:06',1,17,'3','village2',3,''),(335,'2009-10-06 08:58:06',1,17,'2','village1',3,''),(336,'2009-10-06 08:58:06',1,17,'1','temp1',3,''),(337,'2009-10-06 08:58:44',1,12,'6','xz',3,''),(338,'2009-10-06 09:02:58',1,17,'11','Village1',1,''),(339,'2009-10-06 09:03:47',1,22,'6','Animator1',2,'Added animator assigned village \"AnimatorAssignedVillage object\".'),(340,'2009-10-06 09:04:04',1,22,'7','Animator2',2,'Added animator assigned village \"AnimatorAssignedVillage object\".'),(341,'2009-10-06 09:04:22',1,22,'8','Animator3',2,'Added animator assigned village \"AnimatorAssignedVillage object\".'),(342,'2009-10-06 09:04:40',1,22,'9','Animator4',2,'Added animator assigned village \"AnimatorAssignedVillage object\".'),(343,'2009-10-06 09:04:56',1,22,'10','Animator5',2,'Added animator assigned village \"AnimatorAssignedVillage object\".'),(344,'2009-10-06 09:07:27',1,19,'15','Group1',2,'Added person \"Person1\". Added person \"Person2\".'),(345,'2009-10-06 09:08:06',1,19,'16','Group2',2,'Added person \"Person3\". Added person \"Person4\".'),(346,'2009-10-06 09:09:06',1,19,'17','Group3',2,'Added person \"Person5\". Added person \"Person6\".'),(347,'2009-10-06 09:09:16',1,19,'19','Group5',3,''),(348,'2009-10-06 09:09:16',1,19,'18','Group4',3,''),(349,'2009-10-06 09:14:14',1,17,'11','Village1',2,'Changed partner for animator \"Animator2\". Changed partner for animator \"Animator3\". Changed partner for animator \"Animator4\".'),(350,'2009-10-06 09:15:36',1,17,'12','Village2',1,''),(351,'2009-10-06 09:16:34',1,20,'23','per1',1,''),(352,'2009-10-06 09:17:08',1,20,'24','per2',1,''),(353,'2009-10-06 09:17:31',1,20,'25','per3',1,''),(354,'2009-10-06 09:17:50',1,20,'26','per4',1,''),(355,'2009-10-06 09:19:39',1,17,'13','Village3',1,''),(356,'2009-10-06 09:20:49',1,19,'23','G1',2,'Added person \"p1\". Added person \"p2\". Added person \"p3\".'),(357,'2009-10-06 09:21:45',1,19,'24','G2',2,'Added person \"p4\".'),(358,'2009-10-06 09:22:25',1,19,'25','G3',2,'Added person \"p5\".'),(359,'2009-10-06 09:23:31',1,22,'11','anim1',2,'Added animator assigned village \"AnimatorAssignedVillage object\".'),(360,'2009-10-06 09:24:00',1,22,'12','anim2',2,'Added animator assigned village \"AnimatorAssignedVillage object\".'),(361,'2009-10-06 09:24:17',1,22,'13','anim3',2,'Added animator assigned village \"AnimatorAssignedVillage object\".'),(362,'2009-10-06 09:24:36',1,22,'14','a1',2,'Added animator assigned village \"AnimatorAssignedVillage object\".'),(363,'2009-10-06 09:24:48',1,22,'15','a2',2,'Added animator assigned village \"AnimatorAssignedVillage object\".'),(364,'2009-10-06 09:25:01',1,22,'16','a3',2,'Added animator assigned village \"AnimatorAssignedVillage object\".'),(365,'2009-10-06 09:26:37',1,27,'7','video1',1,''),(366,'2009-10-06 09:32:57',1,29,'19','2009-10-06 Village3',1,''),(367,'2009-10-06 09:42:08',1,27,'8','video2',1,''),(368,'2009-10-06 09:43:04',1,27,'9','video3',1,''),(369,'2009-10-08 02:02:04',1,12,'7','temp1',3,''),(370,'2009-10-08 03:02:28',1,16,'20','sadasda',3,''),(371,'2009-10-08 04:03:34',1,16,'22','sadasds',3,''),(372,'2009-10-08 04:03:34',1,16,'21','kjzxkjc',3,''),(373,'2009-10-08 04:46:58',1,12,'8','kjk',3,''),(374,'2009-10-08 04:49:30',1,15,'11','adas',3,''),(375,'2009-10-08 04:58:51',1,8,'9','dsfdsf',3,''),(376,'2009-10-08 05:29:09',1,12,'9','sdadasd',3,''),(377,'2009-10-11 02:09:20',1,19,'26','asdad',3,''),(378,'2009-10-11 02:09:36',1,20,'32','sda',3,''),(379,'2009-10-11 07:09:27',1,19,'27','try1',3,''),(380,'2009-10-11 07:09:59',1,20,'33','try1',3,''),(381,'2009-10-11 09:25:29',1,19,'30','sakdjalks',3,''),(382,'2009-10-11 09:25:29',1,19,'29','sasd',3,''),(383,'2009-10-11 09:25:29',1,19,'28','t1',3,''),(384,'2009-10-11 09:25:49',1,20,'34','sdf,dkns',3,''),(385,'2009-10-11 10:15:18',1,17,'14','assa',1,''),(386,'2009-10-11 10:16:18',1,17,'14','assa',3,''),(387,'2009-10-11 10:56:58',1,20,'35','tempp1',3,''),(388,'2009-10-11 11:13:21',1,19,'32','tempgrp',3,''),(389,'2009-10-11 11:13:21',1,19,'31','sadas',3,''),(390,'2009-10-11 12:34:59',1,29,'20','2009-10-12 Village3',1,''),(391,'2009-10-12 02:57:22',3,16,'23','b1',1,''),(392,'2009-10-12 02:59:25',2,16,'23','b1asd',2,'Changed block_name.'),(393,'2009-10-12 03:17:31',1,16,'23','b1asd',3,''),(394,'2009-10-12 03:18:10',1,15,'9','Kushalnagar ',2,'Changed fieldofficer.'),(395,'2009-10-12 03:20:27',1,15,'7','Purulia ',2,'Changed fieldofficer.'),(396,'2009-10-12 03:21:32',1,14,'10','Satyam Salil',1,''),(397,'2009-10-12 03:21:52',1,15,'2','Mandla ',2,'Changed fieldofficer.'),(398,'2009-10-12 03:23:12',1,15,'1','Dindori ',2,'Changed fieldofficer.'),(399,'2009-10-12 03:25:53',1,14,'9','Dr. Nadagouda',3,''),(400,'2009-10-12 03:25:53',1,14,'8','Mr. Avinash',3,''),(401,'2009-10-12 03:25:53',1,14,'7','Mr. Gulzar',3,''),(402,'2009-10-12 13:40:23',1,19,'33','sadas',3,''),(403,'2009-10-12 13:41:41',1,20,'38','p444',3,''),(404,'2009-10-12 13:41:41',1,20,'37','p111',3,''),(405,'2009-10-12 13:41:41',1,20,'36','p222',3,''),(406,'2009-10-12 13:44:34',1,12,'10','tmeep1',3,''),(407,'2009-10-12 13:49:59',1,3,'2','Development Manager',2,'Changed permissions.'),(408,'2009-10-12 13:53:17',1,3,'1','Field Officer',2,'Changed permissions.'),(409,'2009-10-12 14:32:07',1,4,'4','satyam',1,''),(410,'2009-10-12 14:33:43',1,4,'5','archana',1,''),(411,'2009-10-12 14:34:29',1,4,'6','ramachandra',1,''),(412,'2009-10-12 14:36:40',1,4,'7','chandrashekhar',1,''),(413,'2009-10-12 14:37:54',1,4,'8','muthumari',1,''),(414,'2009-10-12 14:38:21',1,4,'9','abhishek',1,''),(415,'2009-10-12 14:38:36',1,4,'10','kevin',1,''),(416,'2009-10-12 14:38:52',1,4,'10','kevin',2,'Changed groups.'),(417,'2009-10-12 14:39:08',1,4,'9','abhishek',2,'Changed is_staff and groups.'),(418,'2009-10-12 14:39:43',1,4,'5','archana',2,'Changed is_staff and groups.'),(419,'2009-10-12 14:40:03',1,4,'7','chandrashekhar',2,'Changed is_staff and groups.'),(420,'2009-10-12 14:40:19',1,4,'10','kevin',2,'Changed is_staff.'),(421,'2009-10-12 14:40:32',1,4,'8','muthumari',2,'Changed is_staff and groups.'),(422,'2009-10-12 14:40:46',1,4,'6','ramachandra',2,'Changed is_staff and groups.'),(423,'2009-10-12 14:40:57',1,4,'4','satyam',2,'Changed is_staff and groups.'),(424,'2009-10-12 14:41:48',1,4,'11','nadagouda',1,''),(425,'2009-10-12 14:42:01',1,4,'11','nadagouda',2,'Changed is_staff and groups.'),(426,'2009-10-12 14:42:27',1,4,'12','avinash',1,''),(427,'2009-10-12 14:42:38',1,4,'12','avinash',2,'Changed is_staff and groups.'),(428,'2009-10-12 14:43:10',1,4,'13','gulzar',1,''),(429,'2009-10-12 14:43:32',1,4,'13','gulzar',2,'Changed is_staff and groups.'),(430,'2009-10-12 14:49:16',1,17,'13','Village3',3,''),(431,'2009-10-12 14:49:16',1,17,'12','Village2',3,''),(432,'2009-10-12 14:49:16',1,17,'11','Village1',3,''),(433,'2009-10-12 15:33:36',1,17,'15','t1',1,''),(434,'2009-10-12 15:34:33',1,17,'15','t1',3,''),(435,'2009-10-12 15:36:00',1,17,'16','v1',1,''),(436,'2009-10-12 15:36:34',1,17,'16','v1',3,''),(437,'2009-10-13 05:51:54',1,17,'17','village1',1,''),(438,'2009-10-13 06:01:03',1,19,'34','group1',2,'Added person \"person1\". Added person \"person2\".'),(439,'2009-10-13 06:10:35',1,17,'18','village2',1,''),(440,'2009-10-14 00:54:54',1,24,'19','AnimatorAssignedVillage object',1,''),(441,'2009-10-14 00:55:13',1,24,'20','AnimatorAssignedVillage object',1,''),(442,'2009-10-14 00:55:31',1,24,'21','AnimatorAssignedVillage object',1,''),(443,'2009-10-14 01:01:56',1,27,'10','video1',1,''),(444,'2009-10-14 01:02:43',1,27,'11','video2',1,''),(445,'2009-10-22 11:56:57',1,17,'18','village2',3,''),(446,'2009-10-22 11:56:57',1,17,'17','village1',3,''),(447,'2009-10-23 00:00:23',1,17,'19','village1',1,''),(448,'2009-10-23 04:13:51',1,20,'43','p3',3,''),(449,'2009-10-23 04:13:51',1,20,'42','p1',3,''),(450,'2009-10-23 04:13:51',1,20,'41','p2',3,''),(451,'2009-10-23 04:14:12',1,19,'41','grp3',3,''),(452,'2009-10-23 04:14:12',1,19,'40','g2',3,''),(453,'2009-10-23 04:14:12',1,19,'39','g1',3,''),(454,'2009-10-23 07:41:03',8,15,'12','Khunti',1,''),(455,'2009-10-23 19:40:11',12,26,'123','Ho',1,''),(456,'2009-10-23 19:40:16',12,26,'124','Ho',1,''),(457,'2009-10-23 19:40:30',12,26,'125','Oriya',1,''),(458,'2009-10-23 19:40:45',12,26,'126','Bengali',1,''),(459,'2009-10-26 12:46:45',1,19,'50','dsdfdsf',3,''),(460,'2009-10-26 12:46:45',1,19,'49','dsdfdsf',3,''),(461,'2009-10-26 12:46:45',1,19,'48','dsdfdsf',3,''),(462,'2009-10-26 12:46:45',1,19,'47','dsdfdsf',3,''),(463,'2009-10-26 12:46:45',1,19,'46','dsdfdsf',3,''),(464,'2009-10-26 12:46:45',1,19,'45','dsdfdsf',3,''),(465,'2009-10-26 12:46:45',1,19,'44','dsdfdsf',3,''),(466,'2009-10-26 12:46:45',1,19,'43','grp11',3,''),(467,'2009-10-26 12:46:45',1,19,'42','grp232',3,''),(468,'2009-10-26 12:47:08',1,20,'62','sdasd',3,''),(469,'2009-10-26 12:47:08',1,20,'59','sdasd',3,''),(470,'2009-10-26 12:47:08',1,20,'56','sdasd',3,''),(471,'2009-10-26 12:47:08',1,20,'53','sdasd',3,''),(472,'2009-10-26 12:47:08',1,20,'52','sdsdad',3,''),(473,'2009-10-26 12:47:08',1,20,'51','sda',3,''),(474,'2009-10-26 12:47:08',1,20,'50','sdasd',3,''),(475,'2009-10-26 12:47:08',1,20,'49','per3',3,''),(476,'2009-10-26 12:47:08',1,20,'48','sdad',3,''),(477,'2009-10-26 12:47:08',1,20,'47','perwe',3,''),(478,'2009-10-26 12:47:08',1,20,'46','perere',3,''),(479,'2009-10-26 12:47:08',1,20,'45','pwerer',3,''),(480,'2009-10-26 12:47:08',1,20,'44','per1',3,''),(481,'2009-10-27 03:28:11',1,20,'73','6person',3,''),(482,'2009-10-27 03:28:11',1,20,'72','5person',3,''),(483,'2009-10-27 03:28:11',1,20,'71','4person',3,''),(484,'2009-10-27 03:28:11',1,20,'70','per3',3,''),(485,'2009-10-27 03:28:11',1,20,'69','per2',3,''),(486,'2009-10-27 03:28:11',1,20,'68','per1',3,''),(487,'2009-10-27 03:28:27',1,19,'52','group4',3,''),(488,'2009-10-27 03:28:27',1,19,'51','group1',3,''),(489,'2009-10-27 03:49:55',1,19,'53','grp1',2,'No fields changed.'),(490,'2009-10-27 03:53:56',1,19,'53','grp1',2,'Added person \"per4\".'),(491,'2009-10-27 22:53:48',1,15,'13','dfdsfsd',3,''),(492,'2009-10-27 23:37:18',1,8,'10','sadasd',1,''),(493,'2009-10-27 23:37:54',1,11,'11','sdsa',3,''),(494,'2009-10-27 23:38:52',1,8,'10','sadasd',3,''),(495,'2009-10-28 03:31:24',1,11,'13','weqw',3,''),(496,'2009-10-28 03:31:24',1,11,'12','sadsa',3,''),(497,'2009-10-28 23:53:25',1,20,'77','per4',3,''),(498,'2009-10-28 23:53:25',1,20,'76','per3',3,''),(499,'2009-10-28 23:53:25',1,20,'75','per2',3,''),(500,'2009-10-28 23:53:25',1,20,'74','per1',3,''),(501,'2009-10-28 23:53:45',1,19,'53','grp1',3,''),(502,'2009-10-29 02:52:39',1,22,'20','a1',1,''),(503,'2009-10-30 04:49:23',1,19,'54','dssdds',1,''),(504,'2009-10-30 05:08:50',1,19,'55','dsasdd',1,''),(505,'2009-10-30 05:09:30',1,19,'56','dfdsdfs',1,''),(506,'2009-10-30 05:25:12',1,19,'57','dfdsdfssadasda',1,''),(507,'2009-10-30 05:25:39',1,19,'58','dfdsdfssadasda',1,''),(508,'2009-10-30 06:14:08',1,19,'58','dfdsdfssadasda',3,''),(509,'2009-10-30 06:14:08',1,19,'57','dfdsdfssadasda',3,''),(510,'2009-10-30 06:14:08',1,19,'56','dfdsdfs',3,''),(511,'2009-10-30 06:14:08',1,19,'55','dsasdd',3,''),(512,'2009-10-30 06:14:08',1,19,'54','dssdds',3,''),(513,'2009-10-30 06:58:40',1,19,'59','sadasd',1,''),(514,'2009-10-30 06:59:51',1,19,'60','sadasd',1,''),(515,'2009-10-31 02:49:43',10,14,'1','Kevin Gandhi',2,'Changed age and hire_date.'),(516,'2009-10-31 02:49:54',10,14,'1','Kevin Gandhi',2,'No fields changed.'),(517,'2009-10-31 03:00:30',10,14,'1','Kevin Gandhi',2,'Changed phone_no and address.'),(518,'2009-11-01 21:24:26',1,24,'24','AnimatorAssignedVillage object',3,''),(519,'2009-11-01 21:24:26',1,24,'23','AnimatorAssignedVillage object',3,''),(520,'2009-11-01 21:24:26',1,24,'22','AnimatorAssignedVillage object',3,''),(521,'2009-11-05 03:34:56',5,26,'127','kannada',1,''),(522,'2009-11-05 06:17:32',1,22,'26','dfsdf',3,''),(523,'2009-11-05 06:17:32',1,22,'25','dfsdf',3,''),(524,'2009-11-05 06:17:32',1,22,'24','dfsdf',3,''),(525,'2009-11-05 06:17:32',1,22,'23','dfsdf',3,''),(526,'2009-11-05 06:17:32',1,22,'22','dfsdf',3,''),(527,'2009-11-05 06:17:32',1,22,'21','dfsdf',3,''),(528,'2009-11-05 10:38:01',1,17,'19','village1',3,''),(529,'2009-11-05 11:41:39',1,17,'20','village1',1,''),(530,'2009-11-05 11:43:17',1,17,'21','village2',1,''),(531,'2009-11-05 11:43:42',1,24,'27','AnimatorAssignedVillage object',1,''),(532,'2009-11-05 11:43:51',1,24,'28','AnimatorAssignedVillage object',1,''),(533,'2009-11-05 11:44:00',1,24,'29','AnimatorAssignedVillage object',1,''),(534,'2009-11-05 11:44:09',1,24,'30','AnimatorAssignedVillage object',1,''),(535,'2009-11-05 11:44:20',1,24,'31','AnimatorAssignedVillage object',1,''),(536,'2009-11-05 11:45:08',1,19,'61','group1',2,'Added person \"per1\". Added person \"per2\". Added person \"per3\".'),(537,'2009-11-05 11:45:38',1,19,'62','group2',2,'Added person \"per4\". Added person \"per5\".'),(538,'2009-11-05 11:46:11',1,19,'61','group1',2,'Changed person_name for person \"person1\". Changed person_name for person \"person2\". Changed person_name for person \"person3\".'),(539,'2009-11-05 11:46:29',1,19,'62','group2',2,'Changed person_name for person \"person4\". Changed person_name for person \"person5\".'),(540,'2009-11-05 11:46:59',1,19,'63','group3',2,'Added person \"person6\". Added person \"person7\".'),(541,'2009-11-05 11:47:44',1,19,'64','grp1',2,'Added person \"per1\". Added person \"per2\". Added person \"per3\".'),(542,'2009-11-05 11:48:30',1,19,'65','grp2',2,'Added person \"per4\". Added person \"per5\". Added person \"per6\".'),(543,'2009-11-05 12:00:06',1,17,'20','village1',2,'No fields changed.'),(544,'2009-11-05 12:06:56',1,24,'32','AnimatorAssignedVillage object',1,''),(545,'2009-11-05 12:10:39',1,27,'12','video1',1,''),(546,'2009-11-07 01:57:22',1,17,'21','village2',2,'Added Person group \"grp3\".'),(547,'2009-11-07 02:02:03',1,24,'33','AnimatorAssignedVillage object',1,''),(548,'2009-11-07 02:02:20',1,24,'34','AnimatorAssignedVillage object',1,''),(549,'2009-11-07 02:03:06',1,24,'34','AnimatorAssignedVillage object',2,'Changed village.'),(550,'2009-11-07 02:24:57',1,28,'4','interagricultural  ',1,''),(551,'2009-11-10 12:10:40',1,14,'11','sad',3,''),(552,'2009-11-11 01:53:19',1,13,'6','sadas',3,''),(553,'2009-11-13 03:24:02',1,20,'101','dasda',3,''),(554,'2009-11-13 03:24:12',1,20,'100','dasda',3,''),(555,'2009-11-13 10:49:20',1,20,'103','sada',3,''),(556,'2009-11-13 10:49:20',1,20,'102','asdsa',3,''),(557,'2009-11-13 10:49:36',1,19,'71','sda',3,''),(558,'2009-11-13 10:49:36',1,19,'70','sadasd',3,''),(559,'2009-11-13 10:49:36',1,19,'69','sdad',3,''),(560,'2009-11-13 10:49:36',1,19,'68','sdad',3,''),(561,'2009-11-13 10:49:36',1,19,'67','asdasd',3,''),(562,'2009-11-13 11:08:27',1,28,'5','sdad',3,''),(563,'2009-11-13 11:08:37',1,28,'4','interagricultural  ',3,''),(564,'2009-11-15 08:09:01',1,26,'124','Ho',3,''),(565,'2009-11-17 00:30:20',1,17,'23','sdsad',2,'Added Person group \"ZSxAs\".'),(566,'2009-11-17 00:30:42',1,17,'23','sdsad',3,''),(567,'2009-11-17 00:30:42',1,17,'22','dsfds',3,''),(568,'2009-11-23 05:37:21',1,27,'13','sdasd',3,''),(569,'2009-11-23 05:40:59',1,29,'21','2009-11-23 village2',1,''),(570,'2009-12-01 11:29:37',1,8,'3','Beacons ',2,'Changed region_name.'),(571,'2009-12-01 11:30:07',1,8,'1','Pioneers ',2,'Changed region_name.'),(572,'2009-12-11 00:55:25',8,16,'9','Torpa',2,'Changed block_name.'),(573,'2009-12-11 00:55:47',8,16,'10','Erki',2,'Changed block_name.'),(574,'2009-12-11 00:56:02',8,16,'11','Murhu',2,'Changed block_name.'),(575,'2009-12-11 00:56:37',8,16,'24','Khunti',1,''),(576,'2009-12-11 01:03:30',8,17,'24','Navatoli 1',1,''),(577,'2009-12-11 01:04:08',8,17,'24','Navatoli 1',2,'No fields changed.'),(578,'2009-12-11 21:55:47',8,17,'25','Jibilong',1,''),(579,'2009-12-11 21:56:11',8,22,'34','Salim',1,''),(580,'2009-12-11 22:29:27',8,17,'26','Tati',1,''),(581,'2009-12-11 22:50:26',8,22,'34','Salim',2,'Added animator assigned village \"AnimatorAssignedVillage object\". Added animator assigned village \"AnimatorAssignedVillage object\". Added animator assigned village \"AnimatorAssignedVillage object\".'),(582,'2009-12-11 23:15:41',8,28,'6','Intercultural',1,''),(583,'2009-12-11 23:26:15',8,28,'7','Intercultural',1,''),(584,'2009-12-12 05:44:31',8,19,'76','Production farmer group',1,''),(585,'2009-12-12 08:47:19',8,27,'14','Potato intercultural',1,''),(586,'2009-12-15 21:49:34',8,17,'27','Gufu',1,''),(587,'2009-12-15 21:52:26',8,17,'28','Kinsu',1,''),(588,'2009-12-15 21:56:09',8,17,'29','Gopla',1,''),(589,'2009-12-15 21:58:15',8,24,'38','AnimatorAssignedVillage object',1,''),(590,'2009-12-15 21:59:54',8,24,'39','AnimatorAssignedVillage object',1,''),(591,'2009-12-15 22:07:53',8,19,'81','Sivasakthi',2,'Added person \"Dropathi Devi\". Added person \"Subatra devi\". Added person \"Milo Devi\". Added person \"Milo Kumari\". Added person \"Rahil Gudia\". Added person \"Salomi Gudia\". Added person \"Bahamani Gudia\". Added person \"Gaangi Gudia\". Added person \"Juliani Gudia\". Added person \"Sibiyani Gudia\". Added person \"Magdali Kandulona\". Added person \"Magadali Gudia\". Added person \"Somari Gudia\". Added person \"Munni Gudia\". Added person \"Binna Gudia\". Added person \"Pyari Devi\". Added person \"Ethwari Gudia\".'),(592,'2009-12-15 22:13:33',8,19,'80','Turtan Singh',2,'Added person \"Hanna Bhengra\". Added person \"Barosi Bhengra\". Added person \"Jyoti Bhengra\". Added person \"Kuwari Bhengra\". Added person \"Mukta Bhengra\". Added person \"Somari Bhengra\". Added person \"Saniyaro Bhengra\". Added person \"Agata Bhengra\". Added person \"Gaangi Bhengra\". Added person \"Chandu Bhengra\". Added person \"Sushma Bhengra\". Added person \"Ethwari badh\". Added person \"Jano Bhengra\". Added person \"Birsi Bhengra\". Added person \"Birsi Bhengra\".'),(593,'2009-12-15 22:28:19',8,19,'79','Sugandh',2,'Added person \"Shanti Bhengra\". Added person \"Sumanti Bhengra\". Added person \"Pyaro Bhengra\". Added person \"Josphina Bhengra\". Added person \"Jhony Topno\". Added person \"Birsi Topno\". Added person \"Jhariyo Topno\". Added person \"Ushki Topno\". Added person \"Gaangimuni Topno\". Added person \"Dashmi Topno\". Added person \"Chami Topno\". Added person \"Somari Topna\". Added person \"Nandi Bhengra\". Added person \"Mukta Bhengra\". Added person \"Jhony Bhengra\". Added person \"Anju Bhengra\". Added person \"Sushila Bhengra\".'),(594,'2009-12-15 22:38:02',8,19,'78','Prem',2,'Added person \"Samme Bhengra\". Added person \"Dulari Bhengra\". Added person \"Sunita Gudia\". Added person \"Jagangi Gudia\". Added person \"Hanna Gudia\". Added person \"Butan Hemrom\". Added person \"MuniBhengra\". Added person \"Randai Bhengra\". Added person \"Budhni Bhengra\". Added person \"Somari Bhengra\". Added person \"Luisa Bhengra\". Added person \"Rahil Bhengra\". Added person \"Chandu Bhengra\". Added person \"Chirlu Bhengra\". Added person \"Pratima Bhengra\". Added person \"Gaangi Bhengra\". Added person \"Jhingi Bhengra\". Added person \"Chami Bhengra\". Added person \"Singi Bhengra\". Added person \"Radhi Bhengra\".'),(595,'2009-12-15 22:49:13',8,19,'77','Niloni',2,'Added person \"Lalita Devi\". Added person \"Pushpa devi\". Added person \"Bimala Devi A\". Added person \"Kalavati Devi \". Added person \"Dasmi Devi\". Added person \"Malati devi A\". Added person \"Kunti Devi A\". Added person \"Shanti Devi\". Added person \"Bijan Devi\". Added person \"Rajmuni Devi\". Added person \"Malati devi B\". Added person \"Nankur Devi\". Added person \"Mankuwar Devi\". Added person \"Itwari Devi\". Added person \"Bimala Devi B\". Added person \"Rita Devi\". Added person \"Bolo Devi\". Added person \"Urmila Devi\".'),(596,'2009-12-15 22:53:49',8,27,'15','cabbage intercultural',1,''),(597,'2009-12-15 22:58:23',8,22,'40','Habil',1,''),(598,'2009-12-15 23:04:19',8,22,'40','Habil',2,'No fields changed.'),(599,'2009-12-15 23:39:09',8,17,'30','Bandhu',1,''),(600,'2009-12-15 23:47:22',8,19,'82','Production farmer group 1',1,''),(601,'2009-12-15 23:53:18',8,22,'41','Sudeep',1,''),(602,'2009-12-15 23:54:31',8,24,'44','AnimatorAssignedVillage object',1,''),(603,'2009-12-15 23:55:16',8,24,'45','AnimatorAssignedVillage object',1,''),(604,'2009-12-15 23:58:46',8,27,'16','Green-Pea Sowing',1,''),(605,'2009-12-16 00:07:55',8,17,'31','Lohajimi',1,''),(606,'2009-12-16 00:09:20',8,17,'32','Kajurdag',1,''),(607,'2009-12-16 00:15:45',8,19,'83','Production farmer group 2',1,''),(608,'2009-12-16 00:22:32',8,27,'17','Potato sowing',1,''),(609,'2009-12-16 00:32:01',8,28,'8','Nursery',1,''),(610,'2009-12-16 01:05:53',8,19,'84','Production farmer group 3',1,''),(611,'2009-12-16 01:07:25',8,19,'83','Production farmer group 2',2,'Added person \"Rahil Topno\".'),(612,'2009-12-16 01:11:11',8,27,'18','cabbage sowing',1,''),(613,'2009-12-16 02:29:12',8,27,'19','cauliflower nursery',1,''),(614,'2009-12-16 02:39:25',8,28,'9','Transplantation',1,''),(615,'2009-12-16 02:42:34',8,27,'20','cabbage transplantation',1,''),(616,'2009-12-16 02:55:01',8,22,'39','Sameer',2,'Added animator assigned village \"AnimatorAssignedVillage object\". Added animator assigned village \"AnimatorAssignedVillage object\". Added animator assigned village \"AnimatorAssignedVillage object\".'),(617,'2009-12-16 03:12:29',8,29,'24','2009-11-22 Gopla',1,''),(618,'2009-12-16 03:20:01',8,29,'25','2009-11-15 Gopla',1,''),(619,'2009-12-16 03:30:56',8,29,'26','2009-11-13 Gufu',1,''),(620,'2009-12-16 03:35:54',8,29,'27','2009-11-20 Gufu',1,''),(621,'2009-12-17 07:25:30',8,27,'18','cabbage nursery',2,'Changed title.'),(622,'2009-12-17 07:25:44',1,27,'18','cabbage nursery',2,'No fields changed.'),(623,'2009-12-17 07:28:56',1,22,'38','Sameer',3,''),(624,'2009-12-17 07:29:06',1,22,'37','Sameer',3,''),(625,'2009-12-17 07:30:16',1,22,'36','Sameer',3,''),(626,'2009-12-22 03:29:11',10,17,'33','Mansingpura',1,''),(627,'2009-12-22 03:32:56',10,17,'34','Neemkhada',1,''),(628,'2009-12-22 03:33:24',10,17,'33','Mansingpura',2,'No fields changed.'),(629,'2009-12-22 03:35:48',10,17,'34','Neemkhada',2,'No fields changed.'),(630,'2009-12-22 03:40:04',10,17,'35','Kisanghar',1,''),(631,'2009-12-23 20:46:38',10,17,'36','Pandutalab',1,''),(632,'2009-12-23 20:49:58',10,17,'37','Pandutalab',1,''),(633,'2009-12-23 20:51:56',10,17,'36','Pandutalab',2,'No fields changed.'),(634,'2009-12-23 20:57:04',10,17,'38','Sitapuri (Small)',1,''),(635,'2009-12-23 20:58:48',10,24,'49','AnimatorAssignedVillage object',1,''),(636,'2009-12-23 21:02:00',10,17,'39','Shampura',1,''),(637,'2009-12-23 21:03:12',10,17,'40','Semli',1,''),(638,'2009-12-23 21:04:10',10,17,'41','Jamasindh',1,''),(639,'2009-12-23 21:04:51',10,17,'42','Bisali',1,''),(640,'2009-12-23 21:07:30',10,17,'38','Sitapuri (Small)',2,'No fields changed.'),(641,'2009-12-23 21:27:13',10,19,'88','Amarnath Kisan Samu',1,''),(642,'2010-01-04 23:28:34',5,17,'43','SS Koppa',1,''),(643,'2010-01-04 23:29:38',5,16,'25','ss koppa',1,''),(644,'2010-01-04 23:36:52',5,17,'44','kamplikoppa',1,''),(645,'2010-01-05 01:01:48',5,17,'45','BN Koppa',1,''),(646,'2010-01-05 01:10:39',5,16,'26','kalgattigi',1,''),(647,'2010-01-05 01:15:38',5,17,'46','Dastikoppa',1,''),(648,'2010-01-05 01:30:45',5,17,'47','Hirehonnalli',1,''),(649,'2010-01-05 01:33:56',5,17,'48','Ganjigatti',1,''),(650,'2010-01-05 01:38:56',5,17,'49','Huniskatte',1,''),(651,'2010-01-05 01:46:29',5,17,'50','Mukkal',1,''),(652,'2010-01-07 22:35:16',5,24,'50','AnimatorAssignedVillage object',1,''),(653,'2010-01-07 22:35:49',5,24,'51','AnimatorAssignedVillage object',1,''),(654,'2010-01-07 22:36:09',5,24,'52','AnimatorAssignedVillage object',1,''),(655,'2010-01-07 22:36:36',5,24,'53','AnimatorAssignedVillage object',1,''),(656,'2010-01-07 22:36:59',5,24,'54','AnimatorAssignedVillage object',1,''),(657,'2010-01-07 22:38:17',5,24,'55','AnimatorAssignedVillage object',1,''),(658,'2010-01-07 23:17:37',5,19,'116','Public & Vijayalaxmi SHG',2,'Added person \"Nagappa Jaygoudar\". Added person \"Ramesh kamplikoppa\". Added person \"Shankarappa chinchali\". Added person \"Basappa goudara\". Added person \"Lingareddy naduvinamnai\". Added person \"Nagaraj muttagi\". Added person \"Nigappa sherewad\". Added person \"Chanabasappa shetteppanavar\". Added person \"Swamiji\". Added person \"Ireppa kabber\". Added person \"Parappa ganti\". Added person \"Irapaiah neeralagi\". Added person \"Fakirappa siddappanavar\". Added person \"Kubergouda doddagoudar\". Added person \"Honavva\". Added person \"Reshma\". Added person \"Sharravva\". Added person \"Gangamma\". Added person \"Kammalavva\". Added person \"Sahebi\". Added person \"Paravva\". Added person \"Rajibi\". Added person \"Manjula\". Added person \"Yallamma\". Added person \"Tayavva\". Added person \"Renuka\". Added person \"Tippava\". Added person \"Manjula \". Added person \"Devakka\". Added person \"Savavva\".'),(659,'2010-01-07 23:19:03',5,19,'116','Public & Vijayalaxmi SHG',2,'Added person \"Madevi Ganti\".'),(660,'2010-01-07 23:30:55',5,19,'115','Shri Jatingeshwar SHG',2,'Added person \"Iravva hulugur\". Added person \"Shantavva\". Added person \"Ningavva\". Added person \"Devakka\". Added person \"Kamalavva\". Added person \"Sushilavva\". Added person \"Renavva\". Added person \"Iravva hulgur\". Added person \"Shivakka\". Added person \"Sarswati\". Added person \"Shekavva\". Added person \"Kallavva\". Added person \"Devakka\". Added person \"Manjula\". Added person \"Basavva\". Added person \"Nelavva\". Added person \"Yellavva \". Added person \"Jayashri\". Added person \"Neelamma\". Added person \"Gangavva \". Added person \"Gadigavva\". Added person \"Neelavva\". Added person \"Rudravva Jaygoudra\". Added person \"Fakiravva\". Added person \"Channavva\". Added person \"Madevi\". Added person \"Ratnavva\". Added person \"Parvatavva\". Added person \"Mallavva \". Added person \"Gangavva\".'),(661,'2010-01-08 00:00:41',5,19,'115','Shri Jatingeshwar SHG',2,'Added person \"Hanumavva\". Added person \"Shantavva\". Added person \"Chanamma\". Added person \"Saraswati Aralikatti\". Added person \"Basavva\". Added person \"Shantavva\". Added person \"Akkamma\".'),(662,'2010-01-10 01:51:03',10,26,'128','Neemardi',1,''),(663,'2010-01-10 01:58:36',10,27,'21','Makha Harvest',1,''),(664,'2010-01-10 23:35:03',1,17,'21','village2',3,''),(665,'2010-01-10 23:35:03',1,17,'20','village1',3,''),(666,'2010-01-10 23:36:21',1,28,'7','Intercultural',3,''),(667,'2010-01-11 06:41:57',1,8,'11','TEST',1,''),(668,'2010-01-11 06:42:40',1,8,'11','TEST',3,''),(669,'2010-01-11 06:43:11',1,8,'12','TEST',1,''),(670,'2010-01-12 03:48:34',1,8,'12','TEST',3,''),(671,'2010-01-12 03:52:48',1,8,'13','TEST1',1,''),(672,'2010-01-12 04:50:31',1,8,'14','TEST',1,''),(673,'2010-01-12 08:12:41',1,8,'14','TEST',3,''),(674,'2010-01-12 08:12:41',1,8,'13','TEST1',3,''),(675,'2010-01-12 08:22:38',1,8,'15','TEST',1,''),(676,'2010-01-12 23:40:44',5,17,'50','Mukkal',2,'Changed block. Added animator \"Kalappa Badiger\".'),(677,'2010-01-12 23:47:06',5,19,'117','sreishakti mahila sangh',1,''),(678,'2010-01-12 23:48:09',5,19,'117','sreishakti mahila sangh',2,'No fields changed.'),(679,'2010-01-12 23:48:17',5,19,'117','sreishakti mahila sangh',2,'No fields changed.'),(680,'2010-01-14 04:49:44',5,17,'50','Mukkal',2,'Changed block.'),(681,'2010-01-14 04:53:43',5,17,'43','SS Koppa',2,'Changed name for animator \"Vandana\".'),(682,'2010-01-17 22:14:25',7,15,'14','Mayurbhanj',1,''),(683,'2010-01-17 22:14:28',7,16,'27','Jashipur',1,''),(684,'2010-01-17 22:18:26',7,17,'51','Ektali',1,''),(685,'2010-01-17 22:21:02',7,15,'15','Mayurbhanj',1,''),(686,'2010-01-17 22:21:16',7,16,'28','Jashipur',1,''),(687,'2010-01-17 22:53:47',7,17,'52','Deuli',1,''),(688,'2010-01-17 22:57:44',7,22,'59','Koutaki Nayak',1,''),(689,'2010-01-17 23:02:26',7,17,'53','Baria',1,''),(690,'2010-01-17 23:04:30',7,17,'54','Deuli',1,''),(691,'2010-01-17 23:04:45',7,22,'62','Ramakant',1,''),(692,'2010-01-17 23:09:04',7,17,'55','Ektali',1,''),(693,'2010-01-17 23:09:08',7,22,'64','Hrushikesh Goipai',1,''),(694,'2010-01-17 23:15:41',7,17,'56','Mangarh',1,''),(695,'2010-01-17 23:19:45',7,17,'57','Basantpur_Naiksahi',1,''),(696,'2010-01-17 23:21:53',7,17,'58','Basantpur',1,''),(697,'2010-01-17 23:22:16',7,22,'64','Hrushikesh Goipai',2,'Added animator assigned village \"AnimatorAssignedVillage object\". Added animator assigned village \"AnimatorAssignedVillage object\". Added animator assigned village \"AnimatorAssignedVillage object\".'),(698,'2010-01-17 23:25:51',7,17,'59','Kumdabadi',1,''),(699,'2010-01-17 23:25:57',7,24,'63','AnimatorAssignedVillage object',1,''),(700,'2010-01-17 23:28:54',7,17,'60','Kanthikena',1,''),(701,'2010-01-17 23:28:59',7,24,'64','AnimatorAssignedVillage object',1,''),(702,'2010-01-17 23:33:31',7,17,'61','Khandbandha',1,''),(703,'2010-01-17 23:38:16',7,17,'62','Khandbandha',1,''),(704,'2010-01-17 23:39:18',7,17,'63','Badaposhi',1,''),(705,'2010-01-17 23:39:26',7,22,'68','Paray Pingua',1,''),(706,'2010-01-17 23:40:02',7,17,'64','Khandbandha',1,''),(707,'2010-01-17 23:40:13',7,24,'67','AnimatorAssignedVillage object',1,''),(708,'2010-01-17 23:46:09',7,17,'65','Chandusahi',1,''),(709,'2010-01-17 23:50:42',7,22,'69','Kuni',1,''),(710,'2010-01-18 00:33:42',7,19,'134','Sibasakti,Bholanath',1,''),(711,'2010-01-18 00:42:01',7,19,'134','Sibasakti,Bholanath',2,'Added person \"Pramila Nayak(B)\".'),(712,'2010-01-19 11:32:57',1,8,'15','TEST',3,''),(713,'2010-01-19 11:44:02',1,17,'66','Test Village',1,''),(714,'2010-01-19 11:47:15',1,24,'68','AnimatorAssignedVillage object',1,''),(715,'2010-01-19 11:49:46',1,24,'69','AnimatorAssignedVillage object',1,''),(716,'2010-01-19 11:50:29',1,24,'70','AnimatorAssignedVillage object',1,''),(717,'2010-01-19 12:09:41',1,19,'135','grp1',2,'Added person \"p1\". Added person \"p2\".'),(718,'2010-01-19 12:11:10',1,19,'136','grp2',2,'Added person \"p3\". Added person \"p4\".'),(719,'2010-01-19 12:12:16',1,19,'137','grp3',2,'Added person \"p5\". Added person \"p6\".'),(720,'2010-01-19 12:15:32',1,22,'70','a1',2,'Changed csp_flag, camera_operator_flag and facilitator_flag.'),(721,'2010-01-19 12:15:54',1,22,'71','a2',2,'Changed csp_flag, camera_operator_flag and facilitator_flag.'),(722,'2010-01-19 12:16:14',1,22,'72','a3',2,'Changed csp_flag, camera_operator_flag and facilitator_flag.'),(723,'2010-01-19 12:23:42',1,17,'66','Test Village',2,'No fields changed.'),(724,'2010-01-27 00:17:11',7,19,'133','Maa Binapani, Maa Durga',2,'Added person \"Binati Naik\". Added person \"Hemalata Naik\". Added person \"Maalati Naik\". Added person \"Srimani Naik\". Added person \"Keshni Naik\". Added person \"Pakana Naik\". Added person \"Painta Naik\". Added person \"Sita Naik\". Added person \"Malli Naik\". Added person \"Ratani Naik\". Added person \"Somabari Naik\". Added person \"Saita Naik\". Added person \"Sukumati Naik\". Added person \"Khaira Naik\". Added person \"Padmini Naik\". Added person \"Dhukhini Hembram\". Added person \"Bini Hembram\". Added person \"Raibari Hembram\". Added person \"Suryamani  Hembram\". Added person \"Sumi Purty (A)\". Added person \"Bali Hembram\". Added person \"Mani Purty\". Added person \"Jayanti Lohar\". Added person \"Gurubari Lohar\". Added person \"Laxmi Hembram\". Added person \"Khirodi Behera\". Added person \"Sumi Purty (b)\". Added person \"Pani Hembram\".'),(725,'2010-01-27 00:17:21',7,19,'133','Maa Binapani, Maa Durga',2,'Added person \"Binati Naik\". Added person \"Hemalata Naik\". Added person \"Maalati Naik\". Added person \"Srimani Naik\". Added person \"Keshni Naik\". Added person \"Pakana Naik\". Added person \"Painta Naik\". Added person \"Sita Naik\". Added person \"Malli Naik\". Added person \"Ratani Naik\". Added person \"Somabari Naik\". Added person \"Saita Naik\". Added person \"Sukumati Naik\". Added person \"Khaira Naik\". Added person \"Padmini Naik\". Added person \"Dhukhini Hembram\". Added person \"Bini Hembram\". Added person \"Raibari Hembram\". Added person \"Suryamani  Hembram\". Added person \"Sumi Purty (A)\". Added person \"Bali Hembram\". Added person \"Mani Purty\". Added person \"Jayanti Lohar\". Added person \"Gurubari Lohar\". Added person \"Laxmi Hembram\". Added person \"Khirodi Behera\". Added person \"Sumi Purty (b)\". Added person \"Pani Hembram\".'),(726,'2010-01-27 00:17:25',7,19,'133','Maa Binapani, Maa Durga',2,'Added person \"Binati Naik\". Added person \"Hemalata Naik\". Added person \"Maalati Naik\". Added person \"Srimani Naik\". Added person \"Keshni Naik\". Added person \"Pakana Naik\". Added person \"Painta Naik\". Added person \"Sita Naik\". Added person \"Malli Naik\". Added person \"Ratani Naik\". Added person \"Somabari Naik\". Added person \"Saita Naik\". Added person \"Sukumati Naik\". Added person \"Khaira Naik\". Added person \"Padmini Naik\". Added person \"Dhukhini Hembram\". Added person \"Bini Hembram\". Added person \"Raibari Hembram\". Added person \"Suryamani  Hembram\". Added person \"Sumi Purty (A)\". Added person \"Bali Hembram\". Added person \"Mani Purty\". Added person \"Jayanti Lohar\". Added person \"Gurubari Lohar\". Added person \"Laxmi Hembram\". Added person \"Khirodi Behera\". Added person \"Sumi Purty (b)\". Added person \"Pani Hembram\".'),(727,'2010-01-27 00:23:51',7,19,'133','Maa Binapani, Maa Durga',2,'No fields changed.'),(728,'2010-01-27 00:31:47',7,19,'133','Maa Binapani, Maa Durga',2,'No fields changed.'),(729,'2010-01-27 00:44:12',7,19,'132','Maa Gajabiani, Baitrani Om Maa Tarini',2,'Added person \"Laxmi Chattar\". Added person \"Malati Pingua\". Added person \"Chmpabati Pingua\". Added person \"Rani Chattar\". Added person \"Sumtra Sai\". Added person \"Nirash Chattar\". Added person \"Sandhari Chattar\". Added person \"Gurubari Chattar\". Added person \"Yatri Chattar\". Added person \"Mukta Chattar\". Added person \"Sukrumani Pingua\". Added person \"Suryamani Chattar\". Added person \"Padmini Naik\". Added person \"Jaumani Naik\". Added person \"Pramila Naik\". Added person \"Malli Naik\". Added person \"Rajani Naik\". Added person \"Sabita Naik\". Added person \"Sumitra Naik\". Added person \"Kainta Naik\". Added person \"Saraswati Naik\". Added person \"Sadhabani Naik\". Added person \"Beni Naik\". Added person \"Jaumani Naik\". Added person \"Suniti Naik\". Added person \"Daimati Naik\". Added person \"Mandakini Naik\".'),(730,'2010-01-27 01:03:45',7,19,'131','Sri Krishna, Maa Tulashi',2,'Added person \"Rukmani Chattar\". Added person \"Meena Pingua\". Added person \"Dasama Pingua\". Added person \"Asha Pingua\". Added person \"Seti Pingua\". Added person \"Kuni Chattar\". Added person \"Subuni Pingua\". Added person \"Subha Bandar\". Added person \"Jana Pingua\". Added person \"Sabita Chattar\". Added person \"Sunita Chattar\". Added person \"Binati Chattar\". Added person \"Sangita Chattar\". Added person \"Jamuna Chattar\". Added person \"Jana Pingua\". Added person \"Sita Chattar\". Added person \"Mukta Chattar\". Added person \"Padmabati Chattar\". Added person \"Nagari Chattar\". Added person \"Sambari Pingua\". Added person \"Mirju Chattar\". Added person \"Sini Chattar\". Added person \"Turi Pingua\". Added person \"Sanjulata Chattar\".'),(731,'2010-01-27 01:48:37',7,19,'130','Maa Mangala, Maa Kichikeshwari',2,'Added person \"Kasturi Chatter\". Added person \"Sukanti Purty\". Added person \"Malati Chatter\". Added person \"Jemamani Tiu\". Added person \"Budhuni Chatter\". Added person \"Sansari Sinku\". Added person \"Janaki Chatter\". Added person \"Muktamani Tiria\". Added person \"Rajani Chatter\". Added person \"Dasama Tiu\". Added person \"Bhabani Pingua\". Added person \"Shrimati Naik\". Added person \"Malati Sae\". Added person \"Pani Pingua\". Added person \"Menja Chatter\". Added person \"Lembo Pingua\". Added person \"Padmini munda Lohar\". Added person \"Laxmi Chattar\". Added person \"Sumitra Chattar\". Added person \"Suryamani chattar\". Added person \"Khaira Hembram\". Added person \"Menjari Hembram\". Added person \"Padmini Pingua\". Added person \"Budhuni Chattar\". Added person \"Bela Purti\". Added person \"Dubgi Hembram\". Added person \"Sapani Pingua\". Added person \"Sombari soya\". Added person \"Pani Chattar\". Added person \"Turi Pingua\".'),(732,'2010-01-27 02:02:54',7,19,'129','Marangburu Samled,Sagar Serali',2,'Changed days. Added person \"Malati Tudu\". Added person \"Maidi Tudu\". Added person \"Duli Tudu(A)\". Added person \"Duli Tudu(B)\". Added person \"Hiramani Tudu\". Added person \"Sebati Tudu\". Added person \"Sita Tudu(A)\". Added person \"Raude Tudu\". Added person \"Sita Tudu(B)\". Added person \"Jhanamani Tudu\". Added person \"Paya Hansda\". Added person \"Jaba Tudu\". Added person \"Hiramani Tudu\". Added person \"Sukmati Hansda\". Added person \"Parbati Tudu\". Added person \"Jima Honaga\". Added person \"Chhabi Kisku\". Added person \"Nangi Tudu\". Added person \"Nitima Honaga\". Added person \"Rani Tudu\". Added person \"Raimat Tudu\". Added person \"Phulamani Soren\". Added person \"Manki Soren\". Added person \"Metal Soren\". Added person \"Sakra Tudu\".'),(733,'2010-01-27 02:10:32',7,19,'128','Athra Deuli, Maa Laxmi',2,'Changed days. Added person \"Jayanti Honnaga(A)\". Added person \"Raimani Honnaga\". Added person \"Lalmati Honnaga\". Added person \"Harsamani Honnaga\". Added person \"Hiramani Honnaga\". Added person \"Jayanti Honaga(B)\". Added person \"Dusi Honnaga\". Added person \"Champabati Honnaga\". Added person \"Sulekha Honnaga\". Added person \"Kanti Dehuri\". Added person \"Budhini Honnaga\". Added person \"Panabati Honnga\". Added person \"Sumitra Honnaga\". Added person \"Chandumani Honnaga\". Added person \"Damayanti Honnaga\". Added person \"Jemamani Honnga\". Added person \"Keshini Honnaga\". Added person \"Juneidevi Honnaga\". Added person \"Sabitri Honnaga\". Added person \"Muni Honnaga\". Added person \"Menjri Honnaga\". Added person \"Tribeni Dehuri\".'),(734,'2010-01-27 02:42:23',7,19,'127','Shivani,Bijal Bale Bijali Taras',2,'Changed days. Added person \"Sakuntala Tudu\". Added person \"Manania Tudu\". Added person \"Basumati Tudu\". Added person \"Sanamani Tudu\". Added person \"Gurubari Pingua\". Added person \"Padmabati Tudu\". Added person \"Dhujamani Tudu\". Added person \"Parbati Tudu\". Added person \"Baijaynti Hansda\". Added person \"Baijaynti Hansda\". Added person \"Manita Tudu\". Added person \"Pana Murmu\". Added person \"Hira mani Hasada\". Added person \"Jhingimani Alda\". Added person \"Sakra Murmu\". Added person \"Ranimani Hembram\". Added person \"Champa Hembram\". Added person \"Mainabati Tudu\". Added person \"Champabati Hansda\". Added person \"Bija Soren\". Added person \"Rani Soren\". Added person \"Nasa Besra\". Added person \"Pani Besra\". Added person \"Raimani Soren\". Added person \"Dulari Hembram\". Added person \"Yamunamani Soren\". Added person \"Salama Soren\". Added person \"Nagimani Soren\". Added person \"Chhita Hansda\". Added person \"Karmi Hansda\".'),(735,'2010-01-27 02:43:57',7,19,'127','Shivani,Bijal Bale Bijali Taras',2,'Added person \"Bini Hembram\". Added person \"Raibari Hembram\".'),(736,'2010-01-27 02:51:59',7,19,'126','Shiv Parbati, Kaa Shanti Niketan',2,'Changed days. Added person \"Bimala Naik\". Added person \"Tulasi Naik\". Added person \"Nandini Naik\". Added person \"Srimati Naik\". Added person \"Padmabati Naik\". Added person \"Bilasi Naik\". Added person \"Puspalata Naik\". Added person \"Daita Naik\". Added person \"Beni Naik\". Added person \"Ruduni Naik\". Added person \"Sasmita Mohakud\". Added person \"Pramila Naik\". Added person \"Bimala Naik\". Added person \"Mandadari Naik\". Added person \"Rahaswari Naik\". Added person \"Bilasi Naik\". Added person \"Sabitri Naik\". Added person \"Aira  Naik\". Added person \"Nalita Naik\". Added person \"Saradi Naik\". Added person \"Mangali  Naik\". Added person \"Sulekha Naik\". Added person \"Adara Naik\". Added person \"Pemi Naik\". Added person \"Jaleswari Naik\". Added person \"Ruduna Naik\". Added person \"Sebati Naik\". Added person \"Binati Naik\".'),(737,'2010-01-27 02:57:24',7,19,'125','Sagun Sarna,Marshal Mahila Kendra',2,'Added person \"Phulamani Marandi\". Added person \"Basanti Tudu (A)\". Added person \"Dulimani Beshra\". Added person \"Basanti Tudu (B)\". Added person \"Yamuna Hembram\". Added person \"Malaho Tudu\". Added person \"Phulamani Soren\". Added person \"Jauna Beshara\". Added person \"Sumi Tudu\". Added person \"Pauri Tudu\". Added person \"Samiya Tudu\". Added person \"Sahagi Tudu\". Added person \"Jamumuna Majhi\". Added person \"Subani Besra\". Added person \"Lilmani Soren\". Added person \"Gouri Tudu\". Added person \"Padmabati Tudu\". Added person \"Ganga Kisku\". Added person \"Maina Tudu\". Added person \"Manak Tudu\". Added person \"Gangi Tudu\". Added person \"Shanti Tudu\". Added person \"Manasirani Majhi\". Added person \"Dukhini Hembram\".'),(738,'2010-01-27 03:02:55',7,19,'124','Maa Basuki Devi, Maa Santoshi',2,'Added person \"Kanchan Lohar\". Added person \"Jeetmani Mohanta\". Added person \"Deepanjali Patra\". Added person \"Minaka Mohanta\". Added person \"Tobharani Mohakud\". Added person \"Rebati Mohanta\". Added person \"Nirupama Mohanta\". Added person \"Sushanti Mohanta\". Added person \"Shantilata Mohanta\". Added person \"Chmpabati Hembram\". Added person \"Chanchala Mohanta\". Added person \"Parbati Bandra\". Added person \"Parbati Gagrai\". Added person \"Raimani Honnaga\". Added person \"Basanti Jamuda\". Added person \"Laxmirani Sinku\". Added person \"Nasamani Sinku\". Added person \"Menga Sinku\". Added person \"Lilmani Goipai\". Added person \"Namita Goipai\". Added person \"Bela Goipai\". Added person \"Laxmi Sinku\". Added person \"Sumati Bandra\". Added person \"Laxmi Goipai\". Added person \"Rashmi Rekha Naik\".'),(739,'2010-01-27 03:17:00',7,19,'123','Subhalaxmi',2,'Added person \"Nrupati Nayak\". Added person \"Sakuntala Nayak\". Added person \"Tillottama Nayak\". Added person \"Latika Nayak\". Added person \"Binati Nayak\". Added person \"Paramani Nayak\". Added person \"Chanchala Nayak\". Added person \"Puspalata Nayak\". Added person \"Madhabi Nayak\". Added person \"Rukmani Nayak\".'),(740,'2010-01-27 03:42:09',7,19,'122','Marangbanga, Dharitree',2,'Added person \"Sunamani Chattar\". Added person \"Sarojini Chattar\". Added person \"Srimati Chattar\". Added person \"Malati Chattar\". Added person \"Damayanti Chatar\". Added person \"Jannamani Chattar\". Added person \"Sita Chattar\". Added person \"Gurubari Chatar\". Added person \"Sabitree Chattar\". Added person \"Nandi Chatar\". Added person \"Jhunu Guiya\". Added person \"Junee Purty\". Added person \"Pyari Chatar\". Added person \"Kuni Guiya\". Added person \"Binapani Chattar\". Added person \"Parbati Guiya\". Added person \"Sukumati Chatar\". Added person \"Sushama Chatar\". Added person \"Sumitra Chatar\". Added person \"Menja Chatar\". Added person \"Mangulli Chatar\". Added person \"Jana Chatar\". Added person \"Sukumati Chatar(B)\". Added person \"Basanti Chatar\". Added person \"Saibanee Chatar\". Added person \"Baijayanti Chatar\". Added person \"Somabari Chatar\". Added person \"Sini Chatar\". Added person \"Sakuntalla Bankira\".'),(741,'2010-01-27 03:48:03',7,19,'121','Balhe Sagen, Aang Marshal',2,'Added person \"Kasturi Chattar\". Added person \"Sasmita Chattar\". Added person \"Raibari Chattar\". Added person \"Suru Chatar\". Added person \"Basanti Chattar\". Added person \"Sushilla Chattar\". Added person \"Lakshmi  Chattar\". Added person \"Meena Chattar\". Added person \"Tillatamma  Chattar\". Added person \"Samabari Chattar\". Added person \"Jemamani Chattar\". Added person \"Chamanu Chattar\". Added person \"Sushama Tiria\". Added person \"Basanti Bankira\". Added person \"Hachi Chatar\". Added person \"Sukanti Bankira\". Added person \"Jayanti Chatar\". Added person \"Pullamani Bankira\". Added person \"Raimani Chatar\". Added person \"Dashama Tiria\". Added person \"Nillima Chatar\". Added person \"Surjyamani Tiria\". Added person \"Durapati Bankira\". Added person \"Buduni  Bankira\". Added person \"Debaki Chatar\". Added person \"Srimati Chatar\".'),(742,'2010-01-27 03:54:22',7,19,'120','Gajalaxmi, Maa Tarini',2,'Added person \"Rebati Nayak\". Added person \"Pramila Nayak\". Added person \"Purabi Nayak\". Added person \"Padmini Nayak\". Added person \"Tilattama Nayak\". Added person \"Satyabhama Nayak\". Added person \"Shakuntala Nayak\". Added person \"Jayanti Nayak\". Added person \"Netramani Nayak\". Added person \"Tapaswini Nayak\". Added person \"Bhabani Nayak(B)\". Added person \"Binati Nayak\". Added person \"Raimani Pingua\". Added person \"Gurubari Pingua\". Added person \"Chandu Pingua\". Added person \"Samabari Pingua(A)\". Added person \"Damayanti Nayak\". Added person \"Rukmani Patra\". Added person \"Jayanti Patra\". Added person \"Damayanti Pingua\". Added person \"Chami Pingua\". Added person \"Gangi Hembram\". Added person \"Pramila Tiria\". Added person \"Asha Patra\". Added person \"Samabari Pingua(B)\". Added person \"Sukanti Pingua\". Added person \"Laxmi Pingua\". Added person \"Charima Pingua\".'),(743,'2010-01-27 04:00:51',7,19,'119','Maa Tulashi, Baba Mukteswara',2,'Added person \"Jashoda Nayak\". Added person \"Jatani Nayak\". Added person \"Pukulli Nayak\". Added person \"Babita Nayak\". Added person \"Chabirani Nayak\". Added person \"Sakuntala Nayak\". Added person \"Mahendri Nayak\". Added person \"Gitarani Nayak\". Added person \"Sumanti Nayak\". Added person \"Kasturi Nayak\". Added person \"Bhabani Nayak\". Added person \"Runurani Nayak\". Added person \"Bhoumirani Nayak\". Added person \"Manjulata Nayak\". Added person \"Ranjeeta Nayak\". Added person \"Surekha Nayak\". Added person \"Manjubala  Nayak\". Added person \"Mahendri Nayak\". Added person \"Sujata Nayak\". Added person \"Kanakalata  Nayak\". Added person \"Mita Nayak\". Added person \"Dalimba Nayak\". Added person \"Sanjukta Nayak\". Added person \"Premalata Nayak\". Added person \"Kasturi Nayak\". Added person \"Banita Nayak\". Added person \"Rajani Nayak\". Added person \"Srimati Bewa\". Added person \"Kishori Nayak\". Added person \"Maitree Nayak\".'),(744,'2010-01-27 04:13:23',7,19,'118','Sibasakti, Bholanath',2,'Added person \"Jyosnamayee Nayak\". Added person \"Padmasani Nayak\". Added person \"Dalimba Nayak\". Added person \"Tribeni Nayak\". Added person \"Tilottama Nayak\". Added person \"Sabita Nayak(A)\". Added person \"Gouribati Nayak\". Added person \"Droupadri Nayak(A)\". Added person \"Droupadri Nayak(B)\". Added person \"Sabita Nayak(B)\". Added person \"Sakuntala Nayak\". Added person \"Damayanti Nayak\". Added person \"Bhanumati Nayak\". Added person \"Jayanti Nayak\". Added person \"Droupadri Nayak(C)\". Added person \"Nidramani Nayak\". Added person \"Mandodari Nayak\". Added person \"Sasikala Nayak\". Added person \"Kusumanjali Nayak\". Added person \"Manjulata Nayak\". Added person \"Bhabani Nayak\". Added person \"Kautuki Nayak\". Added person \"Sulochana Nayak\". Added person \"Bharati Nayak\". Added person \"Kanakalata Nayak\". Added person \"Tusarkanti Nayak\". Added person \"Debaki Nayak\". Added person \"Pramila Nayak\". Added person \"Gandhari Nayak\". Added person \"Gitanjali Nayak\".'),(745,'2010-01-27 04:14:14',7,19,'118','Sibasakti, Bholanath',2,'Added person \"Pramila Naik(B)\".'),(746,'2010-01-27 04:31:43',7,17,'67','Ramchandrapur',1,''),(747,'2010-01-27 04:34:47',7,17,'68','Chandusahi',1,''),(748,'2010-01-27 04:37:43',7,17,'69','Dumbisahi',1,''),(749,'2010-01-27 04:37:48',7,22,'69','Kuni',2,'Added animator assigned village \"AnimatorAssignedVillage object\". Added animator assigned village \"AnimatorAssignedVillage object\". Added animator assigned village \"AnimatorAssignedVillage object\".'),(750,'2010-01-27 04:54:00',7,19,'143','Sarjamburu,Dinga Marshal,Maa Gouri Shree Chandyapat',2,'Changed group_name. Added person \"Pyari Sundhi\". Added person \"Hemamalini Sundhi\". Added person \"Sini Soye\". Added person \"Subani soye\". Added person \"Rina Soye\". Added person \"Barsa Hesa\". Added person \"Menjari Hesa\". Added person \"Jambi Kandayang\". Added person \"Dasama Kandayang\". Added person \"Kirati Soya\". Added person \"Rajani Soya\". Added person \"Kuni Rani Sundhi\". Added person \"Dasama Soya\". Added person \"Chireng Hesa\". Added person \"Anami Kendayang\". Added person \"Surmi Soya\". Added person \"Kudugi Kendayang\". Added person \"Juguni Hesa\". Added person \"Jatri Mahakud\". Added person \"Purnami sundhi\". Added person \"Surjamani Sundhi\". Added person \"Sujuki Soye\". Added person \"Srimati Tiu\".'),(751,'2010-01-27 05:00:48',7,19,'142','Sarjamburu,Dinga Marshal,Maa Gouri Shree Chandyapat',2,'Changed group_name. Added person \"Jangamani Honnaga\". Added person \"Assai Honnaga\". Added person \"Gangi Honnaga\". Added person \"Sumitra Honnaga\". Added person \"Mechcha Honnaga\". Added person \"Basanti Honnaga\". Added person \"Jana Honnaga\". Added person \"Budhuni Honnaga\". Added person \"Diugi Honnaga\". Added person \"Hauri Honnaga\". Added person \"Jahari Honnaga\". Added person \"Munguli Honnaga\". Added person \"Malati Honnaga\". Added person \"Pangela Honnaga\". Added person \"Parbati Honnaga\". Added person \"Buduni Honnaga(B)\". Added person \"Sita Honnaga\". Added person \"Budhuni Honnaga(C)\". Added person \"Masuri Honnaga\". Added person \"Binati Honnaga\". Added person \"Gangi Honnaga\". Added person \"Phulmani Honnaga\". Added person \"Sabitri Honnaga\". Added person \"Manju Honnaga\".'),(752,'2010-01-27 05:05:47',7,19,'141','Maa Besauli,Laxminarayan',2,'Added person \"Smt. Balema Hesah\". Added person \"Smt. Jayanti Hesah\". Added person \"Smt . Naguri Purtty\". Added person \"Smt. Bahmain Hesah\". Added person \"Mani Purtty\". Added person \"Jayanti Hesah\". Added person \"Laxmi Buliuli\". Added person \"Chandini Buliuli\". Added person \"Premanjali Pat Pingua\". Added person \"Smt. Jambi Buliuli\". Added person \"Rashasmi Purty\". Added person \"Smt. Bela Pingua\". Added person \"Smt. Laxmi Dei\". Added person \"Smt. Binodini Dei\". Added person \"Smt. Sulochana Dei\". Added person \"Smt. Kunta Dei\". Added person \"Smt. Kokila Dei\". Added person \"Smt. Mithila Dei\". Added person \"Smt. Sumati Dei\". Added person \"Smt. Surekha Dei\". Added person \"Smt. Saraswati Mahakud\". Added person \"Smt. Padmabati Dei\". Added person \"Smt. Sharala Mahakud\". Added person \"Smt. Dukhini Mahakud\". Added person \"Smt. Ambika Dei\". Added person \"Dalimba Dei\". Added person \"Lilabati Dei\".'),(753,'2010-01-27 05:10:04',7,19,'140','Maa Tarini,Maa Chandipat',2,'Added person \"Tilattama Nayak\". Added person \"Rukmani Bewa\". Added person \"Kanchana Nayak\". Added person \"Gitamani Nayak\". Added person \"Bhanumati Nayak\". Added person \"Sarojeeni Nayak\". Added person \"Labanya Bewa\". Added person \"Bimala Nayak\". Added person \"Jayimani Nayak\". Added person \"Purnami Naik\". Added person \"Saraswati Nayak\". Added person \"Debasri Nayak\". Added person \"Sabitri Nayak\". Added person \"Indumati Nayak\". Added person \"Jemamani Purty\". Added person \"Subhadra Pingua\". Added person \"Namsi Purty\". Added person \"Masuree Pingua\". Added person \"Mita Pingua\". Added person \"Sombari Pingua\". Added person \"Belmatee Pingua\". Added person \"Padmabati Nayak\". Added person \"Suduni Pingua\". Added person \"Malati Nayak\". Added person \"Parbati Purti\". Added person \"Minako Kuldi\".'),(754,'2010-01-27 05:11:25',7,19,'140','Maa Chandipat,Maa Tarini',2,'Changed group_name.'),(755,'2010-01-27 05:15:01',7,19,'139','Maa Parbati',2,'Added person \"Mina Mahakud\". Added person \"Purnnami Mahakud\". Added person \"Gauri Mahakud\". Added person \"Sumitra Kandeyang\". Added person \"Jayanti Kandeyang\". Added person \"Minakumari Mahakud\". Added person \"Parbati Hembram\". Added person \"Sarati Behera\". Added person \"Saibani Behera\". Added person \"Pala Hembram\". Added person \"Sukanti Hembram(A)\". Added person \"Sukanti Hembram(B)\". Added person \"Shakuntala Kandeyang\". Added person \"Tulasi Tiu\". Added person \"Ambika kandeyang\". Added person \"Rajani Mahakud\". Added person \"Gangamani Hembramf\".'),(756,'2010-01-27 05:19:35',7,19,'138','Laxminarayan',2,'Added person \"Hiramani Munduri\". Added person \"Sukamati Hembram\". Added person \"Nandi Hembram\". Added person \"Priyamani Mahakud\". Added person \"Phulamani Kandeyan\". Added person \"Marsa Malen Hembram\". Added person \"Somabari Hembram\". Added person \"Bhanumati Mahakud\". Added person \"Sanjita Kandeyan\". Added person \"Chandrika Kandeyan\". Added person \"Basanti Mahakud\". Added person \"Sunai Hembram\". Added person \"Bharati Mahakud\". Added person \"Sumitra Behera\". Added person \"Menja Hembram\". Added person \"Gangi Hembram\". Added person \"Subasini Mahakud\". Added person \"Jemamani Kandeyan\". Added person \"Ramani Hembram\". Added person \"Lillmani Mahakud\".'),(757,'2010-01-27 05:29:26',7,22,'75','Kuni Rani Sundhi',2,'Added animator assigned village \"AnimatorAssignedVillage object\". Added animator assigned village \"AnimatorAssignedVillage object\". Added animator assigned village \"AnimatorAssignedVillage object\".'),(758,'2010-01-27 05:30:00',7,22,'74','Kuni Rani Sundhi',2,'Added animator assigned village \"AnimatorAssignedVillage object\". Added animator assigned village \"AnimatorAssignedVillage object\". Added animator assigned village \"AnimatorAssignedVillage object\".'),(759,'2010-01-27 05:30:22',7,22,'73','Kuni Rani Sundhi',2,'Added animator assigned village \"AnimatorAssignedVillage object\". Added animator assigned village \"AnimatorAssignedVillage object\". Added animator assigned village \"AnimatorAssignedVillage object\".'),(760,'2010-01-27 05:30:47',7,22,'68','Paray Pingua',2,'No fields changed.'),(761,'2010-01-27 05:31:23',7,22,'67','Hrushikesh Goipai',2,'Added animator assigned village \"AnimatorAssignedVillage object\". Added animator assigned village \"AnimatorAssignedVillage object\". Added animator assigned village \"AnimatorAssignedVillage object\".'),(762,'2010-01-27 05:31:52',7,22,'67','Hrushikesh Goipai',2,'Added animator assigned village \"AnimatorAssignedVillage object\". Added animator assigned village \"AnimatorAssignedVillage object\".'),(763,'2010-01-27 05:32:24',7,22,'66','Hrushikesh Goipai',2,'Added animator assigned village \"AnimatorAssignedVillage object\". Added animator assigned village \"AnimatorAssignedVillage object\". Added animator assigned village \"AnimatorAssignedVillage object\".'),(764,'2010-01-27 05:32:42',7,22,'66','Hrushikesh Goipai',2,'Added animator assigned village \"AnimatorAssignedVillage object\". Added animator assigned village \"AnimatorAssignedVillage object\".'),(765,'2010-01-27 05:33:10',7,22,'65','Hrushikesh Goipai',2,'Added animator assigned village \"AnimatorAssignedVillage object\". Added animator assigned village \"AnimatorAssignedVillage object\". Added animator assigned village \"AnimatorAssignedVillage object\".'),(766,'2010-01-27 05:33:27',7,22,'65','Hrushikesh Goipai',2,'Added animator assigned village \"AnimatorAssignedVillage object\". Added animator assigned village \"AnimatorAssignedVillage object\".'),(767,'2010-01-27 05:34:21',7,22,'63','Hrushikesh Goipai',2,'Added animator assigned village \"AnimatorAssignedVillage object\". Added animator assigned village \"AnimatorAssignedVillage object\". Added animator assigned village \"AnimatorAssignedVillage object\".'),(768,'2010-01-27 05:34:41',7,22,'63','Hrushikesh Goipai',2,'Added animator assigned village \"AnimatorAssignedVillage object\". Added animator assigned village \"AnimatorAssignedVillage object\".'),(769,'2010-01-27 05:55:15',1,22,'65','Hrushikesh Goipai',3,''),(770,'2010-01-27 05:55:15',1,22,'66','Hrushikesh Goipai',3,''),(771,'2010-01-27 05:55:15',1,22,'67','Hrushikesh Goipai',3,''),(772,'2010-01-27 05:55:29',1,22,'56','Hrushikesh Goipai',3,''),(773,'2010-01-27 05:55:29',1,22,'64','Hrushikesh Goipai',3,''),(774,'2010-01-27 05:55:48',1,22,'74','Kuni Rani Sundhi',3,''),(775,'2010-01-27 05:55:48',1,22,'73','Kuni Rani Sundhi',3,''),(776,'2010-01-27 05:56:10',1,22,'57','Koutaki',3,''),(777,'2010-01-27 05:56:48',1,22,'61','Ramakant',3,''),(778,'2010-01-27 05:56:48',1,22,'60','Ramakanta',3,''),(779,'2010-01-27 05:57:18',7,22,'63','Hrushikesh Goipai',2,'Added animator assigned village \"AnimatorAssignedVillage object\".'),(780,'2010-01-27 05:57:37',7,22,'75','Kuni Rani Sundhi',2,'No fields changed.'),(781,'2010-01-27 05:58:50',7,22,'68','Paray Pingua',2,'Changed village for animator assigned village \"AnimatorAssignedVillage object\".'),(782,'2010-01-27 05:59:08',7,22,'63','Hrushikesh Goipai',2,'No fields changed.'),(783,'2010-01-27 05:59:21',7,22,'62','Ramakant',2,'No fields changed.'),(784,'2010-01-27 05:59:41',7,22,'59','Koutaki Nayak',2,'No fields changed.'),(785,'2010-01-27 06:01:52',7,17,'70','Kendumundhi',1,''),(786,'2010-01-27 06:01:57',7,22,'58','Bihar Singh',2,'Changed home_village.'),(787,'2010-01-27 06:14:39',1,17,'65','Chandusahi',3,''),(788,'2010-01-27 09:48:29',1,17,'64','Khandbandha',3,''),(789,'2010-01-27 09:49:10',1,17,'62','Khandbandha',2,'Added animator \"Paray Pingua\".'),(790,'2010-01-27 09:50:15',1,17,'61','Khandbandha',3,''),(791,'2010-01-27 09:51:06',1,17,'51','Ektali',3,''),(792,'2010-01-27 09:51:52',1,17,'36','Pandutalab',3,''),(793,'2010-01-27 09:52:46',1,17,'54','Deuli',3,''),(794,'2010-01-27 10:10:23',1,17,'66','Test Village',3,''),(795,'2010-01-27 10:11:28',1,24,'39','AnimatorAssignedVillage object',3,''),(796,'2010-01-30 02:00:52',7,26,'132','Santhali',1,''),(797,'2010-01-31 21:46:06',7,24,'104','AnimatorAssignedVillage object',1,''),(798,'2010-01-31 21:49:05',7,17,'71','Kaluakhaman',1,''),(799,'2010-01-31 21:55:44',7,22,'58','Bihar Singh',2,'Added animator assigned village \"AnimatorAssignedVillage object\". Added animator assigned village \"AnimatorAssignedVillage object\". Added animator assigned village \"AnimatorAssignedVillage object\".'),(800,'2010-01-31 21:57:36',7,17,'72','Palsagadia',1,''),(801,'2010-01-31 21:58:39',7,17,'73','Jhunriposhi',1,''),(802,'2010-01-31 21:58:49',7,22,'58','Bihar Singh',2,'Added animator assigned village \"AnimatorAssignedVillage object\". Added animator assigned village \"AnimatorAssignedVillage object\". Added animator assigned village \"AnimatorAssignedVillage object\".'),(803,'2010-01-31 21:59:23',7,17,'74','Rangalbeda',1,''),(804,'2010-01-31 22:00:05',7,17,'75','Badhubheda',1,''),(805,'2010-01-31 22:01:07',7,22,'58','Bihar Singh',2,'Added animator assigned village \"AnimatorAssignedVillage object\". Added animator assigned village \"AnimatorAssignedVillage object\". Added animator assigned village \"AnimatorAssignedVillage object\".'),(806,'2010-01-31 22:01:43',7,17,'76','Diajodi',1,''),(807,'2010-01-31 22:02:54',7,22,'58','Bihar Singh',2,'Added animator assigned village \"AnimatorAssignedVillage object\". Added animator assigned village \"AnimatorAssignedVillage object\". Added animator assigned village \"AnimatorAssignedVillage object\".'),(808,'2010-01-31 22:04:04',7,17,'77','Tangabila',1,''),(809,'2010-01-31 22:04:38',7,17,'78','Dhuduku',1,''),(810,'2010-01-31 22:04:53',7,22,'58','Bihar Singh',2,'Added animator assigned village \"AnimatorAssignedVillage object\". Added animator assigned village \"AnimatorAssignedVillage object\". Added animator assigned village \"AnimatorAssignedVillage object\".'),(811,'2010-01-31 22:05:28',7,17,'79','Bisipur',1,''),(812,'2010-01-31 22:05:34',7,22,'58','Bihar Singh',2,'Added animator assigned village \"AnimatorAssignedVillage object\".'),(813,'2010-01-31 22:06:44',7,22,'63','Hrushikesh Goipai',2,'Added animator assigned village \"AnimatorAssignedVillage object\". Added animator assigned village \"AnimatorAssignedVillage object\". Added animator assigned village \"AnimatorAssignedVillage object\".'),(814,'2010-01-31 22:07:20',7,22,'63','Hrushikesh Goipai',2,'Added animator assigned village \"AnimatorAssignedVillage object\". Added animator assigned village \"AnimatorAssignedVillage object\". Added animator assigned village \"AnimatorAssignedVillage object\".'),(815,'2010-01-31 22:08:08',7,22,'63','Hrushikesh Goipai',2,'Added animator assigned village \"AnimatorAssignedVillage object\". Added animator assigned village \"AnimatorAssignedVillage object\". Added animator assigned village \"AnimatorAssignedVillage object\".'),(816,'2010-01-31 22:08:49',7,22,'63','Hrushikesh Goipai',2,'Added animator assigned village \"AnimatorAssignedVillage object\". Added animator assigned village \"AnimatorAssignedVillage object\". Added animator assigned village \"AnimatorAssignedVillage object\".'),(817,'2010-01-31 22:09:43',7,22,'63','Hrushikesh Goipai',2,'Added animator assigned village \"AnimatorAssignedVillage object\". Added animator assigned village \"AnimatorAssignedVillage object\".'),(818,'2010-01-31 22:10:31',7,22,'59','Koutaki Nayak',2,'Added animator assigned village \"AnimatorAssignedVillage object\". Added animator assigned village \"AnimatorAssignedVillage object\". Added animator assigned village \"AnimatorAssignedVillage object\".'),(819,'2010-01-31 22:11:07',7,22,'59','Koutaki Nayak',2,'Added animator assigned village \"AnimatorAssignedVillage object\". Added animator assigned village \"AnimatorAssignedVillage object\". Added animator assigned village \"AnimatorAssignedVillage object\".'),(820,'2010-01-31 22:11:37',7,22,'59','Koutaki Nayak',2,'Added animator assigned village \"AnimatorAssignedVillage object\". Added animator assigned village \"AnimatorAssignedVillage object\". Added animator assigned village \"AnimatorAssignedVillage object\".'),(821,'2010-01-31 22:12:08',7,22,'59','Koutaki Nayak',2,'Added animator assigned village \"AnimatorAssignedVillage object\". Added animator assigned village \"AnimatorAssignedVillage object\". Added animator assigned village \"AnimatorAssignedVillage object\".'),(822,'2010-01-31 22:12:53',7,22,'59','Koutaki Nayak',2,'Added animator assigned village \"AnimatorAssignedVillage object\". Added animator assigned village \"AnimatorAssignedVillage object\".'),(823,'2010-01-31 22:13:44',7,22,'63','Hrushikesh Goipai',2,'No fields changed.'),(824,'2010-01-31 22:14:20',7,22,'59','Koutaki Nayak',2,'No fields changed.'),(825,'2010-01-31 22:14:53',7,22,'58','Bihar Singh',2,'No fields changed.'),(826,'2010-01-31 22:20:30',7,22,'78','Santosh Naik',1,''),(827,'2010-01-31 22:29:07',7,28,'10','Duck care and treatment',1,''),(828,'2010-01-31 22:30:17',7,27,'22','7 days duck feed and treatment',1,''),(829,'2010-01-31 22:34:31',7,20,'931','Malati Pingua',1,''),(830,'2010-01-31 22:37:09',7,27,'23','7 days duck feed and treatment',1,''),(831,'2010-01-31 22:45:45',7,19,'141','Maa Besauli,Laxminarayan',2,'Added person \"Smt. Balema Hesah\". Added person \"Smt. Jayanti Hesah\". Added person \"Smt . Naguri Purtty\". Added person \"Smt. Bahmain Hesah\". Added person \"Mani Purtty\". Added person \"Jayanti Hesah\". Added person \"Laxmi Buliuli\". Added person \"Laxmi Buliuli\". Added person \"Premanjali Pat Pingua\". Added person \"Smt. Jambi Buliuli\". Added person \"Rashasmi Purty\". Added person \"Smt. Bela Pingua\". Added person \"Smt. Laxmi Dei\". Added person \"Smt. Binodini Dei\". Added person \"Smt. Sulochana Dei\". Added person \"Smt. Kunta Dei\". Added person \"Smt. Kokila Dei\". Added person \"Smt. Mithila Dei\". Added person \"Smt. Sumati Dei\". Added person \"Smt. Surekha Dei\". Added person \"Smt. Saraswati Mahakud\". Added person \"Smt. Padmabati Dei\". Added person \"Smt. Sharala Mahakud\". Added person \"Smt. Dukhini Mahakud\". Added person \"Smt. Ambika Dei\". Added person \"Dalimba Dei\". Added person \"Lilabati Dei\".'),(832,'2010-01-31 22:55:22',7,19,'140','Maa Chandipat,Maa Tarini',2,'Added person \"Tilattama Nayak\". Added person \"Rukmani Bewa\". Added person \"Kanchana Nayak\". Added person \"Gitamani Nayak\". Added person \"Bhanumati Nayak\". Added person \"Sarojeeni Nayak\". Added person \"Labanya Bewa\". Added person \"Bimala Nayak\". Added person \"Jayimani Nayak\". Added person \"Purnami Naik\". Added person \"Saraswati Nayak\". Added person \"Debasri Nayak\". Added person \"Sabitri Nayak\". Added person \"Indumati Nayak\". Added person \"Jemamani Purty\". Added person \"Subhadra Pingua\". Added person \"Namsi Purty\". Added person \"Masuree Pingua\". Added person \"Mita Pingua\". Added person \"Sombari Pingua\". Added person \"Belmatee Pingua\". Added person \"Padmabati Nayak\". Added person \"Suduni Pingua\". Added person \"Malati Nayak\". Added person \"Parbati Purti\". Added person \"Minako Kuldi\".'),(833,'2010-01-31 23:12:45',7,19,'132','Maa Gajabiani, Baitrani Om Maa Tarini',2,'Added person \"Malati Pingua \". Added person \"Chmpabati Pingua \". Added person \"Rani Chattar \". Added person \"Sumtra Sai \". Added person \"Nirash Chattar \". Added person \"Sandhari Chattar \". Added person \"Gurubari Chattar \". Added person \"Yatri Chattar \". Added person \"Mukta Chattar \". Added person \"Sukrumani Pingua \". Added person \"Suryamani Chattar \". Added person \"Padmini Naik \". Added person \"Jaumani Naik \". Added person \"Pramila Naik \". Added person \"Malli Naik \". Added person \"Rajani Naik \". Added person \"Sabita Naik \". Added person \"Sumitra Naik \". Added person \"Kainta Naik \". Added person \"Saraswati Naik \". Added person \"Sadhabani Naik \". Added person \"Beni Naik \". Added person \"Jaumani Naik \". Added person \"Suniti Naik \". Added person \"Daimati Naik \". Added person \"Mandakini Naik \". Changed person_name for person \"Laxmi Chattar \".'),(834,'2010-01-31 23:19:12',7,19,'131','Sri Krishna, Maa Tulashi',2,'Added person \"Sangita Chattar \". Added person \"Jamuna Chattar \". Added person \"Jana Pingua \". Added person \"Sita Chattar \". Added person \"Mukta Chattar \". Added person \"Padmabati Chattar \". Added person \"Nagari Chattar \". Added person \"Sambari Pingua \". Added person \"Mirju Chattar \". Added person \"Sini Chattar \". Added person \"Turi Pingua \". Added person \"Sanjulata Chattar \". Added person \"Rukmani Chattar \". Added person \"Meena Pingua \". Added person \"Dasama Pingua \". Added person \"Asha Pingua \". Added person \"Seti Pingua \". Added person \"Kuni Chattar \". Added person \"Subuni Pingua \". Added person \"Subha Bandar \". Added person \"Jana Pingua \". Added person \"Sabita Chattar \". Added person \"Sunita Chattar \". Changed person_name for person \"Binati Chattar \".'),(835,'2010-01-31 23:35:44',7,19,'130','Maa Mangala, Maa Kichikeshwari',2,'Added person \"Kasturi Chatter \". Added person \"Sukanti Purty \". Added person \"Malati Chatter \". Added person \"Jemamani Tiu \". Added person \"Budhuni Chatter \". Added person \"Sansari Sinku \". Added person \"Janaki Chatter \". Added person \"Muktamani Tiria \". Added person \"Rajani Chatter \". Added person \"Dasama Tiu \". Added person \"Bhabani Pingua \". Added person \"Shrimati Naik \". Added person \"Malati Sae \". Added person \"Pani Pingua \". Added person \"Menja Chatter \". Added person \"Lembo Pingua \". Added person \"Padmini munda Lohar \". Added person \"Laxmi Chattar \". Added person \"Sumitra Chattar \". Added person \"Suryamani chattar \". Added person \"Khaira Hembram \". Added person \"Menjari Hembram \". Added person \"Padmini Pingua \". Added person \"Budhuni Chattar \". Added person \"Bela Purti \". Added person \"Dubgi Hembram \". Added person \"Sapani Pingua \". Added person \"Sombari soya \". Added person \"Pani Chattar \". Added person \"Turi Pingua \".'),(836,'2010-01-31 23:46:57',7,19,'124','Maa Basuki Devi, Maa Santoshi',2,'Added person \"Deepanjali Patra \". Added person \"Minaka Mohanta \". Added person \"Tobharani Mohakud \". Added person \"Rebati Mohanta \". Added person \"Nirupama Mohanta \". Added person \"Sushanti Mohanta \". Added person \"Shantilata Mohanta \". Added person \"Chmpabati Hembram \". Added person \"Chanchala Mohanta \". Added person \"Parbati Bandra \". Added person \"Parbati Gagrai \". Added person \"Raimani Honnaga \". Added person \"Basanti Jamuda \". Added person \"Laxmirani Sinku \". Added person \"Nasamani Sinku \". Added person \"Menga Sinku \". Added person \"Lilmani Goipai \". Added person \"Namita Goipai \". Added person \"Bela Goipai \". Added person \"Laxmi Sinku \". Added person \"Sumati Bandra \". Added person \"Laxmi Goipai \". Changed person_name for person \"Kanchan Lohar \". Changed person_name for person \"Jeetmani Mohanta \".'),(837,'2010-02-01 03:05:58',8,17,'80','Sundari bhosatoli',1,''),(838,'2010-02-01 03:08:04',8,17,'81','sundari pakartoli',1,''),(839,'2010-02-01 03:09:21',8,17,'82','Kokiya',1,''),(840,'2010-02-01 03:11:09',8,17,'83','Prachartoli',1,''),(841,'2010-02-01 03:12:20',8,17,'84','Tirla',1,''),(842,'2010-02-01 03:14:55',8,17,'81','sundari pakartoli',2,'No fields changed.'),(843,'2010-02-01 03:15:35',8,17,'82','Kokiya',2,'No fields changed.'),(844,'2010-02-01 03:16:27',8,17,'83','Prachartoli',2,'No fields changed.'),(845,'2010-02-01 03:17:49',8,17,'84','Tirla',2,'No fields changed.'),(846,'2010-02-01 03:20:21',8,22,'79','Paribal',1,''),(847,'2010-02-01 03:21:29',8,22,'79','Paribal',2,'Added animator assigned village \"AnimatorAssignedVillage object\". Added animator assigned village \"AnimatorAssignedVillage object\".'),(848,'2010-02-01 03:32:46',8,19,'144','Tiliye Baha',1,''),(849,'2010-02-01 03:36:59',8,19,'145','Fulwari Mahila Mandal',1,''),(850,'2010-02-01 03:41:06',8,19,'146','Marshal Mahila Mandal',1,''),(851,'2010-02-01 03:43:46',8,19,'147','Sarjom Baha Mahila Mandal',1,''),(852,'2010-02-01 03:47:34',8,19,'148','Vina Mahila Mandal',1,''),(853,'2010-02-01 04:23:24',7,28,'11','Insecticidal treatment',1,''),(854,'2010-02-01 06:15:21',1,20,'1086','dsfsdf',1,''),(855,'2010-02-01 06:15:35',1,20,'1086','dsfsdf',3,''),(856,'2010-02-01 22:43:29',7,20,'1087','Sanatan Purty',1,''),(857,'2010-02-01 22:43:42',7,20,'1087','Sanatan Purty',2,'No fields changed.'),(858,'2010-02-01 22:44:29',7,20,'1088','Bagun Singh',1,''),(859,'2010-02-01 22:45:58',7,17,'85','Palasgadia',1,''),(860,'2010-02-01 22:46:10',7,20,'1089','Ghanshyam Munda',1,''),(861,'2010-02-01 22:46:44',7,20,'1090','Ghanshyam Chattar',1,''),(862,'2010-02-01 22:52:52',7,27,'24','Brinjal Insecticidal treatment',1,''),(863,'2010-02-01 22:59:49',7,20,'1091','Ranjan Purty',1,''),(864,'2010-02-01 23:00:26',7,20,'1092','Shaila Naik',1,''),(865,'2010-02-01 23:01:25',7,20,'1093','Padmini Naik',1,''),(866,'2010-02-01 23:03:14',7,20,'1094','Kasturi',1,''),(867,'2010-02-01 23:05:26',7,20,'1095','Fakir Honnaga',1,''),(868,'2010-02-01 23:06:14',7,20,'1096','Rangdhar Sundi',1,''),(869,'2010-02-01 23:07:24',7,20,'1097','Tapan Sundhi',1,''),(870,'2010-02-01 23:09:02',8,19,'144','Tiliye Baha',2,'Added person \"Budani Gudiya\". Added person \"Sallu Gudiya\". Added person \"Etwari Gudiya\". Added person \"Pallo Barla\". Added person \"Itwari Bhengra\". Added person \"Chilagi Bhengra\". Added person \"Fudungi Bhengra\". Added person \"Kiran Bhengra\".'),(871,'2010-02-01 23:09:31',7,20,'1106','SHG Group',1,''),(872,'2010-02-01 23:10:16',7,20,'1107','Khetra Mohan',1,''),(873,'2010-02-01 23:15:17',8,19,'144','Tiliye Baha',2,'Added person \"Phulo Bhengra\". Added person \"Yashoda Bhengra\". Added person \"Sthr Bhengra\". Added person \"Mangari Barala\". Added person \"Mariyam Barala\". Added person \"Padao Barala\". Added person \"Sisaliya Dodroy\". Added person \"Hiramani longa\". Added person \"Kripa Dodroy\". Added person \"Mangari Gudiya\". Added person \"Jaranga Bhengra\".'),(874,'2010-02-01 23:16:45',7,20,'1119','Malati Sundi',1,''),(875,'2010-02-01 23:17:23',7,20,'1120','Kiran Mahakud',1,''),(876,'2010-02-01 23:17:57',7,20,'1121','Nabin Nayak',1,''),(877,'2010-02-01 23:18:29',7,20,'1122','Tapan Sundi',1,''),(878,'2010-02-01 23:19:03',7,20,'1123','Kshetra Mohan Sundi',1,''),(879,'2010-02-01 23:20:27',7,20,'1124','Ramakanta Nayak',1,''),(880,'2010-02-01 23:22:35',7,20,'1125','Bhima Purty',1,''),(881,'2010-02-01 23:23:42',7,20,'1126','Aleksiyas Hembram',1,''),(882,'2010-02-01 23:25:56',7,20,'1127','Trilochan Mohanta',1,''),(883,'2010-02-01 23:26:28',7,20,'1128','Sundar Guye',1,''),(884,'2010-02-01 23:26:48',7,20,'1129','Bamdev',1,''),(885,'2010-02-01 23:27:15',7,20,'1130','Barisa Hembram',1,''),(886,'2010-02-01 23:27:42',7,20,'1131','Lachamani',1,''),(887,'2010-02-01 23:28:07',7,20,'1132','Raibari',1,''),(888,'2010-02-01 23:28:26',7,20,'1133','Chatur Bhuja',1,''),(889,'2010-02-01 23:28:54',7,20,'1134','Phulmani Nayak',1,''),(890,'2010-02-01 23:30:26',7,20,'1135','Dabendra Balmuch',1,''),(891,'2010-02-01 23:31:00',7,20,'1136','Pandu Hansdah',1,''),(892,'2010-02-01 23:31:06',8,19,'145','Fulwari Mahila Mandal',2,'Added person \"Sushila Bhengra\". Added person \"Juliyani Bhengra\". Added person \"Kuwari Bodra\". Added person \"Bhudani Devi\". Added person \"Bilasi Devi\". Added person \"Sarita devi\". Added person \"Sati Devi\". Added person \"Margrat Dhana\". Added person \"Niramala Badara\". Added person \"Barnadet Bodra\". Added person \"Khistina Bodra\". Added person \"Lusiya Bhengra\". Added person \"Nimunati Harenj\". Added person \"Karolina Bhengra\". Added person \"Jitin Herenj\". Added person \"Mukta Bhengra\". Added person \"Ramiya Bhengra\". Added person \"Karami Bhengra\". Added person \"Filomina Bhengra\".'),(893,'2010-02-01 23:31:44',7,20,'1156','Kanhuch Naik',1,''),(894,'2010-02-01 23:36:26',7,27,'25','Brinjal Insecticidal Treatment',1,''),(895,'2010-02-01 23:38:23',8,19,'146','Marshal Mahila Mandal',2,'Added person \"Biswashi Horo\". Added person \"Mshlayani Sanjaa\". Added person \"Rahil Topno\". Added person \"Susana Dodroy\". Added person \"Lushiya Kongadi\". Added person \"Lalita Horo\". Added person \"Kripa Kangadi\". Added person \"Baronika Purti\". Added person \"Jaywanti Kundaluna\". Added person \"Fuljanshiya Ainand\". Added person \"Mariyam Dhana\".'),(896,'2010-02-01 23:59:39',7,27,'26','Tomato Sowing',1,''),(897,'2010-02-02 00:07:30',7,27,'27','Radish Nursery Bed',1,''),(898,'2010-02-02 00:24:42',7,27,'28','Pumpkin earthing up',1,''),(899,'2010-02-02 00:30:10',7,27,'29','Insecticidal Treatment in Paddy',1,''),(900,'2010-02-02 00:32:52',7,27,'30','20 days duck feed and treatment',1,''),(901,'2010-02-02 00:34:49',7,27,'31','20 days duck feed and treatment',1,''),(902,'2010-02-02 00:37:43',7,28,'12','Pisciculture',1,''),(903,'2010-02-02 00:37:50',7,28,'12','Pisciculture',2,'No fields changed.'),(904,'2010-02-02 00:39:58',7,27,'32','Feeding of fish',1,''),(905,'2010-02-02 00:43:14',7,27,'33','Fertilizer application in pea',1,''),(906,'2010-02-02 00:45:21',7,27,'34','Tomato Sowing',1,''),(907,'2010-02-02 00:47:25',7,27,'35','Gram sowing',1,''),(908,'2010-02-02 00:49:50',7,27,'36','Cauliflower sowing',1,''),(909,'2010-02-02 00:54:05',7,27,'37','Application of Jeevamrutha',1,''),(910,'2010-02-02 00:57:28',7,27,'38','Transplanting of chilli',1,''),(911,'2010-02-02 01:01:17',7,27,'39','Line sowing of Arhar',1,''),(912,'2010-02-02 01:04:27',7,27,'40','Fertilizer application in paddy',1,''),(913,'2010-02-02 01:06:37',7,27,'41','Earthing up in Chilli',1,''),(914,'2010-02-02 01:09:20',7,27,'42','Cauliflower sowing',1,''),(915,'2010-02-02 01:11:22',7,27,'43','Bhindi Earthing up',1,''),(916,'2010-02-02 01:20:51',7,27,'44','Brinjal Earthing up',1,''),(917,'2010-02-02 01:35:01',7,27,'45','Ways of keeping duck',1,''),(918,'2010-02-02 01:38:47',7,27,'46','Pea spray',1,''),(919,'2010-02-02 01:41:23',7,27,'47','Brinjal earthing up',1,''),(920,'2010-02-02 18:32:17',8,19,'149','Hereman Mahila Mandal',1,''),(921,'2010-02-02 18:33:47',8,19,'150','Sunaila Mahila Mandal',1,''),(922,'2010-02-02 18:35:11',8,19,'151','Rupamani Mahila Mandal',1,''),(923,'2010-02-02 18:36:31',8,19,'152','Shanti Lata Mahila Mandal',1,''),(924,'2010-02-02 19:35:09',8,19,'152','Shanti Lata Mahila Mandal',2,'Added person \"Budani Gudiya\". Added person \"Sallu Gudiya\". Added person \"Etwari Gudiya\". Added person \"Pallo Barla\". Added person \"Itwari Bhengra\". Added person \"Chilagi Bhengra\". Added person \"Fudungi Bhengra\". Added person \"Payari nandi Bhengra\". Added person \"Kiran Bhengra\". Added person \"Phulo Bhengra\". Added person \"Yashoda Bhengra\". Added person \"Sthr Bhengra\". Added person \"Mangari Barala\". Added person \"Mariyam Barala\". Added person \"Padao Barala\". Added person \"Sisaliya Dodroy\". Added person \"Hiramani longa\". Added person \"Kripa Dodroy\". Added person \"Mangari Gudiya\". Added person \"Jaranga Bhengra\".'),(925,'2010-02-02 19:43:29',8,19,'151','Rupamani Mahila Mandal',2,'Added person \"Sumanti Barla\". Added person \"Injalina Banjra\". Added person \"Saniyaro  Bhengra \'A\'\". Added person \"Itawari Bhengra \'A\'\". Added person \"Birsi Bhengra   \". Added person \"Maghiya Bhengra\". Added person \"Shanti Bhengra\". Added person \"Chandu Bhengra\". Added person \"Saniyaro Bhengra\". Added person \"Sujii Bhengra\". Added person \"Sucita Bhengra\". Added person \"Rahil Bhengra\". Added person \"Salomi Bhengra\". Added person \"Narami Bhengra\". Added person \"Anita Bhengra\". Added person \"Itwari Bhengra \'B\'\". Added person \"Sudaki Barla\". Added person \"Biranj Bhengra\".'),(926,'2010-02-02 19:53:11',8,19,'150','Sunaila Mahila Mandal',2,'Added person \"Jiramuni Bhengara\". Added person \"Jasmati Sawasi\". Added person \"Lathko Bhengara\". Added person \"Mariyam Bhengara\". Added person \"Champu Bhengara\". Added person \"Dashmi Bhengara\". Added person \"Inday Bhengara\". Added person \"Sukwaro Bhengara\". Added person \"Ratani Bhengara \". Added person \"Suray Bhengara\". Added person \"Norri Bhengara\". Added person \"Yasoda Bhengara\". Added person \"Bilan Bhengara\". Added person \"Roni Bhengara\". Added person \"Guinandi Bhengara\". Added person \"Mandaki Bhengara\". Added person \"Ratani Bhengara\". Added person \"Narami Bhengara\". Added person \"Gangamuni Bhengara\". Added person \"Mina Bhengara\".'),(927,'2010-02-02 19:58:29',8,19,'149','Hereman Mahila Mandal',2,'Added person \"Sabina Bhengra\". Added person \"Baduni Aodaya\". Added person \"Gorii Bhengra\". Added person \"Budhni Bhengra\". Added person \"Margarad Bhengra\". Added person \"Aswanti Bhengra\". Added person \"Birasi Bhengra\". Added person \"Birasi Dodray\". Added person \"Dukhani Bhengra\". Added person \"Chandu Aodaya\".'),(928,'2010-02-02 20:06:50',8,19,'148','Vina Mahila Mandal',2,'Added person \"Kangaya Bhengara\". Added person \"Ashadi  Bhengara\". Added person \"Siniyaro  Bhengara\". Added person \"Visvasi  Bhengara\". Added person \"Jhirmait  Bhengara\". Added person \"Fulmani  Bhengara\". Added person \"Sunila  Bhengara\". Added person \"Jawani  Bhengara\". Added person \"Krpa  Bhengara\". Added person \"Dashami  Bhengara\". Added person \"Randay  Bhengara\". Added person \"Ashadi Barala\". Added person \"Dashami Barala\". Added person \"Nanki Bhengara\". Added person \"Gandari Bhengara\". Added person \"Jhariyo Bhengara\". Added person \"Halane Bhengara\". Added person \"Paalo Bhengara\". Added person \"Baasi Bhengara\".'),(929,'2010-02-02 20:13:48',8,19,'147','Sarjom Baha Mahila Mandal',2,'Added person \"Basanti Bhengara\". Added person \"Naloni Bhengara\". Added person \"Mariyam Bhengara\". Added person \"Annna Bhengara\". Added person \"Nilam Bhengara\". Added person \"Salomi Bhengara(A)\". Added person \"Ulasha Bhengara\". Added person \"Susan Bhengara\". Added person \"Salomi Bhengara(B)\". Added person \"Anita Bhengara\".'),(930,'2010-02-02 20:20:43',8,19,'146','Marshal Mahila Mandal',2,'Added person \"Filomina Topno\". Added person \"Anima Hemrom\". Added person \"Nilmani Topno\". Added person \"Telani Purti\". Added person \"Namlen Surin\". Added person \"Anjola Soy Marum\". Added person \"Payari judiya\". Added person \"Pushpa Purti\". Added person \"Pusha Kundlana\". Added person \"Sisiliya Kunduluna\". Added person \"Anita Bhengara\".'),(931,'2010-02-02 20:50:14',5,17,'45','BN Koppa',2,'Added Person group \"Shri Galimariyamma mahila Sangh\". Changed group_name for Person group \"Shri basaverswaara mahila swa sahay sangh\".'),(932,'2010-02-02 21:02:37',5,19,'97','Shri basaverswaara mahila swa sahay sangh',2,'Added person \"halavva.C.Doddapujar\". Added person \"Savakka.m.sannpujar\". Added person \"Patavva.H.belagali\". Added person \"Saidabi.M.kusugal\". Added person \"Basavva.B.Akki\". Added person \"Samavva.C.akki\". Added person \"Channabasavva.Y.vadli\". Added person \"Neelavva.B.Jodalli\". Added person \"Parvatavva.B.sannpujar\". Added person \"patavva.M.Angadi\". Added person \"Masubi.M.angadi\". Added person \"Paravva.B.bellad\". Added person \"Noorjabi.B.Kusugal\". Added person \"Shivakka>B.Kurubar\".'),(933,'2010-02-02 21:12:36',5,19,'153','Shri Galimariyamma mahila Sangh',2,'Added person \"kamlavva>S.Silliketar\". Added person \"Ambavva.h.Silliketar\". Added person \"Shantavva.M.silliketar\". Added person \"Akkava.P.Silliketar\". Added person \"Rukummavva.B.Silliketar\". Added person \"Sugandamma.S.Silliketar\". Added person \"premavva.m.Silliketar\". Added person \"Neelavava.S.Silliketar\". Added person \"Yallamma.M.Silliketar\". Added person \"Savakka.M.Silliketar\". Added person \"Hanumavva.P.Silliketar\". Added person \"Ratanavva.S.Silliketar\". Added person \"Shekavva.S.Doddapujar\". Added person \"Renavva.D.Silliketar\". Added person \"Kamalavva.S.Silliketar\". Added person \"Yallavva.Y.Silliketar\". Added person \"mallamma.M.Silliketar\". Added person \"Renavva.S.Silliketar\". Added person \"Baramavva.C.Silliketar\".'),(934,'2010-02-02 21:22:20',5,19,'98','Mohammad Paigambar mahila SHG',2,'Added person \"Rajibi.L.Doddamani\". Added person \"Jannatabi.D.Khadunavar\". Added person \"Renuka.M.Purandannavar\". Added person \"Bibijan.M.Hulakoppa\". Added person \"Patima.R.Kamadolli\". Added person \"Mabubi.S.Khadunavvar\". Added person \"Sumitra.I.Purandannavar\". Added person \"Mabubi.L.Doddamani\". Added person \"Mamataj.A.Sannamani\". Added person \"Allabi.M.Narendra\". Added person \"Mabubbi.L.Sannamani\". Added person \"Ansuya.B.Divatagi\". Added person \"Bibijan.A.Doddamani\". Added person \"Sabira.R.Doddamani\". Added person \"Mabubi.F.Doddamani\". Added person \"Shantavva.B.Bhajantri\".'),(935,'2010-02-02 21:29:05',5,19,'99','Mabusubani mahila SHG',2,'Added person \"Mamataj.L.angadi\". Added person \"Renuka.S.Hadapad\". Added person \"Kallavva.M.Doddapujar\". Added person \"Patavva.L.Doddamani\". Added person \"Patavva.H.nadaf\". Added person \"Dhavalabi.M.Sannamano\". Added person \"Mammatajb.M.Doddamani\". Added person \"Rajibi.N.Doddamani\". Added person \"Mabubi.N.Mishrikoti\". Added person \"Hasanamma.M.Uppinabetageri\". Added person \"Jannatabi.h.Nadaf\". Added person \"Biijan.P.Halihal\". Added person \"Akkavva.B.Silliketar\".'),(936,'2010-02-02 21:37:37',5,19,'100','Akkamahadevi Mahila swa sahay sangh',2,'Added person \"Rajivi>M.Doddamni\". Added person \"Noorjabi.R.Kusugal\". Added person \"Nagamma.G.Silliketar\". Added person \"Rudravva.b.Hadapad\". Added person \"Basavva nennakki\". Added person \"Bibijan.Nadaf\". Added person \"Husenavva.h.Sannamani\". Added person \"Meruna Ankali\". Added person \"Husenavva.R.Kamadolli\". Added person \"Saidabi.R.Hulakoppa\". Added person \"Jubeda.M.Kusugal\". Added person \"Kallavva.B.Devatagi\". Added person \"Allabi.I.Doddamani\". Added person \"Patavva.L.Kusugal\". Added person \"Chandabi.B.Ankali\". Added person \"Patima.M.Sannamani\".'),(937,'2010-02-02 21:38:18',5,19,'153','Shri Galimariyamma mahila Sangh',2,'Changed person_name for person \"kamlavva.S.Silliketar\".'),(938,'2010-02-02 21:46:21',5,19,'105','Neelambika Strishakti sangha',2,'Added person \"Channavva Hiremath\". Added person \"Shantavva Savadatti\". Added person \"Shantavva Pujar\". Added person \"Basavanna Kalghatgi\". Added person \"Paravva Kalghatgi\". Added person \"Kallavva Shirur\". Added person \"Sunnada Darur\". Added person \"Patavva manikbhai\". Added person \"Gangavva Muttanvar\". Added person \"Shantavva Barker\". Added person \"kamalvva Kuridikeri\". Added person \"Shantavva Gudugur\".'),(939,'2010-02-02 21:51:41',5,19,'106','Kalmeshwar Swasahay sangh',2,'Added person \"Somavva.G.Pujar\". Added person \"Gangamma.G.Pujar\". Added person \"Chaitra.B.Pujar\". Added person \"Basavva.C.Pujar\". Added person \"Nagavva.r.Saravar\". Added person \"Vinoda.R.pujar\". Added person \"Majula.R.Pujar\". Added person \"ShardA.g.Hiremath\". Added person \"Shaila.I.Kothanimath\". Added person \"Madevei.M.Pujar\". Added person \"Ratnavva.B.Kuridikeri\". Added person \"Kallavva.B.Patil\".'),(940,'2010-02-02 22:00:33',5,19,'107','Shri Annapurneshwari Mahila SHG',2,'Added person \"Renavva.R.Patil\". Added person \"Sunadavva.I.Darur\". Added person \"Shidavva.D.Badiger\". Added person \"Parvati.J.Badiger\". Added person \"Shankaravva.M.Badiger\". Added person \"Basavva.B.badiger\". Added person \"Yashodha.b.badiger\". Added person \"Ratnavva.D.hadapad\". Added person \"Iravva.R.Badiger\". Added person \"Anasavva.d.Badiger\". Added person \"Annapurna.C.patil\". Added person \"Shantavva.C.Badiger\". Added person \"Girijavva.S.yadavad\". Added person \"Manjavva.M.Badiger\". Added person \"Parvati Badiger\". Added person \"TUulasavva.K.Badiger\". Added person \"Devappa Badiger\".'),(941,'2010-02-02 22:04:01',5,17,'48','Ganjigatti',2,'Added Person group \"Shri Siddeshwara SHG\". Added Person group \"Shri Manibhaidesai Titagarika sangh\". Added Person group \"Sarvodaya SHG\". Added Person group \"Basavershwara SHG\". Added Person group \"Shri Sarswati Stri shakti mahila sangh\".'),(942,'2010-02-02 22:05:09',5,17,'48','Ganjigatti',2,'Added Person group \"Vishwas hanti sangh\". Added Person group \"Shri ramlingeshwara totagarika sangh\". Added Person group \"sarvodaya manjunath sangh\".'),(943,'2010-02-02 22:12:36',5,19,'161','sarvodaya manjunath sangh',2,'Added person \"Shashikala.s.kotur\". Added person \"Nannima.m.Koppad\". Added person \"Nellava.S.huballi\". Added person \"Chandaravva Yadavad\". Added person \"Rajibi.M.Walikar\". Added person \"Saroja.H.Huballi\". Added person \"Renavva.s.Huballi\". Added person \"Noorjan.J.Manikbhai\". Added person \"Nellava.Y.walikar\". Added person \"Shankaravva.U.Pujar\". Added person \"savakka.K.hagri\". Added person \"Nirmala.m.Darur\". Added person \"Shantavva.walikar\". Added person \"Shantavva.s.Saravari\". Added person \"Nirmala.m.Ganiger\". Added person \"Neelavva.P.yadavad\". Added person \"Jaitunabi koppad\".'),(944,'2010-02-02 22:18:32',5,19,'160','Shri ramlingeshwara totagarika sangh',2,'Added person \"Nagalinga swamy.P.Hiremath\". Added person \"Rasulsab.N.Koppad\". Added person \"Yallapa.B.Sanshi\". Added person \"Mabusab.N.Koppad.\". Added person \"Husenasab.R.Koppad\". Added person \"Shivanandha.Y.Kamadhe\". Added person \"Dyamann.F.Walikar\". Added person \"Doddakallappa.N.Ganiger\". Added person \"Basavarju.b.Bhajantri\". Added person \"Chandrayya.G.Kuridikeri\". Added person \"Ramanna.V.Karadi\".'),(945,'2010-02-02 22:24:33',5,19,'159','Vishwas hanti sangh',2,'Added person \"Nirmala B.siddanavar\". Added person \"Gousibi Budenkan\". Added person \"Parava saravari\". Added person \"Ratnavva.d.Hadappad\". Added person \"Shankravva C.Hadappad\". Added person \"Shekavva.R.Hadappad\". Added person \"Gouravva Hadapad\". Added person \"Shantavva R Hadapad\". Added person \"Basavva.K .Hadapad\". Added person \"Renavva.D.Hadapad\". Added person \"Subhaddravva.C.Hadapad\". Added person \"Sharavva k Barker\". Added person \"Nelavva k Barker\". Added person \"Kallamma H Siddanavvar\".'),(946,'2010-02-02 22:30:11',5,19,'158','Shri Sarswati Stri shakti mahila sangh',2,'Added person \"Shantavva S badiger\". Added person \"Pakiravva s ganiger\". Added person \"Savamma K Yadawad\". Added person \"Manabi. p.Walikar\". Added person \"Laxmi.n.Gollar\". Added person \"Kavita.N.Bidaralli\". Added person \"Basavva.B.Sanshi\". Added person \"Chenavva M Nekar\". Added person \"Gangavva M Dasur\". Added person \"Nagavva P Bagadageri\". Added person \"Neelava H Mandali\". Added person \"kalavva L Badiger\".'),(947,'2010-02-02 22:37:32',5,19,'157','Basavershwara SHG',2,'Added person \"Ningappa Halakatti\". Added person \"Ravi Hadapad\". Added person \"Kallappa Badiger\". Added person \"Basavanniah Kurdikere\". Added person \"kalappa Badiger\". Added person \"Jagadeesh Balammanavar\". Added person \"Renappa Patil\". Added person \"Channappa Marlingapanavar\". Added person \"Yallappagouda Patil\". Added person \"Shankarappa Hagri\". Added person \"Bharmagouda patil\". Added person \"Gurunagouda Patil\". Added person \"Prakash darur\". Added person \"Riyaj jaragaddi\". Added person \"basangoudar patil\".'),(948,'2010-02-02 22:44:09',5,19,'156','Sarvodaya SHG',2,'Added person \"Shantavva S Badiger\". Added person \"Pakiravva S Ganiger\". Added person \"savamma k Yadavad\". Added person \"Manabi P walikar\". Added person \"LAxmi N Gollar\". Added person \"Kavita N Bidaralli\". Added person \"Basavva B sanshi\". Added person \"Chanavva M Nekar\". Added person \"Gangavva M Dasur\". Added person \"Nagavva P Bagadageri\". Added person \"Neelava H Mandali\". Added person \"kalavva L Badiger\".'),(949,'2010-02-02 22:51:04',5,19,'155','Shri Manibhaidesai Totagarika sangh',2,'Changed group_name. Added person \"Mallapa sanshi\". Added person \"Yallappa Nigalli\". Added person \"Shivalingappa Kundagol\". Added person \"Basappa Belagali\". Added person \"Bhujangouda Bavikatti\". Added person \"Kallanagouda Bavikatti\". Added person \"Shankaragouda Bavikatti\". Added person \"Rudragouda Bavikatti\". Added person \"Makkusab Valikar\". Added person \"Moulasab walikar\". Added person \"Mallappa Dyavankonda\". Added person \"Shankarappa Hagri\". Added person \"Karaveeraiah hiremath\". Added person \"Mudukappa Ganiger\".'),(950,'2010-02-02 22:56:12',5,19,'154','Shri Siddeshwara SHG',2,'Added person \"Gangavva G Pujar\". Added person \"MAhadevei B Kurdikere\". Added person \"Shantavva R Bavikatti\". Added person \"Annapurna S Bavikatti\". Added person \"Kallavva B patil\". Added person \"Ningavva K Bavikatti\". Added person \"Girijavva K Patil\". Added person \"Danavva C Bavikatti\". Added person \"Nirmala N Bavikatti\". Added person \"Kalavva L Badiger\". Added person \"Channavva K Hanchinmani\". Added person \"Vinoda R Pujar\".'),(951,'2010-02-02 23:01:08',5,17,'47','Hirehonnalli',2,'Added Person group \"Kalpavruksha SHG\". Added Person group \"Bhumitai SHG\". Added Person group \"Tapovana SHG\". Changed group_name for Person group \"Renukadevi mahila sangh\".'),(952,'2010-02-02 23:06:46',5,19,'164','Tapovana SHG',2,'Added person \"Basavaraj Kotagunasi\". Added person \"Basappa Dhanigound\". Added person \"Shivappa Bammigatti\". Added person \"Mudukappa Bammigatti\". Added person \"Shankerappa Basarikoppa \". Added person \"Rayappa Tippakkannavar\". Added person \"Mallappa Bammigatti\". Added person \"Gurunatha Ramanal\". Added person \"Yallappa Kudalagi\". Added person \"Mahadevappa Janmihal\". Added person \"Shankarappa Basrikoppa\". Added person \"Mallapa Bammigatti\".'),(953,'2010-02-02 23:14:12',5,19,'163','Bhumitai SHG',2,'Added person \"Mahantesh nenekki\". Added person \"Channamallappa emmetti\". Added person \"Mahadevappa Madi\". Added person \"Mahadevappa dhanigoud\". Added person \"Tippanna Basrikoppa\". Added person \"Irappa Mukkalkatti\". Added person \"Ningappa Mukkalgataggi\". Added person \"Neelappa Mutagi\". Added person \"Kudukappa Keppannavar\". Added person \"Basavanappa Ramanal\". Added person \"Parutapa kelgeri\". Added person \"Basappa Malammanavar\". Added person \"Siddappa Kelgeri\". Added person \"Mahadev Mukkalagatti\". Added person \"Mohammadsab \". Added person \"Basanagouda Patil\". Added person \"shivalingappa BAlliwali\".'),(954,'2010-02-02 23:14:14',5,19,'163','Bhumitai SHG',2,'Added person \"Mahantesh nenekki\". Added person \"Channamallappa emmetti\". Added person \"Mahadevappa Madi\". Added person \"Mahadevappa dhanigoud\". Added person \"Tippanna Basrikoppa\". Added person \"Irappa Mukkalkatti\". Added person \"Ningappa Mukkalgataggi\". Added person \"Neelappa Mutagi\". Added person \"Kudukappa Keppannavar\". Added person \"Basavanappa Ramanal\". Added person \"Parutapa kelgeri\". Added person \"Basappa Malammanavar\". Added person \"Siddappa Kelgeri\". Added person \"Mahadev Mukkalagatti\". Added person \"Mohammadsab \". Added person \"Basanagouda Patil\". Added person \"shivalingappa BAlliwali\".'),(955,'2010-02-02 23:20:22',5,19,'162','Kalpavruksha SHG',2,'Added person \"Mahadevappa Kurubar\". Added person \"Fakirappa yallival\". Added person \"Kallappa Mukkalgatti\". Added person \"Basalingappa kelger\". Added person \"Mahadevappa kelger\". Added person \"Basappa Kudalagi\". Added person \"Ningappa jammihal\". Added person \"Manju sannangadi\". Added person \"Shivalingappa Jammihal\". Added person \"Channabasappa Basarikoppa \". Added person \"Laxmana R Ramanal\". Added person \"Yallappa Ramanal\". Added person \"Shivaputrappa Loodi\". Added person \"Prabuling Badiger\". Added person \"Channabasappa Revadihal\".'),(956,'2010-02-02 23:28:48',5,19,'104','Mate mahadevi Mahila sangh',2,'Added person \"Neelava Basrikoppa \". Added person \"shankaravva yaliwal\". Added person \"savakka Mukkalgatti\". Added person \"seema Gundenavvar\". Added person \"Kallavva Mukklagatti\". Added person \"Channamma Kelgere\". Added person \"Saralavva Hosavakkal\". Added person \"Nagavva Kotagunsai\". Added person \"Shekavva Kotagunsai\". Added person \"Neelava Kurbar\". Added person \"Shobha Hosamani\". Added person \"Neelavva Bammigatti\". Added person \"Parava Bammigatti\".'),(957,'2010-02-02 23:36:27',5,19,'103','Renukadevi mahila sangh',2,'Added person \"Bibijan A adli\". Added person \"Shivalingavva S Madiwalar\". Added person \"Paravva b madiwalar\". Added person \"paravva B Jammihal\". Added person \"Ratnavva R Kudalgi\". Added person \"Shankaravva B Kurubar\". Added person \"Paravva B Jodalli\". Added person \"Basavva F Kudalgai\". Added person \"Kuntavva E Yaliwal\". Added person \"shantavva S Bammigatti\". Added person \"Nagavva E Yaliwal \". Added person \"Madevi f Basrikoppa \". Added person \"Channvava M Ambal\". Added person \"Siddavva I MuKkalgatti\". Added person \"Channavva I Kudalgi\".'),(958,'2010-02-02 23:44:12',5,19,'102','Anandavana',2,'Added person \"Basavva P Basrikoppa\". Added person \"Savakka S yaliwal\". Added person \"Yallamma F Furdanavar\". Added person \"Channavva Baliwali\". Added person \"Madevi Baliwali\". Added person \"Shankarra bammikatti\". Added person \"Kallavva ramanal\". Added person \"Channavva Yaliwal\". Added person \"Savakka jammihal\". Added person \"Shankaravva Yaliwal\". Added person \"saroja Kudalgi\". Added person \"Sushila Muttagi\". Added person \"Madevi Kusugal\". Added person \"Saralavva Hosavakkal\". Added person \"Madevi Bammikatti\". Added person \"saroja Hosavakkal\". Added person \"savakka Yaliwal\". Added person \"Channavva Yaliwal\".'),(959,'2010-02-02 23:44:57',5,19,'103','Renukadevi mahila sangh',2,'No fields changed.'),(960,'2010-02-02 23:52:21',5,17,'49','Huniskatte',2,'Added Person group \"Shri Mallikarjun Mahila swa sahay Sangh\". Added Person group \"Shri renuka devi sangh\". Added Person group \"Saraswati mahila sangh\". Added Person group \"Shri mrikanmba devi SHG\".'),(961,'2010-02-02 23:56:52',5,19,'168','Shri marikanmba devi SHG',2,'Changed group_name. Added person \"Savakka Ekuli\". Added person \"Sushilavva Ekuli\". Added person \"Yallavva Ekuli\". Added person \"Saroja Ekuli\". Added person \"LAxmi Ekuli\". Added person \"Renuka Inguli\". Added person \"Mallavva Inguli\". Added person \"Neelavva Inguli\". Added person \"Basavva Inguli\". Added person \"Tayvva Ekuli\". Added person \"Marevva Goudenavvar\". Added person \"Shanta patil\". Added person \"Laxmavva Nimbhuji\".'),(962,'2010-02-03 00:00:54',5,19,'167','Saraswati mahila sangh',2,'Added person \"Gangavva Hugar\". Added person \"Neelavva shivinagoudar\". Added person \"Nagavva Guntur\". Added person \"Laxmavva Bhosale\". Added person \"Channavva Kallennavar\". Added person \"neelavva karawar\". Added person \"Shankaravva patenavar\". Added person \"Sumantevva Koni\". Added person \"Rachavva Shivangoudar\". Added person \"kammar\". Added person \"savakka Uppar\".'),(963,'2010-02-03 00:05:06',5,19,'166','Shri renuka devi sangh',2,'Added person \"Savakka Ekuli\". Added person \"Sushilavva Ekuli\". Added person \"Yallavva Ekuli\". Added person \"Saroja Ekuli\". Added person \"LAxmi Ekuli\". Added person \"Renuka Inguli\". Added person \"Mallavva Inguli\". Added person \"Neelavva Inguli\". Added person \"Mahadevi Inguli\". Added person \"Tayavva Ekuli\". Added person \"Marevva Goudenavvar\". Added person \"Shanta patil\". Added person \"Laxmavva Nimbhuji\". Added person \"Basavva Bosle\".'),(964,'2010-02-03 00:10:39',5,19,'165','Shri Mallikarjun Mahila swa sahay Sangh',2,'Added person \"Gangavva m Olekar\". Added person \"Geeta Golgoudra\". Added person \"Renavva danenavar\". Added person \"Laxmavva Tagannavar\". Added person \"Devakka Tagannavar\". Added person \"Mallavva Olekar\". Added person \"Yallavva Tagannavar\". Added person \"Neelava golgouder\". Added person \"saroja Inguli\". Added person \"laxmi Nemannavar\". Added person \"Renavva Golgoudra\". Added person \"Renavva S golgoudra\". Added person \"Prema tegannavar\".'),(965,'2010-02-03 00:17:21',5,19,'112','Shri Adishakti Mahila SHG',2,'Added person \"Rekha C Danenavar\". Added person \"Savita kunkur\". Added person \"laxmi G Kunkur\". Added person \"Devakka Kumkur\". Added person \"Laxmi Nagani\". Added person \"Gangavva Kumkur\". Added person \"Ningavva Huded\". Added person \"Iravva Huded\". Added person \"Marevva Tagannavar\". Added person \"Renua danenavar\". Added person \"Laxmi Inguli\". Added person \"Geeta Kunkur\".'),(966,'2010-02-03 00:23:39',5,19,'111','Shri Laxmi Mahila SHG',2,'Added person \"Mahadevi s Patil\". Added person \"Yashodha Patil\". Added person \"Basavva patil\". Added person \"shobha patil\". Added person \"Renuka Madli\". Added person \"Iramma Shivangoudra\". Added person \"Gangavva Uppa\". Added person \"Sushilavva madli\". Added person \"sangavva Hugar\". Added person \"Anasuya Inguli\". Added person \"Bhagyashri Nemannavar\".'),(967,'2010-02-03 00:29:50',5,19,'110','Shri Pandurang Vitthal purush SHG',2,'Added person \"Shekar gouda patil\". Added person \"Rudragouda Patil\". Added person \"Mallaiah katnur\". Added person \"Virupaxaiah shivangoudra\". Added person \"Ashok Gurunnavar\". Added person \"Yallappa Inguli\". Added person \"Basappa Lokappanavar\". Added person \"Yallappa Lokkappanavar\". Added person \"Irappa Lokkappanavar\". Added person \"Kallappa Uppar\". Added person \"Mareppa uppar\". Added person \"Bheemappa Guruvannavar\". Added person \"Yallappa Guruvannavar\".'),(968,'2010-02-03 00:52:35',5,19,'109','Shri Mallikarjun purush SHG',2,'Added person \"M.C. kanteppagoudar\". Added person \"Manjappa Kugar\". Added person \"Mallappa Bhosle\". Added person \"Shantayya kattimani\". Added person \"Nagayya Katnur\". Added person \"Chandragouda Shivangoudra\". Added person \"Bheemangouda Golgoudra \". Added person \"Chanabasagouda Golagoudar\". Added person \"Sangappa Hugar\". Added person \"Ashok Inguli\". Added person \"ranganagouda Golgoudra\". Added person \"Gadigeppa gouda Girigouda\". Added person \"Shivananda ekuli\". Added person \"Shivaputra Bannikoppamath\".'),(969,'2010-02-03 01:14:53',5,19,'108','Shri Akkamahadevi Mahila SHG',2,'Added person \"Mahadevi patil\". Added person \"Yashodha Patil\". Added person \"Basavva patil\". Added person \"Shantha patil\". Added person \"Renuka Madli\". Added person \"Iramma Shivangoudra\". Added person \"Gangavva Uppar\". Added person \"Sushilamma vadli\". Added person \"sangavva Hugar\". Added person \"Anasuya Inguli\". Added person \"Bhagyashri Nemannavar\". Added person \"Mahadevi patil\". Added person \"Renuka Bosle\". Added person \"Sumitra Ekuli\". Added person \"Mallavva Patil\".'),(970,'2010-02-03 01:29:40',5,19,'96','Shri Akkamahadevi Mahila Swasahay Sangh',2,'Added person \"Renuka S Morabad\". Added person \"Anasavva B Kurtakoti\". Added person \"Siddavva C Hakalad\". Added person \"Gangavva m Morabad\". Added person \"Lakshmavva R Anjotgi\". Added person \"Devakka k Adargunchi\". Added person \"Gauravva I Morabad\". Added person \"Bharati M Doddamani\". Added person \"Channabba s Adargunchi\". Added person \"Gaurava R Hakalad\".'),(971,'2010-02-03 01:39:31',5,19,'95','Shri nidhi raitar kshetra patha shale Sangh ',2,'Added person \"Shankrappa C Kurtakoti\". Added person \"Channappa V Chini\". Added person \"Mailari M Horaoni\". Added person \"Basalingappa G Huballi\". Added person \"Sadanand B morabad\". Added person \"Basavanneppa C Kurtakoti\". Added person \"shivaputrappa H Masundi\". Added person \"Doddeshappa H Sommannavar\". Added person \"Mahadevappa m Morabad\". Added person \"Mudakappa C Morabad \". Added person \"Basavaraj G Morabad\". Added person \"Mallikarjun P Nerti\". Added person \"shantappa I Doddamani\". Added person \"Mahaveer M kamadhenu\". Added person \"Yallappa H nerti\". Added person \"Mahantayya A Hulasogimath\". Added person \"Basavaraj M Navalgund\". Added person \"Malleshappa Y Hakalad\".'),(972,'2010-02-03 01:48:58',5,19,'92',' Shri Durgadevi mahila SHG',2,'Changed group_name. Added person \"Danamma S Masundi\". Added person \"Neelava y Badappanavar\". Added person \"Savakka Y tavargeri\". Added person \"Kasturevva Y Badapanavar\". Added person \"Gangamma M Kalammanavar\". Added person \"Basavannevva B tavarageri\". Added person \"Shantavva M Kallammanavar\". Added person \"Gadigevva R Bandeppanavar\". Added person \"Ningavva M Hindasgeri\". Added person \"Neelavva Bandappanavar\". Added person \"Iravva F Morabad \". Added person \"Iravva L Morabad\". Added person \"Fakiravva H Badappanavar\". Added person \"Manjula N Angadi\". Added person \"Hanumavva k Badappanavar\".'),(973,'2010-02-03 01:55:34',5,19,'94',' Shri kariyamma Devi swa sahaysangh',2,'Changed group_name. Added person \"Gauravva C Morabad\". Added person \"Paravva B  Haklad\". Added person \"Yallava d Doddamani\". Added person \"Basavva T jalihal\". Added person \"Pirumbi A Nadaf\". Added person \"Jannatabi G Nadaf\". Added person \"Yallavva T Badappanavar\". Added person \"Bibijan D Nadaf\". Added person \"Sarapavva R Nadaf\". Added person \"Kallavva M Hakalad\". Added person \"Yallavva B Huballi\". Added person \"Karevva y Bandeppanavar\". Added person \"Rajibi h nadaf\". Added person \"Renuka B Bandeppanavar\".'),(974,'2010-02-03 02:02:12',5,19,'93',' Shri Ranichennamma SHG',2,'Added person \"kamalavva M adargunchi\". Added person \"Kamalavva M Benni\". Added person \"Neelavva G Morabad\". Added person \"Manjula S Morabad\". Added person \"Mallavva M Horaoni \". Added person \"Ningavva M Horaoni\". Added person \"Silingavva B Sindagi\". Added person \"Mahadevi S Magli\". Added person \"Mahadevi Benni\". Added person \"Basavannevva Y angadi\". Added person \"Pakiravva G Muttigi\". Added person \"Pakiravva m KMorabad\".'),(975,'2010-02-03 02:10:28',5,19,'113','Janotthan shri renuka devi Mahila SHG',2,'Changed group_name. Added person \"Shanta Gyanappanavar\". Added person \"Balavva Talwar\". Added person \"Savitri Inglenavar\". Added person \"Channavva Hiremath\". Added person \"Rudravva Gyanappanavar\". Added person \"Basavva Harijan\". Added person \"Neelavva Yallari\". Added person \"savitri Mysore\". Added person \"Mahadevi Kalakatti\". Added person \"Anasuya shigai\". Added person \"Kamalavva Kurahatti\". Added person \"Lalitha Patil\". Added person \"Gangavva Timmasagar\". Added person \"Shankaravva sannamani\". Added person \"Surekha Patil\".'),(976,'2010-02-03 02:16:27',5,19,'114','Janotthan Shri gaytatridevi Mahila SHG',2,'Changed group_name. Added person \"Chanamma \". Added person \"Manjula\". Added person \"Pushpa\". Added person \"madevi\". Added person \"Laxmavva\". Added person \"shaila\". Added person \"Rudravva \". Added person \"Ningavva\". Added person \"Basavva\". Added person \"Madevi\". Added person \"Neelava \". Added person \"Neelava \". Added person \"Paravva\". Added person \"Channavva\". Added person \"Basavva\". Added person \"Guravva \". Added person \"Vishalaxi\".'),(977,'2010-02-03 02:18:56',5,19,'115','Shri Jatingeshwar SHG',2,'No fields changed.'),(978,'2010-02-03 02:29:11',5,19,'91','kariyaammadevi Mahila swa sahay sangh',2,'Changed group_name. Added person \"Jalajaxi Kammar\". Added person \"Shan tavva H Kbber\". Added person \"Ningavav p mantur\". Added person \"sharavva B Benni\". Added person \"Madevi N Benni\". Added person \"Paravva R Kuber \". Added person \"Laxmavva I ambiger\". Added person \"Neelavva b Benni\". Added person \"Shivaleela M Kudlagi\". Added person \"Gouravva R Benni\". Added person \"Girijavva B Benni\". Added person \"vandana v Bharidevararkoppa\".'),(979,'2010-02-03 02:36:21',5,19,'90','Banshankari mahila SHG',2,'Changed group_name. Added person \"vandana bairikoppa\". Added person \"Madevi Benni\". Added person \"Paravva Kabber\". Added person \"Gangavva Benni\". Added person \"Sharavva Benni\". Added person \"Girijavva Benni\". Added person \"Tulasavva s patil\". Added person \"shantavva D Benni\". Added person \"Gouravva R Benni\". Added person \"Gouravva Hosamani\". Added person \"savitri kalabhavi\". Added person \"kamalavva Kammar\". Added person \"Neelavva Pujar\". Added person \"Draxayini Kammar\". Added person \"Chandrava kalbhai\". Added person \"Shantavva H kabber\". Added person \"Paravva Hubbalimath\".'),(980,'2010-02-03 02:47:19',5,19,'89','Shri daneshwari mahila sangh',2,'Changed group_name. Added person \"Savitri N Kalabhai\". Added person \"Kamalavva M Kammar\". Added person \"Shivalingavva B sheelanavtra\". Added person \"Shantavva d benni\". Added person \"bsavva Kalbhai\". Added person \"Netra S benni\". Added person \"Sumangala m benni\". Added person \"Murigevva S Tegginami\". Added person \"Gangavva Kalbhai\". Added person \"Iravva G Hiremath\". Added person \"Basavva Benni\". Added person \"Neelavva S Mudinganavar\". Added person \"Baramavva B Mudinganavar\". Added person \"shankaravva S Doddagoudar\".'),(981,'2010-02-03 02:48:48',5,19,'169','Spoorthi mahila swa sahay sangh ',1,''),(982,'2010-02-03 02:49:38',5,19,'170','Manibhai Bheemabhai C SHG',1,''),(983,'2010-02-03 02:50:25',5,19,'171','Veerabhadreshwara mahila SHG',1,''),(984,'2010-02-03 02:51:13',5,19,'172','Ulavi Channabasaveshwar mahila SHG',1,''),(985,'2010-02-03 02:59:59',5,19,'173','Triveni Mahila SHG',1,''),(986,'2010-02-03 03:15:33',5,19,'172','Ulavi Channabasaveshwar mahila SHG',2,'Added person \"Manjula b Hiremath\". Added person \"basamma G Hiremath\". Added person \"Mallavva B Kalabhai\". Added person \"savakka Hunugund\". Added person \"Shantavva Muralli\". Added person \"Basavva Mudlinganavar\". Added person \"Madevi K Policegoudra\". Added person \"Shankaravva S marigouda \". Added person \"Basayya G Hiremath\". Added person \"Basavantappa Kalabhavi \". Added person \"Kuberagouda Policegoudar\". Added person \"Shantavva B Policegoudar\".'),(987,'2010-02-03 23:46:21',7,22,'77','Paray Pingua',2,'Added animator assigned village \"AnimatorAssignedVillage object\". Added animator assigned village \"AnimatorAssignedVillage object\".'),(988,'2010-02-03 23:46:47',7,22,'62','Ramakant',2,'Added animator assigned village \"AnimatorAssignedVillage object\".'),(989,'2010-02-03 23:49:22',7,17,'86','Marangsahi',1,''),(990,'2010-02-03 23:49:55',7,17,'87','Jhalkiani',1,''),(991,'2010-02-03 23:50:35',7,17,'88','Kaliasahi',1,''),(992,'2010-02-03 23:50:43',7,22,'75','Kuni Rani Sundhi',2,'Added animator assigned village \"AnimatorAssignedVillage object\". Added animator assigned village \"AnimatorAssignedVillage object\". Added animator assigned village \"AnimatorAssignedVillage object\".'),(993,'2010-02-04 00:02:05',7,29,'28','2010-01-15 Khandbandha',1,''),(994,'2010-02-04 00:18:42',7,28,'13','Jeevamrutha',1,''),(995,'2010-02-04 00:18:48',7,28,'13','Jeevamrutha',2,'No fields changed.'),(996,'2010-02-04 02:56:54',7,29,'29','2010-01-11 Khandbandha',1,''),(997,'2010-02-04 03:04:53',7,29,'30','2010-01-09 Khandbandha',1,''),(998,'2010-02-04 03:23:56',7,29,'31','2010-01-08 Khandbandha',1,''),(999,'2010-02-04 03:27:02',7,28,'14','Application of Jeevamrutha',1,''),(1000,'2010-02-04 03:33:21',7,29,'32','2010-01-02 Khandbandha',1,''),(1001,'2010-02-04 03:49:01',7,28,'15','Pea sowing',1,''),(1002,'2010-02-04 03:50:56',7,28,'16','Pea sowing',1,''),(1003,'2010-02-04 03:51:08',7,28,'16','Pea sowing',2,'No fields changed.'),(1004,'2010-02-04 03:51:52',7,28,'17','Tomato transplanting',1,''),(1005,'2010-02-04 03:52:20',7,28,'18','Arhar sowing',1,''),(1006,'2010-02-04 03:52:46',7,28,'19','Tomato sowing',1,''),(1007,'2010-02-04 03:53:16',7,28,'20','Fish feed and care',1,''),(1008,'2010-02-04 04:02:05',7,29,'33','2010-01-23 Khandbandha',1,''),(1009,'2010-02-04 04:09:12',7,29,'34','2010-01-22 Khandbandha',1,''),(1010,'2010-02-04 04:17:46',7,29,'35','2010-01-18 Khandbandha',1,''),(1011,'2010-02-04 04:23:34',7,29,'36','2010-01-16 Khandbandha',1,''),(1012,'2010-02-04 04:31:05',7,27,'48','Cauliflower earthing up',1,''),(1013,'2010-02-04 04:39:23',7,29,'37','2010-01-25 Khandbandha',1,''),(1014,'2010-02-04 04:48:11',7,29,'38','2010-01-29 Khandbandha',1,''),(1015,'2010-02-04 04:59:41',7,29,'39','2010-01-30 Khandbandha',1,''),(1016,'2010-02-04 05:15:54',7,29,'40','2010-01-16 Basantpur_Naiksahi',1,''),(1017,'2010-02-04 05:32:01',7,29,'41','2010-01-18 Kanthikena',1,''),(1018,'2010-02-04 05:43:54',7,17,'89','Rajam Sahi',1,''),(1019,'2010-02-04 05:47:42',7,19,'175','Marang Buru',1,''),(1020,'2010-02-04 05:49:07',7,24,'163','AnimatorAssignedVillage object',1,''),(1021,'2010-02-04 05:51:55',7,29,'42','2010-01-20 Rajam Sahi',1,''),(1022,'2010-02-04 05:55:20',7,29,'43','2010-01-20 Kumdabadi',1,''),(1023,'2010-02-04 05:59:04',7,29,'44','2010-01-21 Ektali',1,''),(1024,'2010-02-04 06:02:06',7,29,'45','2010-01-23 Basantpur_Naiksahi',1,''),(1025,'2010-02-04 06:05:45',1,17,'90','Test Village 1',1,''),(1026,'2010-02-04 06:06:19',1,17,'90','Test Village 1',3,''),(1027,'2010-02-04 06:08:32',7,29,'46','2010-01-24 Basantpur',1,''),(1028,'2010-02-04 06:12:47',7,29,'47','2010-01-25 Kanthikena',1,''),(1029,'2010-02-04 06:16:01',7,29,'48','2010-01-27 Rajam Sahi',1,''),(1030,'2010-02-04 06:20:32',7,29,'49','2010-01-28 Ektali',1,''),(1031,'2010-02-04 14:54:31',1,23,'1','Training object',1,''),(1032,'2010-02-04 14:54:42',1,23,'1','Training object',3,''),(1033,'2010-02-04 15:34:22',1,20,'1913','temp',1,''),(1034,'2010-02-04 15:34:54',1,20,'1913','temp',2,'Added person adopt practice \"PersonAdoptPractice object\".'),(1035,'2010-02-04 15:35:04',1,20,'1913','temp',3,''),(1036,'2010-02-04 17:40:07',1,11,'4','Dr. Nadagouda',2,'No fields changed.'),(1037,'2010-02-04 17:40:27',1,11,'14','test',1,''),(1038,'2010-02-04 17:42:29',1,11,'3','Mr. Avinash',2,'No fields changed.'),(1039,'2010-02-04 17:42:49',1,11,'15','etst1',1,''),(1040,'2010-02-04 17:48:26',1,11,'15','etst1',2,'No fields changed.'),(1041,'2010-02-04 17:51:42',1,11,'15','etst1',2,'No fields changed.'),(1042,'2010-02-04 17:52:12',1,11,'16','saddasd',1,''),(1043,'2010-02-04 17:58:02',1,11,'16','saddasd',3,''),(1044,'2010-02-04 17:58:12',1,11,'15','etst1',3,''),(1045,'2010-02-04 17:58:12',1,11,'14','test',3,''),(1046,'2010-02-04 18:01:58',1,11,'17','sads',1,''),(1047,'2010-02-04 18:05:37',1,11,'18','sdsa',1,''),(1048,'2010-02-04 18:17:48',1,11,'19','test',3,''),(1049,'2010-02-04 18:17:48',1,11,'18','sdsa',3,''),(1050,'2010-02-04 18:17:48',1,11,'17','sads',3,''),(1051,'2010-02-04 19:14:20',1,11,'1','Dr. Nadagouda',1,''),(1052,'2010-02-04 19:14:31',1,11,'2','Mr. Avinash',1,''),(1053,'2010-02-04 19:14:53',1,11,'3','Mr. Gulzar',1,''),(1054,'2010-02-04 19:15:43',1,10,'1','Dr. Nadagouda',1,''),(1055,'2010-02-04 19:15:50',1,10,'2','Mr. Avinash',1,''),(1056,'2010-02-04 19:16:05',1,10,'3','None',1,''),(1057,'2010-02-04 19:16:16',1,10,'4','Mr. Gulzar',1,''),(1058,'2010-02-04 19:17:09',1,10,'3','None',3,''),(1059,'2010-02-04 19:17:53',1,10,'5','PRADAN',1,''),(1060,'2010-02-04 19:18:00',1,10,'6','BAIF',1,''),(1061,'2010-02-04 19:18:11',1,10,'7','GREEN Foundation',1,''),(1062,'2010-02-04 19:18:19',1,10,'8','SPS',1,''),(1063,'2010-02-04 19:19:30',1,10,'9','Kevin Gandhi',1,''),(1064,'2010-02-04 19:19:45',1,10,'10','Abhishek',1,''),(1065,'2010-02-04 19:19:51',1,10,'11','Muthumari',1,''),(1066,'2010-02-04 19:20:17',1,10,'12','Chandrashekhar',1,''),(1067,'2010-02-04 19:20:24',1,10,'13','Ramachandra',1,''),(1068,'2010-02-04 19:20:37',1,10,'14','Archana',1,''),(1069,'2010-02-04 19:20:44',1,10,'15','Satyam Salil',1,''),(1070,'2010-02-04 19:22:56',1,27,'49','testets',1,''),(1071,'2010-02-04 19:25:36',1,27,'49','testets',3,''),(1072,'2010-02-04 20:21:14',1,9,'1','Dr. Nadagouda',1,''),(1073,'2010-02-04 20:21:22',1,9,'2','Mr. Avinash',1,''),(1074,'2010-02-04 20:21:29',1,9,'3','Mr. Gulzar',1,''),(1075,'2010-02-04 20:21:38',1,9,'4','Kevin Gandhi',1,''),(1076,'2010-02-04 20:21:44',1,9,'5','Abhishek',1,''),(1077,'2010-02-04 20:21:51',1,9,'6','Muthumari',1,''),(1078,'2010-02-04 20:21:57',1,9,'7','Chandrashekhar',1,''),(1079,'2010-02-04 20:22:03',1,9,'8','Ramachandra',1,''),(1080,'2010-02-04 20:22:10',1,9,'9','Archana',1,''),(1081,'2010-02-04 20:22:15',1,9,'10','Satyam Salil',1,''),(1082,'2010-02-04 20:34:54',1,3,'1','Field Officer',2,'Changed permissions.'),(1083,'2010-02-04 20:36:57',1,3,'2','Development Manager',2,'Changed permissions.'),(1084,'2010-02-04 20:39:34',1,34,'1','Equipment object',1,''),(1085,'2010-02-04 20:44:55',1,34,'1','Equipment object',3,''),(1086,'2010-02-04 21:29:43',7,29,'50','2010-01-15 Ektali',1,''),(1087,'2010-02-05 06:38:01',1,20,'1914','TestPerson',1,''),(1088,'2010-02-05 06:38:43',1,20,'1914','TestPerson',3,''),(1089,'2010-02-05 23:07:19',9,16,'5','Jhikpani',2,'Changed block_name.'),(1090,'2010-02-05 23:09:15',9,16,'29','Bandhgaon',1,''),(1091,'2010-02-05 23:09:35',9,16,'30','Sonua',1,''),(1092,'2010-02-05 23:14:34',9,17,'91','Lonzo',1,''),(1093,'2010-02-05 23:14:48',9,22,'81','Jaishree Diggi',1,''),(1094,'2010-02-05 23:18:57',9,17,'92','BAIHATU',1,''),(1095,'2010-02-05 23:19:08',9,22,'82','ARTI BODRA',1,''),(1096,'2010-02-05 23:21:31',9,17,'92','Baihatu',2,'Changed village_name.'),(1097,'2010-02-05 23:22:24',9,17,'93','Lauria',1,''),(1098,'2010-02-05 23:24:03',9,22,'82','Arti Bodra',2,'Changed name.'),(1099,'2010-02-05 23:24:50',9,22,'83','Shilwanti Gagrai',1,''),(1100,'2010-02-05 23:25:57',9,22,'84','John Singh Diggi',1,''),(1101,'2010-02-05 23:54:05',9,17,'94','Udaipur',1,''),(1102,'2010-02-06 00:04:30',9,22,'84','John Singh Diggi',2,'Added animator assigned village \"AnimatorAssignedVillage object\". Added animator assigned village \"AnimatorAssignedVillage object\".'),(1103,'2010-02-06 00:05:16',9,22,'81','Jaishree Diggi',2,'Added animator assigned village \"AnimatorAssignedVillage object\". Added animator assigned village \"AnimatorAssignedVillage object\". Added animator assigned village \"AnimatorAssignedVillage object\".'),(1104,'2010-02-06 00:06:35',9,22,'82','Arti Bodra',2,'Added animator assigned village \"AnimatorAssignedVillage object\". Added animator assigned village \"AnimatorAssignedVillage object\".'),(1105,'2010-02-06 00:06:57',9,22,'83','Shilwanti Gagrai',2,'Added animator assigned village \"AnimatorAssignedVillage object\".'),(1106,'2010-02-06 00:13:07',9,20,'1915','Balram Nayak',1,''),(1107,'2010-02-06 00:14:14',9,20,'1915','Balram Nayak',2,'No fields changed.'),(1108,'2010-02-06 00:24:06',9,27,'50','Transplantation of Onion Seedling',1,''),(1109,'2010-02-06 00:31:37',9,20,'1916','Mahes Diggi',1,''),(1110,'2010-02-06 00:31:52',9,20,'1916','Mahes Diggi',2,'No fields changed.'),(1111,'2010-02-06 00:33:31',9,20,'1917','Ramkishor Nayak',1,''),(1112,'2010-02-06 00:34:28',9,20,'1918','Majnu Bodra',1,''),(1113,'2010-02-06 00:34:42',9,20,'1918','Majnu Bodra',2,'No fields changed.'),(1114,'2010-02-06 00:35:33',9,20,'1919','Chamru Kandya',1,''),(1115,'2010-02-06 00:40:18',9,28,'21','Yield comparision',1,''),(1116,'2010-02-07 22:10:16',5,29,'52','2010-01-26 SS Koppa',1,''),(1117,'2010-02-07 22:13:43',5,29,'53','2010-01-25 SS Koppa',1,''),(1118,'2010-02-07 22:17:29',5,29,'54','2010-01-28 SS Koppa',1,''),(1119,'2010-02-07 22:50:29',5,17,'44','kamplikoppa',2,'Added animator \"Gouda\".'),(1120,'2010-02-07 22:51:08',5,24,'172','AnimatorAssignedVillage object',1,''),(1121,'2010-02-07 22:55:18',5,29,'53','2010-01-28 kamplikoppa',2,'Changed date, start_time, end_time, location, village, animator, target_person_attendance, target_adoptions and farmer_groups_targeted. Added person meeting attendance \"PersonMeetingAttendance object\". Added person meeting attendance \"PersonMeetingAttendance object\". Added person meeting attendance \"PersonMeetingAttendance object\". Added person meeting attendance \"PersonMeetingAttendance object\". Added person meeting attendance \"PersonMeetingAttendance object\". Added person meeting attendance \"PersonMeetingAttendance object\". Added person meeting attendance \"PersonMeetingAttendance object\". Added person meeting attendance \"PersonMeetingAttendance object\". Added person meeting attendance \"PersonMeetingAttendance object\". Added person meeting attendance \"PersonMeetingAttendance object\". Added person meeting attendance \"PersonMeetingAttendance object\". Added person meeting attendance \"PersonMeetingAttendance object\". Added person meeting attendance \"PersonMeetingAttendance object\". Added person meeting attendance \"PersonMeetingAttendance object\".'),(1122,'2010-02-07 23:15:34',5,29,'55','2010-01-26 kamplikoppa',1,''),(1123,'2010-02-07 23:17:58',5,29,'56','2010-01-26 kamplikoppa',1,''),(1124,'2010-02-07 23:19:41',5,29,'57','2010-01-28 kamplikoppa',1,''),(1125,'2010-02-07 23:21:17',5,29,'58','2010-01-24 Huniskatte',1,''),(1126,'2010-02-07 23:26:18',5,29,'60','2010-01-27 Huniskatte',1,''),(1127,'2010-02-07 23:28:07',5,29,'61','2010-01-29 Huniskatte',1,''),(1128,'2010-02-07 23:29:39',5,29,'62','2010-01-28 Huniskatte',1,''),(1129,'2010-02-07 23:35:41',5,29,'64','2010-01-25 BN Koppa',2,'Changed date, end_time, videoes_screened, target_audience_interest and farmer_groups_targeted. Added person meeting attendance \"PersonMeetingAttendance object\". Added person meeting attendance \"PersonMeetingAttendance object\". Added person meeting attendance \"PersonMeetingAttendance object\". Added person meeting attendance \"PersonMeetingAttendance object\". Added person meeting attendance \"PersonMeetingAttendance object\". Added person meeting attendance \"PersonMeetingAttendance object\". Added person meeting attendance \"PersonMeetingAttendance object\". Added person meeting attendance \"PersonMeetingAttendance object\". Added person meeting attendance \"PersonMeetingAttendance object\". Added person meeting attendance \"PersonMeetingAttendance object\". Added person meeting attendance \"PersonMeetingAttendance object\". Added person meeting attendance \"PersonMeetingAttendance object\". Added person meeting attendance \"PersonMeetingAttendance object\". Added person meeting attendance \"PersonMeetingAttendance object\". Added person meeting attendance \"PersonMeetingAttendance object\". Added person meeting attendance \"PersonMeetingAttendance object\".'),(1130,'2010-02-07 23:37:00',5,29,'65','2010-01-26 BN Koppa',1,''),(1131,'2010-02-07 23:38:34',5,29,'66','2010-01-27 BN Koppa',1,''),(1132,'2010-02-07 23:40:19',5,29,'67','2010-01-28 BN Koppa',1,''),(1133,'2010-02-07 23:42:07',5,29,'68','2010-01-29 BN Koppa',1,''),(1134,'2010-02-07 23:46:21',5,24,'173','AnimatorAssignedVillage object',1,''),(1135,'2010-02-07 23:48:22',5,29,'69','2010-01-25 Mukkal',1,''),(1136,'2010-02-07 23:52:57',5,29,'70','2009-12-27 Mukkal',1,''),(1137,'2010-02-07 23:56:49',5,29,'71','2010-01-27 Mukkal',1,''),(1138,'2010-02-07 23:58:31',5,29,'72','2010-01-27 Ganjigatti',1,''),(1139,'2010-02-08 00:07:44',5,29,'73','2010-01-25 Ganjigatti',1,''),(1140,'2010-02-08 00:10:07',5,29,'74','2010-01-24 Ganjigatti',1,''),(1141,'2010-02-08 00:12:12',5,29,'75','2010-01-23 Ganjigatti',1,''),(1142,'2010-02-08 00:14:19',5,29,'76','2010-01-28 Dastikoppa',1,''),(1143,'2010-02-08 00:15:35',5,29,'77','2010-01-27 Dastikoppa',1,''),(1144,'2010-02-08 00:16:38',5,29,'78','2010-01-26 Dastikoppa',1,''),(1145,'2010-02-08 00:17:58',5,29,'79','2010-01-26 Dastikoppa',1,''),(1146,'2010-02-08 00:19:56',5,29,'80','2010-01-17 Huniskatte',1,''),(1147,'2010-02-08 00:21:27',5,20,'1920','shenkarravva koni',1,''),(1148,'2010-02-08 00:30:04',5,29,'80','2010-01-17 Huniskatte',2,'No fields changed.'),(1149,'2010-02-08 00:32:02',5,29,'81','2010-01-18 Huniskatte',1,''),(1150,'2010-02-08 00:33:57',5,29,'82','2010-01-21 Huniskatte',1,''),(1151,'2010-02-08 00:35:25',5,20,'1921','Maruti nemannvar',1,''),(1152,'2010-02-08 00:35:54',5,20,'1922','Shantayya Katimani',1,''),(1153,'2010-02-08 00:36:24',5,20,'1923','Basayya Hebalimath',1,''),(1154,'2010-02-08 00:48:50',5,29,'83','2010-01-21 Huniskatte',1,''),(1155,'2010-02-08 00:50:35',5,29,'84','2010-01-22 Huniskatte',1,''),(1156,'2010-02-08 00:52:49',5,29,'85','2010-01-18 SS Koppa',1,''),(1157,'2010-02-08 00:54:06',5,29,'86','2010-01-19 SS Koppa',1,''),(1158,'2010-02-08 00:59:20',5,29,'87','2010-01-20 SS Koppa',1,''),(1159,'2010-02-08 01:01:11',5,17,'95','Kadara koppa',1,''),(1160,'2010-02-08 01:03:43',5,17,'95','Kadara koppa',2,'Added animator \"Ram\". Added animator \"Hiremath\".'),(1161,'2010-02-08 01:08:16',5,17,'95','Kadara koppa',2,'No fields changed.'),(1162,'2010-02-08 01:09:52',5,20,'1924','PLV naik',1,''),(1163,'2010-02-08 01:10:01',5,27,'51','A. I Programme',1,''),(1164,'2010-02-08 01:15:33',5,20,'1925','Siddavva Hakalad',1,''),(1165,'2010-02-08 01:15:51',5,27,'52','Low cost cattle feed',1,''),(1166,'2010-02-08 01:21:24',5,17,'44','kamplikoppa',2,'Added animator \"N.U.Bulla \". Changed name, csp_flag and camera_operator_flag for animator \"Sadanand\".'),(1167,'2010-02-08 01:22:19',5,17,'44','kamplikoppa',2,'Changed facilitator_flag for animator \"N.U.Bulla \".'),(1168,'2010-02-08 01:23:06',5,17,'44','kamplikoppa',2,'Added animator \"Ram\".'),(1169,'2010-02-08 01:25:28',5,17,'44','kamplikoppa',2,'Changed csp_flag for animator \"N.U.Bulla \". Changed csp_flag for animator \"Ram\".'),(1170,'2010-02-08 01:27:33',5,20,'1926','Malleshappa',1,''),(1171,'2010-02-08 01:27:43',5,27,'53','Ring Trench Biomas',1,''),(1172,'2010-02-08 01:29:31',5,17,'48','Ganjigatti',2,'Added animator \"Ram\". Changed csp_flag, camera_operator_flag and facilitator_flag for animator \"Mahadevi\".'),(1173,'2010-02-08 01:32:12',5,20,'1927','Eranna jangli',1,''),(1174,'2010-02-08 01:32:38',5,27,'54','Azolla',1,''),(1175,'2010-02-08 01:35:20',5,20,'1928','Mr.Vasudev mungli',1,''),(1176,'2010-02-08 01:35:29',5,27,'55','WADI',1,''),(1177,'2010-02-08 01:38:16',5,20,'1929','Mr. Chennappa',1,''),(1178,'2010-02-08 01:39:19',5,27,'56','Low cost Vermicompost',1,''),(1179,'2010-02-08 01:42:03',5,20,'1930','Mullugundamath',1,''),(1180,'2010-02-08 01:42:22',5,27,'57','Bio gas',1,''),(1181,'2010-02-08 01:44:17',5,20,'1931','shivanegouda',1,''),(1182,'2010-02-08 01:44:30',5,27,'58','Jeevamruta',1,''),(1183,'2010-02-08 01:46:24',5,20,'1932','Vinod kujar',1,''),(1184,'2010-02-08 01:46:35',5,27,'59','Baby nutrition food',1,''),(1185,'2010-02-08 01:49:05',5,20,'1933','Renapagouda',1,''),(1186,'2010-02-08 01:49:17',5,27,'60','Mound soil soap',1,''),(1187,'2010-02-08 02:00:00',5,29,'88','2010-01-20 SS Koppa',1,''),(1188,'2010-02-08 02:02:07',5,29,'89','2010-01-21 SS Koppa',1,''),(1189,'2010-02-08 02:07:43',5,29,'90','2010-01-21 Ganjigatti',1,''),(1190,'2010-02-08 02:10:09',5,29,'91','2010-01-20 Ganjigatti',1,''),(1191,'2010-02-08 02:14:35',5,29,'92','2010-01-18 Mukkal',1,''),(1192,'2010-02-08 02:17:07',5,29,'93','2010-01-18 Mukkal',1,''),(1193,'2010-02-08 02:19:25',5,29,'94','2010-01-19 Mukkal',1,''),(1194,'2010-02-08 02:21:09',5,29,'95','2010-01-20 Mukkal',1,''),(1195,'2010-02-08 02:31:10',8,17,'96','T.Navatoli',1,''),(1196,'2010-02-08 02:31:43',8,19,'177','Kiran',1,''),(1197,'2010-02-08 02:41:00',8,19,'177','Kiran',2,'Added person \"Bina Devi\". Added person \"Arti Devi\". Added person \"Dutia Devi\". Added person \"Shanti Devi\". Added person \"Sita Devi\". Added person \"Bimla Devi\". Added person \"Charki Devi\". Added person \"Gurni Devi\". Added person \"Hiravati Devi\". Added person \"Somari Devi \". Added person \"Ropni Kumari\". Added person \"Sulanti Devi\". Added person \"Asari Devi\". Added person \"Itwari Devi\". Added person \"Pahar Devi\". Added person \"Phulmani Devi\". Added person \"Pratima Devi\".'),(1198,'2010-02-08 02:45:37',8,17,'97','B.Navatoli',1,''),(1199,'2010-02-08 02:46:03',5,24,'174','AnimatorAssignedVillage object',1,''),(1200,'2010-02-08 02:46:28',5,24,'175','AnimatorAssignedVillage object',1,''),(1201,'2010-02-08 02:46:35',8,17,'98','B.Chandatoli',1,''),(1202,'2010-02-08 02:47:27',8,17,'99','Urmi',1,''),(1203,'2010-02-08 02:48:35',5,22,'91','Ramesh',1,''),(1204,'2010-02-08 02:48:44',5,24,'178','AnimatorAssignedVillage object',1,''),(1205,'2010-02-08 02:48:52',8,17,'100','B.Kotatoli',1,''),(1206,'2010-02-08 02:49:21',5,24,'179','AnimatorAssignedVillage object',1,''),(1207,'2010-02-08 02:49:51',5,24,'180','AnimatorAssignedVillage object',1,''),(1208,'2010-02-08 02:50:10',5,24,'181','AnimatorAssignedVillage object',1,''),(1209,'2010-02-08 02:50:22',5,24,'182','AnimatorAssignedVillage object',1,''),(1210,'2010-02-08 02:51:25',5,17,'101','somanna koppa',1,''),(1211,'2010-02-08 02:51:29',5,24,'183','AnimatorAssignedVillage object',1,''),(1212,'2010-02-08 02:51:41',5,24,'184','AnimatorAssignedVillage object',1,''),(1213,'2010-02-08 02:52:03',8,19,'178','Chandini',1,''),(1214,'2010-02-08 02:54:38',5,20,'1951','Mudukappa Akki',1,''),(1215,'2010-02-08 02:55:01',5,27,'61','Paddy raised seed bed',1,''),(1216,'2010-02-08 02:56:46',5,28,'22','Fodder preservation',1,''),(1217,'2010-02-08 02:57:09',5,20,'1952','Muralli',1,''),(1218,'2010-02-08 02:57:23',5,27,'62','Dry fodder preservation',1,''),(1219,'2010-02-08 02:57:58',5,28,'22','Fodder preservation',2,'Changed seasonality.'),(1220,'2010-02-08 02:59:39',5,27,'63','Paddy seed treatment',1,''),(1221,'2010-02-08 03:01:53',5,20,'1953','Renapagouda',1,''),(1222,'2010-02-08 03:02:04',5,27,'64','Biopesticide',1,''),(1223,'2010-02-08 03:03:29',5,20,'1954','Lingareddy',1,''),(1224,'2010-02-08 03:03:40',5,27,'65','Organic urea',1,''),(1225,'2010-02-08 03:04:36',8,19,'178','Chandini',2,'Added person \"Arsaliyani Topno\". Added person \"Shanti Topno\". Added person \"Budhini Topno\". Added person \"Jaimani Topno\". Added person \"Fagui Topno\". Added person \"Marsa Topno\". Added person \"Keetni Topno\". Added person \"Rahil Topno\". Added person \"Sumanti Topno\". Added person \"Seteng Topno\". Added person \"Jasiyani Topno\". Added person \"Jeengi Topno\".'),(1226,'2010-02-08 03:05:24',5,20,'1967','Hadaad',1,''),(1227,'2010-02-08 03:05:34',5,27,'66','Mulching ',1,''),(1228,'2010-02-08 03:07:19',5,22,'92','ram',1,''),(1229,'2010-02-08 03:07:41',5,24,'185','AnimatorAssignedVillage object',1,''),(1230,'2010-02-08 03:08:14',5,22,'93','Rajendran',1,''),(1231,'2010-02-08 03:08:29',5,24,'186','AnimatorAssignedVillage object',1,''),(1232,'2010-02-08 03:08:57',5,24,'187','AnimatorAssignedVillage object',1,''),(1233,'2010-02-08 03:09:25',5,24,'188','AnimatorAssignedVillage object',1,''),(1234,'2010-02-08 03:10:15',5,24,'189','AnimatorAssignedVillage object',1,''),(1235,'2010-02-08 03:10:37',5,24,'190','AnimatorAssignedVillage object',1,''),(1236,'2010-02-08 03:10:59',5,24,'191','AnimatorAssignedVillage object',1,''),(1237,'2010-02-08 03:11:19',5,24,'192','AnimatorAssignedVillage object',1,''),(1238,'2010-02-08 03:13:34',5,28,'23','Eco friendly resource',1,''),(1239,'2010-02-08 03:13:46',5,27,'57','Bio gas',2,'Changed facilitator, cameraoperator and related_agricultural_practices.'),(1240,'2010-02-08 03:14:37',8,19,'179','Jyoti',1,''),(1241,'2010-02-08 03:14:46',5,27,'58','Jeevamruta',2,'Changed cameraoperator and related_agricultural_practices.'),(1242,'2010-02-08 03:15:52',5,28,'24','malnutrition in children',1,''),(1243,'2010-02-08 03:16:03',5,27,'59','Baby nutrition food',2,'Changed cameraoperator and related_agricultural_practices.'),(1244,'2010-02-08 03:16:54',5,28,'25','Income generation aspects',1,''),(1245,'2010-02-08 03:17:26',5,27,'60','Mound soil soap',2,'Changed cameraoperator and related_agricultural_practices.'),(1246,'2010-02-08 03:19:15',5,28,'26','Herbal medicine',1,''),(1247,'2010-02-08 03:20:18',5,27,'67','Adusoge khasahaya',1,''),(1248,'2010-02-08 03:22:17',5,20,'1988','Basavannappa',1,''),(1249,'2010-02-08 03:22:26',5,27,'68','Amruta balli',1,''),(1250,'2010-02-08 03:23:47',5,28,'27','Fodder conservation',1,''),(1251,'2010-02-08 03:24:28',5,27,'69','Fodder development',1,''),(1252,'2010-02-08 03:26:45',5,20,'1989','Gunisiddappa',1,''),(1253,'2010-02-08 03:27:22',8,19,'180','Gulabi',1,''),(1254,'2010-02-08 03:27:25',5,27,'70','Flori culture ',1,''),(1255,'2010-02-08 03:29:02',5,20,'2005','Nagappa',1,''),(1256,'2010-02-08 03:29:28',5,27,'71','Forest tree pruning',1,''),(1257,'2010-02-08 03:30:53',5,20,'2006','Malleshappa',1,''),(1258,'2010-02-08 03:31:12',5,27,'72','Dung slurry application',1,''),(1259,'2010-02-08 03:32:31',5,20,'2007','Dhanappa',1,''),(1260,'2010-02-08 03:32:53',5,27,'73','Mango planting technique',1,''),(1261,'2010-02-08 03:34:36',5,20,'2008','Barmalingeshs',1,''),(1262,'2010-02-08 03:34:54',5,27,'74','Mango tree pruning',1,''),(1263,'2010-02-08 03:36:58',8,19,'181','Jyoti',1,''),(1264,'2010-02-08 03:37:57',5,20,'2019','Sidangouda',1,''),(1265,'2010-02-08 03:38:06',5,27,'75','Jowar seed treatment ',1,''),(1266,'2010-02-08 03:40:36',5,28,'28','Insemmination ',1,''),(1267,'2010-02-08 03:42:00',5,24,'193','AnimatorAssignedVillage object',1,''),(1268,'2010-02-08 03:42:11',5,24,'194','AnimatorAssignedVillage object',1,''),(1269,'2010-02-08 03:43:10',5,27,'51','A. I Programme',2,'Changed related_agricultural_practices.'),(1270,'2010-02-08 03:43:41',5,24,'195','AnimatorAssignedVillage object',1,''),(1271,'2010-02-08 03:43:56',5,24,'196','AnimatorAssignedVillage object',1,''),(1272,'2010-02-08 03:45:50',5,28,'29','Animal care',1,''),(1273,'2010-02-08 03:45:55',5,27,'52','Low cost cattle feed',2,'Changed cameraoperator and related_agricultural_practices.'),(1274,'2010-02-08 03:47:24',5,22,'94','N U Bulla',1,''),(1275,'2010-02-08 03:47:46',5,24,'197','AnimatorAssignedVillage object',1,''),(1276,'2010-02-08 03:48:11',5,27,'53','Ring Trench Biomas',2,'Changed facilitator and cameraoperator.'),(1277,'2010-02-08 03:49:46',5,24,'198','AnimatorAssignedVillage object',1,''),(1278,'2010-02-08 03:55:29',5,27,'54','Azolla',2,'Changed cameraoperator.'),(1279,'2010-02-08 03:56:42',5,22,'95','Mrs.Sujatha',1,''),(1280,'2010-02-08 03:56:54',5,24,'199','AnimatorAssignedVillage object',1,''),(1281,'2010-02-08 03:57:35',5,24,'200','AnimatorAssignedVillage object',1,''),(1282,'2010-02-08 03:57:53',8,19,'182','uKamalbha',1,''),(1283,'2010-02-08 03:58:37',5,28,'30','Tree based farming',1,''),(1284,'2010-02-08 03:58:48',5,27,'55','WADI',2,'Changed facilitator, cameraoperator and related_agricultural_practices.'),(1285,'2010-02-08 03:59:44',5,27,'56','Low cost Vermicompost',2,'Changed cameraoperator and related_agricultural_practices.'),(1286,'2010-02-08 04:04:03',5,29,'96','2010-01-19 BN Koppa',1,''),(1287,'2010-02-08 04:10:37',8,19,'183','Santhoshi',1,''),(1288,'2010-02-08 04:12:10',8,19,'182','Kamalbha',2,'Changed group_name.'),(1289,'2010-02-08 04:31:20',8,17,'102','Derang',1,''),(1290,'2010-02-08 04:31:42',8,17,'103','Gutuhatu',1,''),(1291,'2010-02-08 04:40:50',8,17,'104','Kamara',1,''),(1292,'2010-02-08 04:53:06',8,28,'31','Pest & Disease Management',1,''),(1293,'2010-02-08 04:54:21',8,20,'2055','Gita Devi',1,''),(1294,'2010-02-08 04:57:22',8,24,'45','AnimatorAssignedVillage object',2,'No fields changed.'),(1295,'2010-02-08 04:57:47',8,24,'201','AnimatorAssignedVillage object',1,''),(1296,'2010-02-08 04:59:22',8,22,'96','Suraj',1,''),(1297,'2010-02-08 05:00:02',8,27,'76','Potato Pest & Disease management_kamara_sadari',1,''),(1298,'2010-02-08 05:01:03',1,8,'16','test2w',1,''),(1299,'2010-02-08 05:01:12',1,8,'16','test2w',3,''),(1300,'2010-02-08 05:09:03',8,20,'2056','Bijesh Singh',1,''),(1301,'2010-02-08 18:55:01',8,19,'184','Chutruburu',1,''),(1302,'2010-02-08 19:08:00',8,19,'185','Peruvakag',1,''),(1303,'2010-02-08 19:21:44',8,19,'186','Angur bandha',1,''),(1304,'2010-02-08 19:27:29',8,19,'187','Perwaghagh',1,''),(1305,'2010-02-08 19:34:59',8,19,'188','Desauli',1,''),(1306,'2010-02-08 19:42:10',8,19,'189','Karo',1,''),(1307,'2010-02-08 19:46:48',8,19,'190','Richigutu',1,''),(1308,'2010-02-08 19:49:34',8,22,'42','Asiyan Gudia',2,'Changed name. Added animator assigned village \"AnimatorAssignedVillage object\". Added animator assigned village \"AnimatorAssignedVillage object\". Added animator assigned village \"AnimatorAssignedVillage object\".'),(1309,'2010-02-08 19:53:24',8,22,'79','Paribal',2,'No fields changed.'),(1310,'2010-02-08 19:55:24',8,22,'33','Shyam',2,'Changed home_village. Added animator assigned village \"AnimatorAssignedVillage object\". Added animator assigned village \"AnimatorAssignedVillage object\". Added animator assigned village \"AnimatorAssignedVillage object\".'),(1311,'2010-02-08 19:56:01',8,22,'33','Shyam',2,'Added animator assigned village \"AnimatorAssignedVillage object\". Added animator assigned village \"AnimatorAssignedVillage object\".'),(1312,'2010-02-08 19:57:40',8,22,'35','Sameer',2,'Changed home_village. Added animator assigned village \"AnimatorAssignedVillage object\". Added animator assigned village \"AnimatorAssignedVillage object\".'),(1313,'2010-02-08 19:59:29',8,22,'35','Sameer',2,'No fields changed.'),(1314,'2010-02-08 22:19:31',8,22,'34','Salim',2,'Added animator assigned village \"AnimatorAssignedVillage object\".'),(1315,'2010-02-08 22:20:54',8,27,'77','Cabbage Pest & Disease Management_T.Navatoli_Sadari',1,''),(1316,'2010-02-08 23:36:45',8,27,'78','Cauliflower Pest & Disease Management_T.Navatoli_Sadari',1,''),(1317,'2010-02-09 00:45:46',9,28,'32','Yield comparaision',1,''),(1318,'2010-02-09 00:59:57',9,27,'79','Paddy yield comparisison between SRI and traditional method',1,''),(1319,'2010-02-09 01:12:51',9,27,'80','Cabbage harvesting',1,''),(1320,'2010-02-09 01:16:14',9,27,'81','Yield of lal bhaji (amaranthus) and palak (spinach)',1,''),(1321,'2010-02-09 01:22:15',9,27,'82','Seedling growing of bottle gourd in polythene bag',1,''),(1322,'2010-02-09 01:25:42',9,27,'83','Seedling growing of BItter Gourd in polythene bag',1,''),(1323,'2010-02-09 01:33:05',9,27,'84','Fertilizer application in Tomato after 25 days of transplantation',1,''),(1324,'2010-02-09 01:48:03',9,17,'105','Dem Guttu',1,''),(1325,'2010-02-09 01:52:27',9,22,'82','Arti Bodra',2,'Added animator assigned village \"AnimatorAssignedVillage object\".'),(1326,'2010-02-09 01:53:04',9,22,'83','Shilwanti Gagrai',2,'Added animator assigned village \"AnimatorAssignedVillage object\".'),(1327,'2010-02-09 01:56:24',9,20,'2171','Dubra Samad',1,''),(1328,'2010-02-09 01:57:09',9,20,'2172','Budhuram Samad',1,''),(1329,'2010-02-09 01:59:31',9,20,'2173','Fagu Bodra',1,''),(1330,'2010-02-09 02:00:06',9,20,'2172','Budhuram Samad',2,'No fields changed.'),(1331,'2010-02-09 02:03:09',9,27,'85','Sowing of Red Spinach',1,''),(1332,'2010-02-09 02:05:26',9,27,'86','Sowing of Radish',1,''),(1333,'2010-02-09 02:06:09',1,8,'17','asdjkl',1,''),(1334,'2010-02-09 02:06:19',1,8,'17','asdjkl',3,''),(1335,'2010-02-09 02:07:35',9,20,'2174','Shankar Kandyat',1,''),(1336,'2010-02-09 02:08:40',9,20,'2175','Surendra Gagrai',1,''),(1337,'2010-02-09 02:09:47',9,20,'2176','Balram Nayak',1,''),(1338,'2010-02-09 02:11:17',9,17,'106','Asantalia',1,''),(1339,'2010-02-09 02:11:36',9,20,'2177','Manoj',1,''),(1340,'2010-02-09 02:13:40',9,17,'107','Domardiha',1,''),(1341,'2010-02-09 02:15:09',9,20,'2178','Jawani Didi',1,''),(1342,'2010-02-09 02:16:18',9,17,'108','Golmunda',1,''),(1343,'2010-02-09 02:16:38',9,20,'2179','Fulchand Hembram',1,''),(1344,'2010-02-09 02:21:04',9,27,'87','Pest control in Cabbage',1,''),(1345,'2010-02-09 02:27:04',9,22,'83','Shilwanti Gagrai',2,'Added animator assigned village \"AnimatorAssignedVillage object\". Added animator assigned village \"AnimatorAssignedVillage object\".'),(1346,'2010-02-09 02:27:53',9,22,'82','Arti Bodra',2,'Added animator assigned village \"AnimatorAssignedVillage object\". Added animator assigned village \"AnimatorAssignedVillage object\".'),(1347,'2010-02-09 02:32:27',1,15,'12','Khunti',3,''),(1348,'2010-02-09 02:35:04',9,27,'88','Preparation of Handi kath',1,''),(1349,'2010-02-09 02:37:51',9,28,'33','Compost',1,''),(1350,'2010-02-09 02:38:10',9,28,'34','compost',1,''),(1351,'2010-02-09 02:38:16',9,28,'34','compost',2,'No fields changed.'),(1352,'2010-02-09 02:39:56',1,15,'15','Mayurbhanj',3,''),(1353,'2010-02-09 02:42:56',9,27,'89','Preperation of compost from weeds (Grass)',1,''),(1354,'2010-02-09 02:47:16',9,27,'90','Seedbed preparation and sowing of onion seed',1,''),(1355,'2010-02-09 02:49:38',9,20,'2180','Surendra Gagrai',1,''),(1356,'2010-02-09 02:53:09',9,27,'91','Nursery bed preparation for tomato and seed sowing ',1,''),(1357,'2010-02-09 05:16:39',5,29,'97','2010-02-01 Huniskatte',1,''),(1358,'2010-02-09 08:26:44',8,17,'109','Banabira',1,''),(1359,'2010-02-09 08:27:30',8,22,'97','Markush',1,''),(1360,'2010-02-09 08:35:58',8,28,'35','Seed Treatment',1,''),(1361,'2010-02-09 08:36:31',8,27,'92','Summer Paddy Seed Treatment_Jibilong_mundari',1,''),(1362,'2010-02-09 08:37:56',8,22,'98','Maheswar',1,''),(1363,'2010-02-09 08:40:23',8,22,'99','Mohan',1,''),(1364,'2010-02-09 08:43:12',8,20,'2181','Krishna',1,''),(1365,'2010-02-09 08:43:36',8,27,'93','Mango orchard Activities 1_Gufu_sadari',1,''),(1366,'2010-02-09 08:46:12',8,17,'110','Alankel',1,''),(1367,'2010-02-09 08:48:10',8,24,'223','AnimatorAssignedVillage object',2,'No fields changed.'),(1368,'2010-02-09 08:48:40',8,24,'223','AnimatorAssignedVillage object',2,'No fields changed.'),(1369,'2010-02-09 08:49:35',8,22,'98','Maheswar',2,'Added animator assigned village \"AnimatorAssignedVillage object\".'),(1370,'2010-02-09 08:50:50',8,22,'34','Salim',2,'Added animator assigned village \"AnimatorAssignedVillage object\".'),(1371,'2010-02-09 08:52:27',8,28,'36','Success story ',1,''),(1372,'2010-02-09 08:53:44',8,20,'2182','Ram',1,''),(1373,'2010-02-09 08:54:28',8,27,'94','Lac culture on Ber_Alankel_Sadari',1,''),(1374,'2010-02-09 09:00:34',8,17,'111','Khunti',1,''),(1375,'2010-02-09 09:00:55',8,20,'2183','Bengal Farmers',1,''),(1376,'2010-02-09 09:02:29',8,27,'95','INRM',1,''),(1377,'2010-02-09 16:22:27',8,29,'98','2010-01-04 Derang',1,''),(1378,'2010-02-09 16:39:49',8,29,'99','2010-01-05 Lohajimi',1,''),(1379,'2010-02-09 16:47:52',8,29,'100','2010-01-06 Lohajimi',1,''),(1380,'2010-02-09 16:59:59',8,29,'101','2010-01-15 B.Navatoli',1,''),(1381,'2010-02-09 17:08:20',8,28,'37','Pest & Disease Management',1,''),(1382,'2010-02-09 17:11:56',8,29,'102','2010-01-16 T.Navatoli',1,''),(1383,'2010-02-09 17:29:12',8,29,'103','2010-01-17 B.Kotatoli',1,''),(1384,'2010-02-09 17:44:14',8,29,'104','2010-01-18 Urmi',1,''),(1385,'2010-02-09 18:02:16',8,29,'105','2010-02-17 Gopla',1,''),(1386,'2010-02-09 18:12:07',8,19,'77','Niloni',2,'Added person \"Artu=i Devi\". Added person \"Manju Devi\".'),(1387,'2010-02-09 18:59:45',8,29,'106','2010-01-08 Gufu',1,''),(1388,'2010-02-09 19:08:22',8,29,'107','2010-01-15 Gufu',1,''),(1389,'2010-02-09 19:25:11',8,29,'108','2010-01-23 Gufu',1,''),(1390,'2010-02-09 19:38:06',8,29,'109','2010-01-30 B.Kotatoli',1,''),(1391,'2010-02-09 19:48:06',8,29,'110','2010-01-31 B.Navatoli',1,''),(1392,'2010-02-09 21:38:50',9,28,'38','Staking',1,''),(1393,'2010-02-09 21:40:06',9,20,'2186','Madhusudan Bodra',1,''),(1394,'2010-02-09 21:51:32',9,27,'96','Staking in Tomato',1,''),(1395,'2010-02-09 22:03:02',9,22,'100','Gurbari Jamuda',1,''),(1396,'2010-02-09 22:04:16',9,17,'112','Bhalupani',1,''),(1397,'2010-02-09 22:05:22',9,17,'113','Dumardih',1,''),(1398,'2010-02-09 22:05:45',9,22,'101','Savitri Melgandi',1,''),(1399,'2010-02-09 22:12:49',9,19,'191','Sudita MM',1,''),(1400,'2010-02-09 22:18:30',9,19,'192','Suku Sangen MM',1,''),(1401,'2010-02-09 22:23:12',9,19,'193','Lonzo Desawali',1,''),(1402,'2010-02-09 22:29:25',9,19,'194','Padmini DiggiSarswati MM',1,''),(1403,'2010-02-09 22:30:44',1,23,'2','Training object',1,''),(1404,'2010-02-09 22:33:00',9,19,'195','Matkoraiyan Desawali MM',1,''),(1405,'2010-02-09 22:36:15',1,23,'2','Training object',3,''),(1406,'2010-02-09 22:38:04',9,19,'196','Dushum Turtung MM',1,''),(1407,'2010-02-09 22:41:28',1,29,'111','2010-02-10 Gopla',1,''),(1408,'2010-02-09 22:42:03',9,19,'197','Seya Maskal MM',1,''),(1409,'2010-02-09 22:42:49',9,19,'193','Lonzo Desawali',2,'Added person \"Jaishree Diggi\".'),(1410,'2010-02-09 22:55:48',1,29,'112','2010-02-10 Gopla',1,''),(1411,'2010-02-09 22:57:27',1,29,'112','2010-03-10 Gopla',2,'Changed date.'),(1412,'2010-02-09 22:57:51',1,29,'112','2010-03-10 Gopla',3,''),(1413,'2010-02-09 22:57:51',1,29,'111','2010-02-10 Gopla',3,''),(1414,'2010-02-09 23:06:48',1,29,'105','2010-01-17 Gopla',3,''),(1415,'2010-02-09 23:07:03',1,29,'113','2010-01-17 Gopla',1,''),(1416,'2010-02-10 03:47:55',9,29,'114','2010-01-15 Lonzo',1,''),(1417,'2010-02-10 03:56:31',9,19,'194','Sarswati MM',2,'Changed group_name.'),(1418,'2010-02-10 04:09:10',9,29,'115','2010-01-16 Lonzo',1,''),(1419,'2010-02-10 16:46:38',8,29,'116','2010-01-11 Tirla',1,''),(1420,'2010-02-10 17:05:33',8,29,'117','2010-01-12 Tirla',1,''),(1421,'2010-02-10 21:58:14',9,29,'118','2010-01-19 Lonzo',1,''),(1422,'2010-02-10 22:12:17',9,29,'119','2010-01-23 Lonzo',1,''),(1423,'2010-02-10 22:33:01',9,20,'2291','Menjo Bodra',1,''),(1424,'2010-02-10 22:49:17',9,29,'120','2010-01-24 Lonzo',1,''),(1425,'2010-02-10 23:21:27',9,29,'121','2010-01-25 Lonzo',1,''),(1426,'2010-02-10 23:37:28',9,29,'122','2010-01-26 Lonzo',1,''),(1427,'2010-02-10 23:47:01',9,17,'114','villages of Jharkhand',1,''),(1428,'2010-02-11 03:36:02',1,26,'131','',3,''),(1429,'2010-02-11 03:42:50',1,26,'133','| 130 |               | | 129 |               |',1,''),(1430,'2010-02-11 03:42:51',1,26,'134','| 130 |               | | 129 |               |',1,''),(1431,'2010-02-11 03:43:02',1,26,'134','| 130 |               | | 129 |               |',3,''),(1432,'2010-02-11 03:43:02',1,26,'133','| 130 |               | | 129 |               |',3,''),(1433,'2010-02-11 03:43:34',1,26,'135','   ',1,''),(1434,'2010-02-11 04:15:42',1,26,'135','   ',3,''),(1435,'2010-02-11 04:15:42',1,26,'130','',3,''),(1436,'2010-02-11 04:15:42',1,26,'129','',3,''),(1437,'2010-02-11 04:15:55',1,26,'136','   ',1,''),(1438,'2010-02-11 04:16:05',1,26,'136','   ',3,''),(1439,'2010-02-11 04:18:41',1,26,'137','      ',1,''),(1440,'2010-02-11 04:21:25',1,26,'137','      ',3,''),(1441,'2010-02-11 04:21:51',1,26,'   ','   ',1,''),(1442,'2010-02-11 05:57:57',1,26,'138','   ',3,''),(1443,'2010-02-11 05:58:09',1,26,'139','',1,''),(1444,'2010-02-11 06:05:53',1,26,'139','',3,''),(1445,'2010-02-11 06:06:03',1,26,'140','',1,''),(1446,'2010-02-11 06:06:42',1,26,'140','',3,''),(1447,'2010-02-11 06:07:12',1,26,'141','a',1,''),(1448,'2010-02-11 06:07:24',1,26,'141','a',3,''),(1449,'2010-02-11 06:08:03',1,26,'142','     1',1,''),(1450,'2010-02-11 06:08:14',1,26,'142','     1',3,''),(1451,'2010-02-11 06:10:39',1,26,'143','1',1,''),(1452,'2010-02-11 06:10:50',1,26,'143','1',3,''),(1453,'2010-02-11 06:11:01',1,26,'144','',1,''),(1454,'2010-02-11 06:11:25',1,26,'144','',3,''),(1455,'2010-02-11 06:29:34',1,26,'145',' ',1,''),(1456,'2010-02-11 06:29:41',1,26,'145',' ',3,''),(1457,'2010-02-11 06:30:55',1,29,'123','2010-02-11 Jibilong',1,''),(1458,'2010-02-11 06:31:06',1,29,'123','2010-02-11 Jibilong',3,''),(1459,'2010-02-11 07:18:25',1,29,'124','2010-02-11 Jibilong',1,''),(1460,'2010-02-11 07:18:39',1,29,'124','2010-02-11 Jibilong',3,''),(1461,'2010-02-11 07:19:30',1,29,'125','2010-02-11 Jibilong',1,''),(1462,'2010-02-11 07:20:07',1,29,'125','2010-02-11 Jibilong',3,''),(1463,'2010-02-11 07:25:29',1,29,'126','2010-02-11 Jibilong',1,''),(1464,'2010-02-11 07:52:37',1,29,'126','2010-02-11 Jibilong',3,''),(1465,'2010-02-12 01:10:03',7,29,'127','2010-01-15 Ektali',1,''),(1466,'2010-02-12 02:18:47',7,29,'128','2010-01-11 Kanthikena',1,''),(1467,'2010-02-12 02:32:17',7,29,'129','2010-01-10 Basantpur',1,''),(1468,'2010-02-12 02:38:00',7,29,'130','2010-01-09 Basantpur_Naiksahi',1,''),(1469,'2010-02-12 02:43:21',7,29,'131','2010-01-07 Ektali',1,''),(1470,'2010-02-12 02:46:37',7,29,'132','2010-01-06 Kumdabadi',1,''),(1471,'2010-02-12 02:50:51',7,29,'133','2010-01-02 Basantpur_Naiksahi',1,''),(1472,'2010-02-12 02:58:46',7,29,'134','2010-01-12 Deuli',1,''),(1473,'2010-02-12 03:05:37',7,20,'2292','Sulochana Nayak',1,''),(1474,'2010-02-12 03:06:14',7,20,'2293','Bharti Nayak',1,''),(1475,'2010-02-12 03:06:50',7,20,'2294','Kanakalata Nayak',1,''),(1476,'2010-02-12 03:07:24',7,20,'2295','Tusarkanti Nayak',1,''),(1477,'2010-02-12 03:08:01',7,20,'2296','Debaki Nayak',1,''),(1478,'2010-02-12 03:08:32',7,20,'2297','Pramila Nayak',1,''),(1479,'2010-02-12 03:09:00',7,20,'2298','Gandhari Nayak',1,''),(1480,'2010-02-12 03:09:44',7,20,'2299','Gitanjali Nayak',1,''),(1481,'2010-02-12 03:10:22',7,20,'2300','Pramila Naik(B)',1,''),(1482,'2010-02-12 03:14:10',7,29,'135','2010-01-11 Deuli',1,''),(1483,'2010-02-12 03:18:07',7,29,'136','2010-01-10 Baria',1,''),(1484,'2010-02-12 03:25:39',7,29,'137','2010-01-09 Baria',1,''),(1485,'2010-02-12 03:33:49',7,19,'198','Subhalaxmi',1,''),(1486,'2010-02-12 03:35:52',7,29,'138','2010-01-07 Deuli',1,''),(1487,'2010-02-12 03:39:50',7,29,'139','2010-01-06 Deuli',1,''),(1488,'2010-02-12 03:43:51',7,28,'39','Handi Ausadh',1,''),(1489,'2010-02-12 03:44:23',7,28,'40','Handi Ausadh',1,''),(1490,'2010-02-12 03:55:01',7,29,'140','2010-02-05 Deuli',1,''),(1491,'2010-02-12 04:21:41',7,29,'140','2010-01-25 Deuli',2,'Changed date.'),(1492,'2010-02-12 04:25:44',7,29,'140','2010-01-04 Deuli',2,'Changed date.'),(1493,'2010-02-12 04:28:47',7,29,'141','2010-01-25 Deuli',1,''),(1494,'2010-02-12 04:40:57',7,29,'142','2010-01-25 Deuli',1,''),(1495,'2010-02-12 04:41:48',7,29,'143','2010-01-25 Deuli',1,''),(1496,'2010-02-12 04:46:48',7,22,'75','Kuni Rani Sundhi',2,'Added animator assigned village \"AnimatorAssignedVillage object\".'),(1497,'2010-02-12 04:46:57',7,22,'75','Kuni Rani Sundhi',2,'Added animator assigned village \"AnimatorAssignedVillage object\".'),(1498,'2010-02-12 04:51:25',7,29,'144','2010-01-13 Chandusahi',1,''),(1499,'2010-02-12 04:54:52',7,29,'145','2010-01-12 Chandusahi',1,''),(1500,'2010-02-12 04:59:10',7,29,'146','2010-01-10 Dumbisahi',1,''),(1501,'2010-02-12 05:02:07',7,29,'147','2010-01-09 Dumbisahi',1,''),(1502,'2010-02-12 05:04:53',7,29,'148','2010-01-08 Ramchandrapur',1,''),(1503,'2010-02-12 05:09:55',7,29,'149','2010-01-24 Dumbisahi',1,''),(1504,'2010-02-14 22:16:12',12,11,'2','Mr. Avinash Upadhyay',2,'Changed name, age, hire_date, phone_no, address and speciality.'),(1505,'2010-02-14 22:16:20',12,11,'2','Mr. Avinash Upadhyay',2,'No fields changed.'),(1506,'2010-02-14 22:17:40',12,11,'2','Mr. Avinash Upadhyay',2,'No fields changed.'),(1507,'2010-02-14 22:24:46',12,11,'2','Mr. Avinash Upadhyay',2,'No fields changed.'),(1508,'2010-02-15 00:18:16',1,28,'40','Handi Ausadh',3,''),(1509,'2010-02-15 00:18:30',1,28,'34','compost',3,''),(1510,'2010-02-15 02:04:25',1,28,'16','Pea sowing',3,''),(1511,'2010-02-15 02:24:43',5,29,'150','2009-11-01 Dastikoppa',1,''),(1512,'2010-02-15 02:27:28',5,29,'151','2009-10-31 Dastikoppa',1,''),(1513,'2010-02-15 02:28:15',5,29,'151','2009-10-31 Dastikoppa',2,'Changed target_audience_interest.'),(1514,'2010-02-15 20:56:47',5,29,'152','2009-11-02 Ganjigatti',1,''),(1515,'2010-02-15 21:00:23',5,29,'153','2009-11-05 Ganjigatti',1,''),(1516,'2010-02-15 21:04:15',5,29,'154','2009-11-06 Ganjigatti',1,''),(1517,'2010-02-15 21:07:49',5,29,'155','2009-11-03 Ganjigatti',1,''),(1518,'2010-02-15 21:12:24',5,29,'156','2009-11-06 Hirehonnalli',1,''),(1519,'2010-02-15 21:24:38',5,19,'199','Ranichannamma manhila shg',1,''),(1520,'2010-02-15 21:27:46',5,29,'157','2009-11-02 Hirehonnalli',1,''),(1521,'2010-02-15 21:33:44',5,29,'157','2009-11-02 Hirehonnalli',2,'Changed expressed_interest for person meeting attendance \"PersonMeetingAttendance object\". Changed expressed_interest for person meeting attendance \"PersonMeetingAttendance object\". Changed expressed_interest for person meeting attendance \"PersonMeetingAttendance object\". Changed expressed_interest for person meeting attendance \"PersonMeetingAttendance object\". Changed expressed_interest for person meeting attendance \"PersonMeetingAttendance object\". Changed expressed_interest for person meeting attendance \"PersonMeetingAttendance object\". Changed expressed_interest for person meeting attendance \"PersonMeetingAttendance object\". Changed expressed_interest for person meeting attendance \"PersonMeetingAttendance object\". Deleted person meeting attendance \"PersonMeetingAttendance object\". Deleted person meeting attendance \"PersonMeetingAttendance object\". Deleted person meeting attendance \"PersonMeetingAttendance object\". Deleted person meeting attendance \"PersonMeetingAttendance object\".'),(1522,'2010-02-15 21:36:15',5,29,'158','2009-11-01 Hirehonnalli',1,''),(1523,'2010-02-15 21:43:28',9,22,'101','Savitri Melgandi',2,'Added animator assigned village \"AnimatorAssignedVillage object\".'),(1524,'2010-02-15 21:45:35',5,19,'200','Grammadevi mahila shg',1,''),(1525,'2010-02-15 21:45:55',9,22,'83','Shilwanti Gagrai',2,'No fields changed.'),(1526,'2010-02-15 21:56:19',9,27,'96','Staking in Tomato',2,'No fields changed.'),(1527,'2010-02-15 21:58:41',5,29,'159','2009-11-03 kamplikoppa',1,''),(1528,'2010-02-15 22:01:04',5,29,'159','2009-11-03 kamplikoppa',2,'Changed expressed_interest for person meeting attendance \"PersonMeetingAttendance object\". Changed expressed_interest for person meeting attendance \"PersonMeetingAttendance object\". Changed expressed_interest for person meeting attendance \"PersonMeetingAttendance object\". Changed expressed_interest for person meeting attendance \"PersonMeetingAttendance object\". Changed expressed_interest for person meeting attendance \"PersonMeetingAttendance object\". Changed expressed_interest for person meeting attendance \"PersonMeetingAttendance object\". Changed expressed_interest for person meeting attendance \"PersonMeetingAttendance object\". Changed expressed_interest for person meeting attendance \"PersonMeetingAttendance object\". Changed expressed_interest for person meeting attendance \"PersonMeetingAttendance object\". Changed expressed_interest for person meeting attendance \"PersonMeetingAttendance object\". Changed expressed_interest for person meeting attendance \"PersonMeetingAttendance object\". Changed expressed_interest for person meeting attendance \"PersonMeetingAttendance object\". Changed expressed_interest for person meeting attendance \"PersonMeetingAttendance object\". Changed expressed_interest for person meeting attendance \"PersonMeetingAttendance object\". Changed expressed_interest for person meeting attendance \"PersonMeetingAttendance object\". Changed expressed_interest for person meeting attendance \"PersonMeetingAttendance object\".'),(1529,'2010-02-15 22:04:40',5,29,'160','2009-11-03 kamplikoppa',1,''),(1530,'2010-02-15 22:07:16',5,29,'161','2009-11-04 kamplikoppa',1,''),(1531,'2010-02-15 22:10:57',5,29,'162','2009-11-05 kamplikoppa',1,''),(1532,'2010-02-15 22:14:06',5,29,'163','2009-11-02 Mukkal',1,''),(1533,'2010-02-15 22:24:36',5,19,'201','Janotthan Shri hemaraddi Mahila SHG',1,''),(1534,'2010-02-15 22:27:49',5,29,'164','2009-11-03 Mukkal',1,''),(1535,'2010-02-15 22:33:38',5,29,'165','2009-11-04 Mukkal',1,''),(1536,'2010-02-15 22:42:20',5,29,'166','2009-11-05 Mukkal',1,''),(1537,'2010-02-15 22:49:28',5,20,'2365','mahdevi chabi',1,''),(1538,'2010-02-15 22:50:23',5,20,'2366','Girijava N byrikoppa',1,''),(1539,'2010-02-15 22:50:32',5,29,'167','2009-11-02 SS Koppa',1,''),(1540,'2010-02-15 22:58:05',5,19,'169','Spoorthi mahila swa sahay sangh ',2,'Added person \"Chanabasavva hosamani\". Added person \"Basanavva hiremath\". Added person \"Danavva tegginamani\". Added person \"Iravva mudinganavvar\". Added person \"Chanavva mudilingannavar\". Added person \"neelava Katimani\". Added person \"Bharmavva doddamani\". Added person \"Neelavva G hiremath\". Added person \"Ningavva Bendalgatti\". Added person \"Ningavva S kalabhavi\". Added person \"Madevi hosamani\". Added person \"Iravva Badiger\". Added person \"sangavva Kundagoal\". Added person \"Basavva kalabhavi\". Added person \"Ningavva Huballi\". Added person \"Basavva karchanannavar\". Added person \"Neelavva M hiremath\". Added person \"Paravva Hiremath\". Added person \"Ningavva yaliwal\".'),(1541,'2010-02-15 23:01:24',5,29,'168','2009-11-03 SS Koppa',1,''),(1542,'2010-02-15 23:13:26',5,19,'202','Shri Channabasaveshwar rait sangh',1,''),(1543,'2010-02-15 23:21:09',5,29,'169','2009-11-05 SS Koppa',1,''),(1544,'2010-02-15 23:25:35',5,20,'2402','Gangavva M olekar',1,''),(1545,'2010-02-15 23:26:04',5,20,'2403','geeta Golgoudra',1,''),(1546,'2010-02-15 23:26:44',5,20,'2404','Pream teganvvar',1,''),(1547,'2010-02-15 23:27:23',5,20,'2405','Renavva D Golgoudra',1,''),(1548,'2010-02-15 23:27:36',5,29,'170','2009-11-05 Huniskatte',1,''),(1549,'2010-02-15 23:30:09',5,29,'171','2009-11-04 Huniskatte',1,''),(1550,'2010-02-15 23:34:32',5,20,'2406','Sidangouda Shivangoudra',1,''),(1551,'2010-02-15 23:35:03',5,20,'2407','Jagadish ekuli',1,''),(1552,'2010-02-15 23:38:45',5,29,'172','2009-11-03 Huniskatte',1,''),(1553,'2010-02-15 23:42:13',5,20,'2408','shanta V patil',1,''),(1554,'2010-02-15 23:42:22',5,29,'173','2009-11-03 Huniskatte',1,''),(1555,'2010-02-15 23:45:52',5,29,'174','2009-11-02 Huniskatte',1,''),(1556,'2010-02-15 23:54:15',5,20,'2409','renavva Nimbhuji',1,''),(1557,'2010-02-15 23:54:55',5,20,'2410','Rukmini Nemmanvar',1,''),(1558,'2010-02-15 23:55:31',5,20,'2411','Indravva inguli',1,''),(1559,'2010-02-15 23:56:02',5,20,'2412','Nirmala Marigoudra',1,''),(1560,'2010-02-15 23:56:27',5,20,'2413','Paravva Heballimath',1,''),(1561,'2010-02-15 23:56:47',5,29,'175','2009-11-01 Huniskatte',1,''),(1562,'2010-02-16 00:16:27',5,19,'203','Shri jagadguru Pancharaya Sangh',1,''),(1563,'2010-02-16 00:20:17',5,29,'176','2009-11-01 BN Koppa',1,''),(1564,'2010-02-16 00:21:47',5,29,'177','2009-11-03 BN Koppa',1,''),(1565,'2010-02-16 00:28:33',5,29,'178','2009-11-04 Dastikoppa',1,''),(1566,'2010-02-16 00:29:22',5,20,'2428','Hanumavva P siliketar',1,''),(1567,'2010-02-16 00:29:29',5,29,'179','2009-11-06 BN Koppa',1,''),(1568,'2010-02-16 00:32:19',5,29,'180','2009-11-02 BN Koppa',1,''),(1569,'2010-02-16 00:42:38',5,29,'181','2009-11-12 Hirehonnalli',1,''),(1570,'2010-02-16 00:43:34',5,29,'182','2009-11-13 BN Koppa',1,''),(1571,'2010-02-16 00:48:05',5,29,'183','2009-11-10 Hirehonnalli',1,''),(1572,'2010-02-16 00:49:02',5,29,'184','2009-11-11 BN Koppa',1,''),(1573,'2010-02-16 00:53:37',5,29,'185','2009-11-15 Huniskatte',1,''),(1574,'2010-02-16 00:53:55',5,29,'186','2009-11-10 BN Koppa',1,''),(1575,'2010-02-16 01:00:34',5,29,'187','2009-11-11 Huniskatte',1,''),(1576,'2010-02-16 01:02:09',5,29,'188','2009-11-09 BN Koppa',1,''),(1577,'2010-02-16 01:10:44',5,19,'204','Adishakti mahila SHG',1,''),(1578,'2010-02-16 01:12:57',5,29,'189','2009-11-08 Huniskatte',1,''),(1579,'2010-02-16 01:16:46',5,29,'190','2009-11-13 Dastikoppa',1,''),(1580,'2010-02-16 01:17:24',5,29,'191','2009-11-11 kamplikoppa',1,''),(1581,'2010-02-16 01:23:01',5,19,'205','Janothhan BAIF marikamba SHG',1,''),(1582,'2010-02-16 01:27:21',5,29,'192','2009-11-12 kamplikoppa',1,''),(1583,'2010-02-16 01:27:51',5,29,'193','2009-11-10 Dastikoppa',1,''),(1584,'2010-02-16 01:32:45',5,19,'206','Daneswari sangh',1,''),(1585,'2010-02-16 01:37:17',5,29,'194','2009-11-10 kamplikoppa',1,''),(1586,'2010-02-16 01:37:27',5,29,'195','2009-11-09 Dastikoppa',1,''),(1587,'2010-02-16 01:44:00',5,19,'207','Sharavati sangh',1,''),(1588,'2010-02-16 01:45:48',5,29,'196','2009-11-13 Mukkal',1,''),(1589,'2010-02-16 01:48:36',5,29,'197','2009-11-08 Dastikoppa',1,''),(1590,'2010-02-16 02:02:25',5,19,'208','Gajanna sangh',1,''),(1591,'2010-02-16 02:03:01',5,29,'198','2009-11-12 Mukkal',1,''),(1592,'2010-02-16 02:06:58',5,29,'199','2009-11-13 Ganjigatti',1,''),(1593,'2010-02-16 02:12:48',5,19,'209','Banashankari shridevei sangh',1,''),(1594,'2010-02-16 02:17:22',5,29,'200','2009-11-12 Ganjigatti',1,''),(1595,'2010-02-16 02:18:41',5,29,'201','2009-11-11 Mukkal',1,''),(1596,'2010-02-16 02:24:25',5,29,'202','2009-11-09 Mukkal',1,''),(1597,'2010-02-16 02:26:21',5,29,'203','2009-11-09 Ganjigatti',1,''),(1598,'2010-02-16 02:36:02',5,19,'170','Manibhai Bheemabhai C SHG',2,'Added person \"Somashekar B hollali\". Added person \"Bharmappa P Byrikoppa\". Added person \"Ningappa b HAnchinmani\". Added person \"Yallappa B Byrikoppa \". Added person \"Snagayya Hiremath\". Added person \"Virupaxya Angadi\". Added person \"Bharamappa Byrikoppa\". Added person \"Ningappa Honalli\". Added person \"Malleshappa kamaden\". Added person \"Basappa Madalingannavar\". Added person \"B S hiremath\". Added person \"Nagappa Byrikoppa\". Added person \"Chanbasappa meti\". Added person \"basavanappa Angadi\". Added person \"Mallayya Hiremath\". Added person \"Bharamappa sheelavantar\". Added person \"Bharmavva Sheelavantar\".'),(1599,'2010-02-16 02:41:57',5,29,'204','2009-11-13 Hirehonnalli',1,''),(1600,'2010-02-16 02:43:14',5,29,'205','2009-11-13 SS Koppa',1,''),(1601,'2010-02-16 02:50:14',5,29,'206','2009-11-09 SS Koppa',1,''),(1602,'2010-02-16 02:52:07',5,19,'210','Annapurneshwari Mahila SHG',1,''),(1603,'2010-02-16 02:54:08',5,29,'207','2009-11-10 SS Koppa',1,''),(1604,'2010-02-16 03:01:49',5,29,'208','2009-11-19 BN Koppa',1,''),(1605,'2010-02-16 03:03:12',5,29,'209','2009-11-27 Huniskatte',1,''),(1606,'2010-02-16 03:06:41',5,29,'210','2009-11-22 BN Koppa',1,''),(1607,'2010-02-16 03:07:01',5,29,'211','2009-11-25 Huniskatte',1,''),(1608,'2010-02-16 03:10:16',5,29,'212','2009-11-23 BN Koppa',1,''),(1609,'2010-02-16 03:10:48',5,29,'213','2009-11-24 Huniskatte',1,''),(1610,'2010-02-16 03:13:46',5,29,'214','2009-11-24 BN Koppa',1,''),(1611,'2010-02-16 03:14:55',5,29,'215','2009-11-24 kamplikoppa',1,''),(1612,'2010-02-16 03:18:40',5,29,'216','2009-11-25 BN Koppa',1,''),(1613,'2010-02-16 03:19:23',5,29,'217','2009-11-24 kamplikoppa',1,''),(1614,'2010-02-16 03:24:04',5,20,'2548','Muttavva Bevinamarad',1,''),(1615,'2010-02-16 03:24:14',5,29,'218','2009-11-21 Dastikoppa',1,''),(1616,'2010-02-16 03:24:53',5,29,'219','2009-11-18 kamplikoppa',1,''),(1617,'2010-02-16 03:30:31',5,19,'211','Marikamba Mahila sangh',1,''),(1618,'2010-02-16 03:33:00',5,29,'220','2009-11-25 Dastikoppa',1,''),(1619,'2010-02-16 03:33:52',5,29,'221','2009-11-19 kamplikoppa',1,''),(1620,'2010-02-16 03:41:36',5,20,'2560','Saraswati',1,''),(1621,'2010-02-16 03:42:01',5,20,'2561','draxayini beligatti',1,''),(1622,'2010-02-16 03:42:48',5,20,'2562','ratnavva Pariayana',1,''),(1623,'2010-02-16 03:43:17',5,29,'222','2009-11-26 Dastikoppa',1,''),(1624,'2010-02-16 03:44:45',5,20,'2563','Shankarappa N pAgad',1,''),(1625,'2010-02-16 03:45:18',5,20,'2564','Tammanna tigadi',1,''),(1626,'2010-02-16 03:45:50',5,20,'2565','Dyamanna Sadar',1,''),(1627,'2010-02-16 03:46:16',5,20,'2566','Suresh S',1,''),(1628,'2010-02-16 03:46:40',5,20,'2567','Manju N',1,''),(1629,'2010-02-16 03:47:00',5,29,'223','2009-11-27 Mukkal',1,''),(1630,'2010-02-16 03:56:05',5,19,'212','Shri JAnottan Shri kAveri Mahila Sangh',1,''),(1631,'2010-02-16 04:01:11',5,19,'213','Bhadrakali mahila SHG',1,''),(1632,'2010-02-16 04:03:17',5,29,'224','2009-11-27 Mukkal',1,''),(1633,'2010-02-16 04:04:31',5,29,'225','2009-11-24 Dastikoppa',1,''),(1634,'2010-02-16 04:11:46',5,19,'214','Janotthan Shri Vanadevate MAhila Sangh',1,''),(1635,'2010-02-16 04:15:24',5,29,'226','2009-11-26 Mukkal',1,''),(1636,'2010-02-16 04:18:31',5,29,'227','2009-11-26 Mukkal',1,''),(1637,'2010-02-16 04:19:07',5,29,'228','2009-11-22 Ganjigatti',1,''),(1638,'2010-02-16 04:22:26',5,29,'229','2009-11-25 Mukkal',1,''),(1639,'2010-02-16 04:24:22',5,29,'230','2009-11-23 Ganjigatti',1,''),(1640,'2010-02-16 04:25:00',5,29,'231','2009-11-24 Mukkal',1,''),(1641,'2010-02-16 04:28:44',5,29,'232','2009-11-23 Mukkal',1,''),(1642,'2010-02-16 04:32:39',5,29,'233','2009-11-26 Ganjigatti',1,''),(1643,'2010-02-16 04:34:23',5,29,'234','2009-11-27 Hirehonnalli',1,''),(1644,'2010-02-16 04:54:29',5,29,'235','2009-11-24 Hirehonnalli',1,''),(1645,'2010-02-16 04:59:12',5,29,'236','2009-11-26 Hirehonnalli',1,''),(1646,'2010-02-16 05:14:42',5,29,'237','2009-11-22 Huniskatte',1,''),(1647,'2010-02-16 05:18:23',5,29,'238','2009-11-18 BN Koppa',1,''),(1648,'2010-02-16 05:22:43',5,29,'239','2009-11-15 kamplikoppa',1,''),(1649,'2010-02-16 05:26:25',5,29,'240','2009-11-17 kamplikoppa',1,''),(1650,'2010-02-16 05:30:27',5,29,'241','2009-11-17 kamplikoppa',1,''),(1651,'2010-02-16 05:36:25',5,29,'242','2009-11-19 Mukkal',1,''),(1652,'2010-02-16 05:41:19',5,29,'243','2009-11-18 Mukkal',1,''),(1653,'2010-02-16 05:45:37',5,29,'244','2009-11-16 Mukkal',1,''),(1654,'2010-02-16 05:53:37',5,19,'215','Janotthan shri mariayamma devi mahila sangh',1,''),(1655,'2010-02-16 05:56:06',5,29,'245','2009-11-20 Mukkal',1,''),(1656,'2010-02-16 06:01:12',5,29,'246','2009-11-17 Mukkal',1,''),(1657,'2010-02-16 06:07:45',5,29,'247','2009-11-16 Mukkal',1,''),(1658,'2010-02-16 06:10:58',5,29,'248','2009-11-21 SS Koppa',1,''),(1659,'2010-02-16 20:53:47',5,29,'249','2009-11-24 SS Koppa',1,''),(1660,'2010-02-16 20:59:37',5,29,'250','2009-11-25 SS Koppa',1,''),(1661,'2010-02-16 21:00:27',5,29,'251','2009-11-17 BN Koppa',1,''),(1662,'2010-02-16 21:07:21',5,19,'216','Guddad baseveshwara mahila sangh',1,''),(1663,'2010-02-16 21:08:34',5,29,'252','2009-11-16 BN Koppa',1,''),(1664,'2010-02-16 21:11:07',5,29,'253','2009-11-22 SS Koppa',1,''),(1665,'2010-02-16 21:13:28',5,20,'2632','Manjula addapnavar',1,''),(1666,'2010-02-16 21:13:57',5,20,'2633','saroja Addapanavr',1,''),(1667,'2010-02-16 21:14:40',5,20,'2634','Kallavva addapanavar',1,''),(1668,'2010-02-16 21:15:06',5,20,'2635','Yallavva Lingadaki',1,''),(1669,'2010-02-16 21:15:24',5,29,'254','2009-11-14 Dastikoppa',1,''),(1670,'2010-02-16 21:20:02',5,19,'217','Shambhavi Mahila sangh',1,''),(1671,'2010-02-16 21:23:09',5,29,'255','2009-11-20 Dastikoppa',1,''),(1672,'2010-02-16 21:24:47',5,29,'256','2009-11-18 Huniskatte',1,''),(1673,'2010-02-16 21:26:53',5,29,'257','2009-11-18 Dastikoppa',1,''),(1674,'2010-02-16 21:33:03',5,19,'218','Raitemahile sangh',1,''),(1675,'2010-02-16 21:35:04',5,29,'258','2009-11-15 Dastikoppa',1,''),(1676,'2010-02-16 21:39:43',5,29,'259','2009-11-17 Huniskatte',1,''),(1677,'2010-02-16 21:39:50',5,29,'260','2009-11-14 Ganjigatti',1,''),(1678,'2010-02-16 21:42:36',5,29,'261','2009-11-15 Ganjigatti',1,''),(1679,'2010-02-16 21:47:11',5,19,'219','Shri Ramalingeshwara totagarika SHG',1,''),(1680,'2010-02-16 21:47:31',5,29,'262','2009-11-21 Huniskatte',1,''),(1681,'2010-02-16 21:50:50',5,29,'263','2009-11-20 Ganjigatti',1,''),(1682,'2010-02-16 21:54:29',5,29,'264','2009-11-20 Huniskatte',1,''),(1683,'2010-02-16 21:56:13',5,29,'265','2009-11-16 Huniskatte',1,''),(1684,'2010-02-16 21:57:42',5,29,'266','2009-11-15 Huniskatte',1,''),(1685,'2010-02-16 22:00:31',5,29,'267','2009-11-19 kamplikoppa',1,''),(1686,'2010-02-16 22:01:19',5,29,'268','2009-11-19 Huniskatte',1,''),(1687,'2010-02-16 22:47:24',5,28,'41','biogas',1,''),(1688,'2010-02-16 23:01:09',1,26,'146','123',1,''),(1689,'2010-02-16 23:01:22',1,26,'146','123',3,''),(1690,'2010-02-16 23:04:42',5,28,'42','Forest tree pruning ',1,''),(1691,'2010-02-16 23:13:55',5,29,'269','2009-12-08 kamplikoppa',1,''),(1692,'2010-02-16 23:17:43',5,29,'270','2009-12-12 SS Koppa',1,''),(1693,'2010-02-16 23:18:48',5,29,'271','2009-12-08 kamplikoppa',1,''),(1694,'2010-02-16 23:22:11',5,29,'272','2009-12-09 kamplikoppa',1,''),(1695,'2010-02-16 23:23:35',5,28,'43','Amrutaballi khasaya',1,''),(1696,'2010-02-16 23:27:15',5,29,'273','2009-12-10 kamplikoppa',1,''),(1697,'2010-02-16 23:30:43',5,29,'274','2009-12-16 SS Koppa',1,''),(1698,'2010-02-16 23:31:34',5,29,'275','2009-12-11 kamplikoppa',1,''),(1699,'2010-02-16 23:32:35',5,28,'44','Artificial insemmination',1,''),(1700,'2010-02-16 23:37:32',5,29,'276','2008-12-16 kamplikoppa',1,''),(1701,'2010-02-16 23:44:12',5,19,'171','Veerabhadreshwara mahila SHG',2,'Added person \"Saroja Hiremath\". Added person \"Shantavva M hiremath\". Added person \"Lalitha m hiremath\". Added person \"Draxayini c Hiremath\". Added person \"Shantavva R hiremath\". Added person \"Neelavva patil\". Added person \"Somavva N kotijadar\". Added person \"Anasavva C hiremath\". Added person \"Mudakkavva S hiremath\". Added person \"LAx mavva C chatney\". Added person \"Renuka r chatney\". Added person \"Renuka kadahalli\".'),(1702,'2010-02-16 23:46:07',5,29,'276','2009-12-16 kamplikoppa',2,'Changed date.'),(1703,'2010-02-16 23:47:20',5,29,'277','2009-12-05 SS Koppa',1,''),(1704,'2010-02-16 23:50:50',5,28,'45','Jowar seed treatment',1,''),(1705,'2010-02-16 23:51:15',5,28,'46','Dungslurry application',1,''),(1706,'2010-02-16 23:51:26',5,28,'47','Floriculture',1,''),(1707,'2010-02-17 00:11:19',5,29,'278','2009-12-15 kamplikoppa',1,''),(1708,'2010-02-17 00:19:12',5,29,'279','2009-12-09 SS Koppa',1,''),(1709,'2010-02-17 00:20:15',5,29,'280','2010-02-17 kamplikoppa',1,''),(1710,'2010-02-17 00:23:37',5,29,'281','2009-12-10 SS Koppa',1,''),(1711,'2010-02-17 00:23:50',5,29,'280','2009-12-17 kamplikoppa',2,'Changed date.'),(1712,'2010-02-17 00:27:47',5,29,'282','2009-12-11 BN Koppa',1,''),(1713,'2010-02-17 00:30:25',5,29,'283','2009-12-15 kamplikoppa',1,''),(1714,'2010-02-17 00:31:08',5,29,'284','2009-12-09 BN Koppa',1,''),(1715,'2010-02-17 00:35:45',5,29,'285','2009-12-13 Hirehonnalli',1,''),(1716,'2010-02-17 00:36:34',5,29,'286','2009-12-08 BN Koppa',1,''),(1717,'2010-02-17 00:43:56',5,29,'287','2009-12-07 BN Koppa',1,''),(1718,'2010-02-17 00:45:00',5,29,'288','2009-12-18 Ganjigatti',1,''),(1719,'2010-02-17 00:48:19',5,28,'48','Azolla',1,''),(1720,'2010-02-17 00:49:28',5,29,'289','2009-12-14 Ganjigatti',1,''),(1721,'2010-02-17 00:52:04',5,29,'290','2009-12-06 BN Koppa',1,''),(1722,'2010-02-17 00:57:33',5,29,'291','2009-12-17 Ganjigatti',1,''),(1723,'2010-02-17 00:57:42',5,29,'292','2009-12-06 Ganjigatti',1,''),(1724,'2010-02-17 01:03:39',5,29,'293','2009-12-07 Ganjigatti',1,''),(1725,'2010-02-17 01:05:40',5,29,'294','2009-12-14 Ganjigatti',1,''),(1726,'2010-02-17 01:08:41',5,29,'295','2009-12-10 Ganjigatti',1,''),(1727,'2010-02-17 01:09:11',5,29,'296','2009-12-13 Dastikoppa',1,''),(1728,'2010-02-17 01:17:12',5,29,'297','2009-12-17 Dastikoppa',1,''),(1729,'2010-02-17 01:18:21',5,29,'298','2009-12-11 Ganjigatti',1,''),(1730,'2010-02-17 01:24:32',5,20,'2679','Kasturi',1,''),(1731,'2010-02-17 01:24:42',5,29,'299','2009-12-16 Dastikoppa',1,''),(1732,'2010-02-17 01:27:40',5,29,'300','2009-12-08 Dastikoppa',1,''),(1733,'2010-02-17 01:48:09',5,20,'2680','madevei addapanavar',1,''),(1734,'2010-02-17 01:49:56',5,20,'2681','shambala',1,''),(1735,'2010-02-17 01:50:20',5,20,'2682','shantavva',1,''),(1736,'2010-02-17 01:51:24',5,29,'301','2009-12-15 Dastikoppa',1,''),(1737,'2010-02-17 01:51:40',5,29,'302','2009-12-09 Dastikoppa',1,''),(1738,'2010-02-17 02:02:27',5,19,'220','LAxmi SHG',1,''),(1739,'2010-02-17 02:06:12',5,29,'303','2009-12-09 Dastikoppa',1,''),(1740,'2010-02-17 02:16:31',5,19,'221','Janotthan Mukhambika SHG				',1,''),(1741,'2010-02-17 02:18:56',5,20,'2706','shadevappa ',1,''),(1742,'2010-02-17 02:19:40',5,29,'304','2009-12-10 Dastikoppa',1,''),(1743,'2010-02-17 02:20:06',5,20,'2707',' Chandrappa ',1,''),(1744,'2010-02-17 02:20:14',5,29,'305','2009-12-17 BN Koppa',1,''),(1745,'2010-02-17 02:24:09',5,29,'306','2009-12-06 Hirehonnalli',1,''),(1746,'2010-02-17 02:26:10',5,29,'307','2009-12-16 BN Koppa',1,''),(1747,'2010-02-17 02:32:16',5,22,'102','DR. Nadagouda',1,''),(1748,'2010-02-17 02:32:25',5,24,'232','AnimatorAssignedVillage object',1,''),(1749,'2010-02-17 02:33:28',5,28,'49','Farm pond',1,''),(1750,'2010-02-17 02:35:05',5,20,'2708','Shankarappa kurubar',1,''),(1751,'2010-02-17 02:35:38',5,27,'97','Farm pond',1,''),(1752,'2010-02-17 02:37:26',5,29,'308','2009-12-08 Hirehonnalli',1,''),(1753,'2010-02-17 02:46:08',5,20,'2709','Madevappa jammihal',1,''),(1754,'2010-02-17 02:46:46',5,20,'2710','Ramana Koti',1,''),(1755,'2010-02-17 02:46:58',5,29,'309','2009-12-10 Hirehonnalli',1,''),(1756,'2010-02-17 02:48:04',5,29,'310','2009-12-15 BN Koppa',1,''),(1757,'2010-02-17 02:52:29',5,29,'311','2009-12-14 BN Koppa',1,''),(1758,'2010-02-17 02:54:27',5,20,'2711','shoubhagya ramanal',1,''),(1759,'2010-02-17 02:54:33',5,29,'312','2009-12-11 Hirehonnalli',1,''),(1760,'2010-02-17 02:55:44',5,29,'312','2009-12-11 Hirehonnalli',2,'Changed expressed_interest_practice for person meeting attendance \"PersonMeetingAttendance object\".'),(1761,'2010-02-17 02:58:27',5,29,'313','2009-12-13 Huniskatte',1,''),(1762,'2010-02-17 02:59:01',5,29,'314','2009-12-06 Huniskatte',1,''),(1763,'2010-02-17 03:03:12',5,29,'315','2009-12-14 Huniskatte',1,''),(1764,'2010-02-17 03:04:43',5,29,'316','2009-12-07 Huniskatte',1,''),(1765,'2010-02-17 03:07:52',5,29,'317','2009-12-16 Huniskatte',1,''),(1766,'2010-02-17 03:08:14',5,29,'318','2009-12-08 Huniskatte',1,''),(1767,'2010-02-17 03:12:02',5,29,'319','2009-12-18 Huniskatte',1,''),(1768,'2010-02-17 03:12:45',5,29,'320','2009-12-10 Huniskatte',1,''),(1769,'2010-02-17 03:16:32',5,29,'321','2009-12-11 Huniskatte',1,''),(1770,'2010-02-17 03:21:54',5,20,'2712','Madevappa Basalingappa Yaliwal',1,''),(1771,'2010-02-17 03:22:24',5,27,'98','Silage',1,''),(1772,'2010-02-17 03:23:48',5,24,'233','AnimatorAssignedVillage object',1,''),(1773,'2010-02-17 03:25:01',5,20,'2713','Basappa Jainagoudar',1,''),(1774,'2010-02-17 03:25:18',5,27,'99','Jowar seed treatment ',1,''),(1775,'2010-02-17 03:27:37',5,20,'2714','Manju',1,''),(1776,'2010-02-17 03:28:06',5,27,'100','Paddy straw - urea treatment',1,''),(1777,'2010-02-17 03:30:22',5,17,'115','Sangadevvara koppa',1,''),(1778,'2010-02-17 03:30:25',5,24,'234','AnimatorAssignedVillage object',1,''),(1779,'2010-02-17 03:30:36',5,24,'235','AnimatorAssignedVillage object',1,''),(1780,'2010-02-17 03:32:52',5,20,'2715','Mohan Pandit',1,''),(1781,'2010-02-17 03:33:09',5,27,'101','Virus control in coconut ',1,''),(1782,'2010-02-17 03:35:03',5,24,'236','AnimatorAssignedVillage object',1,''),(1783,'2010-02-17 03:36:26',5,27,'102','Basket compost',1,''),(1784,'2010-02-17 03:38:46',5,20,'2716','Channabasappa Sannapujar',1,''),(1785,'2010-02-17 03:38:59',5,27,'103','panchagavya',1,''),(1786,'2010-02-17 03:40:57',5,24,'237','AnimatorAssignedVillage object',1,''),(1787,'2010-02-17 03:41:58',5,27,'104','Biopesticide',1,''),(1788,'2010-02-17 03:43:34',5,24,'238','AnimatorAssignedVillage object',1,''),(1789,'2010-02-17 03:44:41',5,20,'2717','Siddavva Hakkalad',1,''),(1790,'2010-02-17 03:45:53',5,27,'105','Home made cattle feed',1,''),(1791,'2010-02-17 03:47:49',5,27,'106','Jeevamruta',1,''),(1792,'2010-02-17 03:52:58',5,17,'116','Malakankoppa',1,''),(1793,'2010-02-17 03:59:44',5,24,'239','AnimatorAssignedVillage object',1,''),(1794,'2010-02-17 04:00:05',5,24,'240','AnimatorAssignedVillage object',1,''),(1795,'2010-02-17 04:04:34',5,20,'2718','Mahadevappa Mantrodi',1,''),(1796,'2010-02-17 04:05:31',5,27,'107','sheep  manuring',1,''),(1797,'2010-02-17 04:18:44',5,29,'322','2010-01-05 kamplikoppa',1,''),(1798,'2010-02-17 04:22:04',5,29,'323','2010-02-05 kamplikoppa',1,''),(1799,'2010-02-17 04:24:22',5,29,'324','2010-01-06 kamplikoppa',1,''),(1800,'2010-02-17 04:27:22',5,29,'325','2010-01-07 kamplikoppa',1,''),(1801,'2010-02-17 21:33:57',5,29,'326','2010-01-11 SS Koppa',1,''),(1802,'2010-02-17 21:37:44',5,29,'327','2010-01-04 SS Koppa',1,''),(1803,'2010-02-17 21:38:38',5,29,'328','2010-01-12 SS Koppa',1,''),(1804,'2010-02-17 21:42:42',5,29,'329','2010-01-05 SS Koppa',1,''),(1805,'2010-02-17 21:44:55',5,29,'330','2010-01-13 SS Koppa',1,''),(1806,'2010-02-17 21:49:04',5,29,'331','2010-01-11 BN Koppa',1,''),(1807,'2010-02-17 21:51:27',5,29,'332','2010-01-11 Mukkal',1,''),(1808,'2010-02-17 21:52:20',5,29,'333','2010-01-05 BN Koppa',1,''),(1809,'2010-02-17 21:55:50',5,29,'334','2010-01-12 Mukkal',1,''),(1810,'2010-02-17 22:00:13',5,29,'335','2010-01-06 BN Koppa',1,''),(1811,'2010-02-17 22:03:56',5,29,'336','2010-01-13 Mukkal',1,''),(1812,'2010-02-17 22:04:02',5,29,'337','2010-01-07 BN Koppa',1,''),(1813,'2010-02-17 22:08:39',5,29,'338','2010-01-14 Dastikoppa',1,''),(1814,'2010-02-17 22:11:08',5,29,'339','2010-01-08 BN Koppa',1,''),(1815,'2010-02-17 22:12:46',5,29,'340','2010-01-15 Dastikoppa',1,''),(1816,'2010-02-17 22:16:27',5,29,'341','2010-01-08 Ganjigatti',1,''),(1817,'2010-02-17 22:20:20',5,29,'342','2010-01-11 Dastikoppa',1,''),(1818,'2010-02-17 22:21:05',5,29,'343','2010-01-07 Ganjigatti',1,''),(1819,'2010-02-17 22:21:17',5,29,'342','2010-01-11 Dastikoppa',2,'Changed expressed_adoption_practice for person meeting attendance \"PersonMeetingAttendance object\".'),(1820,'2010-02-17 22:24:01',5,29,'344','2010-01-05 Ganjigatti',1,''),(1821,'2010-02-17 22:24:56',5,29,'345','2010-01-13 Dastikoppa',1,''),(1822,'2010-02-17 22:29:32',5,29,'346','2010-01-11 BN Koppa',1,''),(1823,'2010-02-17 22:31:14',5,29,'347','2010-01-04 Ganjigatti',1,''),(1824,'2010-02-17 22:31:41',5,29,'348','2010-01-12 BN Koppa',1,''),(1825,'2010-02-17 22:35:04',5,29,'349','2010-01-02 Dastikoppa',1,''),(1826,'2010-02-17 22:35:45',5,29,'350','2010-01-13 BN Koppa',1,''),(1827,'2010-02-17 22:37:05',5,29,'349','2010-01-02 Dastikoppa',2,'Changed expressed_question_practice for person meeting attendance \"PersonMeetingAttendance object\".'),(1828,'2010-02-17 22:41:14',5,29,'351','2010-01-14 BN Koppa',1,''),(1829,'2010-02-17 22:44:21',5,29,'352','2010-01-15 BN Koppa',1,''),(1830,'2010-02-17 22:51:07',5,19,'101','Narasimhdevar sangh',2,'Added person \"Kallangouda patil\". Added person \"pakiragouda patil\". Added person \"shivangouda patil\". Added person \"siddangouda talibagil\". Added person \"hanumnathouda talibagil\". Added person \"rudrappa metti\". Added person \"ramappa balikayi\". Added person \"irappa kudaligi\". Added person \"basappa dharwad\". Added person \"shankargouda agasimani\". Added person \"rudragouda rayangudra\". Added person \"hanumanth gouda patil\". Added person \"irappa dharwad\". Added person \"gurusiddappa buddapanavar\". Added person \"irannagouda talibagila\". Added person \"shivangouda hulakuppa\".'),(1831,'2010-02-17 22:53:20',5,29,'353','2010-01-03 Dastikoppa',1,''),(1832,'2010-02-17 22:54:01',5,29,'354','2010-01-09 Huniskatte',1,''),(1833,'2010-02-17 22:57:44',5,29,'355','2010-01-04 Dastikoppa',1,''),(1834,'2010-02-17 22:59:25',5,29,'356','2010-01-10 Huniskatte',1,''),(1835,'2010-02-17 23:01:34',5,29,'357','2010-01-08 Hirehonnalli',1,''),(1836,'2010-02-17 23:02:07',5,29,'358','2010-01-11 Huniskatte',1,''),(1837,'2010-02-17 23:06:18',5,28,'50','organic urea',1,''),(1838,'2010-02-17 23:06:24',5,29,'359','2010-01-12 Huniskatte',1,''),(1839,'2010-02-17 23:07:11',5,29,'360','2010-01-06 Hirehonnalli',1,''),(1840,'2010-02-17 23:09:44',5,29,'361','2010-01-13 Huniskatte',1,''),(1841,'2010-02-17 23:12:36',5,29,'362','2010-01-07 Hirehonnalli',1,''),(1842,'2010-02-17 23:12:58',5,29,'363','2010-01-13 Ganjigatti',1,''),(1843,'2010-02-17 23:17:18',5,29,'364','2010-01-02 Huniskatte',1,''),(1844,'2010-02-17 23:17:43',5,29,'365','2010-01-11 Ganjigatti',1,''),(1845,'2010-02-17 23:20:40',5,29,'366','2010-01-03 Huniskatte',1,''),(1846,'2010-02-17 23:21:04',5,29,'367','2010-01-10 Ganjigatti',1,''),(1847,'2010-02-17 23:24:00',5,29,'368','2010-01-05 Huniskatte',1,''),(1848,'2010-02-17 23:24:55',5,29,'369','2010-01-14 Ganjigatti',1,''),(1849,'2010-02-17 23:28:25',5,29,'370','2010-01-06 Huniskatte',1,''),(1850,'2010-02-17 23:31:34',5,29,'371','2010-01-12 kamplikoppa',1,''),(1851,'2010-02-17 23:31:57',5,29,'372','2010-01-07 Huniskatte',1,''),(1852,'2010-02-17 23:35:09',5,29,'373','2010-01-08 Huniskatte',1,''),(1853,'2010-02-17 23:37:40',5,29,'374','2010-01-14 kamplikoppa',1,''),(1854,'2010-02-17 23:40:10',5,29,'375','2010-01-13 kamplikoppa',1,''),(1855,'2010-02-17 23:41:24',5,29,'376','2010-01-06 Mukkal',1,''),(1856,'2010-02-17 23:46:32',5,29,'377','2010-01-12 kamplikoppa',1,''),(1857,'2010-02-17 23:48:41',5,29,'378','2010-01-07 Mukkal',1,''),(1858,'2010-02-17 23:51:55',5,29,'379','2010-01-13 Hirehonnalli',1,''),(1859,'2010-02-17 23:56:04',5,19,'222','public',1,''),(1860,'2010-02-17 23:58:43',5,29,'380','2010-01-08 Mukkal',1,''),(1861,'2010-02-17 23:59:30',5,29,'381','2010-01-12 Hirehonnalli',1,''),(1862,'2010-02-18 00:27:03',5,29,'382','2009-12-01 Huniskatte',1,''),(1863,'2010-02-18 00:27:06',1,34,'2','Equipment object',1,''),(1864,'2010-02-18 00:27:30',1,34,'2','Equipment object',3,''),(1865,'2010-02-18 00:30:28',5,29,'383','2009-12-02 Huniskatte',1,''),(1866,'2010-02-18 00:33:24',5,29,'384','2009-12-10 Huniskatte',1,''),(1867,'2010-02-18 00:35:25',5,29,'385','2009-12-04 Huniskatte',1,''),(1868,'2010-02-18 00:38:20',5,29,'386','2009-12-21 Huniskatte',1,''),(1869,'2010-02-18 00:40:28',5,29,'387','2009-12-03 Huniskatte',1,''),(1870,'2010-02-18 00:42:32',5,29,'388','2009-12-23 Huniskatte',1,''),(1871,'2010-02-18 00:43:10',5,29,'389','2009-12-01 BN Koppa',1,''),(1872,'2010-02-18 00:46:51',5,29,'390','2009-12-25 Huniskatte',1,''),(1873,'2010-02-18 00:48:25',5,29,'391','2009-12-02 BN Koppa',1,''),(1874,'2010-02-18 00:53:48',5,29,'392','2009-12-21 SS Koppa',1,''),(1875,'2010-02-18 00:55:32',5,29,'393','2009-12-03 BN Koppa',1,''),(1876,'2010-02-18 00:58:50',1,29,'75','2010-01-23 Ganjigatti',2,'No fields changed.'),(1877,'2010-02-18 01:00:49',1,29,'80','2010-01-17 Huniskatte',3,''),(1878,'2010-02-18 01:03:15',5,29,'394','2009-12-23 SS Koppa',1,''),(1879,'2010-02-18 01:03:53',5,29,'395','2009-12-30 BN Koppa',1,''),(1880,'2010-02-18 01:11:27',5,29,'396','2009-12-25 SS Koppa',1,''),(1881,'2010-02-18 01:33:26',5,29,'397','2009-11-28 Dastikoppa',1,''),(1882,'2010-02-18 01:42:07',5,29,'398','2009-12-01 Dastikoppa',1,''),(1883,'2010-02-18 01:48:44',5,20,'2743','dantava talibagil',1,''),(1884,'2010-02-18 01:48:51',5,29,'399','2009-12-04 Dastikoppa',1,''),(1885,'2010-02-18 01:55:13',5,20,'2744','somlingappa bamigatti',1,''),(1886,'2010-02-18 01:57:11',5,20,'2745','sakapp kotusgi',1,''),(1887,'2010-02-18 01:57:19',5,29,'400','2009-12-24 Hirehonnalli',1,''),(1888,'2010-02-18 02:06:28',5,29,'401','2009-12-01 Ganjigatti',1,''),(1889,'2010-02-18 02:09:36',5,29,'402','2009-11-29 Ganjigatti',1,''),(1890,'2010-02-18 02:10:56',5,29,'403','2009-12-22 Hirehonnalli',1,''),(1891,'2010-02-18 02:20:52',5,20,'2746','shankarravva yaliwal',1,''),(1892,'2010-02-18 02:20:58',5,29,'404','2009-12-25 Hirehonnalli',1,''),(1893,'2010-02-18 02:21:55',5,29,'405','2009-11-30 Ganjigatti',1,''),(1894,'2010-02-18 02:27:45',5,29,'406','2009-12-22 Ganjigatti',1,''),(1895,'2010-02-18 02:29:03',5,28,'51','wadi',1,''),(1896,'2010-02-18 02:30:16',5,29,'407','2009-11-29 Hirehonnalli',1,''),(1897,'2010-02-18 02:49:07',5,29,'408','2009-12-24 BN Koppa',1,''),(1898,'2010-02-18 03:01:33',5,29,'409','2009-12-23 BN Koppa',1,''),(1899,'2010-02-18 03:05:01',5,29,'410','2009-12-22 BN Koppa',1,''),(1900,'2010-02-18 03:10:55',5,29,'411','2009-12-21 BN Koppa',1,''),(1901,'2010-02-18 03:14:47',5,29,'412','2009-12-20 Mukkal',1,''),(1902,'2010-02-18 03:21:32',5,20,'2747','neelavva benni',1,''),(1903,'2010-02-18 03:23:49',5,29,'413','2009-12-22 kamplikoppa',1,''),(1904,'2010-02-18 03:30:04',5,29,'414','2009-12-22 kamplikoppa',1,''),(1905,'2010-02-18 03:35:37',5,29,'415','2009-12-25 kamplikoppa',1,''),(1906,'2010-02-18 03:41:43',5,29,'416','2009-12-23 kamplikoppa',1,''),(1907,'2010-02-18 03:45:51',5,20,'2748','pirumbi nadaf',1,''),(1908,'2010-02-18 03:46:56',5,29,'417','2009-12-24 kamplikoppa',1,''),(1909,'2010-02-18 03:50:56',5,29,'418','2009-11-29 Hirehonnalli',1,''),(1910,'2010-02-18 04:01:13',5,29,'419','2009-12-02 Hirehonnalli',1,''),(1911,'2010-02-18 04:05:13',5,29,'420','2009-12-03 Hirehonnalli',1,''),(1912,'2010-02-18 04:09:58',5,29,'421','2009-12-04 Hirehonnalli',1,''),(1913,'2010-02-18 04:14:05',5,29,'422','2009-12-02 kamplikoppa',1,''),(1914,'2010-02-18 04:18:00',5,29,'423','2009-12-01 kamplikoppa',1,''),(1915,'2010-02-18 04:23:03',5,29,'424','2009-12-01 kamplikoppa',1,''),(1916,'2010-02-18 04:27:48',5,29,'425','2009-12-03 kamplikoppa',1,''),(1917,'2010-02-18 04:31:24',5,29,'426','2009-11-30 SS Koppa',1,''),(1918,'2010-02-18 04:36:59',5,29,'427','2009-12-01 SS Koppa',1,''),(1919,'2010-02-18 04:43:15',5,29,'428','2009-12-02 SS Koppa',1,''),(1920,'2010-02-18 04:46:58',5,29,'429','2009-12-04 SS Koppa',1,''),(1921,'2010-02-18 18:12:59',9,17,'117','Kendposi',1,''),(1922,'2010-02-18 21:37:48',5,29,'430','2009-10-26 BN Koppa',1,''),(1923,'2010-02-18 21:45:02',5,20,'2749','Iravva kadapatti',1,''),(1924,'2010-02-18 21:45:36',5,29,'431','2009-10-27 BN Koppa',1,''),(1925,'2010-02-18 21:54:19',5,29,'432','2009-10-28 BN Koppa',1,''),(1926,'2010-02-18 21:59:10',5,29,'433','2009-10-29 BN Koppa',1,''),(1927,'2010-02-18 22:05:49',5,20,'2750','Neelavva K. Deevatagi',1,''),(1928,'2010-02-18 22:06:08',5,29,'434','2009-10-30 BN Koppa',1,''),(1929,'2010-02-18 22:16:45',5,20,'2751','Shankravva Hugar',1,''),(1930,'2010-02-18 22:17:56',5,20,'2752','Gangavva Danenavar',1,''),(1931,'2010-02-18 22:21:02',5,20,'2753','Neelavva Shivangoudar',1,''),(1932,'2010-02-18 22:22:01',5,20,'2754','Pushpa Katnurmath',1,''),(1933,'2010-02-18 22:23:17',5,29,'435','2009-10-25 Huniskatte',1,''),(1934,'2010-02-18 22:31:09',5,20,'2755','Mallappa Inguli',1,''),(1935,'2010-02-18 22:31:41',5,20,'2756','Mareppa Uppar',1,''),(1936,'2010-02-18 22:32:24',5,20,'2757','Fakirappa Tegannavar',1,''),(1937,'2010-02-18 22:32:57',5,20,'2758','Mareppa Uppar',1,''),(1938,'2010-02-18 22:34:29',5,20,'2759','Mahadevappa Nimbuji',1,''),(1939,'2010-02-18 22:35:12',5,20,'2760','Arjun Inguli',1,''),(1940,'2010-02-18 22:35:53',5,20,'2761','Mallappa S. Inguli',1,''),(1941,'2010-02-18 22:37:19',5,20,'2762','Jagadish Ekuli',1,''),(1942,'2010-02-18 22:38:49',5,20,'2763','Mareppa Inguli',1,''),(1943,'2010-02-18 22:46:26',5,20,'2764','Mahadevappa Nimbuji',1,''),(1944,'2010-02-18 22:47:31',5,20,'2765','Hanumant Nimbuji',1,''),(1945,'2010-02-18 22:48:12',5,20,'2766','Mallappa Inguli',1,''),(1946,'2010-02-18 22:48:56',5,20,'2767','Siddanagouda Shivanagoudar',1,''),(1947,'2010-02-18 22:50:12',5,29,'436','2009-10-26 Huniskatte',1,''),(1948,'2010-02-18 23:00:05',5,20,'2768','Ashok Inguli',1,''),(1949,'2010-02-18 23:00:44',5,20,'2769','Rangangouda Golagoudar',1,''),(1950,'2010-02-18 23:09:37',5,20,'2770','Mallappa Tegannavar',1,''),(1951,'2010-02-18 23:10:58',5,20,'2771','shivaputra Bannikoppamath',1,''),(1952,'2010-02-18 23:11:38',5,20,'2772','Shivanand Ekuli',1,''),(1953,'2010-02-18 23:12:01',5,29,'437','2010-02-27 Huniskatte',1,''),(1954,'2010-02-18 23:20:08',5,29,'438','2009-10-28 Huniskatte',1,''),(1955,'2010-02-18 23:28:25',5,29,'439','2009-10-30 Huniskatte',1,''),(1956,'2010-02-19 01:00:19',5,29,'440','2009-10-26 Ganjigatti',1,''),(1957,'2010-02-19 01:09:34',5,29,'441','2009-10-25 Ganjigatti',1,''),(1958,'2010-02-19 01:16:11',5,29,'442','2009-10-27 Hirehonnalli',1,''),(1959,'2010-02-19 01:31:07',5,20,'2773','Shekappa Kotagunasi',1,''),(1960,'2010-02-19 01:32:19',5,20,'2774','Somalingappa Bammigatti',1,''),(1961,'2010-02-19 01:33:15',5,20,'2775','Hanumantgouda Patil',1,''),(1962,'2010-02-19 01:35:39',5,29,'443','2009-10-29 Hirehonnalli',1,''),(1963,'2010-02-19 01:35:50',5,29,'444','2010-01-20 BN Koppa',1,''),(1964,'2010-02-19 01:39:26',5,29,'445','2010-01-21 BN Koppa',1,''),(1965,'2010-02-19 01:43:40',5,29,'446','2009-10-24 SS Koppa',1,''),(1966,'2010-02-19 01:44:50',5,29,'447','2010-01-22 BN Koppa',1,''),(1967,'2010-02-19 01:48:20',5,29,'448','2010-01-21 kamplikoppa',1,''),(1968,'2010-02-19 01:50:45',5,29,'449','2009-10-23 SS Koppa',1,''),(1969,'2010-02-19 01:52:21',5,29,'450','2010-01-19 kamplikoppa',1,''),(1970,'2010-02-19 01:58:32',5,29,'451','2010-02-21 kamplikoppa',1,''),(1971,'2010-02-19 02:05:37',5,29,'452','2010-01-19 kamplikoppa',1,''),(1972,'2010-02-19 02:06:50',5,20,'2776','Basavva B. Benni',1,''),(1973,'2010-02-19 02:08:41',5,29,'453','2009-10-25 SS Koppa',1,''),(1974,'2010-02-19 02:12:44',5,29,'454','2009-10-20 Ganjigatti',1,''),(1975,'2010-02-19 02:14:09',5,29,'455','2009-12-26 Mukkal',1,''),(1976,'2010-02-19 02:17:46',5,29,'456','2009-10-21 Ganjigatti',1,''),(1977,'2010-02-19 02:24:13',5,29,'457','2009-10-28 Mukkal',1,''),(1978,'2010-02-19 02:31:03',5,29,'458','2009-10-23 Ganjigatti',1,''),(1979,'2010-02-19 02:36:08',5,29,'459','2009-10-19 kamplikoppa',1,''),(1980,'2010-02-19 02:43:29',5,29,'460','2009-10-28 Mukkal',1,''),(1981,'2010-02-19 02:46:15',5,29,'461','2009-10-20 kamplikoppa',1,''),(1982,'2010-02-19 02:50:40',5,29,'462','2009-10-21 kamplikoppa',1,''),(1983,'2010-02-19 02:51:42',5,20,'2777','Tippavva',1,''),(1984,'2010-02-19 02:52:05',5,29,'463','2009-10-29 Mukkal',1,''),(1985,'2010-02-19 02:54:42',5,29,'464','2009-10-22 kamplikoppa',1,''),(1986,'2010-02-19 02:57:45',5,29,'465','2009-10-23 BN Koppa',1,''),(1987,'2010-02-19 02:58:51',5,29,'466','2009-10-23 kamplikoppa',1,''),(1988,'2010-02-19 03:01:37',5,29,'467','2009-10-20 BN Koppa',1,''),(1989,'2010-02-19 03:04:11',5,29,'468','2009-10-30 kamplikoppa',1,''),(1990,'2010-02-19 03:08:07',5,29,'469','2009-10-29 kamplikoppa',1,''),(1991,'2010-02-19 03:11:59',5,20,'2778','Laxmi C. Sannapujar',1,''),(1992,'2010-02-19 03:12:57',5,20,'2779','Sharavva M. Akki',1,''),(1993,'2010-02-19 03:13:09',5,29,'470','2009-10-21 BN Koppa',1,''),(1994,'2010-02-19 03:14:25',5,19,'223','Shri sarawati stri shakthi sangh',1,''),(1995,'2010-02-19 03:16:15',5,29,'471','2009-10-28 kamplikoppa',1,''),(1996,'2010-02-19 03:19:30',5,29,'472','2009-10-22 BN Koppa',1,''),(1997,'2010-02-19 03:21:19',5,29,'473','2009-10-28 kamplikoppa',1,''),(1998,'2010-02-19 03:24:51',5,29,'474','2009-10-27 kamplikoppa',1,''),(1999,'2010-02-19 03:26:04',5,20,'2790','Shanta B. Hebballimath',1,''),(2000,'2010-02-19 03:26:38',5,20,'2791','Renavva M. Nimbuji',1,''),(2001,'2010-02-19 03:27:48',5,20,'2792','Renavva S. Nimbhuji',1,''),(2002,'2010-02-19 03:31:09',5,20,'2793','Savakka H. Nimbuji',1,''),(2003,'2010-02-19 03:33:11',5,20,'2794','Subhadravva V. Bannikoppamath',1,''),(2004,'2010-02-19 03:33:50',5,20,'2795','Rukmini B. Nemannavar',1,''),(2005,'2010-02-19 03:34:04',5,29,'475','2009-10-27 kamplikoppa',1,''),(2006,'2010-02-19 03:34:31',5,20,'2796','Savakka S. Kattimani',1,''),(2007,'2010-02-19 03:35:13',5,20,'2797','Indravva V. Inguli',1,''),(2008,'2010-02-19 03:35:49',5,20,'2798','Paravva S. Inguli',1,''),(2009,'2010-02-19 03:36:28',5,20,'2799','Nirmala B. Marigoudar',1,''),(2010,'2010-02-19 03:37:10',5,20,'2800','Paravva G. Hubballimath',1,''),(2011,'2010-02-19 03:39:11',5,29,'476','2009-10-17 Huniskatte',1,''),(2012,'2010-02-19 03:41:19',5,19,'224','Chanbaseshwara SHG',1,''),(2013,'2010-02-19 03:43:49',5,29,'477','2009-10-20 Hirehonnalli',1,''),(2014,'2010-02-19 03:46:14',5,29,'478','2009-10-18 Huniskatte',1,''),(2015,'2010-02-19 03:50:07',5,29,'479','2009-10-21 Hirehonnalli',1,''),(2016,'2010-02-19 03:50:31',5,20,'2817','Shivaji Inguli',1,''),(2017,'2010-02-19 03:52:09',5,20,'2818','Irappa Guruvannavar',1,''),(2018,'2010-02-19 03:54:04',5,29,'480','2009-10-20 Huniskatte',1,''),(2019,'2010-02-19 03:58:41',5,29,'481','2009-10-21 Huniskatte',1,''),(2020,'2010-02-19 04:00:30',5,20,'2819','soubhagyavva ramanal',1,''),(2021,'2010-02-19 04:00:40',5,29,'482','2009-10-11 Hirehonnalli',1,''),(2022,'2010-02-19 04:04:19',1,29,'54','2010-01-28 SS Koppa',2,'Changed videoes_screened.'),(2023,'2010-02-19 04:05:51',5,20,'2820','Gangavva M. Olekar',1,''),(2024,'2010-02-19 04:06:38',5,20,'2821','Geeta B. Golagoudar',1,''),(2025,'2010-02-19 04:07:19',5,20,'2822','Renavva V. Danenavar',1,''),(2026,'2010-02-19 04:07:34',5,29,'483','2009-10-12 Hirehonnalli',1,''),(2027,'2010-02-19 04:07:59',5,20,'2823','Laxmavva A Tegannavar',1,''),(2028,'2010-02-19 04:08:33',5,20,'2824','Prema K. Tegannavar',1,''),(2029,'2010-02-19 04:09:10',5,20,'2825','Devakka I Tegannavar',1,''),(2030,'2010-02-19 04:09:46',5,20,'2826','Mallavva B. Olekar',1,''),(2031,'2010-02-19 04:09:52',1,29,'54','2010-01-28 SS Koppa',2,'Changed videoes_screened.'),(2032,'2010-02-19 04:10:19',5,20,'2827','Yallavva V. Tegannavar',1,''),(2033,'2010-02-19 04:10:55',5,20,'2828','Neelavva C. Golgoudar',1,''),(2034,'2010-02-19 04:11:29',5,20,'2829','Saroja Inguli',1,''),(2035,'2010-02-19 04:12:13',5,20,'2830','Laxmi K. Nemannavar',1,''),(2036,'2010-02-19 04:12:50',5,20,'2831','Renavva Golgoudar',1,''),(2037,'2010-02-19 04:13:33',5,20,'2832','Renavva S. Golgoudar',1,''),(2038,'2010-02-19 04:15:18',5,29,'484','2009-10-22 Huniskatte',1,''),(2039,'2010-02-19 04:21:37',5,20,'2833','Annapurna Madli',1,''),(2040,'2010-02-19 04:22:16',5,20,'2834','Shanta V. Patil',1,''),(2041,'2010-02-19 04:22:50',5,20,'2835','Savakka Ekuli',1,''),(2042,'2010-02-19 04:23:05',1,29,'53','2010-01-28 kamplikoppa',2,'Changed videoes_screened. Changed expressed_interest_practice for person meeting attendance \"PersonMeetingAttendance object\".'),(2043,'2010-02-19 04:23:23',5,20,'2836','Renavva S. Nimbhuji',1,''),(2044,'2010-02-19 04:23:56',5,20,'2837','Tippavva Nimbuji',1,''),(2045,'2010-02-19 04:24:27',5,20,'2838','Satyavva Nimbuji',1,''),(2046,'2010-02-19 04:24:38',1,29,'53','2010-01-28 kamplikoppa',2,'Changed videoes_screened. Changed expressed_interest_practice for person meeting attendance \"PersonMeetingAttendance object\". Changed expressed_interest_practice for person meeting attendance \"PersonMeetingAttendance object\". Changed expressed_interest_practice for person meeting attendance \"PersonMeetingAttendance object\". Changed expressed_interest_practice for person meeting attendance \"PersonMeetingAttendance object\". Changed expressed_interest_practice for person meeting attendance \"PersonMeetingAttendance object\". Changed expressed_interest_practice for person meeting attendance \"PersonMeetingAttendance object\". Changed expressed_interest_practice for person meeting attendance \"PersonMeetingAttendance object\". Changed expressed_interest_practice for person meeting attendance \"PersonMeetingAttendance object\". Changed expressed_interest_practice for person meeting attendance \"PersonMeetingAttendance object\".'),(2047,'2010-02-19 04:25:24',5,29,'485','2009-10-17 Huniskatte',1,''),(2048,'2010-02-19 04:36:49',5,29,'486','2009-10-14 Hirehonnalli',1,''),(2049,'2010-02-19 04:41:03',5,29,'60','2010-01-27 Huniskatte',2,'Changed videoes_screened.'),(2050,'2010-02-19 04:46:01',5,20,'2839','Shankravva Danenavar',1,''),(2051,'2010-02-19 04:46:11',5,29,'487','2009-10-24 Huniskatte',1,''),(2052,'2010-02-19 04:50:25',5,29,'61','2010-01-29 Huniskatte',2,'Changed videoes_screened. Changed expressed_interest_practice for person meeting attendance \"PersonMeetingAttendance object\".'),(2053,'2010-02-19 04:53:41',5,29,'62','2010-01-28 Huniskatte',2,'Changed videoes_screened. Changed expressed_interest_practice for person meeting attendance \"PersonMeetingAttendance object\".'),(2054,'2010-02-19 04:55:47',5,20,'2840','Kanthevva',1,''),(2055,'2010-02-19 04:56:15',5,20,'2841','Vishalaxi',1,''),(2056,'2010-02-19 04:56:41',5,20,'2842','Channabasavva ',1,''),(2057,'2010-02-19 04:57:11',5,20,'2843','Neelavva ',1,''),(2058,'2010-02-19 04:57:40',5,20,'2844','Akkavva',1,''),(2059,'2010-02-19 04:58:06',5,20,'2845','Ratnavva',1,''),(2060,'2010-02-19 04:58:30',5,20,'2846','Anasavva',1,''),(2061,'2010-02-19 04:59:02',5,20,'2847','Renavva ',1,''),(2062,'2010-02-19 04:59:36',5,20,'2848','Savitavva',1,''),(2063,'2010-02-19 05:00:25',5,20,'2849','Marevva',1,''),(2064,'2010-02-19 05:00:47',5,20,'2850','Neelavva ',1,''),(2065,'2010-02-19 05:01:30',5,20,'2851','Yallamma',1,''),(2066,'2010-02-19 05:01:58',5,20,'2852','Basamma',1,''),(2067,'2010-02-19 05:02:37',5,20,'2853','savakka',1,''),(2068,'2010-02-19 05:03:04',5,20,'2854','Channappa Hosalli',1,''),(2069,'2010-02-19 05:03:38',5,20,'2855','Yallappagouda choudi',1,''),(2070,'2010-02-19 05:03:47',5,29,'488','2009-10-15 Hirehonnalli',1,''),(2071,'2010-02-19 05:04:25',5,20,'2856','Gangappa Hosalli',1,''),(2072,'2010-02-19 05:05:04',5,20,'2857','Shambu Benakanahalli',1,''),(2073,'2010-02-19 05:05:38',5,20,'2858','Basavaraj Jaynagoudar',1,''),(2074,'2010-02-19 05:06:12',5,20,'2859','Irupaxi chinchali',1,''),(2075,'2010-02-19 05:06:39',5,20,'2860','Hanumantappa Kabanur',1,''),(2076,'2010-02-19 05:07:24',5,20,'2861','Shivappa Ganeshappanavar',1,''),(2077,'2010-02-19 05:08:07',5,20,'2862','Shivappa Muguli',1,''),(2078,'2010-02-19 05:09:44',5,29,'489','2009-10-17 Mukkal',1,''),(2079,'2010-02-19 05:10:14',5,29,'490','2009-10-16 Hirehonnalli',1,''),(2080,'2010-02-19 05:10:36',5,29,'62','2010-01-28 Huniskatte',2,'No fields changed.'),(2081,'2010-02-19 05:16:21',5,29,'491','2009-10-14 Ganjigatti',1,''),(2082,'2010-02-19 05:24:59',5,29,'492','2009-10-12 Ganjigatti',1,''),(2083,'2010-02-19 05:25:31',5,29,'64','2010-01-25 BN Koppa',2,'Changed videoes_screened. Changed expressed_interest_practice for person meeting attendance \"PersonMeetingAttendance object\". Changed expressed_interest_practice for person meeting attendance \"PersonMeetingAttendance object\". Changed expressed_interest_practice for person meeting attendance \"PersonMeetingAttendance object\".'),(2084,'2010-02-19 05:27:59',5,29,'65','2010-01-26 BN Koppa',2,'Changed videoes_screened.'),(2085,'2010-02-19 05:30:11',5,29,'493','2009-10-15 Ganjigatti',1,''),(2086,'2010-02-19 05:34:55',5,29,'66','2010-01-27 BN Koppa',2,'Changed videoes_screened. Changed expressed_interest_practice for person meeting attendance \"PersonMeetingAttendance object\". Changed expressed_interest_practice for person meeting attendance \"PersonMeetingAttendance object\". Changed expressed_interest_practice for person meeting attendance \"PersonMeetingAttendance object\".'),(2087,'2010-02-19 05:39:17',5,29,'494','2009-10-11 Ganjigatti',1,''),(2088,'2010-02-19 06:12:04',5,29,'67','2010-01-28 BN Koppa',2,'Changed videoes_screened.'),(2089,'2010-02-19 06:15:52',5,20,'2863','Champavati Kamadolli',1,''),(2090,'2010-02-19 06:16:30',5,20,'2864','Laxmavva Kabber',1,''),(2091,'2010-02-19 06:17:00',5,29,'68','2010-01-29 BN Koppa',2,'Changed videoes_screened. Changed expressed_interest_practice for person meeting attendance \"PersonMeetingAttendance object\". Changed expressed_interest_practice for person meeting attendance \"PersonMeetingAttendance object\". Changed expressed_interest_practice for person meeting attendance \"PersonMeetingAttendance object\". Changed expressed_interest_practice for person meeting attendance \"PersonMeetingAttendance object\".'),(2092,'2010-02-19 06:17:02',5,20,'2865','Neelavva Kabber',1,''),(2093,'2010-02-19 06:17:29',5,20,'2866','Devakka Y. Kusugal',1,''),(2094,'2010-02-19 06:18:02',5,20,'2867','Laxmavva Mullakere',1,''),(2095,'2010-02-19 06:18:37',5,20,'2868','Anasavva Shankargoudra',1,''),(2096,'2010-02-19 06:19:00',5,20,'2869','Girijavva B. Horakere',1,''),(2097,'2010-02-19 06:19:32',5,20,'2870','Ningavva S. Veerabhadragoudar',1,''),(2098,'2010-02-19 06:20:29',5,20,'2871','Ningavva',1,''),(2099,'2010-02-19 06:20:46',5,20,'2872','Iravva',1,''),(2100,'2010-02-19 06:21:12',5,20,'2873','Girijavva',1,''),(2101,'2010-02-19 06:21:13',5,20,'2874','Shankaravva Bammigatti',1,''),(2102,'2010-02-19 06:21:22',5,29,'495','2010-02-05 Hirehonnalli',1,''),(2103,'2010-02-19 06:21:37',5,20,'2875','Shivagangavva',1,''),(2104,'2010-02-19 06:22:06',5,20,'2876','Girijavva',1,''),(2105,'2010-02-19 06:22:42',5,20,'2877','Draxayini',1,''),(2106,'2010-02-19 06:23:30',5,20,'2878','Yallavva',1,''),(2107,'2010-02-19 06:23:51',5,20,'2879','Kamalavva',1,''),(2108,'2010-02-19 06:24:11',5,20,'2880','Laxmavva',1,''),(2109,'2010-02-19 06:24:41',5,20,'2881','Neelavva',1,''),(2110,'2010-02-19 06:25:12',5,20,'2882','Savita',1,''),(2111,'2010-02-19 06:26:47',5,29,'496','2010-02-06 Hirehonnalli',1,''),(2112,'2010-02-19 06:27:42',5,29,'69','2010-01-25 Mukkal',2,'Changed videoes_screened. Changed expressed_interest_practice for person meeting attendance \"PersonMeetingAttendance object\". Changed expressed_interest_practice for person meeting attendance \"PersonMeetingAttendance object\". Changed expressed_interest_practice for person meeting attendance \"PersonMeetingAttendance object\".'),(2113,'2010-02-19 06:28:07',5,29,'497','2009-10-20 Mukkal',1,''),(2114,'2010-02-19 06:30:51',5,29,'498','2010-02-09 Hirehonnalli',1,''),(2115,'2010-02-19 06:33:12',5,29,'70','2009-12-27 Mukkal',2,'Changed videoes_screened. Changed expressed_interest_practice for person meeting attendance \"PersonMeetingAttendance object\". Changed expressed_interest_practice for person meeting attendance \"PersonMeetingAttendance object\".'),(2116,'2010-02-19 06:35:39',5,20,'2883','Shankravva Mugalli',1,''),(2117,'2010-02-19 06:36:19',5,20,'2884','Damayanti Doddagoudar',1,''),(2118,'2010-02-19 06:37:15',5,20,'2885','Paravva gyanappanavar',1,''),(2119,'2010-02-19 06:39:03',5,20,'2886','Savakka dhanigoud',1,''),(2120,'2010-02-19 06:39:03',5,29,'499','2009-10-20 Mukkal',1,''),(2121,'2010-02-19 06:45:07',5,29,'500','2010-02-10 Hirehonnalli',1,''),(2122,'2010-02-19 06:45:10',5,20,'2887','Shantavva',1,''),(2123,'2010-02-19 06:47:55',5,29,'71','2010-01-27 Mukkal',2,'Changed videoes_screened.'),(2124,'2010-02-19 06:49:16',5,29,'501','2009-09-21 Mukkal',1,''),(2125,'2010-02-19 06:53:18',5,29,'502','2009-10-21 Mukkal',1,''),(2126,'2010-02-19 06:54:13',5,29,'503','2010-02-12 Hirehonnalli',1,''),(2127,'2010-02-19 06:58:14',5,29,'504','2009-10-22 Mukkal',1,''),(2128,'2010-02-19 06:58:18',5,29,'72','2010-01-27 Ganjigatti',2,'Changed videoes_screened. Changed expressed_interest_practice for person meeting attendance \"PersonMeetingAttendance object\".'),(2129,'2010-02-19 07:01:25',5,29,'505','2010-02-12 Hirehonnalli',1,''),(2130,'2010-02-19 07:02:43',5,29,'506','2009-10-17 SS Koppa',1,''),(2131,'2010-02-19 07:05:49',5,29,'73','2010-01-25 Ganjigatti',2,'Changed videoes_screened.'),(2132,'2010-02-19 07:07:16',5,29,'507','2009-10-19 SS Koppa',1,''),(2133,'2010-02-19 07:10:12',5,29,'508','2009-10-20 SS Koppa',1,''),(2134,'2010-02-19 07:11:00',5,29,'509','2010-02-06 SS Koppa',1,''),(2135,'2010-02-19 07:14:29',5,29,'510','2010-02-08 SS Koppa',1,''),(2136,'2010-02-19 07:14:32',5,29,'511','2009-10-21 SS Koppa',1,''),(2137,'2010-02-19 07:15:02',5,29,'74','2010-01-24 Ganjigatti',2,'Changed videoes_screened.'),(2138,'2010-02-19 07:18:04',5,20,'2888','Siddanagouda Doddagoudar',1,''),(2139,'2010-02-19 07:18:31',5,29,'512','2009-10-23 SS Koppa',1,''),(2140,'2010-02-19 07:20:11',5,29,'513','2010-02-09 SS Koppa',1,''),(2141,'2010-02-19 07:21:33',5,29,'75','2010-01-23 Ganjigatti',2,'Changed videoes_screened. Changed expressed_interest_practice for person meeting attendance \"PersonMeetingAttendance object\". Changed expressed_interest_practice for person meeting attendance \"PersonMeetingAttendance object\". Changed expressed_interest_practice for person meeting attendance \"PersonMeetingAttendance object\".'),(2142,'2010-02-19 07:24:39',5,29,'514','2009-10-16 SS Koppa',1,''),(2143,'2010-02-19 07:26:29',5,29,'515','2010-02-10 SS Koppa',1,''),(2144,'2010-02-19 07:26:35',5,29,'76','2010-01-28 Dastikoppa',2,'Changed videoes_screened.'),(2145,'2010-02-19 09:04:43',1,29,'52','2010-01-26 SS Koppa',2,'Changed videoes_screened. Changed expressed_interest_practice for person meeting attendance \"PersonMeetingAttendance object\". Changed expressed_interest_practice for person meeting attendance \"PersonMeetingAttendance object\". Changed expressed_interest_practice for person meeting attendance \"PersonMeetingAttendance object\". Changed expressed_interest_practice for person meeting attendance \"PersonMeetingAttendance object\". Changed expressed_interest_practice for person meeting attendance \"PersonMeetingAttendance object\". Changed expressed_interest_practice for person meeting attendance \"PersonMeetingAttendance object\". Changed expressed_interest_practice for person meeting attendance \"PersonMeetingAttendance object\". Changed expressed_interest_practice for person meeting attendance \"PersonMeetingAttendance object\".'),(2146,'2010-02-19 09:06:19',1,29,'53','2010-01-28 kamplikoppa',2,'Changed videoes_screened.'),(2147,'2010-02-19 09:14:35',1,29,'60','2010-01-27 Huniskatte',2,'Changed expressed_interest_practice for person meeting attendance \"PersonMeetingAttendance object\". Changed expressed_interest_practice for person meeting attendance \"PersonMeetingAttendance object\".'),(2148,'2010-02-19 09:18:30',1,29,'95','2010-01-20 Mukkal',2,'Changed videoes_screened.'),(2149,'2010-02-19 09:19:24',1,29,'94','2010-01-19 Mukkal',2,'Changed videoes_screened.'),(2150,'2010-02-19 09:24:17',1,29,'92','2010-01-18 Mukkal',2,'Changed videoes_screened. Changed expressed_interest_practice for person meeting attendance \"PersonMeetingAttendance object\". Changed expressed_interest_practice for person meeting attendance \"PersonMeetingAttendance object\". Changed expressed_interest_practice for person meeting attendance \"PersonMeetingAttendance object\". Changed expressed_interest_practice for person meeting attendance \"PersonMeetingAttendance object\". Changed expressed_interest_practice for person meeting attendance \"PersonMeetingAttendance object\".'),(2151,'2010-02-19 09:26:50',1,29,'91','2010-01-20 Ganjigatti',2,'Changed videoes_screened. Changed expressed_interest_practice for person meeting attendance \"PersonMeetingAttendance object\". Changed expressed_interest_practice for person meeting attendance \"PersonMeetingAttendance object\". Changed expressed_interest_practice for person meeting attendance \"PersonMeetingAttendance object\".'),(2152,'2010-02-19 09:29:05',1,29,'91','2010-01-20 Ganjigatti',2,'Changed videoes_screened. Changed expressed_interest_practice for person meeting attendance \"PersonMeetingAttendance object\". Changed expressed_interest_practice for person meeting attendance \"PersonMeetingAttendance object\".'),(2153,'2010-02-19 09:30:37',1,29,'90','2010-01-21 Ganjigatti',2,'Changed videoes_screened. Changed expressed_interest_practice for person meeting attendance \"PersonMeetingAttendance object\". Changed expressed_interest_practice for person meeting attendance \"PersonMeetingAttendance object\".'),(2154,'2010-02-19 09:31:24',1,29,'89','2010-01-21 SS Koppa',2,'Changed videoes_screened.'),(2155,'2010-02-19 09:33:28',1,29,'88','2010-01-20 SS Koppa',2,'Changed videoes_screened. Changed expressed_interest_practice for person meeting attendance \"PersonMeetingAttendance object\". Changed expressed_interest_practice for person meeting attendance \"PersonMeetingAttendance object\". Changed expressed_interest_practice for person meeting attendance \"PersonMeetingAttendance object\". Changed expressed_interest_practice for person meeting attendance \"PersonMeetingAttendance object\". Changed expressed_interest_practice for person meeting attendance \"PersonMeetingAttendance object\". Changed expressed_interest_practice for person meeting attendance \"PersonMeetingAttendance object\".'),(2156,'2010-02-19 09:36:32',1,29,'87','2010-01-20 SS Koppa',2,'Changed videoes_screened. Changed expressed_interest_practice for person meeting attendance \"PersonMeetingAttendance object\". Changed expressed_interest_practice for person meeting attendance \"PersonMeetingAttendance object\". Changed expressed_interest_practice for person meeting attendance \"PersonMeetingAttendance object\". Changed expressed_interest_practice for person meeting attendance \"PersonMeetingAttendance object\". Changed expressed_interest_practice for person meeting attendance \"PersonMeetingAttendance object\". Changed expressed_interest_practice for person meeting attendance \"PersonMeetingAttendance object\".'),(2157,'2010-02-19 09:38:14',1,29,'85','2010-01-18 SS Koppa',2,'Changed videoes_screened.'),(2158,'2010-02-19 09:40:29',1,29,'85','2010-01-18 SS Koppa',2,'Changed videoes_screened. Changed expressed_interest_practice for person meeting attendance \"PersonMeetingAttendance object\". Changed expressed_interest_practice for person meeting attendance \"PersonMeetingAttendance object\". Changed expressed_interest_practice for person meeting attendance \"PersonMeetingAttendance object\". Changed expressed_interest_practice for person meeting attendance \"PersonMeetingAttendance object\". Changed expressed_interest_practice for person meeting attendance \"PersonMeetingAttendance object\". Changed expressed_interest_practice for person meeting attendance \"PersonMeetingAttendance object\". Changed expressed_interest_practice for person meeting attendance \"PersonMeetingAttendance object\". Changed expressed_interest_practice for person meeting attendance \"PersonMeetingAttendance object\".'),(2159,'2010-02-19 09:42:06',1,29,'85','2010-01-18 SS Koppa',2,'Changed videoes_screened. Changed expressed_interest_practice for person meeting attendance \"PersonMeetingAttendance object\". Changed expressed_interest_practice for person meeting attendance \"PersonMeetingAttendance object\". Changed expressed_interest_practice for person meeting attendance \"PersonMeetingAttendance object\". Changed expressed_interest_practice for person meeting attendance \"PersonMeetingAttendance object\".'),(2160,'2010-02-19 19:48:01',5,29,'516','2009-10-13 SS Koppa',1,''),(2161,'2010-02-19 19:52:24',5,29,'517','2009-10-14 SS Koppa',1,''),(2162,'2010-02-19 20:07:26',5,20,'2889','Mallavva Sopan',1,''),(2163,'2010-02-19 20:08:12',5,29,'518','2009-10-11 Hirehonnalli',1,''),(2164,'2010-02-19 20:15:09',5,29,'519','2009-10-10 Hirehonnalli',1,''),(2165,'2010-02-19 20:26:39',5,29,'520','2009-10-14 Hirehonnalli',1,''),(2166,'2010-02-19 20:29:50',5,29,'521','2009-10-15 Hirehonnalli',1,''),(2167,'2010-02-19 20:37:26',5,29,'522','2009-10-16 Hirehonnalli',1,''),(2168,'2010-02-19 20:45:46',5,29,'523','2009-10-13 Mukkal',1,''),(2169,'2010-02-19 20:54:32',5,29,'524','2009-10-14 Ganjigatti',1,''),(2170,'2010-02-19 20:59:59',5,29,'525','2009-10-12 Ganjigatti',1,''),(2171,'2010-02-19 21:06:52',5,29,'526','2009-10-15 Ganjigatti',1,''),(2172,'2010-02-19 21:16:51',5,29,'527','2009-10-11 Ganjigatti',1,''),(2173,'2010-02-19 21:31:10',5,29,'528','2009-10-13 Ganjigatti',1,''),(2174,'2010-02-19 21:38:39',5,20,'2890','Shivaji Inguli',1,''),(2175,'2010-02-19 21:39:18',5,20,'2891','Mallappa Nimbuji',1,''),(2176,'2010-02-19 21:39:49',5,20,'2892','Fakirappa Tegannavar',1,''),(2177,'2010-02-19 21:40:36',5,20,'2893','Siddanagouda Shivanagoudar',1,''),(2178,'2010-02-19 21:41:25',5,20,'2894','Mallappa Inguli',1,''),(2179,'2010-02-19 21:42:30',5,20,'2895','hanumant Nimbuji',1,''),(2180,'2010-02-19 21:43:38',5,20,'2896','mahadevappa nimbuji',1,''),(2181,'2010-02-19 21:47:36',5,29,'529','2009-10-11 Huniskatte',1,''),(2182,'2010-02-20 01:30:24',5,29,'530','2010-02-02 kamplikoppa',1,''),(2183,'2010-02-20 01:34:01',5,29,'77','2010-01-27 Dastikoppa',2,'Changed videoes_screened.'),(2184,'2010-02-20 01:37:50',5,29,'531','2010-02-02 kamplikoppa',1,''),(2185,'2010-02-20 01:41:29',5,29,'78','2010-01-26 Dastikoppa',2,'Changed videoes_screened.'),(2186,'2010-02-20 01:41:45',5,29,'532','2010-02-03 kamplikoppa',1,''),(2187,'2010-02-20 01:44:21',5,29,'79','2010-01-26 Dastikoppa',2,'Changed videoes_screened.'),(2188,'2010-02-20 01:47:45',5,29,'533','2010-02-04 kamplikoppa',1,''),(2189,'2010-02-20 01:52:43',5,29,'534','2010-02-08 BN Koppa',1,''),(2190,'2010-02-20 01:55:30',5,29,'535','2010-02-09 BN Koppa',1,''),(2191,'2010-02-20 01:56:37',5,29,'81','2010-01-18 Huniskatte',2,'Changed videoes_screened. Changed expressed_interest_practice for person meeting attendance \"PersonMeetingAttendance object\". Changed expressed_interest_practice for person meeting attendance \"PersonMeetingAttendance object\". Changed expressed_interest_practice for person meeting attendance \"PersonMeetingAttendance object\".'),(2192,'2010-02-20 01:59:40',5,29,'536','2010-02-10 BN Koppa',1,''),(2193,'2010-02-20 02:04:40',5,29,'537','2010-02-11 BN Koppa',1,''),(2194,'2010-02-20 02:07:49',5,29,'538','2010-02-12 BN Koppa',1,''),(2195,'2010-02-20 02:08:34',5,29,'82','2010-01-21 Huniskatte',2,'Changed videoes_screened. Changed expressed_interest_practice for person meeting attendance \"PersonMeetingAttendance object\". Changed expressed_interest_practice for person meeting attendance \"PersonMeetingAttendance object\". Changed expressed_interest_practice for person meeting attendance \"PersonMeetingAttendance object\".'),(2196,'2010-02-20 02:17:04',5,20,'2897','Uday. Aadin ',1,''),(2197,'2010-02-20 02:18:25',5,28,'52','Livelihood activities',1,''),(2198,'2010-02-20 02:18:35',5,27,'108','Goat rearing ',1,''),(2199,'2010-02-20 02:19:18',5,29,'83','2010-01-21 Huniskatte',2,'Changed videoes_screened. Changed expressed_interest_practice for person meeting attendance \"PersonMeetingAttendance object\".'),(2200,'2010-02-20 02:21:21',5,28,'53','water conservation',1,''),(2201,'2010-02-20 02:22:12',5,27,'109','Farm pond ',1,''),(2202,'2010-02-20 02:24:22',5,20,'2898','Iranna jangli',1,''),(2203,'2010-02-20 02:24:33',5,27,'110','Azolla in paddy cultivation ',1,''),(2204,'2010-02-20 02:27:40',5,22,'103','B.V kulkarni',1,''),(2205,'2010-02-20 02:27:47',5,24,'241','AnimatorAssignedVillage object',1,''),(2206,'2010-02-20 02:28:58',5,29,'84','2010-01-22 Huniskatte',2,'Changed videoes_screened. Changed expressed_interest_practice for person meeting attendance \"PersonMeetingAttendance object\". Changed expressed_interest_practice for person meeting attendance \"PersonMeetingAttendance object\".'),(2207,'2010-02-20 02:29:26',5,20,'2899','Basavraj. Puradannavar ',1,''),(2208,'2010-02-20 02:29:46',5,27,'111','Trench Cum Bund ',1,''),(2209,'2010-02-20 02:32:02',5,24,'242','AnimatorAssignedVillage object',1,''),(2210,'2010-02-20 02:32:35',5,24,'243','AnimatorAssignedVillage object',1,''),(2211,'2010-02-20 02:34:28',5,28,'54','soil testing',1,''),(2212,'2010-02-20 02:35:30',5,20,'2900','park',1,''),(2213,'2010-02-20 02:36:36',5,20,'2901','patil',1,''),(2214,'2010-02-20 02:36:46',5,27,'112','Soil testing ',1,''),(2215,'2010-02-20 02:37:04',5,29,'85','2010-01-18 SS Koppa',2,'No fields changed.'),(2216,'2010-02-20 02:39:17',5,27,'113','Vermicompost enrichment ',1,''),(2217,'2010-02-20 02:42:29',5,27,'114','Farmyard manure enrichment ',1,''),(2218,'2010-02-20 02:43:59',5,24,'244','AnimatorAssignedVillage object',1,''),(2219,'2010-02-20 02:44:48',5,27,'115','Deworming in calves ',1,''),(2220,'2010-02-20 02:46:43',5,17,'118','Bidar gaddi',1,''),(2221,'2010-02-20 02:48:09',5,24,'245','AnimatorAssignedVillage object',1,''),(2222,'2010-02-20 02:48:23',5,24,'246','AnimatorAssignedVillage object',1,''),(2223,'2010-02-20 02:49:01',5,29,'86','2010-01-19 SS Koppa',2,'Changed videoes_screened.'),(2224,'2010-02-20 02:50:41',5,28,'55','Grain storage',1,''),(2225,'2010-02-20 02:51:38',5,27,'116','Jowar grain storage ',1,''),(2226,'2010-02-20 02:53:41',5,20,'2902','Shekhappa S. Puradannnavar',1,''),(2227,'2010-02-20 02:53:51',5,27,'117','Lime water feeding for milk production ',1,''),(2228,'2010-02-20 02:57:03',5,24,'247','AnimatorAssignedVillage object',1,''),(2229,'2010-02-20 02:59:28',5,20,'2903','Ramesh Bairykoppa',1,''),(2230,'2010-02-20 03:00:02',5,27,'118','Debudding in calves ',1,''),(2231,'2010-02-20 03:03:19',5,27,'119','After care - calves  ',1,''),(2232,'2010-02-20 03:14:13',5,29,'55','2010-01-26 kamplikoppa',2,'Changed videoes_screened. Changed expressed_interest_practice for person meeting attendance \"PersonMeetingAttendance object\". Changed expressed_interest_practice for person meeting attendance \"PersonMeetingAttendance object\". Changed expressed_interest_practice for person meeting attendance \"PersonMeetingAttendance object\". Changed expressed_interest_practice for person meeting attendance \"PersonMeetingAttendance object\". Changed expressed_interest_practice for person meeting attendance \"PersonMeetingAttendance object\". Changed expressed_interest_practice for person meeting attendance \"PersonMeetingAttendance object\". Changed expressed_interest_practice for person meeting attendance \"PersonMeetingAttendance object\". Changed expressed_interest_practice for person meeting attendance \"PersonMeetingAttendance object\". Changed expressed_interest_practice for person meeting attendance \"PersonMeetingAttendance object\". Changed expressed_interest_practice for person meeting attendance \"PersonMeetingAttendance object\". Changed expressed_interest_practice for person meeting attendance \"PersonMeetingAttendance object\". Changed expressed_interest_practice for person meeting attendance \"PersonMeetingAttendance object\". Changed expressed_interest_practice for person meeting attendance \"PersonMeetingAttendance object\". Changed expressed_interest_practice for person meeting attendance \"PersonMeetingAttendance object\". Changed expressed_interest_practice for person meeting attendance \"PersonMeetingAttendance object\". Changed expressed_interest_practice for person meeting attendance \"PersonMeetingAttendance object\". Changed expressed_interest_practice for person meeting attendance \"PersonMeetingAttendance object\".'),(2233,'2010-02-20 03:16:40',5,29,'56','2010-01-26 kamplikoppa',2,'Changed videoes_screened. Changed expressed_interest_practice for person meeting attendance \"PersonMeetingAttendance object\". Changed expressed_interest_practice for person meeting attendance \"PersonMeetingAttendance object\". Changed expressed_interest_practice for person meeting attendance \"PersonMeetingAttendance object\". Changed expressed_interest_practice for person meeting attendance \"PersonMeetingAttendance object\". Changed expressed_interest_practice for person meeting attendance \"PersonMeetingAttendance object\". Changed expressed_interest_practice for person meeting attendance \"PersonMeetingAttendance object\". Changed expressed_interest_practice for person meeting attendance \"PersonMeetingAttendance object\". Changed expressed_interest_practice for person meeting attendance \"PersonMeetingAttendance object\". Changed expressed_interest_practice for person meeting attendance \"PersonMeetingAttendance object\". Changed expressed_interest_practice for person meeting attendance \"PersonMeetingAttendance object\".'),(2234,'2010-02-20 03:18:49',5,29,'57','2010-01-28 kamplikoppa',2,'Changed videoes_screened. Changed expressed_interest_practice for person meeting attendance \"PersonMeetingAttendance object\". Changed expressed_interest_practice for person meeting attendance \"PersonMeetingAttendance object\". Changed expressed_interest_practice for person meeting attendance \"PersonMeetingAttendance object\". Changed expressed_interest_practice for person meeting attendance \"PersonMeetingAttendance object\". Changed expressed_interest_practice for person meeting attendance \"PersonMeetingAttendance object\". Changed expressed_interest_practice for person meeting attendance \"PersonMeetingAttendance object\". Changed expressed_interest_practice for person meeting attendance \"PersonMeetingAttendance object\". Changed expressed_interest_practice for person meeting attendance \"PersonMeetingAttendance object\".'),(2235,'2010-02-20 03:21:05',5,29,'58','2010-01-24 Huniskatte',2,'Changed videoes_screened. Changed expressed_interest_practice for person meeting attendance \"PersonMeetingAttendance object\".'),(2236,'2010-02-20 03:25:28',5,29,'59','2010-01-27 Huniskatte',2,'Changed videoes_screened and farmer_groups_targeted. Added person meeting attendance \"PersonMeetingAttendance object\". Added person meeting attendance \"PersonMeetingAttendance object\". Added person meeting attendance \"PersonMeetingAttendance object\". Added person meeting attendance \"PersonMeetingAttendance object\". Added person meeting attendance \"PersonMeetingAttendance object\". Added person meeting attendance \"PersonMeetingAttendance object\". Added person meeting attendance \"PersonMeetingAttendance object\". Added person meeting attendance \"PersonMeetingAttendance object\". Added person meeting attendance \"PersonMeetingAttendance object\". Added person meeting attendance \"PersonMeetingAttendance object\". Added person meeting attendance \"PersonMeetingAttendance object\". Added person meeting attendance \"PersonMeetingAttendance object\". Added person meeting attendance \"PersonMeetingAttendance object\". Added person meeting attendance \"PersonMeetingAttendance object\". Added person meeting attendance \"PersonMeetingAttendance object\".'),(2237,'2010-02-20 03:27:25',5,29,'60','2010-01-27 Huniskatte',2,'Changed videoes_screened.'),(2238,'2010-02-20 03:31:22',5,29,'63','2010-01-24 BN Koppa',2,'Changed videoes_screened and farmer_groups_targeted. Added person meeting attendance \"PersonMeetingAttendance object\". Added person meeting attendance \"PersonMeetingAttendance object\". Added person meeting attendance \"PersonMeetingAttendance object\". Added person meeting attendance \"PersonMeetingAttendance object\". Added person meeting attendance \"PersonMeetingAttendance object\". Added person meeting attendance \"PersonMeetingAttendance object\". Added person meeting attendance \"PersonMeetingAttendance object\". Added person meeting attendance \"PersonMeetingAttendance object\".'),(2239,'2010-02-20 05:50:30',5,20,'2904','Mallappa Tegannavar',1,''),(2240,'2010-02-20 05:51:07',5,29,'539','2009-10-12 Huniskatte',1,''),(2241,'2010-02-20 05:56:12',5,20,'2905','Pushpa Katnurmath',1,''),(2242,'2010-02-20 05:56:46',5,20,'2906','Siddavva Kunkur',1,''),(2243,'2010-02-20 05:56:57',5,29,'540','2009-10-13 Huniskatte',1,''),(2244,'2010-02-20 06:00:32',5,29,'541','2009-10-14 Huniskatte',1,''),(2245,'2010-02-20 06:07:39',5,20,'2907','Laxmi V. Kunkur',1,''),(2246,'2010-02-20 06:07:50',5,29,'542','2009-10-15 Huniskatte',1,''),(2247,'2010-02-20 06:13:19',5,20,'2908','Madei Inguli',1,''),(2248,'2010-02-20 06:14:40',5,20,'2909','Mallavva Inguli',1,''),(2249,'2010-02-20 06:14:56',5,29,'543','2009-10-16 Huniskatte',1,''),(2250,'2010-02-20 06:20:47',5,29,'544','2009-10-11 kamplikoppa',1,''),(2251,'2010-02-20 06:26:15',5,20,'2910','Doddeshappa H. Somalingannavar',1,''),(2252,'2010-02-20 06:27:02',5,20,'2911','Gangappa Morabad',1,''),(2253,'2010-02-20 06:27:44',5,20,'2912','Allasab Nadaf',1,''),(2254,'2010-02-20 06:28:12',5,20,'2913','Umesh Benni',1,''),(2255,'2010-02-20 06:29:24',5,20,'2914','Dyamanna Halamani',1,''),(2256,'2010-02-20 06:31:20',5,20,'2915','Basavaraj M. NAvalgund',1,''),(2257,'2010-02-20 06:32:45',5,20,'2916','Shivanand G. Hubballi',1,''),(2258,'2010-02-20 06:33:17',5,20,'2917','Basavraj Angadi',1,''),(2259,'2010-02-20 06:36:18',5,29,'545','2009-10-12 kamplikoppa',1,''),(2260,'2010-02-20 06:39:03',5,29,'546','2009-10-13 kamplikoppa',1,''),(2261,'2010-02-20 06:41:46',5,20,'2918','mahadevappa G. Hubballi',1,''),(2262,'2010-02-20 06:42:45',5,29,'547','2009-10-14 kamplikoppa',1,''),(2263,'2010-02-20 06:46:21',5,29,'548','2009-10-15 kamplikoppa',1,''),(2264,'2010-02-20 07:02:06',5,29,'549','2010-02-12 Ganjigatti',1,''),(2265,'2010-02-20 07:15:51',5,29,'550','2010-02-08 Mukkal',1,''),(2266,'2010-02-20 07:25:58',5,20,'2919','Ningavva',1,''),(2267,'2010-02-20 07:26:10',5,29,'551','2010-02-09 Mukkal',1,''),(2268,'2010-02-20 07:36:15',5,29,'552','2010-02-06 SS Koppa',1,''),(2269,'2010-02-20 07:40:05',5,29,'553','2010-02-08 SS Koppa',1,''),(2270,'2010-02-20 07:45:06',5,20,'2920','Channavva Mudlingannavar',1,''),(2271,'2010-02-20 07:45:33',5,20,'2921','Ningavva Bendalgatti',1,''),(2272,'2010-02-20 07:46:35',5,29,'554','2010-02-09 SS Koppa',1,''),(2273,'2010-02-22 04:33:47',1,28,'56','sdlfksl',1,''),(2274,'2010-02-22 04:33:56',1,28,'56','sdlfksl',3,''),(2275,'2010-02-23 01:24:50',8,17,'119','DULLI',1,''),(2276,'2010-02-23 01:41:27',8,19,'225','Chameli M M',1,''),(2277,'2010-02-23 01:47:12',1,29,'555','2010-02-23 SS Koppa',3,''),(2278,'2010-02-23 01:53:49',1,29,'556','2010-02-23 Tati',3,''),(2279,'2010-02-23 01:55:27',8,19,'226','Kanaili M M',1,''),(2280,'2010-02-23 02:16:18',8,19,'227','Genda ba M M',1,''),(2281,'2010-02-23 02:25:46',8,19,'228','Kamal M M ',1,''),(2282,'2010-02-23 02:27:22',8,17,'120','Tilma ',1,''),(2283,'2010-02-23 02:35:59',8,19,'229','Gudul Bah M M ',1,''),(2284,'2010-02-23 03:41:13',8,19,'230','Gulab Bah M M ',1,''),(2285,'2010-02-23 21:33:25',8,19,'231','Gudul Bah M M ',1,''),(2286,'2010-02-23 21:40:09',8,19,'232','Sarjam Bah M M ',1,''),(2287,'2010-02-23 22:16:05',8,19,'233','Sarjam Sura M M ',1,''),(2288,'2010-02-23 22:16:58',8,17,'121','Jilinga ',1,''),(2289,'2010-02-23 22:19:57',8,22,'104','Jeevan',1,'');
/*!40000 ALTER TABLE `django_admin_log` ENABLE KEYS */;
UNLOCK TABLES;

--
-- Table structure for table `django_content_type`
--

DROP TABLE IF EXISTS `django_content_type`;
SET @saved_cs_client     = @@character_set_client;
SET character_set_client = utf8;
CREATE TABLE `django_content_type` (
  `id` int(11) NOT NULL auto_increment,
  `name` varchar(100) NOT NULL,
  `app_label` varchar(100) NOT NULL,
  `model` varchar(100) NOT NULL,
  PRIMARY KEY  (`id`),
  UNIQUE KEY `app_label` (`app_label`,`model`)
) ENGINE=MyISAM AUTO_INCREMENT=36 DEFAULT CHARSET=latin1;
SET character_set_client = @saved_cs_client;

--
-- Dumping data for table `django_content_type`
--

LOCK TABLES `django_content_type` WRITE;
/*!40000 ALTER TABLE `django_content_type` DISABLE KEYS */;
INSERT INTO `django_content_type` VALUES (1,'log entry','admin','logentry'),(2,'permission','auth','permission'),(3,'group','auth','group'),(4,'user','auth','user'),(5,'message','auth','message'),(6,'content type','contenttypes','contenttype'),(7,'session','sessions','session'),(8,'region','dashboard','region'),(9,'equipment holder','dashboard','equipmentholder'),(10,'reviewer','dashboard','reviewer'),(11,'development manager','dashboard','developmentmanager'),(12,'state','dashboard','state'),(13,'partners','dashboard','partners'),(14,'field officer','dashboard','fieldofficer'),(15,'district','dashboard','district'),(16,'block','dashboard','block'),(17,'village','dashboard','village'),(18,'monthly cost per village','dashboard','monthlycostpervillage'),(19,'person groups','dashboard','persongroups'),(20,'person','dashboard','person'),(21,'person relations','dashboard','personrelations'),(22,'animator','dashboard','animator'),(23,'training','dashboard','training'),(24,'animator assigned village','dashboard','animatorassignedvillage'),(25,'animator salary per month','dashboard','animatorsalarypermonth'),(26,'language','dashboard','language'),(27,'video','dashboard','video'),(28,'practices','dashboard','practices'),(29,'screening','dashboard','screening'),(30,'person meeting attendance','dashboard','personmeetingattendance'),(31,'person adopt practice','dashboard','personadoptpractice'),(35,'region test','dashboard','regiontest'),(33,'random','dashboard','random'),(34,'equipment','dashboard','equipment');
/*!40000 ALTER TABLE `django_content_type` ENABLE KEYS */;
UNLOCK TABLES;

--
-- Table structure for table `django_session`
--

DROP TABLE IF EXISTS `django_session`;
SET @saved_cs_client     = @@character_set_client;
SET character_set_client = utf8;
CREATE TABLE `django_session` (
  `session_key` varchar(40) NOT NULL,
  `session_data` longtext NOT NULL,
  `expire_date` datetime NOT NULL,
  PRIMARY KEY  (`session_key`)
) ENGINE=MyISAM DEFAULT CHARSET=latin1;
SET character_set_client = @saved_cs_client;

--
-- Dumping data for table `django_session`
--

LOCK TABLES `django_session` WRITE;
/*!40000 ALTER TABLE `django_session` DISABLE KEYS */;
INSERT INTO `django_session` VALUES ('e9c567d8ed982ba14ed052670ef1073c','gAJ9cQEoVRJfYXV0aF91c2VyX2JhY2tlbmRxAlUpZGphbmdvLmNvbnRyaWIuYXV0aC5iYWNrZW5k\ncy5Nb2RlbEJhY2tlbmRxA1UNX2F1dGhfdXNlcl9pZHEEigEBdS5jMmQ1YjI0ODdiMWQyYzVmNTkw\nNWExNzFmNGE1OWVhYw==\n','2009-09-06 22:04:12'),('2f850debd5bd7932adb94d2800358ef7','gAJ9cQEoVRJfYXV0aF91c2VyX2JhY2tlbmRxAlUpZGphbmdvLmNvbnRyaWIuYXV0aC5iYWNrZW5k\ncy5Nb2RlbEJhY2tlbmRxA1UNX2F1dGhfdXNlcl9pZHEEigEBdS5jMmQ1YjI0ODdiMWQyYzVmNTkw\nNWExNzFmNGE1OWVhYw==\n','2009-09-04 17:39:49'),('4da201bfe40c569ce5e2040e22c1bd89','gAJ9cQEoVRJfYXV0aF91c2VyX2JhY2tlbmRxAlUpZGphbmdvLmNvbnRyaWIuYXV0aC5iYWNrZW5k\ncy5Nb2RlbEJhY2tlbmRxA1UNX2F1dGhfdXNlcl9pZHEEigEBdS5jMmQ1YjI0ODdiMWQyYzVmNTkw\nNWExNzFmNGE1OWVhYw==\n','2009-09-04 15:15:34'),('7ee03814500aee9f6846defbc055a9de','gAJ9cQEoVRJfYXV0aF91c2VyX2JhY2tlbmRxAlUpZGphbmdvLmNvbnRyaWIuYXV0aC5iYWNrZW5k\ncy5Nb2RlbEJhY2tlbmRxA1UNX2F1dGhfdXNlcl9pZHEEigEBdS5jMmQ1YjI0ODdiMWQyYzVmNTkw\nNWExNzFmNGE1OWVhYw==\n','2009-09-27 05:23:44'),('91f0ae8f8585cff7b40829ac9c66a3b2','gAJ9cQEoVRJfYXV0aF91c2VyX2JhY2tlbmRxAlUpZGphbmdvLmNvbnRyaWIuYXV0aC5iYWNrZW5k\ncy5Nb2RlbEJhY2tlbmRxA1UNX2F1dGhfdXNlcl9pZHEEigEBdS5jMmQ1YjI0ODdiMWQyYzVmNTkw\nNWExNzFmNGE1OWVhYw==\n','2009-09-06 22:03:02'),('c7a40f025514fc758bb196822fad4f8b','gAJ9cQFVCnRlc3Rjb29raWVxAlUGd29ya2VkcQNzLjYxN2RhN2JjMDRmNWZlY2I0MmNiNWFlZGEy\nNWI5ZTVk\n','2009-09-15 10:13:50'),('aed4a189bdf6a452d64fb71a7df888e8','gAJ9cQEoVRJfYXV0aF91c2VyX2JhY2tlbmRxAlUpZGphbmdvLmNvbnRyaWIuYXV0aC5iYWNrZW5k\ncy5Nb2RlbEJhY2tlbmRxA1UNX2F1dGhfdXNlcl9pZHEEigEBdS5jMmQ1YjI0ODdiMWQyYzVmNTkw\nNWExNzFmNGE1OWVhYw==\n','2009-09-20 22:38:01'),('8a7c35adb1b44c23cda86ad003c7b1e6','gAJ9cQFVCnRlc3Rjb29raWVxAlUGd29ya2VkcQNzLjYxN2RhN2JjMDRmNWZlY2I0MmNiNWFlZGEy\nNWI5ZTVk\n','2009-09-05 19:29:32'),('d2112729d74dda121e84edbeafd5d771','gAJ9cQFVCnRlc3Rjb29raWVxAlUGd29ya2VkcQNzLjYxN2RhN2JjMDRmNWZlY2I0MmNiNWFlZGEy\nNWI5ZTVk\n','2009-09-21 14:37:52'),('122f05a37bd40dd97f81e726df36a2a8','gAJ9cQEoVRJfYXV0aF91c2VyX2JhY2tlbmRxAlUpZGphbmdvLmNvbnRyaWIuYXV0aC5iYWNrZW5k\ncy5Nb2RlbEJhY2tlbmRxA1UNX2F1dGhfdXNlcl9pZHEEigEBdS5jMmQ1YjI0ODdiMWQyYzVmNTkw\nNWExNzFmNGE1OWVhYw==\n','2009-09-19 22:08:42'),('c31a838ba1e48c0681f737e122dcf422','gAJ9cQEoVRJfYXV0aF91c2VyX2JhY2tlbmRxAlUpZGphbmdvLmNvbnRyaWIuYXV0aC5iYWNrZW5k\ncy5Nb2RlbEJhY2tlbmRxA1UNX2F1dGhfdXNlcl9pZHEEigEBdS5jMmQ1YjI0ODdiMWQyYzVmNTkw\nNWExNzFmNGE1OWVhYw==\n','2009-09-20 17:15:55'),('6c48b398e0e3442a3f53c3f4afb13e68','gAJ9cQEoVRJfYXV0aF91c2VyX2JhY2tlbmRxAlUpZGphbmdvLmNvbnRyaWIuYXV0aC5iYWNrZW5k\ncy5Nb2RlbEJhY2tlbmRxA1UNX2F1dGhfdXNlcl9pZHEEigEBdS5jMmQ1YjI0ODdiMWQyYzVmNTkw\nNWExNzFmNGE1OWVhYw==\n','2009-09-22 22:16:36'),('b1e54365549d80ea462c12aaebc22c4a','gAJ9cQEoVRJfYXV0aF91c2VyX2JhY2tlbmRxAlUpZGphbmdvLmNvbnRyaWIuYXV0aC5iYWNrZW5k\ncy5Nb2RlbEJhY2tlbmRxA1UNX2F1dGhfdXNlcl9pZHEEigEBdS5jMmQ1YjI0ODdiMWQyYzVmNTkw\nNWExNzFmNGE1OWVhYw==\n','2009-11-24 05:08:13'),('6e72d2c9e33e70b59fd87c07b9fce4e3','gAJ9cQEoVRJfYXV0aF91c2VyX2JhY2tlbmRxAlUpZGphbmdvLmNvbnRyaWIuYXV0aC5iYWNrZW5k\ncy5Nb2RlbEJhY2tlbmRxA1UNX2F1dGhfdXNlcl9pZHEEigEBdS5jMmQ1YjI0ODdiMWQyYzVmNTkw\nNWExNzFmNGE1OWVhYw==\n','2009-09-28 23:45:23'),('5a7023ca247b009e60df5ae0207d2b94','gAJ9cQEoVRJfYXV0aF91c2VyX2JhY2tlbmRxAlUpZGphbmdvLmNvbnRyaWIuYXV0aC5iYWNrZW5k\ncy5Nb2RlbEJhY2tlbmRxA1UNX2F1dGhfdXNlcl9pZHEEigEBdS5jMmQ1YjI0ODdiMWQyYzVmNTkw\nNWExNzFmNGE1OWVhYw==\n','2009-10-06 23:11:29'),('1a124bac5ba3071bfec6aa7a5e9855f9','gAJ9cQEoVRJfYXV0aF91c2VyX2JhY2tlbmRxAlUpZGphbmdvLmNvbnRyaWIuYXV0aC5iYWNrZW5k\ncy5Nb2RlbEJhY2tlbmRxA1UNX2F1dGhfdXNlcl9pZHEEigEBdS5jMmQ1YjI0ODdiMWQyYzVmNTkw\nNWExNzFmNGE1OWVhYw==\n','2009-10-22 23:47:46'),('9e0f087f4fb183ae3104033c3763759d','gAJ9cQEoVRJfYXV0aF91c2VyX2JhY2tlbmRxAlUpZGphbmdvLmNvbnRyaWIuYXV0aC5iYWNrZW5k\ncy5Nb2RlbEJhY2tlbmRxA1UNX2F1dGhfdXNlcl9pZHEEigEBdS5jMmQ1YjI0ODdiMWQyYzVmNTkw\nNWExNzFmNGE1OWVhYw==\n','2009-10-21 11:28:29'),('4a2fe186f7019e1b33a68e7c5e8a0545','gAJ9cQEoVRJfYXV0aF91c2VyX2JhY2tlbmRxAlUpZGphbmdvLmNvbnRyaWIuYXV0aC5iYWNrZW5k\ncy5Nb2RlbEJhY2tlbmRxA1UNX2F1dGhfdXNlcl9pZHEEigEBdS5jMmQ1YjI0ODdiMWQyYzVmNTkw\nNWExNzFmNGE1OWVhYw==\n','2009-10-22 23:35:51'),('b8fe68ed7eabc350b29740176053755f','gAJ9cQEoVRJfYXV0aF91c2VyX2JhY2tlbmRxAlUpZGphbmdvLmNvbnRyaWIuYXV0aC5iYWNrZW5k\ncy5Nb2RlbEJhY2tlbmRxA1UNX2F1dGhfdXNlcl9pZHEEigEBdS5jMmQ1YjI0ODdiMWQyYzVmNTkw\nNWExNzFmNGE1OWVhYw==\n','2009-10-14 23:43:34'),('57e961e2d02fc3cd54f16bf927dc49d4','gAJ9cQEoVRJfYXV0aF91c2VyX2JhY2tlbmRxAlUpZGphbmdvLmNvbnRyaWIuYXV0aC5iYWNrZW5k\ncy5Nb2RlbEJhY2tlbmRxA1UNX2F1dGhfdXNlcl9pZHEEigEBdS5jMmQ1YjI0ODdiMWQyYzVmNTkw\nNWExNzFmNGE1OWVhYw==\n','2009-10-20 09:40:18'),('c03e5e07a4dc2bcd73f06b5643b78dbf','gAJ9cQEoVRJfYXV0aF91c2VyX2JhY2tlbmRxAlUpZGphbmdvLmNvbnRyaWIuYXV0aC5iYWNrZW5k\ncy5Nb2RlbEJhY2tlbmRxA1UNX2F1dGhfdXNlcl9pZHEEigEBdS5jMmQ1YjI0ODdiMWQyYzVmNTkw\nNWExNzFmNGE1OWVhYw==\n','2009-10-24 13:43:58'),('de4614a8e0fb3a38258322277ec6ae2b','gAJ9cQEoVRJfYXV0aF91c2VyX2JhY2tlbmRxAlUpZGphbmdvLmNvbnRyaWIuYXV0aC5iYWNrZW5k\ncy5Nb2RlbEJhY2tlbmRxA1UNX2F1dGhfdXNlcl9pZHEEigEBdS5jMmQ1YjI0ODdiMWQyYzVmNTkw\nNWExNzFmNGE1OWVhYw==\n','2009-10-22 23:42:14'),('3b5bc8b51071f4f728b10192b9031fc8','gAJ9cQEoVRJfYXV0aF91c2VyX2JhY2tlbmRxAlUpZGphbmdvLmNvbnRyaWIuYXV0aC5iYWNrZW5k\ncy5Nb2RlbEJhY2tlbmRxA1UNX2F1dGhfdXNlcl9pZHEEigEMdS5mZmI2YTY2MzViNzYxYjM1NDk0\nMGY3NzAyM2NjYjkyYQ==\n','2009-11-16 11:02:37'),('ce4db53cd93da081f254b1738f4855f6','gAJ9cQEoVRJfYXV0aF91c2VyX2JhY2tlbmRxAlUpZGphbmdvLmNvbnRyaWIuYXV0aC5iYWNrZW5k\ncy5Nb2RlbEJhY2tlbmRxA1UNX2F1dGhfdXNlcl9pZHEEigEBdS5jMmQ1YjI0ODdiMWQyYzVmNTkw\nNWExNzFmNGE1OWVhYw==\n','2009-10-25 13:06:19'),('8f89820b7e824491fc9988f159b69402','gAJ9cQEoVRJfYXV0aF91c2VyX2JhY2tlbmRxAlUpZGphbmdvLmNvbnRyaWIuYXV0aC5iYWNrZW5k\ncy5Nb2RlbEJhY2tlbmRxA1UNX2F1dGhfdXNlcl9pZHEEigEDdS44MzVjNmJjMjUxMzAwMDEyNjY5\nMDhjMmNhYjUwYjAwNw==\n','2009-10-25 23:26:51'),('84af6113376a766d9834f09616bb27b6','gAJ9cQEoVRJfYXV0aF91c2VyX2JhY2tlbmRxAlUpZGphbmdvLmNvbnRyaWIuYXV0aC5iYWNrZW5k\ncy5Nb2RlbEJhY2tlbmRxA1UNX2F1dGhfdXNlcl9pZHEEigEBdS5jMmQ1YjI0ODdiMWQyYzVmNTkw\nNWExNzFmNGE1OWVhYw==\n','2009-10-25 23:31:25'),('19f1552999efd876e625a4930393dc43','gAJ9cQEoVRJfYXV0aF91c2VyX2JhY2tlbmRxAlUpZGphbmdvLmNvbnRyaWIuYXV0aC5iYWNrZW5k\ncy5Nb2RlbEJhY2tlbmRxA1UNX2F1dGhfdXNlcl9pZHEEigEBdS5jMmQ1YjI0ODdiMWQyYzVmNTkw\nNWExNzFmNGE1OWVhYw==\n','2009-10-26 00:32:56'),('c38475298c7e448026aec3f2b01362c1','gAJ9cQEoVRJfYXV0aF91c2VyX2JhY2tlbmRxAlUpZGphbmdvLmNvbnRyaWIuYXV0aC5iYWNrZW5k\ncy5Nb2RlbEJhY2tlbmRxA1UNX2F1dGhfdXNlcl9pZHEEigEDdS44MzVjNmJjMjUxMzAwMDEyNjY5\nMDhjMmNhYjUwYjAwNw==\n','2009-10-26 02:37:35'),('500c31ab41a463ef4a2bf3b9169d45ad','gAJ9cQEoVRJfYXV0aF91c2VyX2JhY2tlbmRxAlUpZGphbmdvLmNvbnRyaWIuYXV0aC5iYWNrZW5k\ncy5Nb2RlbEJhY2tlbmRxA1UNX2F1dGhfdXNlcl9pZHEEigEBdS5jMmQ1YjI0ODdiMWQyYzVmNTkw\nNWExNzFmNGE1OWVhYw==\n','2009-10-26 02:47:28'),('62fce5bd5339262d512cbf2088fbc1df','gAJ9cQEoVRJfYXV0aF91c2VyX2JhY2tlbmRxAlUpZGphbmdvLmNvbnRyaWIuYXV0aC5iYWNrZW5k\ncy5Nb2RlbEJhY2tlbmRxA1UNX2F1dGhfdXNlcl9pZHEEigEDdS44MzVjNmJjMjUxMzAwMDEyNjY5\nMDhjMmNhYjUwYjAwNw==\n','2009-10-26 02:56:36'),('2fa0fe71e847d9a032ccbae20cd02eac','gAJ9cQEoVRJfYXV0aF91c2VyX2JhY2tlbmRxAlUpZGphbmdvLmNvbnRyaWIuYXV0aC5iYWNrZW5k\ncy5Nb2RlbEJhY2tlbmRxA1UNX2F1dGhfdXNlcl9pZHEEigECdS45YzY1NGM5NTY2YWU1MzM5ZWUz\nNWUxMzk2YWU0NjNjMQ==\n','2009-10-26 02:58:15'),('06df2b90b00a5a2551d121e4cbe59640','gAJ9cQEoVRJfYXV0aF91c2VyX2JhY2tlbmRxAlUpZGphbmdvLmNvbnRyaWIuYXV0aC5iYWNrZW5k\ncy5Nb2RlbEJhY2tlbmRxA1UNX2F1dGhfdXNlcl9pZHEEigEBdS5jMmQ1YjI0ODdiMWQyYzVmNTkw\nNWExNzFmNGE1OWVhYw==\n','2009-10-26 03:15:43'),('9e7e8300da4d917810954f3a6feb2df2','gAJ9cQEoVRJfYXV0aF91c2VyX2JhY2tlbmRxAlUpZGphbmdvLmNvbnRyaWIuYXV0aC5iYWNrZW5k\ncy5Nb2RlbEJhY2tlbmRxA1UNX2F1dGhfdXNlcl9pZHEEigEBdS5jMmQ1YjI0ODdiMWQyYzVmNTkw\nNWExNzFmNGE1OWVhYw==\n','2009-10-26 12:41:24'),('75124717d5da3cb1e7202caa043d1885','gAJ9cQEoVRJfYXV0aF91c2VyX2JhY2tlbmRxAlUpZGphbmdvLmNvbnRyaWIuYXV0aC5iYWNrZW5k\ncy5Nb2RlbEJhY2tlbmRxA1UNX2F1dGhfdXNlcl9pZHEEigEBdS5jMmQ1YjI0ODdiMWQyYzVmNTkw\nNWExNzFmNGE1OWVhYw==\n','2009-10-26 14:19:33'),('f1fdd4a3754e70ec72c7483e6b9199b4','gAJ9cQEoVRJfYXV0aF91c2VyX2JhY2tlbmRxAlUpZGphbmdvLmNvbnRyaWIuYXV0aC5iYWNrZW5k\ncy5Nb2RlbEJhY2tlbmRxA1UNX2F1dGhfdXNlcl9pZHEEigEEdS5mMDQ3ZmRkNDliMGJkNTAzODk2\nNGYxZTk3MmE3MjIwMw==\n','2009-10-26 14:44:38'),('207396de799807b166e342e0ecfdfcc6','gAJ9cQEoVRJfYXV0aF91c2VyX2JhY2tlbmRxAlUpZGphbmdvLmNvbnRyaWIuYXV0aC5iYWNrZW5k\ncy5Nb2RlbEJhY2tlbmRxA1UNX2F1dGhfdXNlcl9pZHEEigEBdS5jMmQ1YjI0ODdiMWQyYzVmNTkw\nNWExNzFmNGE1OWVhYw==\n','2009-10-26 14:45:59'),('44e198125d7e30a1083b10cc03814b92','gAJ9cQEoVRJfYXV0aF91c2VyX2JhY2tlbmRxAlUpZGphbmdvLmNvbnRyaWIuYXV0aC5iYWNrZW5k\ncy5Nb2RlbEJhY2tlbmRxA1UNX2F1dGhfdXNlcl9pZHEEigEBdS5jMmQ1YjI0ODdiMWQyYzVmNTkw\nNWExNzFmNGE1OWVhYw==\n','2009-10-27 05:54:04'),('4be41929ef741bb214b4334b8722ef39','gAJ9cQEoVRJfYXV0aF91c2VyX2JhY2tlbmRxAlUpZGphbmdvLmNvbnRyaWIuYXV0aC5iYWNrZW5k\ncy5Nb2RlbEJhY2tlbmRxA1UNX2F1dGhfdXNlcl9pZHEEigEBdS5jMmQ1YjI0ODdiMWQyYzVmNTkw\nNWExNzFmNGE1OWVhYw==\n','2009-10-27 06:03:25'),('c8b9c5c1428f0a4f4127f019f7c70cd7','gAJ9cQEoVRJfYXV0aF91c2VyX2JhY2tlbmRxAlUpZGphbmdvLmNvbnRyaWIuYXV0aC5iYWNrZW5k\ncy5Nb2RlbEJhY2tlbmRxA1UNX2F1dGhfdXNlcl9pZHEEigEBdS5jMmQ1YjI0ODdiMWQyYzVmNTkw\nNWExNzFmNGE1OWVhYw==\n','2009-10-27 06:07:35'),('5a77b12782fb40140918b769bfea8681','gAJ9cQEoVRJfYXV0aF91c2VyX2JhY2tlbmRxAlUpZGphbmdvLmNvbnRyaWIuYXV0aC5iYWNrZW5k\ncy5Nb2RlbEJhY2tlbmRxA1UNX2F1dGhfdXNlcl9pZHEEigEBdS5jMmQ1YjI0ODdiMWQyYzVmNTkw\nNWExNzFmNGE1OWVhYw==\n','2009-10-28 00:49:58'),('4decc8d20b4879ec03a5c176596f25c7','gAJ9cQEoVRJfYXV0aF91c2VyX2JhY2tlbmRxAlUpZGphbmdvLmNvbnRyaWIuYXV0aC5iYWNrZW5k\ncy5Nb2RlbEJhY2tlbmRxA1UNX2F1dGhfdXNlcl9pZHEEigEBdS5jMmQ1YjI0ODdiMWQyYzVmNTkw\nNWExNzFmNGE1OWVhYw==\n','2009-10-28 01:22:34'),('8f0204f51ab0583bba25c0c8b19e03b4','gAJ9cQEoVRJfYXV0aF91c2VyX2JhY2tlbmRxAlUpZGphbmdvLmNvbnRyaWIuYXV0aC5iYWNrZW5k\ncy5Nb2RlbEJhY2tlbmRxA1UNX2F1dGhfdXNlcl9pZHEEigEBdS5jMmQ1YjI0ODdiMWQyYzVmNTkw\nNWExNzFmNGE1OWVhYw==\n','2009-10-30 15:45:33'),('a410f785791b26964fe832013708aed0','gAJ9cQEuZGQ5OGZkMTFiMjQ5YzQ4Yjk4YjA1NWE0MDgzNTVjOTQ=\n','2009-11-14 07:18:54'),('0134708261dca068f329538741082fc5','gAJ9cQEoVRJfYXV0aF91c2VyX2JhY2tlbmRxAlUpZGphbmdvLmNvbnRyaWIuYXV0aC5iYWNrZW5k\ncy5Nb2RlbEJhY2tlbmRxA1UNX2F1dGhfdXNlcl9pZHEEigEKdS44NzI2YmY1NjNlNmU1NjViMGZi\nMGVlMWZmZmEwOWNhMA==\n','2009-11-14 02:37:17'),('6528d04071809c966e566a0be4983edb','gAJ9cQEuZGQ5OGZkMTFiMjQ5YzQ4Yjk4YjA1NWE0MDgzNTVjOTQ=\n','2009-11-13 06:42:04'),('2b3d23ebc36bccbe015e675f647162cf','gAJ9cQEuZGQ5OGZkMTFiMjQ5YzQ4Yjk4YjA1NWE0MDgzNTVjOTQ=\n','2009-11-13 12:48:50'),('d4f2bacdc0e43a8e7201b2c692562508','gAJ9cQEoVRJfYXV0aF91c2VyX2JhY2tlbmRxAlUpZGphbmdvLmNvbnRyaWIuYXV0aC5iYWNrZW5k\ncy5Nb2RlbEJhY2tlbmRxA1UNX2F1dGhfdXNlcl9pZHEEigEGdS42MDA1ZTgzN2VkZjBiM2RjZmE4\nNjI5NDgwOTA3NmY5Mw==\n','2009-11-09 04:28:29'),('ffd9c9f5636cb4877bdd4331eb165864','gAJ9cQEoVRJfYXV0aF91c2VyX2JhY2tlbmRxAlUpZGphbmdvLmNvbnRyaWIuYXV0aC5iYWNrZW5k\ncy5Nb2RlbEJhY2tlbmRxA1UNX2F1dGhfdXNlcl9pZHEEigEBdS5jMmQ1YjI0ODdiMWQyYzVmNTkw\nNWExNzFmNGE1OWVhYw==\n','2009-11-08 00:14:40'),('bb6003d8cd91b1e21f8eeb4fa1b2b9aa','gAJ9cQEuZGQ5OGZkMTFiMjQ5YzQ4Yjk4YjA1NWE0MDgzNTVjOTQ=\n','2009-11-06 08:11:49'),('86c4d3815da60b21dd64546ce3a3cb12','gAJ9cQEuZGQ5OGZkMTFiMjQ5YzQ4Yjk4YjA1NWE0MDgzNTVjOTQ=\n','2009-11-06 19:51:07'),('a9d154e2dd0da84e905daee4a81e3afb','gAJ9cQEoVRJfYXV0aF91c2VyX2JhY2tlbmRxAlUpZGphbmdvLmNvbnRyaWIuYXV0aC5iYWNrZW5k\ncy5Nb2RlbEJhY2tlbmRxA1UNX2F1dGhfdXNlcl9pZHEEigEHdS41ZmZkMWQ4ZTNkYzIyZTgzN2Nj\nZGJjYTY5YzhiNThiYQ==\n','2009-11-06 06:43:45'),('27edae6c7129b2661e535d28f563891c','gAJ9cQEoVRJfYXV0aF91c2VyX2JhY2tlbmRxAlUpZGphbmdvLmNvbnRyaWIuYXV0aC5iYWNrZW5k\ncy5Nb2RlbEJhY2tlbmRxA1UNX2F1dGhfdXNlcl9pZHEEigEEdS5mMDQ3ZmRkNDliMGJkNTAzODk2\nNGYxZTk3MmE3MjIwMw==\n','2009-11-05 12:28:59'),('9845c2e98ee74bcce3888e255c353ff3','gAJ9cQEoVRJfYXV0aF91c2VyX2JhY2tlbmRxAlUpZGphbmdvLmNvbnRyaWIuYXV0aC5iYWNrZW5k\ncy5Nb2RlbEJhY2tlbmRxA1UNX2F1dGhfdXNlcl9pZHEEigELdS42NzhjOWE2YzY2OGE0NTQ3ZjJi\nMjQxODE0YmVmZGFmYw==\n','2009-11-19 03:52:19'),('8f9a800ace11f6cc6abae24ae5fbf10d','gAJ9cQEuZGQ5OGZkMTFiMjQ5YzQ4Yjk4YjA1NWE0MDgzNTVjOTQ=\n','2009-11-19 03:49:36'),('f729d399f3e77ad4052092972fda712b','gAJ9cQEoVRJfYXV0aF91c2VyX2JhY2tlbmRxAlUpZGphbmdvLmNvbnRyaWIuYXV0aC5iYWNrZW5k\ncy5Nb2RlbEJhY2tlbmRxA1UNX2F1dGhfdXNlcl9pZHEEigEBdS5jMmQ1YjI0ODdiMWQyYzVmNTkw\nNWExNzFmNGE1OWVhYw==\n','2009-12-29 23:37:49'),('e855bb2132a2e4a68a9127788a639f2b','gAJ9cQFVCnRlc3Rjb29raWVxAlUGd29ya2VkcQNzLjYxN2RhN2JjMDRmNWZlY2I0MmNiNWFlZGEy\nNWI5ZTVk\n','2009-12-19 18:33:56'),('0d9a21c098d9973530852bbcaa9f5120','gAJ9cQFVCnRlc3Rjb29raWVxAlUGd29ya2VkcQNzLjYxN2RhN2JjMDRmNWZlY2I0MmNiNWFlZGEy\nNWI5ZTVk\n','2009-12-16 18:38:20'),('2c383d530182d9beca17c9cea0ccbf5f','gAJ9cQEoVRJfYXV0aF91c2VyX2JhY2tlbmRxAlUpZGphbmdvLmNvbnRyaWIuYXV0aC5iYWNrZW5k\ncy5Nb2RlbEJhY2tlbmRxA1UNX2F1dGhfdXNlcl9pZHEEigEBdS5jMmQ1YjI0ODdiMWQyYzVmNTkw\nNWExNzFmNGE1OWVhYw==\n','2009-12-14 23:02:57'),('01d3d47ba38ec322e6c72417ed9755d1','gAJ9cQEoVRJfYXV0aF91c2VyX2JhY2tlbmRxAlUpZGphbmdvLmNvbnRyaWIuYXV0aC5iYWNrZW5k\ncy5Nb2RlbEJhY2tlbmRxA1UNX2F1dGhfdXNlcl9pZHEEigEKdS44NzI2YmY1NjNlNmU1NjViMGZi\nMGVlMWZmZmEwOWNhMA==\n','2010-01-05 02:59:38'),('c3218ec47c86b8228790aa4d41f1d11c','gAJ9cQFVCnRlc3Rjb29raWVxAlUGd29ya2VkcQNzLjYxN2RhN2JjMDRmNWZlY2I0MmNiNWFlZGEy\nNWI5ZTVk\n','2009-12-21 05:19:14'),('e003d90a95c3977467d70c37e649949d','gAJ9cQFVCnRlc3Rjb29raWVxAlUGd29ya2VkcQNzLjYxN2RhN2JjMDRmNWZlY2I0MmNiNWFlZGEy\nNWI5ZTVk\n','2010-01-05 03:38:35'),('5179c57ac10ad2d95d1c7c3df26463d1','gAJ9cQFVCnRlc3Rjb29raWVxAlUGd29ya2VkcQNzLjYxN2RhN2JjMDRmNWZlY2I0MmNiNWFlZGEy\nNWI5ZTVk\n','2010-01-05 03:29:35'),('c7d62e4b086d1ca99eddfa8b845cd478','gAJ9cQEoVRJfYXV0aF91c2VyX2JhY2tlbmRxAlUpZGphbmdvLmNvbnRyaWIuYXV0aC5iYWNrZW5k\ncy5Nb2RlbEJhY2tlbmRxA1UNX2F1dGhfdXNlcl9pZHEEigEBdS5jMmQ1YjI0ODdiMWQyYzVmNTkw\nNWExNzFmNGE1OWVhYw==\n','2010-01-06 13:55:59'),('67e1e86bb67d109d4a14903a71a8115a','gAJ9cQEoVRJfYXV0aF91c2VyX2JhY2tlbmRxAlUpZGphbmdvLmNvbnRyaWIuYXV0aC5iYWNrZW5k\ncy5Nb2RlbEJhY2tlbmRxA1UNX2F1dGhfdXNlcl9pZHEEigEBdS5jMmQ1YjI0ODdiMWQyYzVmNTkw\nNWExNzFmNGE1OWVhYw==\n','2010-01-06 00:03:41'),('963eba4d251f39c15d09bb525278a51b','gAJ9cQEoVRJfYXV0aF91c2VyX2JhY2tlbmRxAlUpZGphbmdvLmNvbnRyaWIuYXV0aC5iYWNrZW5k\ncy5Nb2RlbEJhY2tlbmRxA1UNX2F1dGhfdXNlcl9pZHEEigEBdS5jMmQ1YjI0ODdiMWQyYzVmNTkw\nNWExNzFmNGE1OWVhYw==\n','2010-01-05 03:33:51'),('034119625adf487118745bf88e7a65e8','gAJ9cQEoVRJfYXV0aF91c2VyX2JhY2tlbmRxAlUpZGphbmdvLmNvbnRyaWIuYXV0aC5iYWNrZW5k\ncy5Nb2RlbEJhY2tlbmRxA1UNX2F1dGhfdXNlcl9pZHEEigEBdS5jMmQ1YjI0ODdiMWQyYzVmNTkw\nNWExNzFmNGE1OWVhYw==\n','2010-01-05 03:59:00'),('5252445dfc0ffbfd224f662662a37513','gAJ9cQEoVRJfYXV0aF91c2VyX2JhY2tlbmRxAlUpZGphbmdvLmNvbnRyaWIuYXV0aC5iYWNrZW5k\ncy5Nb2RlbEJhY2tlbmRxA1UNX2F1dGhfdXNlcl9pZHEEigEBdS5jMmQ1YjI0ODdiMWQyYzVmNTkw\nNWExNzFmNGE1OWVhYw==\n','2010-01-05 03:57:55'),('b9ba2d1968e7a7987f0bbd120aa63de9','gAJ9cQEoVRJfYXV0aF91c2VyX2JhY2tlbmRxAlUpZGphbmdvLmNvbnRyaWIuYXV0aC5iYWNrZW5k\ncy5Nb2RlbEJhY2tlbmRxA1UNX2F1dGhfdXNlcl9pZHEEigEBdS5jMmQ1YjI0ODdiMWQyYzVmNTkw\nNWExNzFmNGE1OWVhYw==\n','2010-01-05 04:05:30'),('0803f09b73a10d9a71c735e410b91db9','gAJ9cQEoVRJfYXV0aF91c2VyX2JhY2tlbmRxAlUpZGphbmdvLmNvbnRyaWIuYXV0aC5iYWNrZW5k\ncy5Nb2RlbEJhY2tlbmRxA1UNX2F1dGhfdXNlcl9pZHEEigEBdS5jMmQ1YjI0ODdiMWQyYzVmNTkw\nNWExNzFmNGE1OWVhYw==\n','2010-01-20 01:49:54'),('84642a2c8f90d84ae32dfa76190259d6','gAJ9cQFVCnRlc3Rjb29raWVxAlUGd29ya2VkcQNzLjYxN2RhN2JjMDRmNWZlY2I0MmNiNWFlZGEy\nNWI5ZTVk\n','2010-01-13 01:32:45'),('e825a99f689902173688de03aea70bfe','gAJ9cQEoVRJfYXV0aF91c2VyX2JhY2tlbmRxAlUpZGphbmdvLmNvbnRyaWIuYXV0aC5iYWNrZW5k\ncy5Nb2RlbEJhY2tlbmRxA1UNX2F1dGhfdXNlcl9pZHEEigEBdS5jMmQ1YjI0ODdiMWQyYzVmNTkw\nNWExNzFmNGE1OWVhYw==\n','2010-01-13 00:14:41'),('c9324dad4bd89f64f366c7069b4bcc31','gAJ9cQFVCnRlc3Rjb29raWVxAlUGd29ya2VkcQNzLjYxN2RhN2JjMDRmNWZlY2I0MmNiNWFlZGEy\nNWI5ZTVk\n','2010-01-13 01:32:45'),('2fb0c34507a0eb369886c9f01a612fba','gAJ9cQFVCnRlc3Rjb29raWVxAlUGd29ya2VkcQNzLjYxN2RhN2JjMDRmNWZlY2I0MmNiNWFlZGEy\nNWI5ZTVk\n','2010-01-13 01:32:48'),('0e14b5d9c9fbceceb527268c103ae16f','gAJ9cQFVCnRlc3Rjb29raWVxAlUGd29ya2VkcQNzLjYxN2RhN2JjMDRmNWZlY2I0MmNiNWFlZGEy\nNWI5ZTVk\n','2010-01-13 01:32:48'),('dadff586c647d14a5abc31654244eab8','gAJ9cQFVCnRlc3Rjb29raWVxAlUGd29ya2VkcQNzLjYxN2RhN2JjMDRmNWZlY2I0MmNiNWFlZGEy\nNWI5ZTVk\n','2010-01-13 01:32:48'),('7163f88760b55370b58c8306eccef3e7','gAJ9cQFVCnRlc3Rjb29raWVxAlUGd29ya2VkcQNzLjYxN2RhN2JjMDRmNWZlY2I0MmNiNWFlZGEy\nNWI5ZTVk\n','2010-01-13 01:32:49'),('14278eb87727debaa257671f41372867','gAJ9cQFVCnRlc3Rjb29raWVxAlUGd29ya2VkcQNzLjYxN2RhN2JjMDRmNWZlY2I0MmNiNWFlZGEy\nNWI5ZTVk\n','2010-01-13 01:32:49'),('ade16878ae0e6b4e7aee26e9609908a5','gAJ9cQFVCnRlc3Rjb29raWVxAlUGd29ya2VkcQNzLjYxN2RhN2JjMDRmNWZlY2I0MmNiNWFlZGEy\nNWI5ZTVk\n','2010-01-13 01:32:49'),('3e889c0e2515f2b4d5334c7f7c7962a1','gAJ9cQFVCnRlc3Rjb29raWVxAlUGd29ya2VkcQNzLjYxN2RhN2JjMDRmNWZlY2I0MmNiNWFlZGEy\nNWI5ZTVk\n','2010-01-13 01:32:49'),('c4449b0c2ca2e41bea0f1c8966c271b4','gAJ9cQFVCnRlc3Rjb29raWVxAlUGd29ya2VkcQNzLjYxN2RhN2JjMDRmNWZlY2I0MmNiNWFlZGEy\nNWI5ZTVk\n','2010-01-13 01:32:49'),('10d010a1807ab59454e4af5114588721','gAJ9cQFVCnRlc3Rjb29raWVxAlUGd29ya2VkcQNzLjYxN2RhN2JjMDRmNWZlY2I0MmNiNWFlZGEy\nNWI5ZTVk\n','2010-01-13 01:32:49'),('951802dcc11b01f346d50399c80c4723','gAJ9cQFVCnRlc3Rjb29raWVxAlUGd29ya2VkcQNzLjYxN2RhN2JjMDRmNWZlY2I0MmNiNWFlZGEy\nNWI5ZTVk\n','2010-01-13 01:32:49'),('55d947568caa79b3f007371d20ded0e6','gAJ9cQFVCnRlc3Rjb29raWVxAlUGd29ya2VkcQNzLjYxN2RhN2JjMDRmNWZlY2I0MmNiNWFlZGEy\nNWI5ZTVk\n','2010-01-13 01:32:50'),('3a438f4d10f9804bba13283c86ebcafc','gAJ9cQFVCnRlc3Rjb29raWVxAlUGd29ya2VkcQNzLjYxN2RhN2JjMDRmNWZlY2I0MmNiNWFlZGEy\nNWI5ZTVk\n','2010-01-13 01:32:50'),('6b8444ec6404505c7b0a4c4eb8006b2b','gAJ9cQFVCnRlc3Rjb29raWVxAlUGd29ya2VkcQNzLjYxN2RhN2JjMDRmNWZlY2I0MmNiNWFlZGEy\nNWI5ZTVk\n','2010-01-13 01:32:50'),('dbdaf755a4a782969177aba95e30fbbb','gAJ9cQFVCnRlc3Rjb29raWVxAlUGd29ya2VkcQNzLjYxN2RhN2JjMDRmNWZlY2I0MmNiNWFlZGEy\nNWI5ZTVk\n','2010-01-13 01:32:50'),('5a1c9c62497ddba99f73e424503c4064','gAJ9cQEoVRJfYXV0aF91c2VyX2JhY2tlbmRxAlUpZGphbmdvLmNvbnRyaWIuYXV0aC5iYWNrZW5k\ncy5Nb2RlbEJhY2tlbmRxA1UNX2F1dGhfdXNlcl9pZHEEigEIdS5mODA5NjY1MmNhZWRkNGMyYjM0\nMDY4NmY3MzU1NWFkMg==\n','2010-01-17 04:53:48'),('cba3c836b1f9e50ab8976ec77f1e1f22','gAJ9cQEuZGQ5OGZkMTFiMjQ5YzQ4Yjk4YjA1NWE0MDgzNTVjOTQ=\n','2010-01-19 01:46:46'),('8961f0ad2f00bf7b3c836aba32e95ffb','gAJ9cQEoVRJfYXV0aF91c2VyX2JhY2tlbmRxAlUpZGphbmdvLmNvbnRyaWIuYXV0aC5iYWNrZW5k\ncy5Nb2RlbEJhY2tlbmRxA1UNX2F1dGhfdXNlcl9pZHEEigEBdS5jMmQ1YjI0ODdiMWQyYzVmNTkw\nNWExNzFmNGE1OWVhYw==\n','2010-01-22 02:43:13'),('54dfcb6658a8c069d2f72ba040011b2b','gAJ9cQEoVRJfYXV0aF91c2VyX2JhY2tlbmRxAlUpZGphbmdvLmNvbnRyaWIuYXV0aC5iYWNrZW5k\ncy5Nb2RlbEJhY2tlbmRxA1UNX2F1dGhfdXNlcl9pZHEEigEKdS44NzI2YmY1NjNlNmU1NjViMGZi\nMGVlMWZmZmEwOWNhMA==\n','2010-01-21 19:51:15'),('03fc90149641c66e7b998d936a2b347f','gAJ9cQEoVRJfYXV0aF91c2VyX2JhY2tlbmRxAlUpZGphbmdvLmNvbnRyaWIuYXV0aC5iYWNrZW5k\ncy5Nb2RlbEJhY2tlbmRxA1UNX2F1dGhfdXNlcl9pZHEEigEFdS41NDIzNzg0Y2I5OTVkZTJiMjlj\nNGJlMTc1ZDFjMGU0YQ==\n','2010-01-21 21:59:56'),('c90e809dbce7f06de519c989b69dd0de','gAJ9cQEuZGQ5OGZkMTFiMjQ5YzQ4Yjk4YjA1NWE0MDgzNTVjOTQ=\n','2010-01-22 00:09:39'),('d5654943a2dd4476902144c2b516d635','gAJ9cQEoVRJfYXV0aF91c2VyX2JhY2tlbmRxAlUpZGphbmdvLmNvbnRyaWIuYXV0aC5iYWNrZW5k\ncy5Nb2RlbEJhY2tlbmRxA1UNX2F1dGhfdXNlcl9pZHEEigEBdS5jMmQ1YjI0ODdiMWQyYzVmNTkw\nNWExNzFmNGE1OWVhYw==\n','2010-02-02 12:28:32'),('76f5fbca79b5f2d3b22b6039bf2888cc','gAJ9cQEoVRJfYXV0aF91c2VyX2JhY2tlbmRxAlUpZGphbmdvLmNvbnRyaWIuYXV0aC5iYWNrZW5k\ncy5Nb2RlbEJhY2tlbmRxA1UNX2F1dGhfdXNlcl9pZHEEigEBdS5jMmQ1YjI0ODdiMWQyYzVmNTkw\nNWExNzFmNGE1OWVhYw==\n','2010-02-02 12:29:29'),('e9c9dac95893a32ba70fbe98b19706d9','gAJ9cQFVCnRlc3Rjb29raWVxAlUGd29ya2VkcQNzLjYxN2RhN2JjMDRmNWZlY2I0MmNiNWFlZGEy\nNWI5ZTVk\n','2010-01-26 23:06:39'),('860f7f77fc1c69b86d6526aea021d043','gAJ9cQFVCnRlc3Rjb29raWVxAlUGd29ya2VkcQNzLjYxN2RhN2JjMDRmNWZlY2I0MmNiNWFlZGEy\nNWI5ZTVk\n','2010-02-01 12:53:31'),('8c7ff6e37c4646b1f052c064aad0ddd1','gAJ9cQEuZGQ5OGZkMTFiMjQ5YzQ4Yjk4YjA1NWE0MDgzNTVjOTQ=\n','2010-01-29 21:59:24'),('128539602b47daaadbbc82c2072640fe','gAJ9cQFVCnRlc3Rjb29raWVxAlUGd29ya2VkcQNzLjYxN2RhN2JjMDRmNWZlY2I0MmNiNWFlZGEy\nNWI5ZTVk\n','2010-02-01 12:53:31'),('264339ff7536453c30ca839da535eabf','gAJ9cQEuZGQ5OGZkMTFiMjQ5YzQ4Yjk4YjA1NWE0MDgzNTVjOTQ=\n','2010-01-28 05:00:32'),('87e388df7ddbee4ff655e745ed0a7adf','gAJ9cQFVCnRlc3Rjb29raWVxAlUGd29ya2VkcQNzLjYxN2RhN2JjMDRmNWZlY2I0MmNiNWFlZGEy\nNWI5ZTVk\n','2010-01-28 06:41:53'),('180ab71f017e22c03837cdc799d390bb','gAJ9cQFVCnRlc3Rjb29raWVxAlUGd29ya2VkcQNzLjYxN2RhN2JjMDRmNWZlY2I0MmNiNWFlZGEy\nNWI5ZTVk\n','2010-02-01 12:53:31'),('1b25379d0b096bd265aa3076228c4c13','gAJ9cQFVCnRlc3Rjb29raWVxAlUGd29ya2VkcQNzLjYxN2RhN2JjMDRmNWZlY2I0MmNiNWFlZGEy\nNWI5ZTVk\n','2010-02-01 12:53:31'),('844d10d9d200f9ddb5a6cb65dada4e83','gAJ9cQFVCnRlc3Rjb29raWVxAlUGd29ya2VkcQNzLjYxN2RhN2JjMDRmNWZlY2I0MmNiNWFlZGEy\nNWI5ZTVk\n','2010-02-01 12:53:31'),('ba8d964d46b450c2be2f925b5f2c9793','gAJ9cQFVCnRlc3Rjb29raWVxAlUGd29ya2VkcQNzLjYxN2RhN2JjMDRmNWZlY2I0MmNiNWFlZGEy\nNWI5ZTVk\n','2010-02-01 12:53:31'),('f85a1f8061dd2911f65408f8ea06a3dd','gAJ9cQFVCnRlc3Rjb29raWVxAlUGd29ya2VkcQNzLjYxN2RhN2JjMDRmNWZlY2I0MmNiNWFlZGEy\nNWI5ZTVk\n','2010-02-01 12:53:31'),('bf6a96824248df4be61209c549c4d79a','gAJ9cQFVCnRlc3Rjb29raWVxAlUGd29ya2VkcQNzLjYxN2RhN2JjMDRmNWZlY2I0MmNiNWFlZGEy\nNWI5ZTVk\n','2010-02-01 12:53:31'),('3b9bcaf937652136a6850ea5a3d68a3b','gAJ9cQFVCnRlc3Rjb29raWVxAlUGd29ya2VkcQNzLjYxN2RhN2JjMDRmNWZlY2I0MmNiNWFlZGEy\nNWI5ZTVk\n','2010-02-01 12:53:31'),('e8d1500adf8ce9ad3a8c36982909f290','gAJ9cQFVCnRlc3Rjb29raWVxAlUGd29ya2VkcQNzLjYxN2RhN2JjMDRmNWZlY2I0MmNiNWFlZGEy\nNWI5ZTVk\n','2010-02-01 12:53:31'),('f57c05a1f6a58f931ea1b164f75bd2b6','gAJ9cQFVCnRlc3Rjb29raWVxAlUGd29ya2VkcQNzLjYxN2RhN2JjMDRmNWZlY2I0MmNiNWFlZGEy\nNWI5ZTVk\n','2010-02-01 12:53:31'),('b5b4c041b162f9ba97048a96d5cf60fa','gAJ9cQFVCnRlc3Rjb29raWVxAlUGd29ya2VkcQNzLjYxN2RhN2JjMDRmNWZlY2I0MmNiNWFlZGEy\nNWI5ZTVk\n','2010-02-01 12:53:31'),('d992e9ccfa854771ec15a0a14ab6bd26','gAJ9cQFVCnRlc3Rjb29raWVxAlUGd29ya2VkcQNzLjYxN2RhN2JjMDRmNWZlY2I0MmNiNWFlZGEy\nNWI5ZTVk\n','2010-02-01 12:53:31'),('7f38beb536af105a4091dee49720a115','gAJ9cQFVCnRlc3Rjb29raWVxAlUGd29ya2VkcQNzLjYxN2RhN2JjMDRmNWZlY2I0MmNiNWFlZGEy\nNWI5ZTVk\n','2010-02-01 12:53:31'),('82f2c7840cda24b59d5ee6696dddf6d0','gAJ9cQFVCnRlc3Rjb29raWVxAlUGd29ya2VkcQNzLjYxN2RhN2JjMDRmNWZlY2I0MmNiNWFlZGEy\nNWI5ZTVk\n','2010-02-01 12:53:32'),('bf843e419478cce79d03348111e1c3d3','gAJ9cQFVCnRlc3Rjb29raWVxAlUGd29ya2VkcQNzLjYxN2RhN2JjMDRmNWZlY2I0MmNiNWFlZGEy\nNWI5ZTVk\n','2010-02-01 12:53:32'),('c9202c5d911d69a076fcce7358a0991a','gAJ9cQEoVRJfYXV0aF91c2VyX2JhY2tlbmRxAlUpZGphbmdvLmNvbnRyaWIuYXV0aC5iYWNrZW5k\ncy5Nb2RlbEJhY2tlbmRxA1UNX2F1dGhfdXNlcl9pZHEEigEBdS5jMmQ1YjI0ODdiMWQyYzVmNTkw\nNWExNzFmNGE1OWVhYw==\n','2010-02-02 12:20:46'),('33728a0f4e9be2dda60360a83ab66319','gAJ9cQEoVRJfYXV0aF91c2VyX2JhY2tlbmRxAlUpZGphbmdvLmNvbnRyaWIuYXV0aC5iYWNrZW5k\ncy5Nb2RlbEJhY2tlbmRxA1UNX2F1dGhfdXNlcl9pZHEEigEBdS5jMmQ1YjI0ODdiMWQyYzVmNTkw\nNWExNzFmNGE1OWVhYw==\n','2010-02-05 00:20:56'),('17ebc78d56e2d7721f9df3a5c6cd570a','gAJ9cQEoVRJfYXV0aF91c2VyX2JhY2tlbmRxAlUpZGphbmdvLmNvbnRyaWIuYXV0aC5iYWNrZW5k\ncy5Nb2RlbEJhY2tlbmRxA1UNX2F1dGhfdXNlcl9pZHEEigEBdS5jMmQ1YjI0ODdiMWQyYzVmNTkw\nNWExNzFmNGE1OWVhYw==\n','2010-02-07 01:31:15'),('7d8af7eddd75b102b189e39af58a8029','gAJ9cQEoVRJfYXV0aF91c2VyX2JhY2tlbmRxAlUpZGphbmdvLmNvbnRyaWIuYXV0aC5iYWNrZW5k\ncy5Nb2RlbEJhY2tlbmRxA1UNX2F1dGhfdXNlcl9pZHEEigEBdS5jMmQ1YjI0ODdiMWQyYzVmNTkw\nNWExNzFmNGE1OWVhYw==\n','2010-02-08 19:09:40'),('c084673d74373eaffd6b62c4a220ad6e','gAJ9cQEuZGQ5OGZkMTFiMjQ5YzQ4Yjk4YjA1NWE0MDgzNTVjOTQ=\n','2010-02-19 06:44:12'),('f07be4126605161e32fd782dc09d9941','gAJ9cQEoVRJfYXV0aF91c2VyX2JhY2tlbmRxAlUpZGphbmdvLmNvbnRyaWIuYXV0aC5iYWNrZW5k\ncy5Nb2RlbEJhY2tlbmRxA1UNX2F1dGhfdXNlcl9pZHEEigEBdS5jMmQ1YjI0ODdiMWQyYzVmNTkw\nNWExNzFmNGE1OWVhYw==\n','2010-02-10 05:39:29'),('89363475fbf0d8c1c24cdef8cb2c944a','gAJ9cQEoVRJfYXV0aF91c2VyX2JhY2tlbmRxAlUpZGphbmdvLmNvbnRyaWIuYXV0aC5iYWNrZW5k\ncy5Nb2RlbEJhY2tlbmRxA1UNX2F1dGhfdXNlcl9pZHEEigEBdS5jMmQ1YjI0ODdiMWQyYzVmNTkw\nNWExNzFmNGE1OWVhYw==\n','2010-02-12 00:42:36'),('810bd8dffcf337aaee785221bd73fba6','gAJ9cQEuZGQ5OGZkMTFiMjQ5YzQ4Yjk4YjA1NWE0MDgzNTVjOTQ=\n','2010-02-19 14:18:11'),('5d844ad35f719c41c8c9f66e2993fedd','gAJ9cQEoVRJfYXV0aF91c2VyX2JhY2tlbmRxAlUpZGphbmdvLmNvbnRyaWIuYXV0aC5iYWNrZW5k\ncy5Nb2RlbEJhY2tlbmRxA1UNX2F1dGhfdXNlcl9pZHEEigEBdS5jMmQ1YjI0ODdiMWQyYzVmNTkw\nNWExNzFmNGE1OWVhYw==\n','2010-02-14 03:17:27'),('ba3c38ac99eb1a36f395c64850dc1c48','gAJ9cQEuZGQ5OGZkMTFiMjQ5YzQ4Yjk4YjA1NWE0MDgzNTVjOTQ=\n','2010-02-14 23:56:06'),('4b7c563403fac99f4706ddef3a2b1178','gAJ9cQEuZGQ5OGZkMTFiMjQ5YzQ4Yjk4YjA1NWE0MDgzNTVjOTQ=\n','2010-03-05 09:48:40'),('b4f97a9be978b3d4d1aaf3072d4a03a8','gAJ9cQEoVRJfYXV0aF91c2VyX2JhY2tlbmRxAlUpZGphbmdvLmNvbnRyaWIuYXV0aC5iYWNrZW5k\ncy5Nb2RlbEJhY2tlbmRxA1UNX2F1dGhfdXNlcl9pZHEEigEFdS41NDIzNzg0Y2I5OTVkZTJiMjlj\nNGJlMTc1ZDFjMGU0YQ==\n','2010-02-23 07:28:22'),('513cf3a14ad019ff511640919b8a1f4c','gAJ9cQEuZGQ5OGZkMTFiMjQ5YzQ4Yjk4YjA1NWE0MDgzNTVjOTQ=\n','2010-02-17 03:15:57'),('15241006507b7e1cf776f9d7706a0ac3','gAJ9cQEoVRJfYXV0aF91c2VyX2JhY2tlbmRxAlUpZGphbmdvLmNvbnRyaWIuYXV0aC5iYWNrZW5k\ncy5Nb2RlbEJhY2tlbmRxA1UNX2F1dGhfdXNlcl9pZHEEigEFdS41NDIzNzg0Y2I5OTVkZTJiMjlj\nNGJlMTc1ZDFjMGU0YQ==\n','2010-02-21 21:23:55'),('7f0a40802daf7726fc55c70fec2e8d8f','gAJ9cQEoVRJfYXV0aF91c2VyX2JhY2tlbmRxAlUpZGphbmdvLmNvbnRyaWIuYXV0aC5iYWNrZW5k\ncy5Nb2RlbEJhY2tlbmRxA1UNX2F1dGhfdXNlcl9pZHEEigEJdS40NTY1MWZiOWM1ZWU0OTdjYjA4\nMzVhOWRlNGI4YTcwMw==\n','2010-02-19 23:03:38'),('2c5c931a5ef1b7aa3bf2d1e6b78768b9','gAJ9cQEoVRJfYXV0aF91c2VyX2JhY2tlbmRxAlUpZGphbmdvLmNvbnRyaWIuYXV0aC5iYWNrZW5k\ncy5Nb2RlbEJhY2tlbmRxA1UNX2F1dGhfdXNlcl9pZHEEigEHdS41ZmZkMWQ4ZTNkYzIyZTgzN2Nj\nZGJjYTY5YzhiNThiYQ==\n','2010-02-18 21:02:34'),('ae84ef694d118f9fb635953bda01dc72','gAJ9cQEoVRJfYXV0aF91c2VyX2JhY2tlbmRxAlUpZGphbmdvLmNvbnRyaWIuYXV0aC5iYWNrZW5k\ncy5Nb2RlbEJhY2tlbmRxA1UNX2F1dGhfdXNlcl9pZHEEigEBdS5jMmQ1YjI0ODdiMWQyYzVmNTkw\nNWExNzFmNGE1OWVhYw==\n','2010-02-17 21:39:28'),('2d63a8690e8a627c992e5c6667bc5725','gAJ9cQEoVRJfYXV0aF91c2VyX2JhY2tlbmRxAlUpZGphbmdvLmNvbnRyaWIuYXV0aC5iYWNrZW5k\ncy5Nb2RlbEJhY2tlbmRxA1UNX2F1dGhfdXNlcl9pZHEEigEBdS5jMmQ1YjI0ODdiMWQyYzVmNTkw\nNWExNzFmNGE1OWVhYw==\n','2010-02-23 21:51:17'),('706b9f15138a9659228b1b3707e1c19c','gAJ9cQEoVRJfYXV0aF91c2VyX2JhY2tlbmRxAlUpZGphbmdvLmNvbnRyaWIuYXV0aC5iYWNrZW5k\ncy5Nb2RlbEJhY2tlbmRxA1UNX2F1dGhfdXNlcl9pZHEEigEBdS5jMmQ1YjI0ODdiMWQyYzVmNTkw\nNWExNzFmNGE1OWVhYw==\n','2010-02-18 04:29:49'),('ab77551a7cb948235b08e0984e1e817a','gAJ9cQEuZGQ5OGZkMTFiMjQ5YzQ4Yjk4YjA1NWE0MDgzNTVjOTQ=\n','2010-02-22 05:09:21'),('bf5087aa0bd6c6bc49c01e6dff389c2f','gAJ9cQFVCnRlc3Rjb29raWVxAlUGd29ya2VkcQNzLjYxN2RhN2JjMDRmNWZlY2I0MmNiNWFlZGEy\nNWI5ZTVk\n','2010-02-22 05:09:22'),('a8f62bd904d9e948afd97a7e85feb3d7','gAJ9cQFVCnRlc3Rjb29raWVxAlUGd29ya2VkcQNzLjYxN2RhN2JjMDRmNWZlY2I0MmNiNWFlZGEy\nNWI5ZTVk\n','2010-03-04 21:14:16'),('d885e3ace934c9b8e83be9efcb560a79','gAJ9cQEuZGQ5OGZkMTFiMjQ5YzQ4Yjk4YjA1NWE0MDgzNTVjOTQ=\n','2010-02-19 01:59:22'),('c70a007a9d8cd0cbc19dae841c75a2d7','gAJ9cQEoVRJfYXV0aF91c2VyX2JhY2tlbmRxAlUpZGphbmdvLmNvbnRyaWIuYXV0aC5iYWNrZW5k\ncy5Nb2RlbEJhY2tlbmRxA1UNX2F1dGhfdXNlcl9pZHEEigEBdS5jMmQ1YjI0ODdiMWQyYzVmNTkw\nNWExNzFmNGE1OWVhYw==\n','2010-02-21 21:51:34'),('e4427feb347a9edeeea6196629d9f9ba','gAJ9cQEoVRJfYXV0aF91c2VyX2JhY2tlbmRxAlUpZGphbmdvLmNvbnRyaWIuYXV0aC5iYWNrZW5k\ncy5Nb2RlbEJhY2tlbmRxA1UNX2F1dGhfdXNlcl9pZHEEigEBdS5jMmQ1YjI0ODdiMWQyYzVmNTkw\nNWExNzFmNGE1OWVhYw==\n','2010-02-25 02:50:29'),('b5eaaee925a932d7281d7a1a0c865ff8','gAJ9cQFVCnRlc3Rjb29raWVxAlUGd29ya2VkcQNzLjYxN2RhN2JjMDRmNWZlY2I0MmNiNWFlZGEy\nNWI5ZTVk\n','2010-02-23 04:59:31'),('98b28f1adcc4db6272fc5b0b59f78228','gAJ9cQFVCnRlc3Rjb29raWVxAlUGd29ya2VkcQNzLjYxN2RhN2JjMDRmNWZlY2I0MmNiNWFlZGEy\nNWI5ZTVk\n','2010-02-23 01:41:48'),('a30b2223af217095de158275df4bbfb5','gAJ9cQFVCnRlc3Rjb29raWVxAlUGd29ya2VkcQNzLjYxN2RhN2JjMDRmNWZlY2I0MmNiNWFlZGEy\nNWI5ZTVk\n','2010-03-09 03:36:21'),('8aca9b845f0712a1d57fa5482a8e913e','gAJ9cQEoVRJfYXV0aF91c2VyX2JhY2tlbmRxAlUpZGphbmdvLmNvbnRyaWIuYXV0aC5iYWNrZW5k\ncy5Nb2RlbEJhY2tlbmRxA1UNX2F1dGhfdXNlcl9pZHEEigEBdS5jMmQ1YjI0ODdiMWQyYzVmNTkw\nNWExNzFmNGE1OWVhYw==\n','2010-02-25 00:45:18'),('50604d414041494bb12f49a4eb40170f','gAJ9cQEuZGQ5OGZkMTFiMjQ5YzQ4Yjk4YjA1NWE0MDgzNTVjOTQ=\n','2010-02-23 05:10:35'),('ae67ec70052716ceb68e0c40a4b4584a','gAJ9cQEoVRJfYXV0aF91c2VyX2JhY2tlbmRxAlUpZGphbmdvLmNvbnRyaWIuYXV0aC5iYWNrZW5k\ncy5Nb2RlbEJhY2tlbmRxA1UNX2F1dGhfdXNlcl9pZHEEigEBdS5jMmQ1YjI0ODdiMWQyYzVmNTkw\nNWExNzFmNGE1OWVhYw==\n','2010-02-23 06:57:18'),('ee4ca8060865d336c122eb33540b2327','gAJ9cQEuZGQ5OGZkMTFiMjQ5YzQ4Yjk4YjA1NWE0MDgzNTVjOTQ=\n','2010-02-23 05:40:45'),('d2498f30c1c846e6e31b1e3ceac9b93d','gAJ9cQEuZGQ5OGZkMTFiMjQ5YzQ4Yjk4YjA1NWE0MDgzNTVjOTQ=\n','2010-02-23 05:35:44'),('b62e34928bf31673a56912420fac4c45','gAJ9cQEuZGQ5OGZkMTFiMjQ5YzQ4Yjk4YjA1NWE0MDgzNTVjOTQ=\n','2010-02-23 09:40:47'),('ad36c5ee7300fb7f02deafc9cca49c0b','gAJ9cQEuZGQ5OGZkMTFiMjQ5YzQ4Yjk4YjA1NWE0MDgzNTVjOTQ=\n','2010-02-24 23:56:14'),('763eca8d7c640669f3ea1741de6f5fed','gAJ9cQFVCnRlc3Rjb29raWVxAlUGd29ya2VkcQNzLjYxN2RhN2JjMDRmNWZlY2I0MmNiNWFlZGEy\nNWI5ZTVk\n','2010-02-25 09:05:45'),('a508fb5ded6bffcfd1619778746be528','gAJ9cQFVCnRlc3Rjb29raWVxAlUGd29ya2VkcQNzLjYxN2RhN2JjMDRmNWZlY2I0MmNiNWFlZGEy\nNWI5ZTVk\n','2010-02-25 09:05:45'),('109881614ac51ebcc5a0dcae74771115','gAJ9cQFVCnRlc3Rjb29raWVxAlUGd29ya2VkcQNzLjYxN2RhN2JjMDRmNWZlY2I0MmNiNWFlZGEy\nNWI5ZTVk\n','2010-02-25 09:05:45'),('ee31d09849cc678ba8a764090449c1db','gAJ9cQEoVRJfYXV0aF91c2VyX2JhY2tlbmRxAlUpZGphbmdvLmNvbnRyaWIuYXV0aC5iYWNrZW5k\ncy5Nb2RlbEJhY2tlbmRxA1UNX2F1dGhfdXNlcl9pZHEEigEBdS5jMmQ1YjI0ODdiMWQyYzVmNTkw\nNWExNzFmNGE1OWVhYw==\n','2010-02-25 23:05:29'),('8870cda0140e0509695a7200ac8a7c2a','gAJ9cQEuZGQ5OGZkMTFiMjQ5YzQ4Yjk4YjA1NWE0MDgzNTVjOTQ=\n','2010-03-04 02:31:07'),('43c1b9f6f1e227c52eebabec02f808fd','gAJ9cQEoVRJfYXV0aF91c2VyX2JhY2tlbmRxAlUpZGphbmdvLmNvbnRyaWIuYXV0aC5iYWNrZW5k\ncy5Nb2RlbEJhY2tlbmRxA1UNX2F1dGhfdXNlcl9pZHEEigEBdS5jMmQ1YjI0ODdiMWQyYzVmNTkw\nNWExNzFmNGE1OWVhYw==\n','2010-02-27 05:29:54'),('7ccd1fb576093be2b07f724c8944f040','gAJ9cQFVCnRlc3Rjb29raWVxAlUGd29ya2VkcQNzLjYxN2RhN2JjMDRmNWZlY2I0MmNiNWFlZGEy\nNWI5ZTVk\n','2010-02-27 03:19:02'),('c5bef6c69090ec10927678cdd40bb94b','gAJ9cQEoVRJfYXV0aF91c2VyX2JhY2tlbmRxAlUpZGphbmdvLmNvbnRyaWIuYXV0aC5iYWNrZW5k\ncy5Nb2RlbEJhY2tlbmRxA1UNX2F1dGhfdXNlcl9pZHEEigEFdS41NDIzNzg0Y2I5OTVkZTJiMjlj\nNGJlMTc1ZDFjMGU0YQ==\n','2010-03-01 02:07:02'),('86696447adc80b3c33211f70ee3e5581','gAJ9cQEuZGQ5OGZkMTFiMjQ5YzQ4Yjk4YjA1NWE0MDgzNTVjOTQ=\n','2010-02-28 21:20:15'),('6579c66af5796bd890a4067af8e249cf','gAJ9cQEuZGQ5OGZkMTFiMjQ5YzQ4Yjk4YjA1NWE0MDgzNTVjOTQ=\n','2010-02-28 23:12:32'),('370a24707dc0d848521a9dd9d3a32bcd','gAJ9cQFVCnRlc3Rjb29raWVxAlUGd29ya2VkcQNzLjYxN2RhN2JjMDRmNWZlY2I0MmNiNWFlZGEy\nNWI5ZTVk\n','2010-03-01 23:39:49'),('68c451cac7604678b24f9718f07e6afc','gAJ9cQEoVRJfYXV0aF91c2VyX2JhY2tlbmRxAlUpZGphbmdvLmNvbnRyaWIuYXV0aC5iYWNrZW5k\ncy5Nb2RlbEJhY2tlbmRxA1UNX2F1dGhfdXNlcl9pZHEEigEBdS5jMmQ1YjI0ODdiMWQyYzVmNTkw\nNWExNzFmNGE1OWVhYw==\n','2010-03-01 04:30:15'),('490b11ebe11db44431dac6b710e251cc','gAJ9cQEoVRJfYXV0aF91c2VyX2JhY2tlbmRxAlUpZGphbmdvLmNvbnRyaWIuYXV0aC5iYWNrZW5k\ncy5Nb2RlbEJhY2tlbmRxA1UNX2F1dGhfdXNlcl9pZHEEigEFdS41NDIzNzg0Y2I5OTVkZTJiMjlj\nNGJlMTc1ZDFjMGU0YQ==\n','2010-03-01 03:32:00'),('9a942c0f983dabbd839554e18abebd59','gAJ9cQFVCnRlc3Rjb29raWVxAlUGd29ya2VkcQNzLjYxN2RhN2JjMDRmNWZlY2I0MmNiNWFlZGEy\nNWI5ZTVk\n','2010-03-01 22:32:39'),('671d2ef6e4b646efca4245ead28c715c','gAJ9cQEoVRJfYXV0aF91c2VyX2JhY2tlbmRxAlUpZGphbmdvLmNvbnRyaWIuYXV0aC5iYWNrZW5k\ncy5Nb2RlbEJhY2tlbmRxA1UNX2F1dGhfdXNlcl9pZHEEigEMdS5mZmI2YTY2MzViNzYxYjM1NDk0\nMGY3NzAyM2NjYjkyYQ==\n','2010-03-09 21:37:32'),('b77d0c714982647a1f3d96238be3a6c2','gAJ9cQEoVRJfYXV0aF91c2VyX2JhY2tlbmRxAlUpZGphbmdvLmNvbnRyaWIuYXV0aC5iYWNrZW5k\ncy5Nb2RlbEJhY2tlbmRxA1UNX2F1dGhfdXNlcl9pZHEEigEBdS5jMmQ1YjI0ODdiMWQyYzVmNTkw\nNWExNzFmNGE1OWVhYw==\n','2010-03-04 10:55:19'),('0c90ce9b7064c37e5c5896eee4464df8','gAJ9cQEoVRJfYXV0aF91c2VyX2JhY2tlbmRxAlUpZGphbmdvLmNvbnRyaWIuYXV0aC5iYWNrZW5k\ncy5Nb2RlbEJhY2tlbmRxA1UNX2F1dGhfdXNlcl9pZHEEigEBdS5jMmQ1YjI0ODdiMWQyYzVmNTkw\nNWExNzFmNGE1OWVhYw==\n','2010-03-01 06:02:27'),('a312c9e43673deee429f4f994e80d445','gAJ9cQEuZGQ5OGZkMTFiMjQ5YzQ4Yjk4YjA1NWE0MDgzNTVjOTQ=\n','2010-03-04 04:47:29'),('d52d35961eb414b45bc42b88ed31090d','gAJ9cQFVCnRlc3Rjb29raWVxAlUGd29ya2VkcQNzLjYxN2RhN2JjMDRmNWZlY2I0MmNiNWFlZGEy\nNWI5ZTVk\n','2010-03-01 23:11:02'),('c5a60c6f9339bdba37892fc3115e5995','gAJ9cQEoVRJfYXV0aF91c2VyX2JhY2tlbmRxAlUpZGphbmdvLmNvbnRyaWIuYXV0aC5iYWNrZW5k\ncy5Nb2RlbEJhY2tlbmRxA1UNX2F1dGhfdXNlcl9pZHEEigEBdS5jMmQ1YjI0ODdiMWQyYzVmNTkw\nNWExNzFmNGE1OWVhYw==\n','2010-03-02 04:20:36'),('949443a4e0ae7df00c78ca5fb9c7c0d8','gAJ9cQEoVRJfYXV0aF91c2VyX2JhY2tlbmRxAlUpZGphbmdvLmNvbnRyaWIuYXV0aC5iYWNrZW5k\ncy5Nb2RlbEJhY2tlbmRxA1UNX2F1dGhfdXNlcl9pZHEEigEBdS5jMmQ1YjI0ODdiMWQyYzVmNTkw\nNWExNzFmNGE1OWVhYw==\n','2010-03-02 04:05:57'),('5316621e658b38f8d977bfad8c08508b','gAJ9cQEoVRJfYXV0aF91c2VyX2JhY2tlbmRxAlUpZGphbmdvLmNvbnRyaWIuYXV0aC5iYWNrZW5k\ncy5Nb2RlbEJhY2tlbmRxA1UNX2F1dGhfdXNlcl9pZHEEigEBdS5jMmQ1YjI0ODdiMWQyYzVmNTkw\nNWExNzFmNGE1OWVhYw==\n','2010-03-02 23:00:44'),('2811e6650b39292d528764091fbcf850','gAJ9cQEoVRJfYXV0aF91c2VyX2JhY2tlbmRxAlUpZGphbmdvLmNvbnRyaWIuYXV0aC5iYWNrZW5k\ncy5Nb2RlbEJhY2tlbmRxA1UNX2F1dGhfdXNlcl9pZHEEigEFdS41NDIzNzg0Y2I5OTVkZTJiMjlj\nNGJlMTc1ZDFjMGU0YQ==\n','2010-03-04 21:15:08'),('d5e8f69d99f877d9eb6e4a7183401b5f','gAJ9cQEoVRJfYXV0aF91c2VyX2JhY2tlbmRxAlUpZGphbmdvLmNvbnRyaWIuYXV0aC5iYWNrZW5k\ncy5Nb2RlbEJhY2tlbmRxA1UNX2F1dGhfdXNlcl9pZHEEigEBdS5jMmQ1YjI0ODdiMWQyYzVmNTkw\nNWExNzFmNGE1OWVhYw==\n','2010-03-03 00:23:09'),('5a68a30dd960a860fb943bb893c485cc','gAJ9cQEuZGQ5OGZkMTFiMjQ5YzQ4Yjk4YjA1NWE0MDgzNTVjOTQ=\n','2010-03-03 05:21:55'),('51103fe3b3b77060fa262fbe5f3df2ac','gAJ9cQEoVRJfYXV0aF91c2VyX2JhY2tlbmRxAlUpZGphbmdvLmNvbnRyaWIuYXV0aC5iYWNrZW5k\ncy5Nb2RlbEJhY2tlbmRxA1UNX2F1dGhfdXNlcl9pZHEEigEJdS40NTY1MWZiOWM1ZWU0OTdjYjA4\nMzVhOWRlNGI4YTcwMw==\n','2010-03-03 21:19:47'),('51fcb88089c0589cb3f11e091b0ab148','gAJ9cQEoVRJfYXV0aF91c2VyX2JhY2tlbmRxAlUpZGphbmdvLmNvbnRyaWIuYXV0aC5iYWNrZW5k\ncy5Nb2RlbEJhY2tlbmRxA1UNX2F1dGhfdXNlcl9pZHEEigEBdS5jMmQ1YjI0ODdiMWQyYzVmNTkw\nNWExNzFmNGE1OWVhYw==\n','2010-03-04 21:17:40'),('5bb0d4fb0a40c423c7c86a44c4c93ae6','gAJ9cQEoVRJfYXV0aF91c2VyX2JhY2tlbmRxAlUpZGphbmdvLmNvbnRyaWIuYXV0aC5iYWNrZW5k\ncy5Nb2RlbEJhY2tlbmRxA1UNX2F1dGhfdXNlcl9pZHEEigEFdS41NDIzNzg0Y2I5OTVkZTJiMjlj\nNGJlMTc1ZDFjMGU0YQ==\n','2010-03-04 21:30:31'),('f8847996102cecabba7fe26736a3981b','gAJ9cQEoVRJfYXV0aF91c2VyX2JhY2tlbmRxAlUpZGphbmdvLmNvbnRyaWIuYXV0aC5iYWNrZW5k\ncy5Nb2RlbEJhY2tlbmRxA1UNX2F1dGhfdXNlcl9pZHEEigEFdS41NDIzNzg0Y2I5OTVkZTJiMjlj\nNGJlMTc1ZDFjMGU0YQ==\n','2010-03-04 22:12:03'),('5504c8fba060041405219926667ed9d6','gAJ9cQEoVRJfYXV0aF91c2VyX2JhY2tlbmRxAlUpZGphbmdvLmNvbnRyaWIuYXV0aC5iYWNrZW5k\ncy5Nb2RlbEJhY2tlbmRxA1UNX2F1dGhfdXNlcl9pZHEEigEBdS5jMmQ1YjI0ODdiMWQyYzVmNTkw\nNWExNzFmNGE1OWVhYw==\n','2010-03-04 22:38:21'),('110f9c7ab3293f5ccfbb0a40bd2c829e','gAJ9cQEoVRJfYXV0aF91c2VyX2JhY2tlbmRxAlUpZGphbmdvLmNvbnRyaWIuYXV0aC5iYWNrZW5k\ncy5Nb2RlbEJhY2tlbmRxA1UNX2F1dGhfdXNlcl9pZHEEigEFdS41NDIzNzg0Y2I5OTVkZTJiMjlj\nNGJlMTc1ZDFjMGU0YQ==\n','2010-03-04 22:36:47'),('c68ccc377acf83a996f778029818232b','gAJ9cQEoVRJfYXV0aF91c2VyX2JhY2tlbmRxAlUpZGphbmdvLmNvbnRyaWIuYXV0aC5iYWNrZW5k\ncy5Nb2RlbEJhY2tlbmRxA1UNX2F1dGhfdXNlcl9pZHEEigEFdS41NDIzNzg0Y2I5OTVkZTJiMjlj\nNGJlMTc1ZDFjMGU0YQ==\n','2010-03-05 19:35:48'),('3fa9d62126f01e4c5761381ab8ae1580','gAJ9cQEoVRJfYXV0aF91c2VyX2JhY2tlbmRxAlUpZGphbmdvLmNvbnRyaWIuYXV0aC5iYWNrZW5k\ncy5Nb2RlbEJhY2tlbmRxA1UNX2F1dGhfdXNlcl9pZHEEigEFdS41NDIzNzg0Y2I5OTVkZTJiMjlj\nNGJlMTc1ZDFjMGU0YQ==\n','2010-03-04 23:23:56'),('7bbab28ed6ce0c475db255699ab13fff','gAJ9cQEuZGQ5OGZkMTFiMjQ5YzQ4Yjk4YjA1NWE0MDgzNTVjOTQ=\n','2010-03-05 05:39:30'),('edb8fb32a5aafd93609e24151ac4a990','gAJ9cQEuZGQ5OGZkMTFiMjQ5YzQ4Yjk4YjA1NWE0MDgzNTVjOTQ=\n','2010-03-05 07:25:13'),('93ae9d47d42c99f6df0b6bffb793ae11','gAJ9cQEoVRJfYXV0aF91c2VyX2JhY2tlbmRxAlUpZGphbmdvLmNvbnRyaWIuYXV0aC5iYWNrZW5k\ncy5Nb2RlbEJhY2tlbmRxA1UNX2F1dGhfdXNlcl9pZHEEigEBdS5jMmQ1YjI0ODdiMWQyYzVmNTkw\nNWExNzFmNGE1OWVhYw==\n','2010-03-05 10:42:06'),('567da3099a5fdf00680ba811d95bf841','gAJ9cQEoVRJfYXV0aF91c2VyX2JhY2tlbmRxAlUpZGphbmdvLmNvbnRyaWIuYXV0aC5iYWNrZW5k\ncy5Nb2RlbEJhY2tlbmRxA1UNX2F1dGhfdXNlcl9pZHEEigEFdS41NDIzNzg0Y2I5OTVkZTJiMjlj\nNGJlMTc1ZDFjMGU0YQ==\n','2010-03-05 06:07:25'),('6daf8caea568cac459f84d4685cefd23','gAJ9cQEoVRJfYXV0aF91c2VyX2JhY2tlbmRxAlUpZGphbmdvLmNvbnRyaWIuYXV0aC5iYWNrZW5k\ncy5Nb2RlbEJhY2tlbmRxA1UNX2F1dGhfdXNlcl9pZHEEigEFdS41NDIzNzg0Y2I5OTVkZTJiMjlj\nNGJlMTc1ZDFjMGU0YQ==\n','2010-03-05 19:39:09'),('739441bcce2827dab9b961e62e384ac3','gAJ9cQEoVRJfYXV0aF91c2VyX2JhY2tlbmRxAlUpZGphbmdvLmNvbnRyaWIuYXV0aC5iYWNrZW5k\ncy5Nb2RlbEJhY2tlbmRxA1UNX2F1dGhfdXNlcl9pZHEEigEFdS41NDIzNzg0Y2I5OTVkZTJiMjlj\nNGJlMTc1ZDFjMGU0YQ==\n','2010-03-06 01:17:14'),('2c3bedc8cc1aa2b23968ed1b5b600c2d','gAJ9cQEuZGQ5OGZkMTFiMjQ5YzQ4Yjk4YjA1NWE0MDgzNTVjOTQ=\n','2010-03-06 08:00:46'),('166460ed777b8dbfdcff253f5ea1d749','gAJ9cQFVCnRlc3Rjb29raWVxAlUGd29ya2VkcQNzLjYxN2RhN2JjMDRmNWZlY2I0MmNiNWFlZGEy\nNWI5ZTVk\n','2010-03-07 22:42:28'),('0e27667782981a187e9da5f9a651aa78','gAJ9cQEoVRJfYXV0aF91c2VyX2JhY2tlbmRxAlUpZGphbmdvLmNvbnRyaWIuYXV0aC5iYWNrZW5k\ncy5Nb2RlbEJhY2tlbmRxA1UNX2F1dGhfdXNlcl9pZHEEigEBdS5jMmQ1YjI0ODdiMWQyYzVmNTkw\nNWExNzFmNGE1OWVhYw==\n','2010-03-08 00:48:58'),('8514d12724302362a337527966ee0785','gAJ9cQEoVRJfYXV0aF91c2VyX2JhY2tlbmRxAlUpZGphbmdvLmNvbnRyaWIuYXV0aC5iYWNrZW5k\ncy5Nb2RlbEJhY2tlbmRxA1UNX2F1dGhfdXNlcl9pZHEEigEIdS5mODA5NjY1MmNhZWRkNGMyYjM0\nMDY4NmY3MzU1NWFkMg==\n','2010-03-09 01:08:56'),('524d6238d5d555cc4ef4ec8a60bf4610','gAJ9cQEoVRJfYXV0aF91c2VyX2JhY2tlbmRxAlUpZGphbmdvLmNvbnRyaWIuYXV0aC5iYWNrZW5k\ncy5Nb2RlbEJhY2tlbmRxA1UNX2F1dGhfdXNlcl9pZHEEigEIdS5mODA5NjY1MmNhZWRkNGMyYjM0\nMDY4NmY3MzU1NWFkMg==\n','2010-03-09 22:18:29');
/*!40000 ALTER TABLE `django_session` ENABLE KEYS */;
UNLOCK TABLES;
/*!40103 SET TIME_ZONE=@OLD_TIME_ZONE */;

/*!40101 SET SQL_MODE=@OLD_SQL_MODE */;
/*!40014 SET FOREIGN_KEY_CHECKS=@OLD_FOREIGN_KEY_CHECKS */;
/*!40014 SET UNIQUE_CHECKS=@OLD_UNIQUE_CHECKS */;
/*!40101 SET CHARACTER_SET_CLIENT=@OLD_CHARACTER_SET_CLIENT */;
/*!40101 SET CHARACTER_SET_RESULTS=@OLD_CHARACTER_SET_RESULTS */;
/*!40101 SET COLLATION_CONNECTION=@OLD_COLLATION_CONNECTION */;
/*!40111 SET SQL_NOTES=@OLD_SQL_NOTES */;

-- Dump completed on 2010-02-24  6:25:16
