,Date,Aggregator,Market_Real,Crop,Quantity_Real,Price,Amount,Av_Rate,Total_Quantity,Deviation,Max_Deviation,STD,D/Av,D/STD,Deviation_Factor,STD/Av,Flag,Compute
0,2017-11-03,4806,1,3,280.0,13.0,3640.0,13.0,4930.0,0.0,0.0,0.0,0.0,,,0.0,1,1
1,2017-11-03,4806,1,3,150.0,13.0,1950.0,13.0,4930.0,0.0,0.0,0.0,0.0,,,0.0,1,1
2,2017-11-03,4806,1,3,150.0,13.0,1950.0,13.0,4930.0,0.0,0.0,0.0,0.0,,,0.0,1,1
3,2017-11-03,4806,1,3,400.0,13.0,5200.0,13.0,4930.0,0.0,0.0,0.0,0.0,,,0.0,1,1
4,2017-11-03,4806,1,3,600.0,13.0,7800.0,13.0,4930.0,0.0,0.0,0.0,0.0,,,0.0,1,1
5,2017-11-03,4806,1,3,180.0,13.0,2340.0,13.0,4930.0,0.0,0.0,0.0,0.0,,,0.0,1,1
6,2017-11-03,4806,1,3,340.0,13.0,4420.0,13.0,4930.0,0.0,0.0,0.0,0.0,,,0.0,1,1
7,2017-11-03,4806,1,3,400.0,13.0,5200.0,13.0,4930.0,0.0,0.0,0.0,0.0,,,0.0,1,1
8,2017-11-03,4806,1,3,500.0,13.0,6500.0,13.0,4930.0,0.0,0.0,0.0,0.0,,,0.0,1,1
9,2017-11-03,4806,1,3,780.0,13.0,10140.0,13.0,4930.0,0.0,0.0,0.0,0.0,,,0.0,1,1
10,2017-11-03,4806,1,3,650.0,13.0,8450.0,13.0,4930.0,0.0,0.0,0.0,0.0,,,0.0,1,1
11,2017-11-03,4806,1,3,500.0,13.0,6500.0,13.0,4930.0,0.0,0.0,0.0,0.0,,,0.0,1,1
12,2017-11-03,4130,1,4,312.0,20.0,6240.0,23.2825535002,2757.0,3.28255350018,3.28255350018,2.09779845767,0.140987692787,1.56476113717,0.220612062493,0.0901017346596,5,1
13,2017-11-03,4130,1,4,217.0,21.0,4557.0,23.2825535002,2757.0,2.28255350018,3.28255350018,2.09779845767,0.0980370774264,1.08807092113,0.10667129314,0.0901017346596,5,1
14,2017-11-03,4130,1,4,155.0,20.0,3100.0,23.2825535002,2757.0,3.28255350018,3.28255350018,2.09779845767,0.140987692787,1.56476113717,0.220612062493,0.0901017346596,5,1
15,2017-11-03,4130,1,4,275.0,22.0,6050.0,23.2825535002,2757.0,1.28255350018,3.28255350018,2.09779845767,0.0550864620657,0.611380705087,0.0336788000185,0.0901017346596,5,1
16,2017-11-03,4787,1,4,65.0,20.0,1300.0,23.2825535002,2757.0,3.28255350018,3.28255350018,2.09779845767,0.140987692787,1.56476113717,0.220612062493,0.0901017346596,5,1
17,2017-11-03,4787,1,4,43.0,21.0,903.0,23.2825535002,2757.0,2.28255350018,3.28255350018,2.09779845767,0.0980370774264,1.08807092113,0.10667129314,0.0901017346596,5,1
18,2017-11-03,4787,1,4,10.0,21.0,210.0,23.2825535002,2757.0,2.28255350018,3.28255350018,2.09779845767,0.0980370774264,1.08807092113,0.10667129314,0.0901017346596,5,1
19,2017-11-03,4806,1,4,90.0,25.0,2250.0,23.2825535002,2757.0,1.71744649982,3.28255350018,2.09779845767,0.0737653840162,0.818689943039,0.0603909780385,0.0901017346596,5,1
20,2017-11-03,4806,1,4,80.0,25.0,2000.0,23.2825535002,2757.0,1.71744649982,3.28255350018,2.09779845767,0.0737653840162,0.818689943039,0.0603909780385,0.0901017346596,5,1
21,2017-11-03,4806,1,4,130.0,25.0,3250.0,23.2825535002,2757.0,1.71744649982,3.28255350018,2.09779845767,0.0737653840162,0.818689943039,0.0603909780385,0.0901017346596,5,1
22,2017-11-03,4806,1,4,410.0,25.0,10250.0,23.2825535002,2757.0,1.71744649982,3.28255350018,2.09779845767,0.0737653840162,0.818689943039,0.0603909780385,0.0901017346596,5,1
23,2017-11-03,4806,1,4,170.0,24.0,4080.0,23.2825535002,2757.0,0.717446499819,3.28255350018,2.09779845767,0.0308147686556,0.341999726997,0.0105386424677,0.0901017346596,5,1
24,2017-11-03,4806,1,4,310.0,25.0,7750.0,23.2825535002,2757.0,1.71744649982,3.28255350018,2.09779845767,0.0737653840162,0.818689943039,0.0603909780385,0.0901017346596,5,1
25,2017-11-03,4806,1,4,310.0,25.0,7750.0,23.2825535002,2757.0,1.71744649982,3.28255350018,2.09779845767,0.0737653840162,0.818689943039,0.0603909780385,0.0901017346596,5,1
26,2017-11-03,4806,1,4,180.0,25.0,4500.0,23.2825535002,2757.0,1.71744649982,3.28255350018,2.09779845767,0.0737653840162,0.818689943039,0.0603909780385,0.0901017346596,5,1
27,2017-11-03,4806,1,5,30.0,22.0,660.0,22.0,295.0,0.0,0.0,0.0,0.0,,,0.0,1,1
28,2017-11-03,4806,1,5,40.0,22.0,880.0,22.0,295.0,0.0,0.0,0.0,0.0,,,0.0,1,1
29,2017-11-03,4806,1,5,60.0,22.0,1320.0,22.0,295.0,0.0,0.0,0.0,0.0,,,0.0,1,1
30,2017-11-03,4806,1,5,30.0,22.0,660.0,22.0,295.0,0.0,0.0,0.0,0.0,,,0.0,1,1
31,2017-11-03,4806,1,5,100.0,22.0,2200.0,22.0,295.0,0.0,0.0,0.0,0.0,,,0.0,1,1
32,2017-11-03,4806,1,5,35.0,22.0,770.0,22.0,295.0,0.0,0.0,0.0,0.0,,,0.0,1,1
33,2017-11-03,4269,3,3,282.0,17.0,4794.0,17.0,282.0,0.0,0.0,0.0,0.0,,,0.0,1,1
34,2017-11-03,2585,3,4,155.0,10.0,1550.0,10.6115582073,7207.0,0.611558207298,1.3884417927,0.622616972285,0.057631329476,0.982238253247,0.0566076963968,0.0586734728417,1,1
35,2017-11-03,2585,3,4,315.0,10.0,3150.0,10.6115582073,7207.0,0.611558207298,1.3884417927,0.622616972285,0.057631329476,0.982238253247,0.0566076963968,0.0586734728417,1,1
36,2017-11-03,4004,3,4,184.0,10.0,1840.0,10.6115582073,7207.0,0.611558207298,1.3884417927,0.622616972285,0.057631329476,0.982238253247,0.0566076963968,0.0586734728417,1,1
37,2017-11-03,4004,3,4,223.0,10.0,2230.0,10.6115582073,7207.0,0.611558207298,1.3884417927,0.622616972285,0.057631329476,0.982238253247,0.0566076963968,0.0586734728417,1,1
38,2017-11-03,4004,3,4,785.0,10.5,8242.5,10.6115582073,7207.0,0.111558207298,1.3884417927,0.622616972285,0.0105128959498,0.179176303031,0.00188366183044,0.0586734728417,1,1
39,2017-11-03,4535,3,4,285.0,10.0,2850.0,10.6115582073,7207.0,0.611558207298,1.3884417927,0.622616972285,0.057631329476,0.982238253247,0.0566076963968,0.0586734728417,1,1
40,2017-11-03,4535,3,4,85.0,11.0,935.0,10.6115582073,7207.0,0.388441792702,1.3884417927,0.622616972285,0.0366055375764,0.623885647184,0.0228376695014,0.0586734728417,1,1
41,2017-11-03,4535,3,4,285.0,11.0,3135.0,10.6115582073,7207.0,0.388441792702,1.3884417927,0.622616972285,0.0366055375764,0.623885647184,0.0228376695014,0.0586734728417,1,1
42,2017-11-03,4535,3,4,318.0,12.0,3816.0,10.6115582073,7207.0,1.3884417927,1.3884417927,0.622616972285,0.130842404629,2.23000954761,0.291779811555,0.0586734728417,1,1
43,2017-11-03,4535,3,4,126.0,12.0,1512.0,10.6115582073,7207.0,1.3884417927,1.3884417927,0.622616972285,0.130842404629,2.23000954761,0.291779811555,0.0586734728417,1,1
44,2017-11-03,4535,3,4,195.0,12.0,2340.0,10.6115582073,7207.0,1.3884417927,1.3884417927,0.622616972285,0.130842404629,2.23000954761,0.291779811555,0.0586734728417,1,1
45,2017-11-03,4535,3,4,245.0,11.0,2695.0,10.6115582073,7207.0,0.388441792702,1.3884417927,0.622616972285,0.0366055375764,0.623885647184,0.0228376695014,0.0586734728417,1,1
46,2017-11-03,4535,3,4,88.0,11.0,968.0,10.6115582073,7207.0,0.388441792702,1.3884417927,0.622616972285,0.0366055375764,0.623885647184,0.0228376695014,0.0586734728417,1,1
47,2017-11-03,4535,3,4,385.0,11.0,4235.0,10.6115582073,7207.0,0.388441792702,1.3884417927,0.622616972285,0.0366055375764,0.623885647184,0.0228376695014,0.0586734728417,1,1
48,2017-11-03,4535,3,4,185.0,10.0,1850.0,10.6115582073,7207.0,0.611558207298,1.3884417927,0.622616972285,0.057631329476,0.982238253247,0.0566076963968,0.0586734728417,1,1
49,2017-11-03,4536,3,4,858.0,11.0,9438.0,10.6115582073,7207.0,0.388441792702,1.3884417927,0.622616972285,0.0366055375764,0.623885647184,0.0228376695014,0.0586734728417,1,1
50,2017-11-03,4536,3,4,840.0,10.0,8400.0,10.6115582073,7207.0,0.611558207298,1.3884417927,0.622616972285,0.057631329476,0.982238253247,0.0566076963968,0.0586734728417,1,1
51,2017-11-03,4536,3,4,791.0,11.0,8701.0,10.6115582073,7207.0,0.388441792702,1.3884417927,0.622616972285,0.0366055375764,0.623885647184,0.0228376695014,0.0586734728417,1,1
52,2017-11-03,4536,3,4,859.0,10.0,8590.0,10.6115582073,7207.0,0.611558207298,1.3884417927,0.622616972285,0.057631329476,0.982238253247,0.0566076963968,0.0586734728417,1,1
53,2017-11-03,2947,3,5,122.0,20.0,2440.0,22.1515333734,1663.0,2.15153337342,2.15153337342,1.68645938983,0.0971279656876,1.27576945309,0.123912891665,0.076132851004,1,1
54,2017-11-03,4269,3,5,76.0,22.0,1672.0,22.1515333734,1663.0,0.151533373422,2.15153337342,1.68645938983,0.00684076225637,0.0898529631579,0.000614662758993,0.076132851004,1,1
55,2017-11-03,4269,3,5,118.0,20.0,2360.0,22.1515333734,1663.0,2.15153337342,2.15153337342,1.68645938983,0.0971279656876,1.27576945309,0.123912891665,0.076132851004,1,1
56,2017-11-03,4269,3,5,79.0,20.0,1580.0,22.1515333734,1663.0,2.15153337342,2.15153337342,1.68645938983,0.0971279656876,1.27576945309,0.123912891665,0.076132851004,1,1
57,2017-11-03,4269,3,5,179.0,20.0,3580.0,22.1515333734,1663.0,2.15153337342,2.15153337342,1.68645938983,0.0971279656876,1.27576945309,0.123912891665,0.076132851004,1,1
58,2017-11-03,4269,3,5,107.0,22.0,2354.0,22.1515333734,1663.0,0.151533373422,2.15153337342,1.68645938983,0.00684076225637,0.0898529631579,0.000614662758993,0.076132851004,1,1
59,2017-11-03,4269,3,5,96.0,24.0,2304.0,22.1515333734,1663.0,1.84846662658,2.15153337342,1.68645938983,0.0834464411749,1.09606352678,0.091462600611,0.076132851004,1,1
60,2017-11-03,4269,3,5,84.0,22.0,1848.0,22.1515333734,1663.0,0.151533373422,2.15153337342,1.68645938983,0.00684076225637,0.0898529631579,0.000614662758993,0.076132851004,1,1
61,2017-11-03,4269,3,5,382.0,24.0,9168.0,22.1515333734,1663.0,1.84846662658,2.15153337342,1.68645938983,0.0834464411749,1.09606352678,0.091462600611,0.076132851004,1,1
62,2017-11-03,4269,3,5,181.0,24.0,4344.0,22.1515333734,1663.0,1.84846662658,2.15153337342,1.68645938983,0.0834464411749,1.09606352678,0.091462600611,0.076132851004,1,1
63,2017-11-03,4269,3,5,204.0,22.0,4488.0,22.1515333734,1663.0,0.151533373422,2.15153337342,1.68645938983,0.00684076225637,0.0898529631579,0.000614662758993,0.076132851004,1,1
64,2017-11-03,4535,3,5,35.0,20.0,700.0,22.1515333734,1663.0,2.15153337342,2.15153337342,1.68645938983,0.0971279656876,1.27576945309,0.123912891665,0.076132851004,1,1
65,2017-11-03,4495,4,4,63.0,11.0,693.0,11.6148245405,4189.0,0.614824540463,2.38517545954,1.40810407183,0.0529344664933,0.43663288301,0.0231129287156,0.121233348548,5,1
66,2017-11-03,4495,4,4,58.0,14.0,812.0,11.6148245405,4189.0,2.38517545954,2.38517545954,1.40810407183,0.205356133554,1.6938914582,0.347851000516,0.121233348548,5,1
67,2017-11-03,4495,4,4,106.0,13.0,1378.0,11.6148245405,4189.0,1.38517545954,2.38517545954,1.40810407183,0.119259266872,0.983716677797,0.117317329803,0.121233348548,5,1
68,2017-11-03,4495,4,4,60.0,11.0,660.0,11.6148245405,4189.0,0.614824540463,2.38517545954,1.40810407183,0.0529344664933,0.43663288301,0.0231129287156,0.121233348548,5,1
69,2017-11-03,4495,4,4,52.0,10.0,520.0,11.6148245405,4189.0,1.61482454046,2.38517545954,1.40810407183,0.139031333176,1.14680766341,0.159442198341,0.121233348548,5,1
70,2017-11-03,4495,4,4,68.0,13.0,884.0,11.6148245405,4189.0,1.38517545954,2.38517545954,1.40810407183,0.119259266872,0.983716677797,0.117317329803,0.121233348548,5,1
71,2017-11-03,4495,4,4,105.0,11.0,1155.0,11.6148245405,4189.0,0.614824540463,2.38517545954,1.40810407183,0.0529344664933,0.43663288301,0.0231129287156,0.121233348548,5,1
72,2017-11-03,4495,4,4,64.0,10.0,640.0,11.6148245405,4189.0,1.61482454046,2.38517545954,1.40810407183,0.139031333176,1.14680766341,0.159442198341,0.121233348548,5,1
73,2017-11-03,4495,4,4,82.0,10.0,820.0,11.6148245405,4189.0,1.61482454046,2.38517545954,1.40810407183,0.139031333176,1.14680766341,0.159442198341,0.121233348548,5,1
74,2017-11-03,4495,4,4,126.0,10.0,1260.0,11.6148245405,4189.0,1.61482454046,2.38517545954,1.40810407183,0.139031333176,1.14680766341,0.159442198341,0.121233348548,5,1
75,2017-11-03,4495,4,4,100.0,10.0,1000.0,11.6148245405,4189.0,1.61482454046,2.38517545954,1.40810407183,0.139031333176,1.14680766341,0.159442198341,0.121233348548,5,1
76,2017-11-03,4495,4,4,46.0,13.0,598.0,11.6148245405,4189.0,1.38517545954,2.38517545954,1.40810407183,0.119259266872,0.983716677797,0.117317329803,0.121233348548,5,1
77,2017-11-03,4495,4,4,46.0,10.0,460.0,11.6148245405,4189.0,1.61482454046,2.38517545954,1.40810407183,0.139031333176,1.14680766341,0.159442198341,0.121233348548,5,1
78,2017-11-03,4495,4,4,54.0,10.0,540.0,11.6148245405,4189.0,1.61482454046,2.38517545954,1.40810407183,0.139031333176,1.14680766341,0.159442198341,0.121233348548,5,1
79,2017-11-03,4495,4,4,84.0,13.0,1092.0,11.6148245405,4189.0,1.38517545954,2.38517545954,1.40810407183,0.119259266872,0.983716677797,0.117317329803,0.121233348548,5,1
80,2017-11-03,4495,4,4,208.0,12.0,2496.0,11.6148245405,4189.0,0.385175459537,2.38517545954,1.40810407183,0.0331624001891,0.273541897393,0.00907130586984,0.121233348548,5,1
81,2017-11-03,4495,4,4,351.0,13.5,4738.5,11.6148245405,4189.0,1.88517545954,2.38517545954,1.40810407183,0.162307700213,1.338804068,0.217298209312,0.121233348548,5,1
82,2017-11-03,4495,4,4,201.0,11.0,2211.0,11.6148245405,4189.0,0.614824540463,2.38517545954,1.40810407183,0.0529344664933,0.43663288301,0.0231129287156,0.121233348548,5,1
83,2017-11-03,4495,4,4,60.0,14.0,840.0,11.6148245405,4189.0,2.38517545954,2.38517545954,1.40810407183,0.205356133554,1.6938914582,0.347851000516,0.121233348548,5,1
84,2017-11-03,4495,4,4,140.0,10.0,1400.0,11.6148245405,4189.0,1.61482454046,2.38517545954,1.40810407183,0.139031333176,1.14680766341,0.159442198341,0.121233348548,5,1
85,2017-11-03,4495,4,4,134.0,14.0,1876.0,11.6148245405,4189.0,2.38517545954,2.38517545954,1.40810407183,0.205356133554,1.6938914582,0.347851000516,0.121233348548,5,1
86,2017-11-03,4495,4,4,102.0,10.0,1020.0,11.6148245405,4189.0,1.61482454046,2.38517545954,1.40810407183,0.139031333176,1.14680766341,0.159442198341,0.121233348548,5,1
87,2017-11-03,4495,4,4,500.0,10.5,5250.0,11.6148245405,4189.0,1.11482454046,2.38517545954,1.40810407183,0.0959828998345,0.791720273212,0.0759916076807,0.121233348548,5,1
88,2017-11-03,4629,4,4,56.0,10.0,560.0,11.6148245405,4189.0,1.61482454046,2.38517545954,1.40810407183,0.139031333176,1.14680766341,0.159442198341,0.121233348548,5,1
89,2017-11-03,4629,4,4,72.0,10.0,720.0,11.6148245405,4189.0,1.61482454046,2.38517545954,1.40810407183,0.139031333176,1.14680766341,0.159442198341,0.121233348548,5,1
90,2017-11-03,4629,4,4,169.0,12.0,2028.0,11.6148245405,4189.0,0.385175459537,2.38517545954,1.40810407183,0.0331624001891,0.273541897393,0.00907130586984,0.121233348548,5,1
91,2017-11-03,4629,4,4,32.0,12.0,384.0,11.6148245405,4189.0,0.385175459537,2.38517545954,1.40810407183,0.0331624001891,0.273541897393,0.00907130586984,0.121233348548,5,1
92,2017-11-03,4629,4,4,62.0,10.0,620.0,11.6148245405,4189.0,1.61482454046,2.38517545954,1.40810407183,0.139031333176,1.14680766341,0.159442198341,0.121233348548,5,1
93,2017-11-03,4629,4,4,38.0,12.5,475.0,11.6148245405,4189.0,0.885175459537,2.38517545954,1.40810407183,0.0762108335303,0.628629287595,0.0479083619892,0.121233348548,5,1
94,2017-11-03,4629,4,4,206.0,11.0,2266.0,11.6148245405,4189.0,0.614824540463,2.38517545954,1.40810407183,0.0529344664933,0.43663288301,0.0231129287156,0.121233348548,5,1
95,2017-11-03,4629,4,4,168.0,12.0,2016.0,11.6148245405,4189.0,0.385175459537,2.38517545954,1.40810407183,0.0331624001891,0.273541897393,0.00907130586984,0.121233348548,5,1
96,2017-11-03,4629,4,4,209.0,11.0,2299.0,11.6148245405,4189.0,0.614824540463,2.38517545954,1.40810407183,0.0529344664933,0.43663288301,0.0231129287156,0.121233348548,5,1
97,2017-11-03,4712,4,4,36.0,14.0,504.0,11.6148245405,4189.0,2.38517545954,2.38517545954,1.40810407183,0.205356133554,1.6938914582,0.347851000516,0.121233348548,5,1
98,2017-11-03,4712,4,4,70.0,14.0,980.0,11.6148245405,4189.0,2.38517545954,2.38517545954,1.40810407183,0.205356133554,1.6938914582,0.347851000516,0.121233348548,5,1
99,2017-11-03,4712,4,4,90.0,14.0,1260.0,11.6148245405,4189.0,2.38517545954,2.38517545954,1.40810407183,0.205356133554,1.6938914582,0.347851000516,0.121233348548,5,1
100,2017-11-03,4712,4,4,46.0,14.0,644.0,11.6148245405,4189.0,2.38517545954,2.38517545954,1.40810407183,0.205356133554,1.6938914582,0.347851000516,0.121233348548,5,1
101,2017-11-03,4712,4,4,55.0,13.0,715.0,11.6148245405,4189.0,1.38517545954,2.38517545954,1.40810407183,0.119259266872,0.983716677797,0.117317329803,0.121233348548,5,1
102,2017-11-03,4712,4,4,70.0,12.0,840.0,11.6148245405,4189.0,0.385175459537,2.38517545954,1.40810407183,0.0331624001891,0.273541897393,0.00907130586984,0.121233348548,5,1
103,2017-11-03,4789,4,5,157.0,20.0,3140.0,20.0,1936.5,0.0,0.0,0.0,0.0,,,0.0,1,1
104,2017-11-03,4789,4,5,180.0,20.0,3600.0,20.0,1936.5,0.0,0.0,0.0,0.0,,,0.0,1,1
105,2017-11-03,4789,4,5,90.0,20.0,1800.0,20.0,1936.5,0.0,0.0,0.0,0.0,,,0.0,1,1
106,2017-11-03,4789,4,5,113.0,20.0,2260.0,20.0,1936.5,0.0,0.0,0.0,0.0,,,0.0,1,1
107,2017-11-03,4789,4,5,110.0,20.0,2200.0,20.0,1936.5,0.0,0.0,0.0,0.0,,,0.0,1,1
108,2017-11-03,4789,4,5,109.0,20.0,2180.0,20.0,1936.5,0.0,0.0,0.0,0.0,,,0.0,1,1
109,2017-11-03,4856,4,5,100.0,20.0,2000.0,20.0,1936.5,0.0,0.0,0.0,0.0,,,0.0,1,1
110,2017-11-03,4856,4,5,58.0,20.0,1160.0,20.0,1936.5,0.0,0.0,0.0,0.0,,,0.0,1,1
111,2017-11-03,4856,4,5,94.0,20.0,1880.0,20.0,1936.5,0.0,0.0,0.0,0.0,,,0.0,1,1
112,2017-11-03,4856,4,5,74.5,20.0,1490.0,20.0,1936.5,0.0,0.0,0.0,0.0,,,0.0,1,1
113,2017-11-03,4856,4,5,121.0,20.0,2420.0,20.0,1936.5,0.0,0.0,0.0,0.0,,,0.0,1,1
114,2017-11-03,4856,4,5,88.0,20.0,1760.0,20.0,1936.5,0.0,0.0,0.0,0.0,,,0.0,1,1
115,2017-11-03,4856,4,5,133.0,20.0,2660.0,20.0,1936.5,0.0,0.0,0.0,0.0,,,0.0,1,1
116,2017-11-03,4856,4,5,146.0,20.0,2920.0,20.0,1936.5,0.0,0.0,0.0,0.0,,,0.0,1,1
117,2017-11-03,4856,4,5,161.0,20.0,3220.0,20.0,1936.5,0.0,0.0,0.0,0.0,,,0.0,1,1
118,2017-11-03,4856,4,5,98.0,20.0,1960.0,20.0,1936.5,0.0,0.0,0.0,0.0,,,0.0,1,1
119,2017-11-03,4856,4,5,104.0,20.0,2080.0,20.0,1936.5,0.0,0.0,0.0,0.0,,,0.0,1,1
120,2017-11-03,4130,7,4,150.0,20.0,3000.0,20.0,2980.0,0.0,0.0,0.0,0.0,,,0.0,1,1
121,2017-11-03,4130,7,4,185.0,20.0,3700.0,20.0,2980.0,0.0,0.0,0.0,0.0,,,0.0,1,1
122,2017-11-03,4130,7,4,455.0,20.0,9100.0,20.0,2980.0,0.0,0.0,0.0,0.0,,,0.0,1,1
123,2017-11-03,4130,7,4,210.0,20.0,4200.0,20.0,2980.0,0.0,0.0,0.0,0.0,,,0.0,1,1
124,2017-11-03,4130,7,4,280.0,20.0,5600.0,20.0,2980.0,0.0,0.0,0.0,0.0,,,0.0,1,1
125,2017-11-03,4130,7,4,110.0,20.0,2200.0,20.0,2980.0,0.0,0.0,0.0,0.0,,,0.0,1,1
126,2017-11-03,4130,7,4,185.0,20.0,3700.0,20.0,2980.0,0.0,0.0,0.0,0.0,,,0.0,1,1
127,2017-11-03,4130,7,4,190.0,20.0,3800.0,20.0,2980.0,0.0,0.0,0.0,0.0,,,0.0,1,1
128,2017-11-03,4130,7,4,240.0,20.0,4800.0,20.0,2980.0,0.0,0.0,0.0,0.0,,,0.0,1,1
129,2017-11-03,4130,7,4,110.0,20.0,2200.0,20.0,2980.0,0.0,0.0,0.0,0.0,,,0.0,1,1
130,2017-11-03,4130,7,4,210.0,20.0,4200.0,20.0,2980.0,0.0,0.0,0.0,0.0,,,0.0,1,1
131,2017-11-03,4130,7,4,215.0,20.0,4300.0,20.0,2980.0,0.0,0.0,0.0,0.0,,,0.0,1,1
132,2017-11-03,4130,7,4,205.0,20.0,4100.0,20.0,2980.0,0.0,0.0,0.0,0.0,,,0.0,1,1
133,2017-11-03,4130,7,4,235.0,20.0,4700.0,20.0,2980.0,0.0,0.0,0.0,0.0,,,0.0,1,1
134,2017-11-03,4005,7,5,176.0,23.0,4048.0,23.0,176.0,0.0,0.0,0.0,0.0,,,0.0,1,1
135,2017-11-03,4008,8,3,334.0,15.0,5010.0,15.5430690245,1753.0,0.543069024529,0.543069024529,0.498141605496,0.0349396263809,1.09019005547,0.0380908332224,0.0320491149277,1,1
136,2017-11-03,4008,8,3,181.0,15.0,2715.0,15.5430690245,1753.0,0.543069024529,0.543069024529,0.498141605496,0.0349396263809,1.09019005547,0.0380908332224,0.0320491149277,1,1
137,2017-11-03,4008,8,3,286.0,15.0,4290.0,15.5430690245,1753.0,0.543069024529,0.543069024529,0.498141605496,0.0349396263809,1.09019005547,0.0380908332224,0.0320491149277,1,1
138,2017-11-03,4489,8,3,382.0,16.0,6112.0,15.5430690245,1753.0,0.456930975471,0.543069024529,0.498141605496,0.0293977318604,0.917271254658,0.0269656943877,0.0320491149277,1,1
139,2017-11-03,4489,8,3,260.0,16.0,4160.0,15.5430690245,1753.0,0.456930975471,0.543069024529,0.498141605496,0.0293977318604,0.917271254658,0.0269656943877,0.0320491149277,1,1
140,2017-11-03,4489,8,3,310.0,16.0,4960.0,15.5430690245,1753.0,0.456930975471,0.543069024529,0.498141605496,0.0293977318604,0.917271254658,0.0269656943877,0.0320491149277,1,1
141,2017-11-03,4008,8,4,110.0,22.0,2420.0,22.0,2743.0,0.0,0.0,0.0,0.0,,,0.0,1,1
142,2017-11-03,4008,8,4,142.0,22.0,3124.0,22.0,2743.0,0.0,0.0,0.0,0.0,,,0.0,1,1
143,2017-11-03,4008,8,4,265.0,22.0,5830.0,22.0,2743.0,0.0,0.0,0.0,0.0,,,0.0,1,1
144,2017-11-03,4008,8,4,150.0,22.0,3300.0,22.0,2743.0,0.0,0.0,0.0,0.0,,,0.0,1,1
145,2017-11-03,4008,8,4,640.0,22.0,14080.0,22.0,2743.0,0.0,0.0,0.0,0.0,,,0.0,1,1
146,2017-11-03,4008,8,4,92.0,22.0,2024.0,22.0,2743.0,0.0,0.0,0.0,0.0,,,0.0,1,1
147,2017-11-03,4008,8,4,225.0,22.0,4950.0,22.0,2743.0,0.0,0.0,0.0,0.0,,,0.0,1,1
148,2017-11-03,4008,8,4,74.0,22.0,1628.0,22.0,2743.0,0.0,0.0,0.0,0.0,,,0.0,1,1
149,2017-11-03,4128,8,4,118.0,22.0,2596.0,22.0,2743.0,0.0,0.0,0.0,0.0,,,0.0,1,1
150,2017-11-03,4128,8,4,125.0,22.0,2750.0,22.0,2743.0,0.0,0.0,0.0,0.0,,,0.0,1,1
151,2017-11-03,4128,8,4,150.0,22.0,3300.0,22.0,2743.0,0.0,0.0,0.0,0.0,,,0.0,1,1
152,2017-11-03,4489,8,4,210.0,22.0,4620.0,22.0,2743.0,0.0,0.0,0.0,0.0,,,0.0,1,1
153,2017-11-03,4489,8,4,290.0,22.0,6380.0,22.0,2743.0,0.0,0.0,0.0,0.0,,,0.0,1,1
154,2017-11-03,4489,8,4,152.0,22.0,3344.0,22.0,2743.0,0.0,0.0,0.0,0.0,,,0.0,1,1
155,2017-11-03,4127,9,3,155.0,19.0,2945.0,17.9253731343,335.0,1.07462686567,1.07462686567,0.997211527671,0.059950041632,1.07763181216,0.064604072003,0.0556312842248,1,1
156,2017-11-03,4127,9,3,180.0,17.0,3060.0,17.9253731343,335.0,0.925373134328,1.07462686567,0.997211527671,0.0516236469609,0.927960727138,0.0479047169713,0.0556312842248,1,1
157,2017-11-03,3917,9,4,185.0,23.0,4255.0,22.5050606023,4001.5,0.494939397726,0.505060602274,0.490767573192,0.0219923601395,1.00850061162,0.0221793086515,0.021806987409,1,1
158,2017-11-03,3917,9,4,146.0,23.0,3358.0,22.5050606023,4001.5,0.494939397726,0.505060602274,0.490767573192,0.0219923601395,1.00850061162,0.0221793086515,0.021806987409,1,1
159,2017-11-03,3917,9,4,246.0,23.0,5658.0,22.5050606023,4001.5,0.494939397726,0.505060602274,0.490767573192,0.0219923601395,1.00850061162,0.0221793086515,0.021806987409,1,1
160,2017-11-03,4127,9,4,13.0,22.0,286.0,22.5050606023,4001.5,0.505060602274,0.505060602274,0.490767573192,0.0224420903014,1.02912382534,0.0230956898195,0.021806987409,1,1
161,2017-11-03,4127,9,4,198.0,22.0,4356.0,22.5050606023,4001.5,0.505060602274,0.505060602274,0.490767573192,0.0224420903014,1.02912382534,0.0230956898195,0.021806987409,1,1
162,2017-11-03,4127,9,4,61.0,22.0,1342.0,22.5050606023,4001.5,0.505060602274,0.505060602274,0.490767573192,0.0224420903014,1.02912382534,0.0230956898195,0.021806987409,1,1
163,2017-11-03,4127,9,4,41.0,23.0,943.0,22.5050606023,4001.5,0.494939397726,0.505060602274,0.490767573192,0.0219923601395,1.00850061162,0.0221793086515,0.021806987409,1,1
164,2017-11-03,4127,9,4,73.0,22.0,1606.0,22.5050606023,4001.5,0.505060602274,0.505060602274,0.490767573192,0.0224420903014,1.02912382534,0.0230956898195,0.021806987409,1,1
165,2017-11-03,4127,9,4,54.0,22.0,1188.0,22.5050606023,4001.5,0.505060602274,0.505060602274,0.490767573192,0.0224420903014,1.02912382534,0.0230956898195,0.021806987409,1,1
166,2017-11-03,4127,9,4,9.5,22.0,209.0,22.5050606023,4001.5,0.505060602274,0.505060602274,0.490767573192,0.0224420903014,1.02912382534,0.0230956898195,0.021806987409,1,1
167,2017-11-03,4127,9,4,30.0,22.0,660.0,22.5050606023,4001.5,0.505060602274,0.505060602274,0.490767573192,0.0224420903014,1.02912382534,0.0230956898195,0.021806987409,1,1
168,2017-11-03,4127,9,4,40.0,22.0,880.0,22.5050606023,4001.5,0.505060602274,0.505060602274,0.490767573192,0.0224420903014,1.02912382534,0.0230956898195,0.021806987409,1,1
169,2017-11-03,4127,9,4,83.0,22.5,1867.5,22.5050606023,4001.5,0.00506060227415,0.505060602274,0.490767573192,0.000224865080951,0.0103116068595,2.3187203112e-06,0.021806987409,1,1
170,2017-11-03,4127,9,4,38.0,22.0,836.0,22.5050606023,4001.5,0.505060602274,0.505060602274,0.490767573192,0.0224420903014,1.02912382534,0.0230956898195,0.021806987409,1,1
171,2017-11-03,4127,9,4,63.0,22.0,1386.0,22.5050606023,4001.5,0.505060602274,0.505060602274,0.490767573192,0.0224420903014,1.02912382534,0.0230956898195,0.021806987409,1,1
172,2017-11-03,4127,9,4,131.0,23.0,3013.0,22.5050606023,4001.5,0.494939397726,0.505060602274,0.490767573192,0.0219923601395,1.00850061162,0.0221793086515,0.021806987409,1,1
173,2017-11-03,4127,9,4,62.0,22.0,1364.0,22.5050606023,4001.5,0.505060602274,0.505060602274,0.490767573192,0.0224420903014,1.02912382534,0.0230956898195,0.021806987409,1,1
174,2017-11-03,4127,9,4,53.0,23.0,1219.0,22.5050606023,4001.5,0.494939397726,0.505060602274,0.490767573192,0.0219923601395,1.00850061162,0.0221793086515,0.021806987409,1,1
175,2017-11-03,4127,9,4,726.0,23.0,16698.0,22.5050606023,4001.5,0.494939397726,0.505060602274,0.490767573192,0.0219923601395,1.00850061162,0.0221793086515,0.021806987409,1,1
176,2017-11-03,4127,9,4,98.0,23.0,2254.0,22.5050606023,4001.5,0.494939397726,0.505060602274,0.490767573192,0.0219923601395,1.00850061162,0.0221793086515,0.021806987409,1,1
177,2017-11-03,4127,9,4,341.0,22.0,7502.0,22.5050606023,4001.5,0.505060602274,0.505060602274,0.490767573192,0.0224420903014,1.02912382534,0.0230956898195,0.021806987409,1,1
178,2017-11-03,4127,9,4,25.0,23.0,575.0,22.5050606023,4001.5,0.494939397726,0.505060602274,0.490767573192,0.0219923601395,1.00850061162,0.0221793086515,0.021806987409,1,1
179,2017-11-03,4127,9,4,90.0,23.0,2070.0,22.5050606023,4001.5,0.494939397726,0.505060602274,0.490767573192,0.0219923601395,1.00850061162,0.0221793086515,0.021806987409,1,1
180,2017-11-03,4127,9,4,253.0,22.0,5566.0,22.5050606023,4001.5,0.505060602274,0.505060602274,0.490767573192,0.0224420903014,1.02912382534,0.0230956898195,0.021806987409,1,1
181,2017-11-03,4127,9,4,29.0,22.0,638.0,22.5050606023,4001.5,0.505060602274,0.505060602274,0.490767573192,0.0224420903014,1.02912382534,0.0230956898195,0.021806987409,1,1
182,2017-11-03,4127,9,4,156.0,22.0,3432.0,22.5050606023,4001.5,0.505060602274,0.505060602274,0.490767573192,0.0224420903014,1.02912382534,0.0230956898195,0.021806987409,1,1
183,2017-11-03,4127,9,4,207.0,23.0,4761.0,22.5050606023,4001.5,0.494939397726,0.505060602274,0.490767573192,0.0219923601395,1.00850061162,0.0221793086515,0.021806987409,1,1
184,2017-11-03,4127,9,4,46.0,22.0,1012.0,22.5050606023,4001.5,0.505060602274,0.505060602274,0.490767573192,0.0224420903014,1.02912382534,0.0230956898195,0.021806987409,1,1
185,2017-11-03,4127,9,4,260.0,22.0,5720.0,22.5050606023,4001.5,0.505060602274,0.505060602274,0.490767573192,0.0224420903014,1.02912382534,0.0230956898195,0.021806987409,1,1
186,2017-11-03,4484,9,4,86.0,22.0,1892.0,22.5050606023,4001.5,0.505060602274,0.505060602274,0.490767573192,0.0224420903014,1.02912382534,0.0230956898195,0.021806987409,1,1
187,2017-11-03,4484,9,4,8.0,22.0,176.0,22.5050606023,4001.5,0.505060602274,0.505060602274,0.490767573192,0.0224420903014,1.02912382534,0.0230956898195,0.021806987409,1,1
188,2017-11-03,4484,9,4,63.0,22.5,1417.5,22.5050606023,4001.5,0.00506060227415,0.505060602274,0.490767573192,0.000224865080951,0.0103116068595,2.3187203112e-06,0.021806987409,1,1
189,2017-11-03,4484,9,4,15.0,22.0,330.0,22.5050606023,4001.5,0.505060602274,0.505060602274,0.490767573192,0.0224420903014,1.02912382534,0.0230956898195,0.021806987409,1,1
190,2017-11-03,4484,9,4,72.0,22.0,1584.0,22.5050606023,4001.5,0.505060602274,0.505060602274,0.490767573192,0.0224420903014,1.02912382534,0.0230956898195,0.021806987409,1,1
191,2017-11-03,4127,9,5,56.0,18.0,1008.0,18.0,56.0,0.0,0.0,0.0,0.0,,,0.0,1,1
192,2017-11-03,2586,12,4,202.0,22.0,4444.0,22.0,828.0,0.0,0.0,0.0,0.0,,,0.0,1,1
193,2017-11-03,2586,12,4,209.0,22.0,4598.0,22.0,828.0,0.0,0.0,0.0,0.0,,,0.0,1,1
194,2017-11-03,2586,12,4,132.0,22.0,2904.0,22.0,828.0,0.0,0.0,0.0,0.0,,,0.0,1,1
195,2017-11-03,2586,12,4,285.0,22.0,6270.0,22.0,828.0,0.0,0.0,0.0,0.0,,,0.0,1,1
196,2017-11-03,4511,15,4,155.0,20.0,3100.0,20.0,155.0,0.0,0.0,0.0,0.0,,,0.0,1,1
197,2017-11-03,4844,16,4,500.0,28.0,14000.0,28.0,2930.0,0.0,0.0,0.0,0.0,,,0.0,1,1
198,2017-11-03,4844,16,4,2000.0,28.0,56000.0,28.0,2930.0,0.0,0.0,0.0,0.0,,,0.0,1,1
199,2017-11-03,4844,16,4,230.0,28.0,6440.0,28.0,2930.0,0.0,0.0,0.0,0.0,,,0.0,1,1
200,2017-11-03,4844,16,4,200.0,28.0,5600.0,28.0,2930.0,0.0,0.0,0.0,0.0,,,0.0,1,1
201,2017-11-03,4797,16,5,86.0,22.0,1892.0,22.0,276.0,0.0,0.0,0.0,0.0,,,0.0,1,1
202,2017-11-03,4797,16,5,109.0,22.0,2398.0,22.0,276.0,0.0,0.0,0.0,0.0,,,0.0,1,1
203,2017-11-03,4797,16,5,81.0,22.0,1782.0,22.0,276.0,0.0,0.0,0.0,0.0,,,0.0,1,1
204,2017-11-03,4354,22,4,30.0,10.0,300.0,10.2720292505,1641.0,0.272029250457,0.527970749543,0.265513360616,0.0264825229586,1.02454072302,0.0271324232195,0.0258481896947,1,1
205,2017-11-03,4354,22,4,106.0,10.0,1060.0,10.2720292505,1641.0,0.272029250457,0.527970749543,0.265513360616,0.0264825229586,1.02454072302,0.0271324232195,0.0258481896947,1,1
206,2017-11-03,4354,22,4,65.0,10.0,650.0,10.2720292505,1641.0,0.272029250457,0.527970749543,0.265513360616,0.0264825229586,1.02454072302,0.0271324232195,0.0258481896947,1,1
207,2017-11-03,4478,22,4,120.0,10.0,1200.0,10.2720292505,1641.0,0.272029250457,0.527970749543,0.265513360616,0.0264825229586,1.02454072302,0.0271324232195,0.0258481896947,1,1
208,2017-11-03,4478,22,4,150.0,10.5,1575.0,10.2720292505,1641.0,0.227970749543,0.527970749543,0.265513360616,0.0221933508934,0.858603683876,0.0190552928347,0.0258481896947,1,1
209,2017-11-03,4478,22,4,110.0,10.0,1100.0,10.2720292505,1641.0,0.272029250457,0.527970749543,0.265513360616,0.0264825229586,1.02454072302,0.0271324232195,0.0258481896947,1,1
210,2017-11-03,4478,22,4,162.0,10.5,1701.0,10.2720292505,1641.0,0.227970749543,0.527970749543,0.265513360616,0.0221933508934,0.858603683876,0.0190552928347,0.0258481896947,1,1
211,2017-11-03,4478,22,4,38.5,10.5,404.25,10.2720292505,1641.0,0.227970749543,0.527970749543,0.265513360616,0.0221933508934,0.858603683876,0.0190552928347,0.0258481896947,1,1
212,2017-11-03,4478,22,4,63.0,10.5,661.5,10.2720292505,1641.0,0.227970749543,0.527970749543,0.265513360616,0.0221933508934,0.858603683876,0.0190552928347,0.0258481896947,1,1
213,2017-11-03,4478,22,4,102.0,10.0,1020.0,10.2720292505,1641.0,0.272029250457,0.527970749543,0.265513360616,0.0264825229586,1.02454072302,0.0271324232195,0.0258481896947,1,1
214,2017-11-03,4478,22,4,85.0,10.5,892.5,10.2720292505,1641.0,0.227970749543,0.527970749543,0.265513360616,0.0221933508934,0.858603683876,0.0190552928347,0.0258481896947,1,1
215,2017-11-03,4478,22,4,82.5,10.5,866.25,10.2720292505,1641.0,0.227970749543,0.527970749543,0.265513360616,0.0221933508934,0.858603683876,0.0190552928347,0.0258481896947,1,1
216,2017-11-03,4478,22,4,133.0,10.0,1330.0,10.2720292505,1641.0,0.272029250457,0.527970749543,0.265513360616,0.0264825229586,1.02454072302,0.0271324232195,0.0258481896947,1,1
217,2017-11-03,4478,22,4,41.0,10.0,410.0,10.2720292505,1641.0,0.272029250457,0.527970749543,0.265513360616,0.0264825229586,1.02454072302,0.0271324232195,0.0258481896947,1,1
218,2017-11-03,4478,22,4,160.0,10.5,1680.0,10.2720292505,1641.0,0.227970749543,0.527970749543,0.265513360616,0.0221933508934,0.858603683876,0.0190552928347,0.0258481896947,1,1
219,2017-11-03,4478,22,4,58.0,10.8,626.4,10.2720292505,1641.0,0.527970749543,0.527970749543,0.265513360616,0.0513988752047,1.98849032801,0.102206166215,0.0258481896947,1,1
220,2017-11-03,4478,22,4,34.0,10.0,340.0,10.2720292505,1641.0,0.272029250457,0.527970749543,0.265513360616,0.0264825229586,1.02454072302,0.0271324232195,0.0258481896947,1,1
221,2017-11-03,4478,22,4,42.0,10.0,420.0,10.2720292505,1641.0,0.272029250457,0.527970749543,0.265513360616,0.0264825229586,1.02454072302,0.0271324232195,0.0258481896947,1,1
222,2017-11-03,4478,22,4,59.0,10.5,619.5,10.2720292505,1641.0,0.227970749543,0.527970749543,0.265513360616,0.0221933508934,0.858603683876,0.0190552928347,0.0258481896947,1,1
223,2017-11-03,4478,22,5,25.0,18.0,450.0,18.0,67.0,0.0,0.0,0.0,0.0,,,0.0,1,1
224,2017-11-03,4478,22,5,42.0,18.0,756.0,18.0,67.0,0.0,0.0,0.0,0.0,,,0.0,1,1
225,2017-11-03,4129,23,4,184.0,20.0,3680.0,20.0,1202.0,0.0,0.0,0.0,0.0,,,0.0,1,1
226,2017-11-03,4129,23,4,231.0,20.0,4620.0,20.0,1202.0,0.0,0.0,0.0,0.0,,,0.0,1,1
227,2017-11-03,4129,23,4,217.0,20.0,4340.0,20.0,1202.0,0.0,0.0,0.0,0.0,,,0.0,1,1
228,2017-11-03,4129,23,4,87.0,20.0,1740.0,20.0,1202.0,0.0,0.0,0.0,0.0,,,0.0,1,1
229,2017-11-03,4129,23,4,289.0,20.0,5780.0,20.0,1202.0,0.0,0.0,0.0,0.0,,,0.0,1,1
230,2017-11-03,4129,23,4,194.0,20.0,3880.0,20.0,1202.0,0.0,0.0,0.0,0.0,,,0.0,1,1
231,2017-11-03,4162,28,4,69.0,26.0,1794.0,26.0,69.0,0.0,0.0,0.0,0.0,,,0.0,1,1
232,2017-11-03,4162,29,4,88.0,26.0,2288.0,26.0,276.0,0.0,0.0,0.0,0.0,,,0.0,1,1
233,2017-11-03,4162,29,4,64.0,26.0,1664.0,26.0,276.0,0.0,0.0,0.0,0.0,,,0.0,1,1
234,2017-11-03,4162,29,4,124.0,26.0,3224.0,26.0,276.0,0.0,0.0,0.0,0.0,,,0.0,1,1
235,2017-11-03,4162,30,4,48.0,28.0,1344.0,28.0,232.0,0.0,0.0,0.0,0.0,,,0.0,1,1
236,2017-11-03,4162,30,4,184.0,28.0,5152.0,28.0,232.0,0.0,0.0,0.0,0.0,,,0.0,1,1
237,2017-11-03,4482,57,4,284.0,20.0,5680.0,20.0,1323.0,0.0,0.0,0.0,0.0,,,0.0,1,1
238,2017-11-03,4482,57,4,310.0,20.0,6200.0,20.0,1323.0,0.0,0.0,0.0,0.0,,,0.0,1,1
239,2017-11-03,4482,57,4,184.0,20.0,3680.0,20.0,1323.0,0.0,0.0,0.0,0.0,,,0.0,1,1
240,2017-11-03,4482,57,4,210.0,20.0,4200.0,20.0,1323.0,0.0,0.0,0.0,0.0,,,0.0,1,1
241,2017-11-03,4482,57,4,310.0,20.0,6200.0,20.0,1323.0,0.0,0.0,0.0,0.0,,,0.0,1,1
242,2017-11-03,4482,57,4,25.0,20.0,500.0,20.0,1323.0,0.0,0.0,0.0,0.0,,,0.0,1,1
243,2017-11-03,4482,57,5,110.0,25.0,2750.0,25.0,110.0,0.0,0.0,0.0,0.0,,,0.0,1,1
244,2017-11-03,3917,60,4,584.0,26.0,15184.0,25.460100647,1391.0,0.539899352983,0.539899352983,0.498405499199,0.0212057037978,1.08325320216,0.0229711465432,0.0195759437918,1,1
245,2017-11-03,3917,60,4,210.0,25.0,5250.0,25.460100647,1391.0,0.460100647017,0.539899352983,0.498405499199,0.0180714386559,0.923145205573,0.016682561953,0.0195759437918,1,1
246,2017-11-03,3917,60,4,104.0,25.0,2600.0,25.460100647,1391.0,0.460100647017,0.539899352983,0.498405499199,0.0180714386559,0.923145205573,0.016682561953,0.0195759437918,1,1
247,2017-11-03,3917,60,4,208.0,25.0,5200.0,25.460100647,1391.0,0.460100647017,0.539899352983,0.498405499199,0.0180714386559,0.923145205573,0.016682561953,0.0195759437918,1,1
248,2017-11-03,3917,60,4,229.0,25.0,5725.0,25.460100647,1391.0,0.460100647017,0.539899352983,0.498405499199,0.0180714386559,0.923145205573,0.016682561953,0.0195759437918,1,1
249,2017-11-03,3917,60,4,56.0,26.0,1456.0,25.460100647,1391.0,0.539899352983,0.539899352983,0.498405499199,0.0212057037978,1.08325320216,0.0229711465432,0.0195759437918,1,1
250,2017-11-03,3917,63,3,243.0,18.0,4374.0,18.0,243.0,0.0,0.0,0.0,0.0,,,0.0,1,1
251,2017-11-03,3917,63,4,563.0,25.0,14075.0,25.0,5318.0,0.0,0.0,0.0,0.0,,,0.0,1,1
252,2017-11-03,3917,63,4,623.0,25.0,15575.0,25.0,5318.0,0.0,0.0,0.0,0.0,,,0.0,1,1
253,2017-11-03,3917,63,4,298.0,25.0,7450.0,25.0,5318.0,0.0,0.0,0.0,0.0,,,0.0,1,1
254,2017-11-03,3917,63,4,176.0,25.0,4400.0,25.0,5318.0,0.0,0.0,0.0,0.0,,,0.0,1,1
255,2017-11-03,3917,63,4,208.0,25.0,5200.0,25.0,5318.0,0.0,0.0,0.0,0.0,,,0.0,1,1
256,2017-11-03,3917,63,4,185.0,25.0,4625.0,25.0,5318.0,0.0,0.0,0.0,0.0,,,0.0,1,1
257,2017-11-03,3917,63,4,146.0,25.0,3650.0,25.0,5318.0,0.0,0.0,0.0,0.0,,,0.0,1,1
258,2017-11-03,3917,63,4,346.0,25.0,8650.0,25.0,5318.0,0.0,0.0,0.0,0.0,,,0.0,1,1
259,2017-11-03,3917,63,4,156.0,25.0,3900.0,25.0,5318.0,0.0,0.0,0.0,0.0,,,0.0,1,1
260,2017-11-03,3917,63,4,146.0,25.0,3650.0,25.0,5318.0,0.0,0.0,0.0,0.0,,,0.0,1,1
261,2017-11-03,3917,63,4,246.0,25.0,6150.0,25.0,5318.0,0.0,0.0,0.0,0.0,,,0.0,1,1
262,2017-11-03,3917,63,4,189.0,25.0,4725.0,25.0,5318.0,0.0,0.0,0.0,0.0,,,0.0,1,1
263,2017-11-03,3917,63,4,176.0,25.0,4400.0,25.0,5318.0,0.0,0.0,0.0,0.0,,,0.0,1,1
264,2017-11-03,3917,63,4,345.0,25.0,8625.0,25.0,5318.0,0.0,0.0,0.0,0.0,,,0.0,1,1
265,2017-11-03,3917,63,4,116.0,25.0,2900.0,25.0,5318.0,0.0,0.0,0.0,0.0,,,0.0,1,1
266,2017-11-03,3917,63,4,176.0,25.0,4400.0,25.0,5318.0,0.0,0.0,0.0,0.0,,,0.0,1,1
267,2017-11-03,3917,63,4,189.0,25.0,4725.0,25.0,5318.0,0.0,0.0,0.0,0.0,,,0.0,1,1
268,2017-11-03,3917,63,4,236.0,25.0,5900.0,25.0,5318.0,0.0,0.0,0.0,0.0,,,0.0,1,1
269,2017-11-03,3917,63,4,798.0,25.0,19950.0,25.0,5318.0,0.0,0.0,0.0,0.0,,,0.0,1,1
270,2017-11-03,4801,117,4,90.0,22.0,1980.0,22.0,265.0,0.0,0.0,0.0,0.0,,,0.0,1,1
271,2017-11-03,4801,117,4,85.0,22.0,1870.0,22.0,265.0,0.0,0.0,0.0,0.0,,,0.0,1,1
272,2017-11-03,4801,117,4,90.0,22.0,1980.0,22.0,265.0,0.0,0.0,0.0,0.0,,,0.0,1,1
273,2017-11-03,4799,117,5,65.0,24.0,1560.0,24.0,206.0,0.0,0.0,0.0,0.0,,,0.0,1,1
274,2017-11-03,4799,117,5,65.0,24.0,1560.0,24.0,206.0,0.0,0.0,0.0,0.0,,,0.0,1,1
275,2017-11-03,4799,117,5,76.0,24.0,1824.0,24.0,206.0,0.0,0.0,0.0,0.0,,,0.0,1,1
276,2017-11-03,4802,121,4,1558.0,16.0,24928.0,16.0,1558.0,0.0,0.0,0.0,0.0,,,0.0,1,1
277,2017-11-03,4805,122,4,145.0,42.0,6090.0,42.0,395.0,0.0,0.0,0.0,0.0,,,0.0,1,1
278,2017-11-03,4805,122,4,185.0,42.0,7770.0,42.0,395.0,0.0,0.0,0.0,0.0,,,0.0,1,1
279,2017-11-03,4805,122,4,65.0,42.0,2730.0,42.0,395.0,0.0,0.0,0.0,0.0,,,0.0,1,1
280,2017-11-03,4805,124,4,245.0,13.0,3185.0,13.0,467.0,0.0,0.0,0.0,0.0,,,0.0,1,1
281,2017-11-03,4805,124,4,222.0,13.0,2886.0,13.0,467.0,0.0,0.0,0.0,0.0,,,0.0,1,1
282,2017-11-03,4804,125,4,900.0,12.0,10800.0,12.0,4100.0,0.0,0.0,0.0,0.0,,,0.0,1,1
283,2017-11-03,4804,125,4,1100.0,12.0,13200.0,12.0,4100.0,0.0,0.0,0.0,0.0,,,0.0,1,1
284,2017-11-03,4804,125,4,400.0,12.0,4800.0,12.0,4100.0,0.0,0.0,0.0,0.0,,,0.0,1,1
285,2017-11-03,4804,125,4,800.0,12.0,9600.0,12.0,4100.0,0.0,0.0,0.0,0.0,,,0.0,1,1
286,2017-11-03,4804,125,4,900.0,12.0,10800.0,12.0,4100.0,0.0,0.0,0.0,0.0,,,0.0,1,1
287,2017-11-03,4817,128,4,140.0,20.0,2800.0,20.0,570.0,0.0,0.0,0.0,0.0,,,0.0,1,1
288,2017-11-03,4817,128,4,120.0,20.0,2400.0,20.0,570.0,0.0,0.0,0.0,0.0,,,0.0,1,1
289,2017-11-03,4817,128,4,310.0,20.0,6200.0,20.0,570.0,0.0,0.0,0.0,0.0,,,0.0,1,1
290,2017-11-03,4846,134,4,700.0,14.0,9800.0,14.0,2550.0,0.0,0.0,0.0,0.0,,,0.0,1,1
291,2017-11-03,4846,134,4,700.0,14.0,9800.0,14.0,2550.0,0.0,0.0,0.0,0.0,,,0.0,1,1
292,2017-11-03,4846,134,4,250.0,14.0,3500.0,14.0,2550.0,0.0,0.0,0.0,0.0,,,0.0,1,1
293,2017-11-03,4846,134,4,500.0,14.0,7000.0,14.0,2550.0,0.0,0.0,0.0,0.0,,,0.0,1,1
294,2017-11-03,4846,134,4,400.0,14.0,5600.0,14.0,2550.0,0.0,0.0,0.0,0.0,,,0.0,1,1
295,2017-11-03,4846,134,5,80.0,26.0,2080.0,26.0,80.0,0.0,0.0,0.0,0.0,,,0.0,1,1
296,2017-11-03,4816,137,4,70.0,25.0,1750.0,25.0,330.0,0.0,0.0,0.0,0.0,,,0.0,1,1
297,2017-11-03,4816,137,4,60.0,25.0,1500.0,25.0,330.0,0.0,0.0,0.0,0.0,,,0.0,1,1
298,2017-11-03,4816,137,4,200.0,25.0,5000.0,25.0,330.0,0.0,0.0,0.0,0.0,,,0.0,1,1
299,2017-11-03,4845,151,4,600.0,10.0,6000.0,10.0,1750.0,0.0,0.0,0.0,0.0,,,0.0,1,1
300,2017-11-03,4845,151,4,100.0,10.0,1000.0,10.0,1750.0,0.0,0.0,0.0,0.0,,,0.0,1,1
301,2017-11-03,4845,151,4,300.0,10.0,3000.0,10.0,1750.0,0.0,0.0,0.0,0.0,,,0.0,1,1
302,2017-11-03,4845,151,4,200.0,10.0,2000.0,10.0,1750.0,0.0,0.0,0.0,0.0,,,0.0,1,1
303,2017-11-03,4845,151,4,250.0,10.0,2500.0,10.0,1750.0,0.0,0.0,0.0,0.0,,,0.0,1,1
304,2017-11-03,4845,151,4,100.0,10.0,1000.0,10.0,1750.0,0.0,0.0,0.0,0.0,,,0.0,1,1
305,2017-11-03,4845,151,4,200.0,10.0,2000.0,10.0,1750.0,0.0,0.0,0.0,0.0,,,0.0,1,1
306,2017-11-03,4845,151,5,100.0,20.0,2000.0,20.0,790.0,0.0,0.0,0.0,0.0,,,0.0,1,1
307,2017-11-03,4845,151,5,50.0,20.0,1000.0,20.0,790.0,0.0,0.0,0.0,0.0,,,0.0,1,1
308,2017-11-03,4845,151,5,300.0,20.0,6000.0,20.0,790.0,0.0,0.0,0.0,0.0,,,0.0,1,1
309,2017-11-03,4845,151,5,200.0,20.0,4000.0,20.0,790.0,0.0,0.0,0.0,0.0,,,0.0,1,1
310,2017-11-03,4845,151,5,40.0,20.0,800.0,20.0,790.0,0.0,0.0,0.0,0.0,,,0.0,1,1
311,2017-11-03,4845,151,5,40.0,20.0,800.0,20.0,790.0,0.0,0.0,0.0,0.0,,,0.0,1,1
312,2017-11-03,4845,151,5,60.0,20.0,1200.0,20.0,790.0,0.0,0.0,0.0,0.0,,,0.0,1,1
313,2017-11-04,4806,1,3,400.0,14.0,5600.0,14.0,4940.0,0.0,0.0,0.0,0.0,,,0.0,1,1
314,2017-11-04,4806,1,3,1200.0,14.0,16800.0,14.0,4940.0,0.0,0.0,0.0,0.0,,,0.0,1,1
315,2017-11-04,4806,1,3,600.0,14.0,8400.0,14.0,4940.0,0.0,0.0,0.0,0.0,,,0.0,1,1
316,2017-11-04,4806,1,3,900.0,14.0,12600.0,14.0,4940.0,0.0,0.0,0.0,0.0,,,0.0,1,1
317,2017-11-04,4806,1,3,450.0,14.0,6300.0,14.0,4940.0,0.0,0.0,0.0,0.0,,,0.0,1,1
318,2017-11-04,4806,1,3,300.0,14.0,4200.0,14.0,4940.0,0.0,0.0,0.0,0.0,,,0.0,1,1
319,2017-11-04,4806,1,3,300.0,14.0,4200.0,14.0,4940.0,0.0,0.0,0.0,0.0,,,0.0,1,1
320,2017-11-04,4806,1,3,340.0,14.0,4760.0,14.0,4940.0,0.0,0.0,0.0,0.0,,,0.0,1,1
321,2017-11-04,4806,1,3,450.0,14.0,6300.0,14.0,4940.0,0.0,0.0,0.0,0.0,,,0.0,1,1
322,2017-11-04,4489,1,4,24016.0,16.0,384256.0,16.0,24016.0,0.0,0.0,0.0,0.0,,,0.0,1,1
323,2017-11-04,4806,1,5,30.0,20.0,600.0,20.0,30.0,0.0,0.0,0.0,0.0,,,0.0,1,1
324,2017-11-04,4269,3,3,82.0,14.0,1148.0,16.2820512821,624.0,2.28205128205,2.28205128205,1.98001188741,0.140157480315,1.15254423297,0.161537695645,0.121607029306,1,1
325,2017-11-04,4269,3,3,356.0,18.0,6408.0,16.2820512821,624.0,1.71794871795,2.28205128205,1.98001188741,0.105511811024,0.867645658529,0.0915468647582,0.121607029306,1,1
326,2017-11-04,4535,3,3,186.0,14.0,2604.0,16.2820512821,624.0,2.28205128205,2.28205128205,1.98001188741,0.140157480315,1.15254423297,0.161537695645,0.121607029306,1,1
327,2017-11-04,4535,3,4,238.0,12.0,2856.0,12.0,3393.0,0.0,0.0,0.0,0.0,,,0.0,1,1
328,2017-11-04,4535,3,4,165.0,12.0,1980.0,12.0,3393.0,0.0,0.0,0.0,0.0,,,0.0,1,1
329,2017-11-04,4535,3,4,286.0,12.0,3432.0,12.0,3393.0,0.0,0.0,0.0,0.0,,,0.0,1,1
330,2017-11-04,4535,3,4,86.0,12.0,1032.0,12.0,3393.0,0.0,0.0,0.0,0.0,,,0.0,1,1
331,2017-11-04,4535,3,4,215.0,12.0,2580.0,12.0,3393.0,0.0,0.0,0.0,0.0,,,0.0,1,1
332,2017-11-04,4535,3,4,185.0,12.0,2220.0,12.0,3393.0,0.0,0.0,0.0,0.0,,,0.0,1,1
333,2017-11-04,4535,3,4,145.0,12.0,1740.0,12.0,3393.0,0.0,0.0,0.0,0.0,,,0.0,1,1
334,2017-11-04,4535,3,4,86.0,12.0,1032.0,12.0,3393.0,0.0,0.0,0.0,0.0,,,0.0,1,1
335,2017-11-04,4535,3,4,86.0,12.0,1032.0,12.0,3393.0,0.0,0.0,0.0,0.0,,,0.0,1,1
336,2017-11-04,4535,3,4,335.0,12.0,4020.0,12.0,3393.0,0.0,0.0,0.0,0.0,,,0.0,1,1
337,2017-11-04,4536,3,4,831.0,12.0,9972.0,12.0,3393.0,0.0,0.0,0.0,0.0,,,0.0,1,1
338,2017-11-04,4536,3,4,735.0,12.0,8820.0,12.0,3393.0,0.0,0.0,0.0,0.0,,,0.0,1,1
339,2017-11-04,2749,3,5,73.0,22.0,1606.0,22.0,806.0,0.0,0.0,0.0,0.0,,,0.0,1,1
340,2017-11-04,2749,3,5,46.0,22.0,1012.0,22.0,806.0,0.0,0.0,0.0,0.0,,,0.0,1,1
341,2017-11-04,4005,3,5,124.0,22.0,2728.0,22.0,806.0,0.0,0.0,0.0,0.0,,,0.0,1,1
342,2017-11-04,4005,3,5,213.0,22.0,4686.0,22.0,806.0,0.0,0.0,0.0,0.0,,,0.0,1,1
343,2017-11-04,4269,3,5,212.0,22.0,4664.0,22.0,806.0,0.0,0.0,0.0,0.0,,,0.0,1,1
344,2017-11-04,4269,3,5,138.0,22.0,3036.0,22.0,806.0,0.0,0.0,0.0,0.0,,,0.0,1,1
345,2017-11-04,4495,4,4,99.0,10.0,990.0,11.1589038533,5346.0,1.15890385335,2.34109614665,1.19871495421,0.103854632012,0.966788517385,0.100405465707,0.107422285375,5,1
346,2017-11-04,4495,4,4,52.0,10.0,520.0,11.1589038533,5346.0,1.15890385335,2.34109614665,1.19871495421,0.103854632012,0.966788517385,0.100405465707,0.107422285375,5,1
347,2017-11-04,4495,4,4,50.0,10.0,500.0,11.1589038533,5346.0,1.15890385335,2.34109614665,1.19871495421,0.103854632012,0.966788517385,0.100405465707,0.107422285375,5,1
348,2017-11-04,4495,4,4,140.0,10.0,1400.0,11.1589038533,5346.0,1.15890385335,2.34109614665,1.19871495421,0.103854632012,0.966788517385,0.100405465707,0.107422285375,5,1
349,2017-11-04,4495,4,4,52.0,12.0,624.0,11.1589038533,5346.0,0.841096146652,2.34109614665,1.19871495421,0.0753744415854,0.701664848426,0.0528875961302,0.107422285375,5,1
350,2017-11-04,4495,4,4,234.0,11.0,2574.0,11.1589038533,5346.0,0.158903853348,2.34109614665,1.19871495421,0.0142400952133,0.13256183448,0.00188769314465,0.107422285375,5,1
351,2017-11-04,4495,4,4,212.0,10.0,2120.0,11.1589038533,5346.0,1.15890385335,2.34109614665,1.19871495421,0.103854632012,0.966788517385,0.100405465707,0.107422285375,5,1
352,2017-11-04,4495,4,4,248.0,12.0,2976.0,11.1589038533,5346.0,0.841096146652,2.34109614665,1.19871495421,0.0753744415854,0.701664848426,0.0528875961302,0.107422285375,5,1
353,2017-11-04,4495,4,4,90.0,13.0,1170.0,11.1589038533,5346.0,1.84109614665,2.34109614665,1.19871495421,0.164988978384,1.53589153133,0.253405174663,0.107422285375,5,1
354,2017-11-04,4495,4,4,495.0,11.0,5445.0,11.1589038533,5346.0,0.158903853348,2.34109614665,1.19871495421,0.0142400952133,0.13256183448,0.00188769314465,0.107422285375,5,1
355,2017-11-04,4495,4,4,713.0,10.0,7130.0,11.1589038533,5346.0,1.15890385335,2.34109614665,1.19871495421,0.103854632012,0.966788517385,0.100405465707,0.107422285375,5,1
356,2017-11-04,4495,4,4,50.0,12.0,600.0,11.1589038533,5346.0,0.841096146652,2.34109614665,1.19871495421,0.0753744415854,0.701664848426,0.0528875961302,0.107422285375,5,1
357,2017-11-04,4495,4,4,215.0,10.0,2150.0,11.1589038533,5346.0,1.15890385335,2.34109614665,1.19871495421,0.103854632012,0.966788517385,0.100405465707,0.107422285375,5,1
358,2017-11-04,4495,4,4,157.0,10.0,1570.0,11.1589038533,5346.0,1.15890385335,2.34109614665,1.19871495421,0.103854632012,0.966788517385,0.100405465707,0.107422285375,5,1
359,2017-11-04,4495,4,4,204.0,13.0,2652.0,11.1589038533,5346.0,1.84109614665,2.34109614665,1.19871495421,0.164988978384,1.53589153133,0.253405174663,0.107422285375,5,1
360,2017-11-04,4495,4,4,64.0,12.0,768.0,11.1589038533,5346.0,0.841096146652,2.34109614665,1.19871495421,0.0753744415854,0.701664848426,0.0528875961302,0.107422285375,5,1
361,2017-11-04,4495,4,4,60.0,12.5,750.0,11.1589038533,5346.0,1.34109614665,2.34109614665,1.19871495421,0.120181709985,1.11877818988,0.134456675953,0.107422285375,5,1
362,2017-11-04,4495,4,4,153.0,13.0,1989.0,11.1589038533,5346.0,1.84109614665,2.34109614665,1.19871495421,0.164988978384,1.53589153133,0.253405174663,0.107422285375,5,1
363,2017-11-04,4495,4,4,48.0,11.0,528.0,11.1589038533,5346.0,0.158903853348,2.34109614665,1.19871495421,0.0142400952133,0.13256183448,0.00188769314465,0.107422285375,5,1
364,2017-11-04,4495,4,4,63.0,10.5,661.5,11.1589038533,5346.0,0.658903853348,2.34109614665,1.19871495421,0.0590473636127,0.549675175932,0.0324568699822,0.107422285375,5,1
365,2017-11-04,4495,4,4,302.0,10.0,3020.0,11.1589038533,5346.0,1.15890385335,2.34109614665,1.19871495421,0.103854632012,0.966788517385,0.100405465707,0.107422285375,5,1
366,2017-11-04,4495,4,4,50.0,10.0,500.0,11.1589038533,5346.0,1.15890385335,2.34109614665,1.19871495421,0.103854632012,0.966788517385,0.100405465707,0.107422285375,5,1
367,2017-11-04,4495,4,4,217.0,12.0,2604.0,11.1589038533,5346.0,0.841096146652,2.34109614665,1.19871495421,0.0753744415854,0.701664848426,0.0528875961302,0.107422285375,5,1
368,2017-11-04,4629,4,4,44.0,13.0,572.0,11.1589038533,5346.0,1.84109614665,2.34109614665,1.19871495421,0.164988978384,1.53589153133,0.253405174663,0.107422285375,5,1
369,2017-11-04,4629,4,4,108.0,13.5,1458.0,11.1589038533,5346.0,2.34109614665,2.34109614665,1.19871495421,0.209796246784,1.95300487278,0.40973309226,0.107422285375,5,1
370,2017-11-04,4629,4,4,232.0,13.0,3016.0,11.1589038533,5346.0,1.84109614665,2.34109614665,1.19871495421,0.164988978384,1.53589153133,0.253405174663,0.107422285375,5,1
371,2017-11-04,4629,4,4,87.0,11.0,957.0,11.1589038533,5346.0,0.158903853348,2.34109614665,1.19871495421,0.0142400952133,0.13256183448,0.00188769314465,0.107422285375,5,1
372,2017-11-04,4629,4,4,212.0,10.0,2120.0,11.1589038533,5346.0,1.15890385335,2.34109614665,1.19871495421,0.103854632012,0.966788517385,0.100405465707,0.107422285375,5,1
373,2017-11-04,4629,4,4,206.0,12.0,2472.0,11.1589038533,5346.0,0.841096146652,2.34109614665,1.19871495421,0.0753744415854,0.701664848426,0.0528875961302,0.107422285375,5,1
374,2017-11-04,4629,4,4,134.0,11.0,1474.0,11.1589038533,5346.0,0.158903853348,2.34109614665,1.19871495421,0.0142400952133,0.13256183448,0.00188769314465,0.107422285375,5,1
375,2017-11-04,4629,4,4,103.0,13.0,1339.0,11.1589038533,5346.0,1.84109614665,2.34109614665,1.19871495421,0.164988978384,1.53589153133,0.253405174663,0.107422285375,5,1
376,2017-11-04,4629,4,4,132.0,13.0,1716.0,11.1589038533,5346.0,1.84109614665,2.34109614665,1.19871495421,0.164988978384,1.53589153133,0.253405174663,0.107422285375,5,1
377,2017-11-04,4629,4,4,45.0,12.0,540.0,11.1589038533,5346.0,0.841096146652,2.34109614665,1.19871495421,0.0753744415854,0.701664848426,0.0528875961302,0.107422285375,5,1
378,2017-11-04,4629,4,4,75.0,10.0,750.0,11.1589038533,5346.0,1.15890385335,2.34109614665,1.19871495421,0.103854632012,0.966788517385,0.100405465707,0.107422285375,5,1
379,2017-11-04,4789,4,5,260.0,17.0,4420.0,17.0,1322.0,0.0,0.0,0.0,0.0,,,0.0,1,1
380,2017-11-04,4789,4,5,140.0,17.0,2380.0,17.0,1322.0,0.0,0.0,0.0,0.0,,,0.0,1,1
381,2017-11-04,4789,4,5,60.0,17.0,1020.0,17.0,1322.0,0.0,0.0,0.0,0.0,,,0.0,1,1
382,2017-11-04,4789,4,5,104.0,17.0,1768.0,17.0,1322.0,0.0,0.0,0.0,0.0,,,0.0,1,1
383,2017-11-04,4789,4,5,210.0,17.0,3570.0,17.0,1322.0,0.0,0.0,0.0,0.0,,,0.0,1,1
384,2017-11-04,4789,4,5,250.0,17.0,4250.0,17.0,1322.0,0.0,0.0,0.0,0.0,,,0.0,1,1
385,2017-11-04,4789,4,5,150.0,17.0,2550.0,17.0,1322.0,0.0,0.0,0.0,0.0,,,0.0,1,1
386,2017-11-04,4856,4,5,26.0,17.0,442.0,17.0,1322.0,0.0,0.0,0.0,0.0,,,0.0,1,1
387,2017-11-04,4856,4,5,122.0,17.0,2074.0,17.0,1322.0,0.0,0.0,0.0,0.0,,,0.0,1,1
388,2017-11-04,4130,7,4,125.0,20.0,2500.0,20.0,2249.0,0.0,0.0,0.0,0.0,,,0.0,1,1
389,2017-11-04,4130,7,4,275.0,20.0,5500.0,20.0,2249.0,0.0,0.0,0.0,0.0,,,0.0,1,1
390,2017-11-04,4130,7,4,176.0,20.0,3520.0,20.0,2249.0,0.0,0.0,0.0,0.0,,,0.0,1,1
391,2017-11-04,4130,7,4,288.0,20.0,5760.0,20.0,2249.0,0.0,0.0,0.0,0.0,,,0.0,1,1
392,2017-11-04,4130,7,4,278.0,20.0,5560.0,20.0,2249.0,0.0,0.0,0.0,0.0,,,0.0,1,1
393,2017-11-04,4130,7,4,180.0,20.0,3600.0,20.0,2249.0,0.0,0.0,0.0,0.0,,,0.0,1,1
394,2017-11-04,4130,7,4,155.0,20.0,3100.0,20.0,2249.0,0.0,0.0,0.0,0.0,,,0.0,1,1
395,2017-11-04,4130,7,4,192.0,20.0,3840.0,20.0,2249.0,0.0,0.0,0.0,0.0,,,0.0,1,1
396,2017-11-04,4130,7,4,165.0,20.0,3300.0,20.0,2249.0,0.0,0.0,0.0,0.0,,,0.0,1,1
397,2017-11-04,4130,7,4,164.0,20.0,3280.0,20.0,2249.0,0.0,0.0,0.0,0.0,,,0.0,1,1
398,2017-11-04,4130,7,4,185.0,20.0,3700.0,20.0,2249.0,0.0,0.0,0.0,0.0,,,0.0,1,1
399,2017-11-04,4130,7,4,66.0,20.0,1320.0,20.0,2249.0,0.0,0.0,0.0,0.0,,,0.0,1,1
400,2017-11-04,4005,7,5,217.0,19.0,4123.0,19.0,217.0,0.0,0.0,0.0,0.0,,,0.0,1,1
401,2017-11-04,4008,8,3,415.0,14.0,5810.0,14.8919392523,1712.0,0.891939252336,1.10806074766,0.971861339698,0.0598940968817,0.917763898926,0.0549686398768,0.0652608987473,1,1
402,2017-11-04,4008,8,3,167.0,14.0,2338.0,14.8919392523,1712.0,0.891939252336,1.10806074766,0.971861339698,0.0598940968817,0.917763898926,0.0549686398768,0.0652608987473,1,1
403,2017-11-04,4008,8,3,329.0,14.0,4606.0,14.8919392523,1712.0,0.891939252336,1.10806074766,0.971861339698,0.0598940968817,0.917763898926,0.0549686398768,0.0652608987473,1,1
404,2017-11-04,4008,8,3,75.0,15.0,1125.0,14.8919392523,1712.0,0.108060747664,1.10806074766,0.971861339698,0.00725632476956,0.1111894704,0.00080682690818,0.0652608987473,1,1
405,2017-11-04,4489,8,3,310.0,16.0,4960.0,14.8919392523,1712.0,1.10806074766,1.10806074766,0.971861339698,0.0744067464209,1.14014283973,0.0848343191591,0.0652608987473,1,1
406,2017-11-04,4489,8,3,416.0,16.0,6656.0,14.8919392523,1712.0,1.10806074766,1.10806074766,0.971861339698,0.0744067464209,1.14014283973,0.0848343191591,0.0652608987473,1,1
407,2017-11-04,4008,8,4,154.0,20.0,3080.0,19.5655013446,2603.0,0.434498655398,0.565501344602,0.49569100643,0.0222073867541,0.876551419658,0.0194659163862,0.025334950416,1,1
408,2017-11-04,4008,8,4,311.0,20.0,6220.0,19.5655013446,2603.0,0.434498655398,0.565501344602,0.49569100643,0.0222073867541,0.876551419658,0.0194659163862,0.025334950416,1,1
409,2017-11-04,4008,8,4,184.0,19.0,3496.0,19.5655013446,2603.0,0.565501344602,0.565501344602,0.49569100643,0.0289029825836,1.14083438527,0.0329735163681,0.025334950416,1,1
410,2017-11-04,4008,8,4,118.0,20.0,2360.0,19.5655013446,2603.0,0.434498655398,0.565501344602,0.49569100643,0.0222073867541,0.876551419658,0.0194659163862,0.025334950416,1,1
411,2017-11-04,4008,8,4,235.0,19.0,4465.0,19.5655013446,2603.0,0.565501344602,0.565501344602,0.49569100643,0.0289029825836,1.14083438527,0.0329735163681,0.025334950416,1,1
412,2017-11-04,4008,8,4,354.0,20.0,7080.0,19.5655013446,2603.0,0.434498655398,0.565501344602,0.49569100643,0.0222073867541,0.876551419658,0.0194659163862,0.025334950416,1,1
413,2017-11-04,4488,8,4,98.0,20.0,1960.0,19.5655013446,2603.0,0.434498655398,0.565501344602,0.49569100643,0.0222073867541,0.876551419658,0.0194659163862,0.025334950416,1,1
414,2017-11-04,4489,8,4,70.0,19.0,1330.0,19.5655013446,2603.0,0.565501344602,0.565501344602,0.49569100643,0.0289029825836,1.14083438527,0.0329735163681,0.025334950416,1,1
415,2017-11-04,4489,8,4,162.0,20.0,3240.0,19.5655013446,2603.0,0.434498655398,0.565501344602,0.49569100643,0.0222073867541,0.876551419658,0.0194659163862,0.025334950416,1,1
416,2017-11-04,4489,8,4,65.0,20.0,1300.0,19.5655013446,2603.0,0.434498655398,0.565501344602,0.49569100643,0.0222073867541,0.876551419658,0.0194659163862,0.025334950416,1,1
417,2017-11-04,4489,8,4,210.0,20.0,4200.0,19.5655013446,2603.0,0.434498655398,0.565501344602,0.49569100643,0.0222073867541,0.876551419658,0.0194659163862,0.025334950416,1,1
418,2017-11-04,4489,8,4,180.0,19.0,3420.0,19.5655013446,2603.0,0.565501344602,0.565501344602,0.49569100643,0.0289029825836,1.14083438527,0.0329735163681,0.025334950416,1,1
419,2017-11-04,4489,8,4,335.0,19.0,6365.0,19.5655013446,2603.0,0.565501344602,0.565501344602,0.49569100643,0.0289029825836,1.14083438527,0.0329735163681,0.025334950416,1,1
420,2017-11-04,4489,8,4,127.0,19.0,2413.0,19.5655013446,2603.0,0.565501344602,0.565501344602,0.49569100643,0.0289029825836,1.14083438527,0.0329735163681,0.025334950416,1,1
421,2017-11-04,4128,8,5,70.0,20.0,1400.0,20.0,237.0,0.0,0.0,0.0,0.0,,,0.0,1,1
422,2017-11-04,4128,8,5,87.0,20.0,1740.0,20.0,237.0,0.0,0.0,0.0,0.0,,,0.0,1,1
423,2017-11-04,4489,8,5,80.0,20.0,1600.0,20.0,237.0,0.0,0.0,0.0,0.0,,,0.0,1,1
424,2017-11-04,4127,9,3,219.0,18.0,3942.0,18.0,219.0,0.0,0.0,0.0,0.0,,,0.0,1,1
425,2017-11-04,3917,9,4,134.0,20.0,2680.0,20.0,4687.5,0.0,0.0,0.0,0.0,,,0.0,1,1
426,2017-11-04,3917,9,4,204.0,20.0,4080.0,20.0,4687.5,0.0,0.0,0.0,0.0,,,0.0,1,1
427,2017-11-04,4127,9,4,32.0,20.0,640.0,20.0,4687.5,0.0,0.0,0.0,0.0,,,0.0,1,1
428,2017-11-04,4127,9,4,68.0,20.0,1360.0,20.0,4687.5,0.0,0.0,0.0,0.0,,,0.0,1,1
429,2017-11-04,4127,9,4,89.0,20.0,1780.0,20.0,4687.5,0.0,0.0,0.0,0.0,,,0.0,1,1
430,2017-11-04,4127,9,4,19.0,20.0,380.0,20.0,4687.5,0.0,0.0,0.0,0.0,,,0.0,1,1
431,2017-11-04,4127,9,4,24.0,20.0,480.0,20.0,4687.5,0.0,0.0,0.0,0.0,,,0.0,1,1
432,2017-11-04,4127,9,4,199.0,20.0,3980.0,20.0,4687.5,0.0,0.0,0.0,0.0,,,0.0,1,1
433,2017-11-04,4127,9,4,642.0,20.0,12840.0,20.0,4687.5,0.0,0.0,0.0,0.0,,,0.0,1,1
434,2017-11-04,4127,9,4,475.0,20.0,9500.0,20.0,4687.5,0.0,0.0,0.0,0.0,,,0.0,1,1
435,2017-11-04,4127,9,4,987.0,20.0,19740.0,20.0,4687.5,0.0,0.0,0.0,0.0,,,0.0,1,1
436,2017-11-04,4127,9,4,42.0,20.0,840.0,20.0,4687.5,0.0,0.0,0.0,0.0,,,0.0,1,1
437,2017-11-04,4127,9,4,28.0,20.0,560.0,20.0,4687.5,0.0,0.0,0.0,0.0,,,0.0,1,1
438,2017-11-04,4127,9,4,20.0,20.0,400.0,20.0,4687.5,0.0,0.0,0.0,0.0,,,0.0,1,1
439,2017-11-04,4127,9,4,47.5,20.0,950.0,20.0,4687.5,0.0,0.0,0.0,0.0,,,0.0,1,1
440,2017-11-04,4127,9,4,184.0,20.0,3680.0,20.0,4687.5,0.0,0.0,0.0,0.0,,,0.0,1,1
441,2017-11-04,4127,9,4,353.0,20.0,7060.0,20.0,4687.5,0.0,0.0,0.0,0.0,,,0.0,1,1
442,2017-11-04,4127,9,4,1140.0,20.0,22800.0,20.0,4687.5,0.0,0.0,0.0,0.0,,,0.0,1,1
443,2017-11-04,4127,9,5,18.0,21.0,378.0,21.0,18.0,0.0,0.0,0.0,0.0,,,0.0,1,1
444,2017-11-04,2586,12,4,210.0,23.0,4830.0,23.0,725.0,0.0,0.0,0.0,0.0,,,0.0,1,1
445,2017-11-04,2586,12,4,185.0,23.0,4255.0,23.0,725.0,0.0,0.0,0.0,0.0,,,0.0,1,1
446,2017-11-04,2586,12,4,195.0,23.0,4485.0,23.0,725.0,0.0,0.0,0.0,0.0,,,0.0,1,1
447,2017-11-04,2586,12,4,135.0,23.0,3105.0,23.0,725.0,0.0,0.0,0.0,0.0,,,0.0,1,1
448,2017-11-04,2946,12,5,20.0,21.0,420.0,21.0,20.0,0.0,0.0,0.0,0.0,,,0.0,1,1
449,2017-11-04,4503,14,4,310.0,13.0,4030.0,13.0,310.0,0.0,0.0,0.0,0.0,,,0.0,1,1
450,2017-11-04,4511,15,4,135.0,25.0,3375.0,25.0,135.0,0.0,0.0,0.0,0.0,,,0.0,1,1
451,2017-11-04,4844,16,4,2000.0,28.0,56000.0,28.0,13000.0,0.0,0.0,0.0,0.0,,,0.0,1,1
452,2017-11-04,4844,16,4,4000.0,28.0,112000.0,28.0,13000.0,0.0,0.0,0.0,0.0,,,0.0,1,1
453,2017-11-04,4844,16,4,3000.0,28.0,84000.0,28.0,13000.0,0.0,0.0,0.0,0.0,,,0.0,1,1
454,2017-11-04,4844,16,4,2000.0,28.0,56000.0,28.0,13000.0,0.0,0.0,0.0,0.0,,,0.0,1,1
455,2017-11-04,4844,16,4,2000.0,28.0,56000.0,28.0,13000.0,0.0,0.0,0.0,0.0,,,0.0,1,1
456,2017-11-04,4797,16,5,239.0,21.0,5019.0,21.0,239.0,0.0,0.0,0.0,0.0,,,0.0,1,1
457,2017-11-04,4354,22,4,35.0,10.0,350.0,10.2781159885,1560.5,0.278115988465,0.278115988465,0.248413951284,0.0270590435813,1.11956670319,0.0302944042137,0.024169210735,1,1
458,2017-11-04,4478,22,4,76.0,10.0,760.0,10.2781159885,1560.5,0.278115988465,0.278115988465,0.248413951284,0.0270590435813,1.11956670319,0.0302944042137,0.024169210735,1,1
459,2017-11-04,4478,22,4,42.0,10.5,441.0,10.2781159885,1560.5,0.221884011535,0.278115988465,0.248413951284,0.0215880042397,0.893202698108,0.0192824636336,0.024169210735,1,1
460,2017-11-04,4478,22,4,79.0,10.0,790.0,10.2781159885,1560.5,0.278115988465,0.278115988465,0.248413951284,0.0270590435813,1.11956670319,0.0302944042137,0.024169210735,1,1
461,2017-11-04,4478,22,4,77.0,10.0,770.0,10.2781159885,1560.5,0.278115988465,0.278115988465,0.248413951284,0.0270590435813,1.11956670319,0.0302944042137,0.024169210735,1,1
462,2017-11-04,4478,22,4,83.0,10.5,871.5,10.2781159885,1560.5,0.221884011535,0.278115988465,0.248413951284,0.0215880042397,0.893202698108,0.0192824636336,0.024169210735,1,1
463,2017-11-04,4478,22,4,118.0,10.0,1180.0,10.2781159885,1560.5,0.278115988465,0.278115988465,0.248413951284,0.0270590435813,1.11956670319,0.0302944042137,0.024169210735,1,1
464,2017-11-04,4478,22,4,136.0,10.5,1428.0,10.2781159885,1560.5,0.221884011535,0.278115988465,0.248413951284,0.0215880042397,0.893202698108,0.0192824636336,0.024169210735,1,1
465,2017-11-04,4478,22,4,120.0,10.5,1260.0,10.2781159885,1560.5,0.221884011535,0.278115988465,0.248413951284,0.0215880042397,0.893202698108,0.0192824636336,0.024169210735,1,1
466,2017-11-04,4478,22,4,72.0,10.0,720.0,10.2781159885,1560.5,0.278115988465,0.278115988465,0.248413951284,0.0270590435813,1.11956670319,0.0302944042137,0.024169210735,1,1
467,2017-11-04,4478,22,4,82.5,10.0,825.0,10.2781159885,1560.5,0.278115988465,0.278115988465,0.248413951284,0.0270590435813,1.11956670319,0.0302944042137,0.024169210735,1,1
468,2017-11-04,4478,22,4,75.0,10.5,787.5,10.2781159885,1560.5,0.221884011535,0.278115988465,0.248413951284,0.0215880042397,0.893202698108,0.0192824636336,0.024169210735,1,1
469,2017-11-04,4478,22,4,41.0,10.0,410.0,10.2781159885,1560.5,0.278115988465,0.278115988465,0.248413951284,0.0270590435813,1.11956670319,0.0302944042137,0.024169210735,1,1
470,2017-11-04,4478,22,4,36.0,10.5,378.0,10.2781159885,1560.5,0.221884011535,0.278115988465,0.248413951284,0.0215880042397,0.893202698108,0.0192824636336,0.024169210735,1,1
471,2017-11-04,4478,22,4,38.0,10.5,399.0,10.2781159885,1560.5,0.221884011535,0.278115988465,0.248413951284,0.0215880042397,0.893202698108,0.0192824636336,0.024169210735,1,1
472,2017-11-04,4478,22,4,73.0,10.5,766.5,10.2781159885,1560.5,0.221884011535,0.278115988465,0.248413951284,0.0215880042397,0.893202698108,0.0192824636336,0.024169210735,1,1
473,2017-11-04,4478,22,4,72.0,10.0,720.0,10.2781159885,1560.5,0.278115988465,0.278115988465,0.248413951284,0.0270590435813,1.11956670319,0.0302944042137,0.024169210735,1,1
474,2017-11-04,4478,22,4,72.0,10.5,756.0,10.2781159885,1560.5,0.221884011535,0.278115988465,0.248413951284,0.0215880042397,0.893202698108,0.0192824636336,0.024169210735,1,1
475,2017-11-04,4478,22,4,118.0,10.5,1239.0,10.2781159885,1560.5,0.221884011535,0.278115988465,0.248413951284,0.0215880042397,0.893202698108,0.0192824636336,0.024169210735,1,1
476,2017-11-04,4478,22,4,40.0,10.0,400.0,10.2781159885,1560.5,0.278115988465,0.278115988465,0.248413951284,0.0270590435813,1.11956670319,0.0302944042137,0.024169210735,1,1
477,2017-11-04,4478,22,4,75.0,10.5,787.5,10.2781159885,1560.5,0.221884011535,0.278115988465,0.248413951284,0.0215880042397,0.893202698108,0.0192824636336,0.024169210735,1,1
478,2017-11-04,4478,22,5,62.0,20.0,1240.0,20.0,62.0,0.0,0.0,0.0,0.0,,,0.0,1,1
479,2017-11-04,4129,23,4,156.0,20.0,3120.0,20.0,777.0,0.0,0.0,0.0,0.0,,,0.0,1,1
480,2017-11-04,4129,23,4,81.0,20.0,1620.0,20.0,777.0,0.0,0.0,0.0,0.0,,,0.0,1,1
481,2017-11-04,4129,23,4,185.0,20.0,3700.0,20.0,777.0,0.0,0.0,0.0,0.0,,,0.0,1,1
482,2017-11-04,4129,23,4,201.0,20.0,4020.0,20.0,777.0,0.0,0.0,0.0,0.0,,,0.0,1,1
483,2017-11-04,4129,23,4,154.0,20.0,3080.0,20.0,777.0,0.0,0.0,0.0,0.0,,,0.0,1,1
484,2017-11-04,4162,28,4,218.0,25.0,5450.0,25.0,307.0,0.0,0.0,0.0,0.0,,,0.0,1,1
485,2017-11-04,4162,28,4,89.0,25.0,2225.0,25.0,307.0,0.0,0.0,0.0,0.0,,,0.0,1,1
486,2017-11-04,4162,29,4,147.0,22.0,3234.0,22.0,147.0,0.0,0.0,0.0,0.0,,,0.0,1,1
487,2017-11-04,4162,30,4,83.0,25.0,2075.0,24.4882352941,170.0,0.511764705882,0.511764705882,0.499861572533,0.0208983905837,1.02381285941,0.0213960410205,0.0204123149966,1,1
488,2017-11-04,4162,30,4,87.0,24.0,2088.0,24.4882352941,170.0,0.488235294118,0.511764705882,0.499861572533,0.0199375450396,0.976741003801,0.0194738177553,0.0204123149966,1,1
489,2017-11-04,4807,57,4,430.0,25.0,10750.0,25.0,2440.0,0.0,0.0,0.0,0.0,,,0.0,1,1
490,2017-11-04,4807,57,4,460.0,25.0,11500.0,25.0,2440.0,0.0,0.0,0.0,0.0,,,0.0,1,1
491,2017-11-04,4807,57,4,380.0,25.0,9500.0,25.0,2440.0,0.0,0.0,0.0,0.0,,,0.0,1,1
492,2017-11-04,4807,57,4,410.0,25.0,10250.0,25.0,2440.0,0.0,0.0,0.0,0.0,,,0.0,1,1
493,2017-11-04,4807,57,4,470.0,25.0,11750.0,25.0,2440.0,0.0,0.0,0.0,0.0,,,0.0,1,1
494,2017-11-04,4807,57,4,290.0,25.0,7250.0,25.0,2440.0,0.0,0.0,0.0,0.0,,,0.0,1,1
495,2017-11-04,3917,60,3,348.0,19.0,6612.0,19.0,1339.0,0.0,0.0,0.0,0.0,,,0.0,1,1
496,2017-11-04,3917,60,3,333.0,19.0,6327.0,19.0,1339.0,0.0,0.0,0.0,0.0,,,0.0,1,1
497,2017-11-04,3917,60,3,269.0,19.0,5111.0,19.0,1339.0,0.0,0.0,0.0,0.0,,,0.0,1,1
498,2017-11-04,3917,60,3,389.0,19.0,7391.0,19.0,1339.0,0.0,0.0,0.0,0.0,,,0.0,1,1
499,2017-11-04,3917,63,4,86.0,25.0,2150.0,24.9971524288,5970.0,0.00284757118928,1.00284757119,0.871371547476,0.000113915822908,0.00326791848727,3.72267623673e-07,0.0348588324193,1,1
500,2017-11-04,3917,63,4,129.0,24.0,3096.0,24.9971524288,5970.0,0.997152428811,1.00284757119,0.871371547476,0.03989064081,1.14434816204,0.0456487814937,0.0348588324193,1,1
501,2017-11-04,3917,63,4,131.0,25.0,3275.0,24.9971524288,5970.0,0.00284757118928,1.00284757119,0.871371547476,0.000113915822908,0.00326791848727,3.72267623673e-07,0.0348588324193,1,1
502,2017-11-04,3917,63,4,185.0,26.0,4810.0,24.9971524288,5970.0,1.00284757119,1.00284757119,0.871371547476,0.0401184724558,1.15088399902,0.0461717080144,0.0348588324193,1,1
503,2017-11-04,3917,63,4,266.0,25.0,6650.0,24.9971524288,5970.0,0.00284757118928,1.00284757119,0.871371547476,0.000113915822908,0.00326791848727,3.72267623673e-07,0.0348588324193,1,1
504,2017-11-04,3917,63,4,299.0,26.0,7774.0,24.9971524288,5970.0,1.00284757119,1.00284757119,0.871371547476,0.0401184724558,1.15088399902,0.0461717080144,0.0348588324193,1,1
505,2017-11-04,3917,63,4,729.0,24.0,17496.0,24.9971524288,5970.0,0.997152428811,1.00284757119,0.871371547476,0.03989064081,1.14434816204,0.0456487814937,0.0348588324193,1,1
506,2017-11-04,3917,63,4,889.0,26.0,23114.0,24.9971524288,5970.0,1.00284757119,1.00284757119,0.871371547476,0.0401184724558,1.15088399902,0.0461717080144,0.0348588324193,1,1
507,2017-11-04,3917,63,4,239.0,26.0,6214.0,24.9971524288,5970.0,1.00284757119,1.00284757119,0.871371547476,0.0401184724558,1.15088399902,0.0461717080144,0.0348588324193,1,1
508,2017-11-04,3917,63,4,537.0,26.0,13962.0,24.9971524288,5970.0,1.00284757119,1.00284757119,0.871371547476,0.0401184724558,1.15088399902,0.0461717080144,0.0348588324193,1,1
509,2017-11-04,3917,63,4,299.0,24.0,7176.0,24.9971524288,5970.0,0.997152428811,1.00284757119,0.871371547476,0.03989064081,1.14434816204,0.0456487814937,0.0348588324193,1,1
510,2017-11-04,3917,63,4,109.0,26.0,2834.0,24.9971524288,5970.0,1.00284757119,1.00284757119,0.871371547476,0.0401184724558,1.15088399902,0.0461717080144,0.0348588324193,1,1
511,2017-11-04,3917,63,4,364.0,25.0,9100.0,24.9971524288,5970.0,0.00284757118928,1.00284757119,0.871371547476,0.000113915822908,0.00326791848727,3.72267623673e-07,0.0348588324193,1,1
512,2017-11-04,3917,63,4,239.0,24.0,5736.0,24.9971524288,5970.0,0.997152428811,1.00284757119,0.871371547476,0.03989064081,1.14434816204,0.0456487814937,0.0348588324193,1,1
513,2017-11-04,3917,63,4,343.0,24.0,8232.0,24.9971524288,5970.0,0.997152428811,1.00284757119,0.871371547476,0.03989064081,1.14434816204,0.0456487814937,0.0348588324193,1,1
514,2017-11-04,3917,63,4,321.0,25.0,8025.0,24.9971524288,5970.0,0.00284757118928,1.00284757119,0.871371547476,0.000113915822908,0.00326791848727,3.72267623673e-07,0.0348588324193,1,1
515,2017-11-04,3917,63,4,436.0,24.0,10464.0,24.9971524288,5970.0,0.997152428811,1.00284757119,0.871371547476,0.03989064081,1.14434816204,0.0456487814937,0.0348588324193,1,1
516,2017-11-04,3917,63,4,269.0,25.0,6725.0,24.9971524288,5970.0,0.00284757118928,1.00284757119,0.871371547476,0.000113915822908,0.00326791848727,3.72267623673e-07,0.0348588324193,1,1
517,2017-11-04,4795,63,4,100.0,24.0,2400.0,24.9971524288,5970.0,0.997152428811,1.00284757119,0.871371547476,0.03989064081,1.14434816204,0.0456487814937,0.0348588324193,1,1
518,2017-11-04,3917,63,5,65.0,34.0,2210.0,34.992248062,129.0,0.992248062016,1.00775193798,0.999969953277,0.0283562250775,0.992277876714,0.0281372548116,0.028576899418,1,1
519,2017-11-04,3917,63,5,64.0,36.0,2304.0,34.992248062,129.0,1.00775193798,1.00775193798,0.999969953277,0.0287992910944,1.00778221854,0.0290234134714,0.028576899418,1,1
520,2017-11-04,4801,117,4,85.0,22.0,1870.0,22.0,375.0,0.0,0.0,0.0,0.0,,,0.0,1,1
521,2017-11-04,4801,117,4,85.0,22.0,1870.0,22.0,375.0,0.0,0.0,0.0,0.0,,,0.0,1,1
522,2017-11-04,4801,117,4,55.0,22.0,1210.0,22.0,375.0,0.0,0.0,0.0,0.0,,,0.0,1,1
523,2017-11-04,4801,117,4,150.0,22.0,3300.0,22.0,375.0,0.0,0.0,0.0,0.0,,,0.0,1,1
524,2017-11-04,4798,117,5,40.0,20.0,800.0,20.0,228.0,0.0,0.0,0.0,0.0,,,0.0,1,1
525,2017-11-04,4798,117,5,46.0,20.0,920.0,20.0,228.0,0.0,0.0,0.0,0.0,,,0.0,1,1
526,2017-11-04,4799,117,5,30.0,20.0,600.0,20.0,228.0,0.0,0.0,0.0,0.0,,,0.0,1,1
527,2017-11-04,4799,117,5,33.0,20.0,660.0,20.0,228.0,0.0,0.0,0.0,0.0,,,0.0,1,1
528,2017-11-04,4799,117,5,43.0,20.0,860.0,20.0,228.0,0.0,0.0,0.0,0.0,,,0.0,1,1
529,2017-11-04,4799,117,5,36.0,20.0,720.0,20.0,228.0,0.0,0.0,0.0,0.0,,,0.0,1,1
530,2017-11-04,4802,121,5,48.0,20.0,960.0,20.0,48.0,0.0,0.0,0.0,0.0,,,0.0,1,1
531,2017-11-04,4805,124,4,450.0,12.0,5400.0,12.0,1610.0,0.0,0.0,0.0,0.0,,,0.0,1,1
532,2017-11-04,4805,124,4,128.0,12.0,1536.0,12.0,1610.0,0.0,0.0,0.0,0.0,,,0.0,1,1
533,2017-11-04,4805,124,4,310.0,12.0,3720.0,12.0,1610.0,0.0,0.0,0.0,0.0,,,0.0,1,1
534,2017-11-04,4805,124,4,360.0,12.0,4320.0,12.0,1610.0,0.0,0.0,0.0,0.0,,,0.0,1,1
535,2017-11-04,4805,124,4,362.0,12.0,4344.0,12.0,1610.0,0.0,0.0,0.0,0.0,,,0.0,1,1
536,2017-11-04,4804,125,4,975.0,13.0,12675.0,13.4206586826,6680.0,0.420658682635,0.579341317365,0.493664820864,0.0313441160067,0.85211395436,0.0267087586364,0.036783948727,1,1
537,2017-11-04,4804,125,4,670.0,13.0,8710.0,13.4206586826,6680.0,0.420658682635,0.579341317365,0.493664820864,0.0313441160067,0.85211395436,0.0267087586364,0.036783948727,1,1
538,2017-11-04,4804,125,4,477.0,13.0,6201.0,13.4206586826,6680.0,0.420658682635,0.579341317365,0.493664820864,0.0313441160067,0.85211395436,0.0267087586364,0.036783948727,1,1
539,2017-11-04,4804,125,4,500.0,14.0,7000.0,13.4206586826,6680.0,0.579341317365,0.579341317365,0.493664820864,0.0431678750697,1.1735519585,0.0506597443321,0.036783948727,1,1
540,2017-11-04,4804,125,4,868.0,13.0,11284.0,13.4206586826,6680.0,0.420658682635,0.579341317365,0.493664820864,0.0313441160067,0.85211395436,0.0267087586364,0.036783948727,1,1
541,2017-11-04,4804,125,4,880.0,13.0,11440.0,13.4206586826,6680.0,0.420658682635,0.579341317365,0.493664820864,0.0313441160067,0.85211395436,0.0267087586364,0.036783948727,1,1
542,2017-11-04,4804,125,4,1370.0,14.0,19180.0,13.4206586826,6680.0,0.579341317365,0.579341317365,0.493664820864,0.0431678750697,1.1735519585,0.0506597443321,0.036783948727,1,1
543,2017-11-04,4804,125,4,940.0,14.0,13160.0,13.4206586826,6680.0,0.579341317365,0.579341317365,0.493664820864,0.0431678750697,1.1735519585,0.0506597443321,0.036783948727,1,1
544,2017-11-04,4817,128,3,280.0,20.0,5600.0,20.0,280.0,0.0,0.0,0.0,0.0,,,0.0,1,1
545,2017-11-04,4817,128,4,160.0,20.0,3200.0,20.0,160.0,0.0,0.0,0.0,0.0,,,0.0,1,1
546,2017-11-04,4845,151,4,200.0,10.0,2000.0,10.0,1800.0,0.0,0.0,0.0,0.0,,,0.0,1,1
547,2017-11-04,4845,151,4,600.0,10.0,6000.0,10.0,1800.0,0.0,0.0,0.0,0.0,,,0.0,1,1
548,2017-11-04,4845,151,4,700.0,10.0,7000.0,10.0,1800.0,0.0,0.0,0.0,0.0,,,0.0,1,1
549,2017-11-04,4845,151,4,300.0,10.0,3000.0,10.0,1800.0,0.0,0.0,0.0,0.0,,,0.0,1,1
550,2017-11-04,4845,151,5,200.0,20.0,4000.0,20.0,520.0,0.0,0.0,0.0,0.0,,,0.0,1,1
551,2017-11-04,4845,151,5,210.0,20.0,4200.0,20.0,520.0,0.0,0.0,0.0,0.0,,,0.0,1,1
552,2017-11-04,4845,151,5,50.0,20.0,1000.0,20.0,520.0,0.0,0.0,0.0,0.0,,,0.0,1,1
553,2017-11-04,4845,151,5,60.0,20.0,1200.0,20.0,520.0,0.0,0.0,0.0,0.0,,,0.0,1,1
554,2017-11-05,4489,1,3,34616.0,16.0,553856.0,16.0,34616.0,0.0,0.0,0.0,0.0,,,0.0,1,1
555,2017-11-05,4130,1,4,150.0,20.0,3000.0,20.0,1075.0,0.0,0.0,0.0,0.0,,,0.0,1,1
556,2017-11-05,4130,1,4,125.0,20.0,2500.0,20.0,1075.0,0.0,0.0,0.0,0.0,,,0.0,1,1
557,2017-11-05,4806,1,4,200.0,20.0,4000.0,20.0,1075.0,0.0,0.0,0.0,0.0,,,0.0,1,1
558,2017-11-05,4806,1,4,600.0,20.0,12000.0,20.0,1075.0,0.0,0.0,0.0,0.0,,,0.0,1,1
559,2017-11-05,4787,1,5,84.0,16.0,1344.0,16.0,120.5,0.0,0.0,0.0,0.0,,,0.0,1,1
560,2017-11-05,4787,1,5,21.5,16.0,344.0,16.0,120.5,0.0,0.0,0.0,0.0,,,0.0,1,1
561,2017-11-05,4787,1,5,15.0,16.0,240.0,16.0,120.5,0.0,0.0,0.0,0.0,,,0.0,1,1
562,2017-11-05,2585,3,4,740.0,13.0,9620.0,12.3106192489,4021.0,0.689380751057,0.689380751057,0.462747156803,0.0559988687097,1.48975685949,0.083424698784,0.0375892672371,1,1
563,2017-11-05,4536,3,4,734.0,12.0,8808.0,12.3106192489,4021.0,0.310619248943,0.689380751057,0.462747156803,0.0252318134987,0.67125047529,0.0169368668034,0.0375892672371,1,1
564,2017-11-05,4536,3,4,738.0,12.0,8856.0,12.3106192489,4021.0,0.310619248943,0.689380751057,0.462747156803,0.0252318134987,0.67125047529,0.0169368668034,0.0375892672371,1,1
565,2017-11-05,4808,3,4,509.0,13.0,6617.0,12.3106192489,4021.0,0.689380751057,0.689380751057,0.462747156803,0.0559988687097,1.48975685949,0.083424698784,0.0375892672371,1,1
566,2017-11-05,4810,3,4,1300.0,12.0,15600.0,12.3106192489,4021.0,0.310619248943,0.689380751057,0.462747156803,0.0252318134987,0.67125047529,0.0169368668034,0.0375892672371,1,1
567,2017-11-05,2749,3,5,170.0,23.0,3910.0,22.389957265,936.0,0.610042735043,0.610042735043,0.487740296125,0.0272462661641,1.25075319773,0.034078354531,0.0217838868718,1,1
568,2017-11-05,2749,3,5,180.0,23.0,4140.0,22.389957265,936.0,0.610042735043,0.610042735043,0.487740296125,0.0272462661641,1.25075319773,0.034078354531,0.0217838868718,1,1
569,2017-11-05,4269,3,5,65.0,22.0,1430.0,22.389957265,936.0,0.389957264957,0.610042735043,0.487740296125,0.0174166149735,0.799518243736,0.0139249014155,0.0217838868718,1,1
570,2017-11-05,4269,3,5,209.0,22.0,4598.0,22.389957265,936.0,0.389957264957,0.610042735043,0.487740296125,0.0174166149735,0.799518243736,0.0139249014155,0.0217838868718,1,1
571,2017-11-05,4269,3,5,15.0,23.0,345.0,22.389957265,936.0,0.610042735043,0.610042735043,0.487740296125,0.0272462661641,1.25075319773,0.034078354531,0.0217838868718,1,1
572,2017-11-05,4269,3,5,165.0,22.0,3630.0,22.389957265,936.0,0.389957264957,0.610042735043,0.487740296125,0.0174166149735,0.799518243736,0.0139249014155,0.0217838868718,1,1
573,2017-11-05,4269,3,5,132.0,22.0,2904.0,22.389957265,936.0,0.389957264957,0.610042735043,0.487740296125,0.0174166149735,0.799518243736,0.0139249014155,0.0217838868718,1,1
574,2017-11-05,2286,4,3,1245.0,17.0,21165.0,17.1991300145,2069.0,0.1991300145,0.3008699855,0.244769778721,0.0115779120416,0.813540035621,0.00941909497473,0.0142315209266,1,1
575,2017-11-05,2286,4,3,824.0,17.5,14420.0,17.1991300145,2069.0,0.3008699855,0.3008699855,0.244769778721,0.0174933258395,1.22919580625,0.0215027227593,0.0142315209266,1,1
576,2017-11-05,4495,4,4,62.0,11.0,682.0,10.9837662338,3080.0,0.0162337662338,1.01623376623,0.632632182094,0.00147797812592,0.0256606709131,3.79259103061e-05,0.0575970180564,1,1
577,2017-11-05,4495,4,4,50.0,12.0,600.0,10.9837662338,3080.0,1.01623376623,1.01623376623,0.632632182094,0.0925214306828,1.60635799916,0.148622540271,0.0575970180564,1,1
578,2017-11-05,4495,4,4,74.0,10.0,740.0,10.9837662338,3080.0,0.983766233766,1.01623376623,0.632632182094,0.089565474431,1.55503665734,0.139277595972,0.0575970180564,1,1
579,2017-11-05,4495,4,4,244.0,10.0,2440.0,10.9837662338,3080.0,0.983766233766,1.01623376623,0.632632182094,0.089565474431,1.55503665734,0.139277595972,0.0575970180564,1,1
580,2017-11-05,4495,4,4,102.0,11.0,1122.0,10.9837662338,3080.0,0.0162337662338,1.01623376623,0.632632182094,0.00147797812592,0.0256606709131,3.79259103061e-05,0.0575970180564,1,1
581,2017-11-05,4495,4,4,88.0,10.0,880.0,10.9837662338,3080.0,0.983766233766,1.01623376623,0.632632182094,0.089565474431,1.55503665734,0.139277595972,0.0575970180564,1,1
582,2017-11-05,4495,4,4,92.0,12.0,1104.0,10.9837662338,3080.0,1.01623376623,1.01623376623,0.632632182094,0.0925214306828,1.60635799916,0.148622540271,0.0575970180564,1,1
583,2017-11-05,4495,4,4,350.0,11.0,3850.0,10.9837662338,3080.0,0.0162337662338,1.01623376623,0.632632182094,0.00147797812592,0.0256606709131,3.79259103061e-05,0.0575970180564,1,1
584,2017-11-05,4495,4,4,50.0,10.0,500.0,10.9837662338,3080.0,0.983766233766,1.01623376623,0.632632182094,0.089565474431,1.55503665734,0.139277595972,0.0575970180564,1,1
585,2017-11-05,4495,4,4,74.0,11.0,814.0,10.9837662338,3080.0,0.0162337662338,1.01623376623,0.632632182094,0.00147797812592,0.0256606709131,3.79259103061e-05,0.0575970180564,1,1
586,2017-11-05,4495,4,4,51.0,11.0,561.0,10.9837662338,3080.0,0.0162337662338,1.01623376623,0.632632182094,0.00147797812592,0.0256606709131,3.79259103061e-05,0.0575970180564,1,1
587,2017-11-05,4495,4,4,82.0,11.0,902.0,10.9837662338,3080.0,0.0162337662338,1.01623376623,0.632632182094,0.00147797812592,0.0256606709131,3.79259103061e-05,0.0575970180564,1,1
588,2017-11-05,4629,4,4,110.0,11.0,1210.0,10.9837662338,3080.0,0.0162337662338,1.01623376623,0.632632182094,0.00147797812592,0.0256606709131,3.79259103061e-05,0.0575970180564,1,1
589,2017-11-05,4629,4,4,86.0,12.0,1032.0,10.9837662338,3080.0,1.01623376623,1.01623376623,0.632632182094,0.0925214306828,1.60635799916,0.148622540271,0.0575970180564,1,1
590,2017-11-05,4629,4,4,102.0,11.0,1122.0,10.9837662338,3080.0,0.0162337662338,1.01623376623,0.632632182094,0.00147797812592,0.0256606709131,3.79259103061e-05,0.0575970180564,1,1
591,2017-11-05,4629,4,4,212.0,11.0,2332.0,10.9837662338,3080.0,0.0162337662338,1.01623376623,0.632632182094,0.00147797812592,0.0256606709131,3.79259103061e-05,0.0575970180564,1,1
592,2017-11-05,4629,4,4,115.0,12.0,1380.0,10.9837662338,3080.0,1.01623376623,1.01623376623,0.632632182094,0.0925214306828,1.60635799916,0.148622540271,0.0575970180564,1,1
593,2017-11-05,4629,4,4,256.0,10.5,2688.0,10.9837662338,3080.0,0.483766233766,1.01623376623,0.632632182094,0.0440437481525,0.764687993211,0.0336797253883,0.0575970180564,1,1
594,2017-11-05,4629,4,4,167.0,12.0,2004.0,10.9837662338,3080.0,1.01623376623,1.01623376623,0.632632182094,0.0925214306828,1.60635799916,0.148622540271,0.0575970180564,1,1
595,2017-11-05,4629,4,4,68.0,10.5,714.0,10.9837662338,3080.0,0.483766233766,1.01623376623,0.632632182094,0.0440437481525,0.764687993211,0.0336797253883,0.0575970180564,1,1
596,2017-11-05,4629,4,4,226.0,11.0,2486.0,10.9837662338,3080.0,0.0162337662338,1.01623376623,0.632632182094,0.00147797812592,0.0256606709131,3.79259103061e-05,0.0575970180564,1,1
597,2017-11-05,4629,4,4,104.0,11.5,1196.0,10.9837662338,3080.0,0.516233766234,1.01623376623,0.632632182094,0.0469997044044,0.816009335038,0.038352197538,0.0575970180564,1,1
598,2017-11-05,4629,4,4,206.0,10.5,2163.0,10.9837662338,3080.0,0.483766233766,1.01623376623,0.632632182094,0.0440437481525,0.764687993211,0.0336797253883,0.0575970180564,1,1
599,2017-11-05,4629,4,4,109.0,12.0,1308.0,10.9837662338,3080.0,1.01623376623,1.01623376623,0.632632182094,0.0925214306828,1.60635799916,0.148622540271,0.0575970180564,1,1
600,2017-11-05,4789,4,5,100.0,18.0,1800.0,18.0,910.0,0.0,0.0,0.0,0.0,,,0.0,1,1
601,2017-11-05,4789,4,5,270.0,18.0,4860.0,18.0,910.0,0.0,0.0,0.0,0.0,,,0.0,1,1
602,2017-11-05,4789,4,5,152.0,18.0,2736.0,18.0,910.0,0.0,0.0,0.0,0.0,,,0.0,1,1
603,2017-11-05,4789,4,5,201.0,18.0,3618.0,18.0,910.0,0.0,0.0,0.0,0.0,,,0.0,1,1
604,2017-11-05,4789,4,5,187.0,18.0,3366.0,18.0,910.0,0.0,0.0,0.0,0.0,,,0.0,1,1
605,2017-11-05,4808,7,3,573.0,15.0,8595.0,13.9744897959,1176.0,1.02551020408,1.02551020408,0.999674561789,0.0733844468784,1.02584405294,0.0752809984082,0.0715356751043,1,1
606,2017-11-05,4808,7,3,603.0,13.0,7839.0,13.9744897959,1176.0,0.974489795918,1.02551020408,0.999674561789,0.069733479372,0.974807035376,0.0679766862931,0.0715356751043,1,1
607,2017-11-05,4130,7,4,145.0,20.0,2900.0,18.9937069224,3337.0,1.00629307761,1.00629307761,0.999980198391,0.0529803414219,1.00631300423,0.0533148065414,0.0526479745358,1,1
608,2017-11-05,4130,7,4,308.0,20.0,6160.0,18.9937069224,3337.0,1.00629307761,1.00629307761,0.999980198391,0.0529803414219,1.00631300423,0.0533148065414,0.0526479745358,1,1
609,2017-11-05,4130,7,4,185.0,20.0,3700.0,18.9937069224,3337.0,1.00629307761,1.00629307761,0.999980198391,0.0529803414219,1.00631300423,0.0533148065414,0.0526479745358,1,1
610,2017-11-05,4130,7,4,108.0,20.0,2160.0,18.9937069224,3337.0,1.00629307761,1.00629307761,0.999980198391,0.0529803414219,1.00631300423,0.0533148065414,0.0526479745358,1,1
611,2017-11-05,4130,7,4,127.0,20.0,2540.0,18.9937069224,3337.0,1.00629307761,1.00629307761,0.999980198391,0.0529803414219,1.00631300423,0.0533148065414,0.0526479745358,1,1
612,2017-11-05,4130,7,4,124.0,18.0,2232.0,18.9937069224,3337.0,0.993706922385,1.00629307761,0.999980198391,0.0523176927203,0.993726599771,0.0519894828948,0.0526479745358,1,1
613,2017-11-05,4130,7,4,410.0,18.0,7380.0,18.9937069224,3337.0,0.993706922385,1.00629307761,0.999980198391,0.0523176927203,0.993726599771,0.0519894828948,0.0526479745358,1,1
614,2017-11-05,4130,7,4,260.0,18.0,4680.0,18.9937069224,3337.0,0.993706922385,1.00629307761,0.999980198391,0.0523176927203,0.993726599771,0.0519894828948,0.0526479745358,1,1
615,2017-11-05,4130,7,4,70.0,18.0,1260.0,18.9937069224,3337.0,0.993706922385,1.00629307761,0.999980198391,0.0523176927203,0.993726599771,0.0519894828948,0.0526479745358,1,1
616,2017-11-05,4130,7,4,120.0,18.0,2160.0,18.9937069224,3337.0,0.993706922385,1.00629307761,0.999980198391,0.0523176927203,0.993726599771,0.0519894828948,0.0526479745358,1,1
617,2017-11-05,4130,7,4,135.0,18.0,2430.0,18.9937069224,3337.0,0.993706922385,1.00629307761,0.999980198391,0.0523176927203,0.993726599771,0.0519894828948,0.0526479745358,1,1
618,2017-11-05,4130,7,4,240.0,18.0,4320.0,18.9937069224,3337.0,0.993706922385,1.00629307761,0.999980198391,0.0523176927203,0.993726599771,0.0519894828948,0.0526479745358,1,1
619,2017-11-05,4130,7,4,105.0,18.0,1890.0,18.9937069224,3337.0,0.993706922385,1.00629307761,0.999980198391,0.0523176927203,0.993726599771,0.0519894828948,0.0526479745358,1,1
620,2017-11-05,4130,7,4,310.0,20.0,6200.0,18.9937069224,3337.0,1.00629307761,1.00629307761,0.999980198391,0.0529803414219,1.00631300423,0.0533148065414,0.0526479745358,1,1
621,2017-11-05,4130,7,4,180.0,20.0,3600.0,18.9937069224,3337.0,1.00629307761,1.00629307761,0.999980198391,0.0529803414219,1.00631300423,0.0533148065414,0.0526479745358,1,1
622,2017-11-05,4130,7,4,175.0,20.0,3500.0,18.9937069224,3337.0,1.00629307761,1.00629307761,0.999980198391,0.0529803414219,1.00631300423,0.0533148065414,0.0526479745358,1,1
623,2017-11-05,4130,7,4,120.0,20.0,2400.0,18.9937069224,3337.0,1.00629307761,1.00629307761,0.999980198391,0.0529803414219,1.00631300423,0.0533148065414,0.0526479745358,1,1
624,2017-11-05,4130,7,4,215.0,18.0,3870.0,18.9937069224,3337.0,0.993706922385,1.00629307761,0.999980198391,0.0523176927203,0.993726599771,0.0519894828948,0.0526479745358,1,1
625,2017-11-05,4005,7,5,176.0,20.0,3520.0,20.0,596.0,0.0,0.0,0.0,0.0,,,0.0,1,1
626,2017-11-05,4005,7,5,112.0,20.0,2240.0,20.0,596.0,0.0,0.0,0.0,0.0,,,0.0,1,1
627,2017-11-05,4005,7,5,94.0,20.0,1880.0,20.0,596.0,0.0,0.0,0.0,0.0,,,0.0,1,1
628,2017-11-05,4005,7,5,214.0,20.0,4280.0,20.0,596.0,0.0,0.0,0.0,0.0,,,0.0,1,1
629,2017-11-05,4008,8,3,316.0,14.0,4424.0,14.0,877.0,0.0,0.0,0.0,0.0,,,0.0,1,1
630,2017-11-05,4008,8,3,405.0,14.0,5670.0,14.0,877.0,0.0,0.0,0.0,0.0,,,0.0,1,1
631,2017-11-05,4008,8,3,156.0,14.0,2184.0,14.0,877.0,0.0,0.0,0.0,0.0,,,0.0,1,1
632,2017-11-05,4008,8,4,145.0,20.0,2900.0,19.4573234984,1898.0,0.542676501581,0.542676501581,0.498175387,0.0278906038451,1.08932820798,0.0303820215061,0.0256034899682,1,1
633,2017-11-05,4008,8,4,86.0,20.0,1720.0,19.4573234984,1898.0,0.542676501581,0.542676501581,0.498175387,0.0278906038451,1.08932820798,0.0303820215061,0.0256034899682,1,1
634,2017-11-05,4008,8,4,77.0,20.0,1540.0,19.4573234984,1898.0,0.542676501581,0.542676501581,0.498175387,0.0278906038451,1.08932820798,0.0303820215061,0.0256034899682,1,1
635,2017-11-05,4008,8,4,250.0,20.0,5000.0,19.4573234984,1898.0,0.542676501581,0.542676501581,0.498175387,0.0278906038451,1.08932820798,0.0303820215061,0.0256034899682,1,1
636,2017-11-05,4008,8,4,345.0,19.0,6555.0,19.4573234984,1898.0,0.457323498419,0.542676501581,0.498175387,0.0235039263471,0.917996975268,0.0215765332936,0.0256034899682,1,1
637,2017-11-05,4008,8,4,72.0,20.0,1440.0,19.4573234984,1898.0,0.542676501581,0.542676501581,0.498175387,0.0278906038451,1.08932820798,0.0303820215061,0.0256034899682,1,1
638,2017-11-05,4008,8,4,124.0,20.0,2480.0,19.4573234984,1898.0,0.542676501581,0.542676501581,0.498175387,0.0278906038451,1.08932820798,0.0303820215061,0.0256034899682,1,1
639,2017-11-05,4008,8,4,65.0,19.0,1235.0,19.4573234984,1898.0,0.457323498419,0.542676501581,0.498175387,0.0235039263471,0.917996975268,0.0215765332936,0.0256034899682,1,1
640,2017-11-05,4008,8,4,60.0,20.0,1200.0,19.4573234984,1898.0,0.542676501581,0.542676501581,0.498175387,0.0278906038451,1.08932820798,0.0303820215061,0.0256034899682,1,1
641,2017-11-05,4008,8,4,54.0,20.0,1080.0,19.4573234984,1898.0,0.542676501581,0.542676501581,0.498175387,0.0278906038451,1.08932820798,0.0303820215061,0.0256034899682,1,1
642,2017-11-05,4489,8,4,280.0,19.0,5320.0,19.4573234984,1898.0,0.457323498419,0.542676501581,0.498175387,0.0235039263471,0.917996975268,0.0215765332936,0.0256034899682,1,1
643,2017-11-05,4489,8,4,340.0,19.0,6460.0,19.4573234984,1898.0,0.457323498419,0.542676501581,0.498175387,0.0235039263471,0.917996975268,0.0215765332936,0.0256034899682,1,1
644,2017-11-05,4127,9,3,190.0,16.0,3040.0,16.0,1130.0,0.0,0.0,0.0,0.0,,,0.0,1,1
645,2017-11-05,4127,9,3,940.0,16.0,15040.0,16.0,1130.0,0.0,0.0,0.0,0.0,,,0.0,1,1
646,2017-11-05,4127,9,4,80.0,17.0,1360.0,17.0,4502.5,0.0,0.0,0.0,0.0,,,0.0,1,1
647,2017-11-05,4127,9,4,20.0,17.0,340.0,17.0,4502.5,0.0,0.0,0.0,0.0,,,0.0,1,1
648,2017-11-05,4127,9,4,27.0,17.0,459.0,17.0,4502.5,0.0,0.0,0.0,0.0,,,0.0,1,1
649,2017-11-05,4127,9,4,111.0,17.0,1887.0,17.0,4502.5,0.0,0.0,0.0,0.0,,,0.0,1,1
650,2017-11-05,4127,9,4,19.0,17.0,323.0,17.0,4502.5,0.0,0.0,0.0,0.0,,,0.0,1,1
651,2017-11-05,4127,9,4,16.0,17.0,272.0,17.0,4502.5,0.0,0.0,0.0,0.0,,,0.0,1,1
652,2017-11-05,4127,9,4,29.5,17.0,501.5,17.0,4502.5,0.0,0.0,0.0,0.0,,,0.0,1,1
653,2017-11-05,4127,9,4,38.0,17.0,646.0,17.0,4502.5,0.0,0.0,0.0,0.0,,,0.0,1,1
654,2017-11-05,4127,9,4,66.5,17.0,1130.5,17.0,4502.5,0.0,0.0,0.0,0.0,,,0.0,1,1
655,2017-11-05,4127,9,4,203.0,17.0,3451.0,17.0,4502.5,0.0,0.0,0.0,0.0,,,0.0,1,1
656,2017-11-05,4127,9,4,843.0,17.0,14331.0,17.0,4502.5,0.0,0.0,0.0,0.0,,,0.0,1,1
657,2017-11-05,4127,9,4,548.0,17.0,9316.0,17.0,4502.5,0.0,0.0,0.0,0.0,,,0.0,1,1
658,2017-11-05,4127,9,4,631.0,17.0,10727.0,17.0,4502.5,0.0,0.0,0.0,0.0,,,0.0,1,1
659,2017-11-05,4127,9,4,940.0,17.0,15980.0,17.0,4502.5,0.0,0.0,0.0,0.0,,,0.0,1,1
660,2017-11-05,4127,9,4,811.0,17.0,13787.0,17.0,4502.5,0.0,0.0,0.0,0.0,,,0.0,1,1
661,2017-11-05,4484,9,4,14.5,17.0,246.5,17.0,4502.5,0.0,0.0,0.0,0.0,,,0.0,1,1
662,2017-11-05,4484,9,4,12.0,17.0,204.0,17.0,4502.5,0.0,0.0,0.0,0.0,,,0.0,1,1
663,2017-11-05,4484,9,4,36.0,17.0,612.0,17.0,4502.5,0.0,0.0,0.0,0.0,,,0.0,1,1
664,2017-11-05,4484,9,4,26.0,17.0,442.0,17.0,4502.5,0.0,0.0,0.0,0.0,,,0.0,1,1
665,2017-11-05,4484,9,4,31.0,17.0,527.0,17.0,4502.5,0.0,0.0,0.0,0.0,,,0.0,1,1
666,2017-11-05,4127,9,5,21.0,20.0,420.0,22.1357082273,58.95,2.13570822731,2.13570822731,1.76149723395,0.0964824890796,1.21243916037,0.11697914805,0.0795771798154,1,1
667,2017-11-05,4127,9,5,25.0,24.0,600.0,22.1357082273,58.95,1.86429177269,2.13570822731,1.76149723395,0.0842210131045,1.05835634412,0.0891358435269,0.0795771798154,1,1
668,2017-11-05,4484,9,5,4.2,22.0,92.4,22.1357082273,58.95,0.135708227311,2.13570822731,1.76149723395,0.00613073798759,0.0770414081249,0.000472320687408,0.0795771798154,1,1
669,2017-11-05,4484,9,5,8.75,22.0,192.5,22.1357082273,58.95,0.135708227311,2.13570822731,1.76149723395,0.00613073798759,0.0770414081249,0.000472320687408,0.0795771798154,1,1
670,2017-11-05,2586,12,4,544.0,25.0,13600.0,24.6253122398,1201.0,0.3746877602,0.6253122398,0.484042190884,0.0152155536771,0.774080787287,0.0117780677694,0.0196562864329,1,1
671,2017-11-05,2586,12,4,207.0,25.0,5175.0,24.6253122398,1201.0,0.3746877602,0.6253122398,0.484042190884,0.0152155536771,0.774080787287,0.0117780677694,0.0196562864329,1,1
672,2017-11-05,4520,12,4,450.0,24.0,10800.0,24.6253122398,1201.0,0.6253122398,0.6253122398,0.484042190884,0.02539306847,1.29185482501,0.0328041580246,0.0196562864329,1,1
673,2017-11-05,2946,12,5,126.5,23.0,2909.5,23.0,126.5,0.0,0.0,0.0,0.0,,,0.0,1,1
674,2017-11-05,4503,14,4,1425.0,12.0,17100.0,12.0,1425.0,0.0,0.0,0.0,0.0,,,0.0,1,1
675,2017-11-05,4511,15,4,160.0,22.0,3520.0,22.0,160.0,0.0,0.0,0.0,0.0,,,0.0,1,1
676,2017-11-05,4844,16,4,300.0,26.0,7800.0,26.0,3620.0,0.0,0.0,0.0,0.0,,,0.0,1,1
677,2017-11-05,4844,16,4,350.0,26.0,9100.0,26.0,3620.0,0.0,0.0,0.0,0.0,,,0.0,1,1
678,2017-11-05,4844,16,4,500.0,26.0,13000.0,26.0,3620.0,0.0,0.0,0.0,0.0,,,0.0,1,1
679,2017-11-05,4844,16,4,320.0,26.0,8320.0,26.0,3620.0,0.0,0.0,0.0,0.0,,,0.0,1,1
680,2017-11-05,4844,16,4,500.0,26.0,13000.0,26.0,3620.0,0.0,0.0,0.0,0.0,,,0.0,1,1
681,2017-11-05,4844,16,4,800.0,26.0,20800.0,26.0,3620.0,0.0,0.0,0.0,0.0,,,0.0,1,1
682,2017-11-05,4844,16,4,850.0,26.0,22100.0,26.0,3620.0,0.0,0.0,0.0,0.0,,,0.0,1,1
683,2017-11-05,4797,16,5,185.0,20.0,3700.0,20.0,185.0,0.0,0.0,0.0,0.0,,,0.0,1,1
684,2017-11-05,4804,21,4,520.0,12.0,6240.0,12.0,1670.0,0.0,0.0,0.0,0.0,,,0.0,1,1
685,2017-11-05,4804,21,4,660.0,12.0,7920.0,12.0,1670.0,0.0,0.0,0.0,0.0,,,0.0,1,1
686,2017-11-05,4804,21,4,490.0,12.0,5880.0,12.0,1670.0,0.0,0.0,0.0,0.0,,,0.0,1,1
687,2017-11-05,4354,22,4,70.0,10.0,700.0,10.4032315978,1392.5,0.403231597846,0.596768402154,0.421449544258,0.0387602250371,0.956773125845,0.0370847416672,0.0405114065081,1,1
688,2017-11-05,4478,22,4,102.0,10.0,1020.0,10.4032315978,1392.5,0.403231597846,0.596768402154,0.421449544258,0.0387602250371,0.956773125845,0.0370847416672,0.0405114065081,1,1
689,2017-11-05,4478,22,4,35.0,11.0,385.0,10.4032315978,1392.5,0.596768402154,0.596768402154,0.421449544258,0.0573637524592,1.41599014707,0.0812265082809,0.0405114065081,1,1
690,2017-11-05,4478,22,4,60.0,11.0,660.0,10.4032315978,1392.5,0.596768402154,0.596768402154,0.421449544258,0.0573637524592,1.41599014707,0.0812265082809,0.0405114065081,1,1
691,2017-11-05,4478,22,4,35.5,10.0,355.0,10.4032315978,1392.5,0.403231597846,0.596768402154,0.421449544258,0.0387602250371,0.956773125845,0.0370847416672,0.0405114065081,1,1
692,2017-11-05,4478,22,4,46.0,10.5,483.0,10.4032315978,1392.5,0.0967684021544,0.596768402154,0.421449544258,0.00930176371104,0.22960851061,0.00213576411174,0.0405114065081,1,1
693,2017-11-05,4478,22,4,38.0,10.0,380.0,10.4032315978,1392.5,0.403231597846,0.596768402154,0.421449544258,0.0387602250371,0.956773125845,0.0370847416672,0.0405114065081,1,1
694,2017-11-05,4478,22,4,72.0,10.5,756.0,10.4032315978,1392.5,0.0967684021544,0.596768402154,0.421449544258,0.00930176371104,0.22960851061,0.00213576411174,0.0405114065081,1,1
695,2017-11-05,4478,22,4,45.0,11.0,495.0,10.4032315978,1392.5,0.596768402154,0.596768402154,0.421449544258,0.0573637524592,1.41599014707,0.0812265082809,0.0405114065081,1,1
696,2017-11-05,4478,22,4,138.0,11.0,1518.0,10.4032315978,1392.5,0.596768402154,0.596768402154,0.421449544258,0.0573637524592,1.41599014707,0.0812265082809,0.0405114065081,1,1
697,2017-11-05,4478,22,4,45.0,10.0,450.0,10.4032315978,1392.5,0.403231597846,0.596768402154,0.421449544258,0.0387602250371,0.956773125845,0.0370847416672,0.0405114065081,1,1
698,2017-11-05,4478,22,4,110.0,10.5,1155.0,10.4032315978,1392.5,0.0967684021544,0.596768402154,0.421449544258,0.00930176371104,0.22960851061,0.00213576411174,0.0405114065081,1,1
699,2017-11-05,4478,22,4,45.0,10.0,450.0,10.4032315978,1392.5,0.403231597846,0.596768402154,0.421449544258,0.0387602250371,0.956773125845,0.0370847416672,0.0405114065081,1,1
700,2017-11-05,4478,22,4,145.0,10.0,1450.0,10.4032315978,1392.5,0.403231597846,0.596768402154,0.421449544258,0.0387602250371,0.956773125845,0.0370847416672,0.0405114065081,1,1
701,2017-11-05,4478,22,4,73.0,11.0,803.0,10.4032315978,1392.5,0.596768402154,0.596768402154,0.421449544258,0.0573637524592,1.41599014707,0.0812265082809,0.0405114065081,1,1
702,2017-11-05,4478,22,4,35.0,11.0,385.0,10.4032315978,1392.5,0.596768402154,0.596768402154,0.421449544258,0.0573637524592,1.41599014707,0.0812265082809,0.0405114065081,1,1
703,2017-11-05,4478,22,4,72.0,10.0,720.0,10.4032315978,1392.5,0.403231597846,0.596768402154,0.421449544258,0.0387602250371,0.956773125845,0.0370847416672,0.0405114065081,1,1
704,2017-11-05,4478,22,4,55.0,10.0,550.0,10.4032315978,1392.5,0.403231597846,0.596768402154,0.421449544258,0.0387602250371,0.956773125845,0.0370847416672,0.0405114065081,1,1
705,2017-11-05,4478,22,4,47.0,10.5,493.5,10.4032315978,1392.5,0.0967684021544,0.596768402154,0.421449544258,0.00930176371104,0.22960851061,0.00213576411174,0.0405114065081,1,1
706,2017-11-05,4478,22,4,48.0,10.0,480.0,10.4032315978,1392.5,0.403231597846,0.596768402154,0.421449544258,0.0387602250371,0.956773125845,0.0370847416672,0.0405114065081,1,1
707,2017-11-05,4478,22,4,76.0,10.5,798.0,10.4032315978,1392.5,0.0967684021544,0.596768402154,0.421449544258,0.00930176371104,0.22960851061,0.00213576411174,0.0405114065081,1,1
708,2017-11-05,4478,22,5,32.0,19.0,608.0,19.5294117647,68.0,0.529411764706,0.529411764706,0.499134198485,0.0271084337349,1.06066017178,0.028752835982,0.0255580764284,1,1
709,2017-11-05,4478,22,5,36.0,20.0,720.0,19.5294117647,68.0,0.470588235294,0.529411764706,0.499134198485,0.0240963855422,0.942809041582,0.0227182901586,0.0255580764284,1,1
710,2017-11-05,4129,23,4,218.0,20.0,4360.0,20.0,1706.0,0.0,0.0,0.0,0.0,,,0.0,1,1
711,2017-11-05,4129,23,4,216.0,20.0,4320.0,20.0,1706.0,0.0,0.0,0.0,0.0,,,0.0,1,1
712,2017-11-05,4129,23,4,104.0,20.0,2080.0,20.0,1706.0,0.0,0.0,0.0,0.0,,,0.0,1,1
713,2017-11-05,4129,23,4,221.0,20.0,4420.0,20.0,1706.0,0.0,0.0,0.0,0.0,,,0.0,1,1
714,2017-11-05,4129,23,4,149.0,20.0,2980.0,20.0,1706.0,0.0,0.0,0.0,0.0,,,0.0,1,1
715,2017-11-05,4129,23,4,105.0,20.0,2100.0,20.0,1706.0,0.0,0.0,0.0,0.0,,,0.0,1,1
716,2017-11-05,4130,23,4,405.0,20.0,8100.0,20.0,1706.0,0.0,0.0,0.0,0.0,,,0.0,1,1
717,2017-11-05,4130,23,4,288.0,20.0,5760.0,20.0,1706.0,0.0,0.0,0.0,0.0,,,0.0,1,1
718,2017-11-05,4162,28,4,133.0,20.0,2660.0,20.0,133.0,0.0,0.0,0.0,0.0,,,0.0,1,1
719,2017-11-05,4162,30,4,141.0,20.0,2820.0,20.0,324.0,0.0,0.0,0.0,0.0,,,0.0,1,1
720,2017-11-05,4162,30,4,89.0,20.0,1780.0,20.0,324.0,0.0,0.0,0.0,0.0,,,0.0,1,1
721,2017-11-05,4162,30,4,94.0,20.0,1880.0,20.0,324.0,0.0,0.0,0.0,0.0,,,0.0,1,1
722,2017-11-05,4482,57,4,135.0,20.0,2700.0,20.0,413.0,0.0,0.0,0.0,0.0,,,0.0,1,1
723,2017-11-05,4482,57,4,205.0,20.0,4100.0,20.0,413.0,0.0,0.0,0.0,0.0,,,0.0,1,1
724,2017-11-05,4482,57,4,28.0,20.0,560.0,20.0,413.0,0.0,0.0,0.0,0.0,,,0.0,1,1
725,2017-11-05,4482,57,4,45.0,20.0,900.0,20.0,413.0,0.0,0.0,0.0,0.0,,,0.0,1,1
726,2017-11-05,4482,57,5,7.0,20.0,140.0,20.0,7.0,0.0,0.0,0.0,0.0,,,0.0,1,1
727,2017-11-05,3917,60,4,286.0,18.0,5148.0,18.0,1682.0,0.0,0.0,0.0,0.0,,,0.0,1,1
728,2017-11-05,3917,60,4,484.0,18.0,8712.0,18.0,1682.0,0.0,0.0,0.0,0.0,,,0.0,1,1
729,2017-11-05,3917,60,4,344.0,18.0,6192.0,18.0,1682.0,0.0,0.0,0.0,0.0,,,0.0,1,1
730,2017-11-05,3917,60,4,214.0,18.0,3852.0,18.0,1682.0,0.0,0.0,0.0,0.0,,,0.0,1,1
731,2017-11-05,3917,60,4,354.0,18.0,6372.0,18.0,1682.0,0.0,0.0,0.0,0.0,,,0.0,1,1
732,2017-11-05,3917,63,3,247.0,16.0,3952.0,15.5640732265,874.0,0.435926773455,0.564073226545,0.495877627687,0.0280085275307,0.879101514398,0.0246223389683,0.0318604018671,1,1
733,2017-11-05,3917,63,3,381.0,15.0,5715.0,15.5640732265,874.0,0.564073226545,0.564073226545,0.495877627687,0.03624200544,1.13752505669,0.0412261892926,0.0318604018671,1,1
734,2017-11-05,3917,63,3,246.0,16.0,3936.0,15.5640732265,874.0,0.435926773455,0.564073226545,0.495877627687,0.0280085275307,0.879101514398,0.0246223389683,0.0318604018671,1,1
735,2017-11-05,3917,63,4,389.0,18.0,7002.0,18.0,2454.0,0.0,0.0,0.0,0.0,,,0.0,1,1
736,2017-11-05,3917,63,4,414.0,18.0,7452.0,18.0,2454.0,0.0,0.0,0.0,0.0,,,0.0,1,1
737,2017-11-05,3917,63,4,399.0,18.0,7182.0,18.0,2454.0,0.0,0.0,0.0,0.0,,,0.0,1,1
738,2017-11-05,3917,63,4,176.0,18.0,3168.0,18.0,2454.0,0.0,0.0,0.0,0.0,,,0.0,1,1
739,2017-11-05,3917,63,4,589.0,18.0,10602.0,18.0,2454.0,0.0,0.0,0.0,0.0,,,0.0,1,1
740,2017-11-05,3917,63,4,487.0,18.0,8766.0,18.0,2454.0,0.0,0.0,0.0,0.0,,,0.0,1,1
741,2017-11-05,4520,63,5,105.0,35.0,3675.0,35.6037735849,265.0,0.603773584906,0.603773584906,0.48911250554,0.0169581346052,1.2344267997,0.0209335758295,0.0137376591381,1,1
742,2017-11-05,4520,63,5,160.0,36.0,5760.0,35.6037735849,265.0,0.396226415094,0.603773584906,0.48911250554,0.0111287758347,0.810092587301,0.00901533880939,0.0137376591381,1,1
743,2017-11-05,4801,117,4,80.0,23.0,1840.0,23.0,610.0,0.0,0.0,0.0,0.0,,,0.0,1,1
744,2017-11-05,4801,117,4,80.0,23.0,1840.0,23.0,610.0,0.0,0.0,0.0,0.0,,,0.0,1,1
745,2017-11-05,4801,117,4,80.0,23.0,1840.0,23.0,610.0,0.0,0.0,0.0,0.0,,,0.0,1,1
746,2017-11-05,4801,117,4,55.0,23.0,1265.0,23.0,610.0,0.0,0.0,0.0,0.0,,,0.0,1,1
747,2017-11-05,4801,117,4,85.0,23.0,1955.0,23.0,610.0,0.0,0.0,0.0,0.0,,,0.0,1,1
748,2017-11-05,4801,117,4,110.0,23.0,2530.0,23.0,610.0,0.0,0.0,0.0,0.0,,,0.0,1,1
749,2017-11-05,4801,117,4,85.0,23.0,1955.0,23.0,610.0,0.0,0.0,0.0,0.0,,,0.0,1,1
750,2017-11-05,4801,117,4,35.0,23.0,805.0,23.0,610.0,0.0,0.0,0.0,0.0,,,0.0,1,1
751,2017-11-05,4798,117,5,35.0,20.0,700.0,20.0,367.0,0.0,0.0,0.0,0.0,,,0.0,1,1
752,2017-11-05,4798,117,5,71.0,20.0,1420.0,20.0,367.0,0.0,0.0,0.0,0.0,,,0.0,1,1
753,2017-11-05,4798,117,5,55.0,20.0,1100.0,20.0,367.0,0.0,0.0,0.0,0.0,,,0.0,1,1
754,2017-11-05,4798,117,5,54.0,20.0,1080.0,20.0,367.0,0.0,0.0,0.0,0.0,,,0.0,1,1
755,2017-11-05,4798,117,5,68.0,20.0,1360.0,20.0,367.0,0.0,0.0,0.0,0.0,,,0.0,1,1
756,2017-11-05,4799,117,5,28.0,20.0,560.0,20.0,367.0,0.0,0.0,0.0,0.0,,,0.0,1,1
757,2017-11-05,4799,117,5,33.0,20.0,660.0,20.0,367.0,0.0,0.0,0.0,0.0,,,0.0,1,1
758,2017-11-05,4799,117,5,23.0,20.0,460.0,20.0,367.0,0.0,0.0,0.0,0.0,,,0.0,1,1
759,2017-11-05,4802,121,4,560.0,14.0,7840.0,14.0,560.0,0.0,0.0,0.0,0.0,,,0.0,1,1
760,2017-11-05,4802,121,5,78.0,17.0,1326.0,17.0,156.0,0.0,0.0,0.0,0.0,,,0.0,1,1
761,2017-11-05,4802,121,5,78.0,17.0,1326.0,17.0,156.0,0.0,0.0,0.0,0.0,,,0.0,1,1
762,2017-11-05,4805,122,4,166.0,40.0,6640.0,40.0,494.0,0.0,0.0,0.0,0.0,,,0.0,1,1
763,2017-11-05,4805,122,4,243.0,40.0,9720.0,40.0,494.0,0.0,0.0,0.0,0.0,,,0.0,1,1
764,2017-11-05,4805,122,4,85.0,40.0,3400.0,40.0,494.0,0.0,0.0,0.0,0.0,,,0.0,1,1
765,2017-11-05,4805,124,4,170.0,13.0,2210.0,12.4993333333,1500.0,0.500666666667,0.500666666667,0.499999555555,0.040055469625,1.00133422341,0.0401089125703,0.0400020978896,1,1
766,2017-11-05,4805,124,4,275.0,13.0,3575.0,12.4993333333,1500.0,0.500666666667,0.500666666667,0.499999555555,0.040055469625,1.00133422341,0.0401089125703,0.0400020978896,1,1
767,2017-11-05,4805,124,4,388.0,12.0,4656.0,12.4993333333,1500.0,0.499333333333,0.500666666667,0.499999555555,0.0399487972692,0.998667554372,0.0398955676689,0.0400020978896,1,1
768,2017-11-05,4805,124,4,304.0,13.0,3952.0,12.4993333333,1500.0,0.500666666667,0.500666666667,0.499999555555,0.040055469625,1.00133422341,0.0401089125703,0.0400020978896,1,1
769,2017-11-05,4805,124,4,363.0,12.0,4356.0,12.4993333333,1500.0,0.499333333333,0.500666666667,0.499999555555,0.0399487972692,0.998667554372,0.0398955676689,0.0400020978896,1,1
770,2017-11-05,4804,125,4,1300.0,11.0,14300.0,11.3719806763,2070.0,0.371980676329,0.628019323671,0.483333272977,0.0327102803738,0.76961528851,0.0251743318671,0.0425021187367,1,1
771,2017-11-05,4804,125,4,770.0,12.0,9240.0,11.3719806763,2070.0,0.628019323671,0.628019323671,0.483333272977,0.0552251486831,1.29935048709,0.0717568238412,0.0425021187367,1,1
772,2017-11-05,4814,127,3,75.0,20.0,1500.0,20.0,75.0,0.0,0.0,0.0,0.0,,,0.0,1,1
773,2017-11-05,4816,127,4,45.0,24.0,1080.0,24.0,225.0,0.0,0.0,0.0,0.0,,,0.0,1,1
774,2017-11-05,4816,127,4,120.0,24.0,2880.0,24.0,225.0,0.0,0.0,0.0,0.0,,,0.0,1,1
775,2017-11-05,4816,127,4,60.0,24.0,1440.0,24.0,225.0,0.0,0.0,0.0,0.0,,,0.0,1,1
776,2017-11-05,4817,128,4,120.0,17.0,2040.0,17.0,545.0,0.0,0.0,0.0,0.0,,,0.0,1,1
777,2017-11-05,4817,128,4,125.0,17.0,2125.0,17.0,545.0,0.0,0.0,0.0,0.0,,,0.0,1,1
778,2017-11-05,4817,128,4,130.0,17.0,2210.0,17.0,545.0,0.0,0.0,0.0,0.0,,,0.0,1,1
779,2017-11-05,4817,128,4,170.0,17.0,2890.0,17.0,545.0,0.0,0.0,0.0,0.0,,,0.0,1,1
780,2017-11-05,4845,151,4,1700.0,9.0,15300.0,9.0,2340.0,0.0,0.0,0.0,0.0,,,0.0,1,1
781,2017-11-05,4845,151,4,80.0,9.0,720.0,9.0,2340.0,0.0,0.0,0.0,0.0,,,0.0,1,1
782,2017-11-05,4845,151,4,300.0,9.0,2700.0,9.0,2340.0,0.0,0.0,0.0,0.0,,,0.0,1,1
783,2017-11-05,4845,151,4,100.0,9.0,900.0,9.0,2340.0,0.0,0.0,0.0,0.0,,,0.0,1,1
784,2017-11-05,4845,151,4,60.0,9.0,540.0,9.0,2340.0,0.0,0.0,0.0,0.0,,,0.0,1,1
785,2017-11-05,4845,151,4,100.0,9.0,900.0,9.0,2340.0,0.0,0.0,0.0,0.0,,,0.0,1,1
786,2017-11-05,4845,151,5,20.0,19.0,380.0,19.0,260.0,0.0,0.0,0.0,0.0,,,0.0,1,1
787,2017-11-05,4845,151,5,80.0,19.0,1520.0,19.0,260.0,0.0,0.0,0.0,0.0,,,0.0,1,1
788,2017-11-05,4845,151,5,80.0,19.0,1520.0,19.0,260.0,0.0,0.0,0.0,0.0,,,0.0,1,1
789,2017-11-05,4845,151,5,20.0,19.0,380.0,19.0,260.0,0.0,0.0,0.0,0.0,,,0.0,1,1
790,2017-11-05,4845,151,5,60.0,19.0,1140.0,19.0,260.0,0.0,0.0,0.0,0.0,,,0.0,1,1
