10000000000031,Lohajimi,0.7333333333333334,0.8467102225505586,0.24992,0.1993720565149137,0,1.0,31.116120004925047
10000000000043,SS Koppa,0.7341269841269842,0.7974462671831092,7.543997585493732e-05,0.2908900739783093,0,0.8219011908901738,26.645365289924143
10000000000044,kamplikoppa,0.4583333333333333,0.7980489417989417,0.003099898851668948,0.08333333333333333,0,1.0,21.183899276425826
10000000000045,BN Koppa,0.47222222222222227,0.8928766230274271,0.012106373166422947,0.11498257839721254,0,0.9750000000000002,23.019189387352196
10000000000048,Ganjigatti,0.3416666666666666,0.8561130334486735,9.004291980378685e-19,0.4748677248677249,0,0.857864357864358,19.675028835063436
10000000000050,Mukkal,0.8432539682539683,0.8801721591900163,0.04347511574278164,0.23307665785541892,0,0.8725449416618973,30.719788489071334
10000000000052,Deuli,0.6361111111111111,0.5370364107343273,0.034874599715552165,0.09821428571428571,0,0.9051122277542155,21.300887378970412
10000000000053,Baria,0.513888888888889,0.5665345264814762,0.14851420658744666,0.038461538461538464,0,0.7815245651784113,21.003508773811618
10000000000067,Ramchandrapur,0.75,0.4901960784313726,0.6492647058823529,0.05555555555555555,0,0.892015392015392,32.091911764705884
10000000000074,Rangalbeda,0.8333333333333334,0.7533144337814461,0.2467752046783626,0.11353376670278079,0.9852448021462106,0.8828511082032205,31.668011243563797
10000000000077,Tangabila,0.5555555555555556,0.540981240981241,0.25440002705627707,0.0,0,0.6666666666666666,23.041830131673883
10000000000078,Dhuduku,0.16666666666666666,0.8333333333333334,0.4166666666666667,0.0,0,0.9696969696969697,22.083333333333332
10000000000092,Baihatu,0.08333333333333333,0.8888888888888888,0.0642361111111111,0.0,0,0.0,15.963541666666664
10000000000093,Lauria,0.611111111111111,0.9606837606837606,0.26953125,0.047619047619047616,0,0.07631257631257632,30.67544738247863
10000000000096,Turigada,0.7916666666666666,0.7179487179487181,0.7115384615384616,0.21367521367521367,0,1.0,37.27564102564102
10000000000097,Navatoli,0.8333333333333334,0.7079365079365079,1.0,0.26666666666666666,0,1.0,42.285714285714285
10000000000099,Urmi,0.8333333333333334,0.8346296296296296,0.48148148148148145,0.1611111111111111,0,0.9833333333333333,36.40833333333333
10000000000100,Kothtoli,0.8333333333333334,0.7337461300309597,0.9473684210526315,0.2184873949579832,0,1.0,41.883384932920535
10000000000101,somana koppa,0.0,0,0.0,0,0,0,0.0
10000000000102,Derang,0.7268518518518517,0.863333572992664,0.12499982861586013,0.25,0,1.0,29.362038061164895
10000000000103,Gutuhatu,0.75,0.8990384615384618,0.47863247863247865,0.515625,0,1.0,35.66506410256411
10000000000112,Bhalupani,0.4583333333333333,0.5490674318507891,0.23477073170731705,0.0,0,0.0,20.92423912003826
10000000000119,Dulli,0.5277777777777778,0.7096345514950168,0.33203125,0.046511627906976744,0,1.0,26.18054257798081
10000000000120,Tilma ,0.6666666666666666,0.8868299781712343,0.15064677861386716,0.31350370060047483,0,0.967741935483871,28.895484685109853
10000000000122,Barbanda,0.5749999999999998,0.8388034099132498,0.1428552730647838,0.11981267786221346,0,0.9970760233918128,26.224880244670498
10000000000124,Garganji,0.4583333333333333,0.782051282051282,0.75,0.21794871794871795,0,1.0,32.1474358974359
10000000000215,Tavargere,0.2604166666666667,0.7584257889546352,3.653959027498848e-51,0.07142857142857142,0,0.8875739644970414,16.58472016765286
10000000000217,Madakihonnalli,0.5509589947089947,0.864151908697363,1.0486206390809333e-05,0.30404583161936105,0,0.974204742625795,23.981615817736202
10000000000228,Aladakatti,0.0,0,0.0,0,0,0,0.0
10000000000230,Aralihonda,0.712037037037037,0.8620469374954178,0.034458395301224104,0.2477102510584653,0,0.9894736842105263,27.68832073269037
10000000000232,Hanumapur,0.0,0,0.0,0,0,0,0.0
10000000000241,Khotar,0.0,0,0,0,0,0,0.0
10000000000242,Gunakhedi,0.7083333333333334,0.6346153846153845,0.7307692307692308,0.4444444444444444,0,0.8888888888888888,34.6474358974359
10000000000249,Gowa,0.8854166666666666,0.8769608687458583,0.1999957133058985,0.21408045977011497,0,1.0,33.862682064109684
10000000000251,Dalaiput,0.4166666666666667,0.9944444444444444,1.0,0.4444444444444444,0.8888888888888888,0.8888888888888888,38.25
10000000000252,Machput,0.4166666666666667,0.9841269841269842,1.0,0.14285714285714285,0,0.8571428571428571,38.095238095238095
10000000000254,Ektaguda,0.5,0.9941176470588236,1.0,0.2,0,0.9,39.911764705882355
10000000000255,Machara,0.4583333333333333,0.9857734676584123,0.1999957133058985,0.18604651162790697,0,0.9767441860465116,26.95320438113133
10000000000257,Mastiput,0.65625,0.8552778543672901,0.09999994401525894,0.4366527475187606,0.5646194990360117,0.9814814814814815,27.454166975738236
10000000000260,Janiguda,0.75,0.7862476190476191,0.04992,0.5701587301587301,0.711449275362319,1.0,27.542514285714287
10000000000261,Badamput,0.16666666666666666,0.875,0.1111111111111111,0.0,0,1.0,18.125
10000000000264,Mondaguda,0.4583333333333333,0.9927637721755368,0.75,0.2777777777777778,0,0.8888888888888888,35.30812324929972
10000000000265,Karanguda,0.8333333333333334,0.9664141414141412,0.48148148148148145,0.4393939393939394,0,0.9898989898989898,38.38510101010101
10000000000270,Putpondi,0.47222222222222227,0.8546052631578948,0.4759259259259259,0.3005514705882353,0.5396825396825397,1.0,29.402412280701757
10000000000271,Ekdeli,0.47222222222222227,0.9122250639386192,0.4749455337690632,0.22803030303030306,0.5563636363636364,1.0,30.252003410059682
10000000000272,Rengaguda,0.5,0.8626290606900023,0.75,0.2631578947368421,0,1.0,34.189435910350035
10000000000274,Karanjiguda,0.8333333333333334,0.796215526861151,0.14814814814814814,0.5272727272727272,0,1.0,30.832121791806156
10000000000275,Panasput,0.8333333333333334,0.9748148148148142,0.14814814814814814,0.4158730158730159,0,0.9904761904761903,33.511111111111106
10000000000276,Belguda,0.8333333333333334,0.9297794117647059,0.48148148148148145,0.4209558823529412,0.6029411764705882,0.9823991688178537,37.83558006535948
10000000000277,Litguda,0.75,0.9282296650717705,0.00015003429355281206,0.7894736842105263,0.6291866028708134,0.9952153110047848,28.925695490479853
10000000000279, 	Girliput,0.5833333333333334,1.0,0.3333333333333333,0.5,0.25,0.8333333333333334,31.666666666666668
10000000000280,Kendar,0.5833333333333334,0.984375,0.37654320987654316,0.47039473684210525,0.4375,0.8863304093567251,32.08043981481482
10000000000281,Ghodadora,0.5833333333333334,0.9935185185185184,0.48148148148148145,0.5416666666666666,0.375,0.8627976531743303,33.791666666666664
10000000000283,Hirdiput,0.5833333333333334,0.8933402527677736,0.24992,0.46822660098522173,0.8069135802469136,1.0,28.81557045818327
10000000000284,Dongri,0.8333333333333334,0.6247311827956991,0.18735030303030303,0.5161290322580645,0,0.967741935483871,28.847888954056696
10000000000285,Dongari Maliguda,0.8333333333333334,0.9296066252587992,0.5147058823529411,0.4782608695652174,0.7289666854884247,1.0,38.331354280842774
10000000000286,Basuput,0.6666666666666666,0.8862984914615349,0.24992,0.4053331406272583,0.7704587704587705,0.972972972972973,30.376610705256358
10000000000287,Gurumaiguda,0.7916666666666666,1.0,0.2779186958874459,0.4782608695652174,0.6935817805383023,1.0,35.00211377164502
10000000000299,Musriaguda,0.9166666666666666,0.9953488372093022,0.4444444444444444,0.2936046511627907,0,0.9912790697674418,39.93023255813953
10000000000304,Kumaput,0.6666666666666666,0.9944444444444444,1.0,0.16666666666666666,0.6111111111111112,1.0,43.25
10000000000305,Begunakhaman,0.8055555555555555,0.7718067373239788,0.1999957133058985,0.21142459073493558,0.3040752351097179,0.8482202006542776,30.68814787055927
10000000000306,Erendei,0.7652777777777778,0.7830293038657073,0.0621336250763281,0.149830701133315,0.2457627118644068,0.8874347911374417,27.98299948968609
10000000000307,Kothaghar,0.8257575757575758,0.8579729768668384,0.0999999999996495,0.42455658985264244,0.6396247673421587,0.9166085867362581,30.884746168148833
10000000000309,Rudhiapada,0.8194444444444443,0.8686002904654446,0.09090909090908071,0.13043478260869565,0.1904731316199495,0.9581986917227191,30.781529609506766
10000000000313,Jodichatar,0.7738095238095238,0.8546031468531469,0.16666561430307827,0.3500671550671551,0.4,0.9453625906257486,30.795221893533853
10000000000341,Putulia,0.826923076923077,0.9135303451568509,0.07655851262286281,0.3410162388685176,0.8145656721874636,1.0,31.389794405157247
10000000000342,Madhapur,0.8333333333333334,0.8974777910261776,0.1111111111,0.3195782711911744,0.7646187379707716,0.9838709677419355,31.79550019855933
10000000000389,Badanuagaon,0.7380952380952381,0.7951298701298704,0.1666664642890535,0.19632414369256473,0,0.911518764459941,29.188849778188622
10000000000393,Barilong,0.6666666666666666,0.6153846153846152,1.0,0.40816326530612246,0,1.0,37.56410256410256
10000000000394,Icha,0.5115740740740741,0.6974140741109068,0.12499990085806902,0.02564102564102564,0,1.0,22.567691106016117
10000000000406,Lowadih,0.7916666666666666,0.8810330912025823,0.24828952380952382,0.4262234940201042,0,1.0,32.77317255851492
10000000000407,Karedi,0.7083333333333334,0.7409174159174163,0.008329871653843609,0.13636363636363635,0,1.0,25.40537598023557
10000000000408,Chosla,0.8125,0.7211538461538465,0.12486018782315078,0.475,0,0.975,28.94021050965496
10000000000410,Kundibe,0.5833333333333334,0.7278911564625851,0.009600000000000001,0.19047619047619047,0,1.0,22.729034013605443
10000000000412,Kishanpuriya,0.5000000000000001,0.7076344707923657,0.16330901968688943,0.2631578947368421,0,1.0,23.064152357188828
10000000000413,Chatha,0.47222222222222215,0.8806227106227107,2.9401194112006666e-08,0.07142857142857142,0,0.9285714285714286,22.653785544803014
10000000000414,Ruparela,0.3333333333333333,0.5833333333333334,0.0012802926383173295,0.0,0,1.0,15.435871056241426
10000000000417,Umaria,0.08333333333333333,0.9230769230769231,4.4015737680288464e-07,0.0,1,1.0,15.512827115181166
10000000000418,Bakani,0.0,0,0.0,0,0,0,0.0
10000000000420,Bogadi,0.7222222222222223,0.8752688172043013,0.19446587791495198,0.34739454094292804,0,0.967741935483871,30.490464871233247
10000000000421,Antaraliya,0.75,0.7738927738927742,0.009600000000000001,0.3333333333333333,0,0.9696969696969697,26.752391608391612
10000000000422,Barhred,0.7277777777777779,0.7826391295779048,0.16519670607253162,0.4863945578231293,0,0.9591836734693877,28.773093090312102
10000000000424,Dolas,0.7611111111111111,0.8795476128809463,0.00699269785517,0.34156378600823045,0,1.0,28.520326883263966
10000000000425,Biorakala,0.6291666666666667,0.6697991751837905,0.04711451932612718,0.5076923076923077,0,1.0,23.3370387509821
10000000000426,Durjanpur,0.8333333333333334,0.7417582417582419,0.037037037037037035,0.35714285714285715,0,1.0,28.348595848595853
10000000000504,Beritoli,0.8333333333333334,0.835897435897436,1.0,0.2,0,1.0,44.205128205128204
10000000000507,Kantiapada,0.8333333333333334,0.9147612222146382,0.24992,0.034477427334570196,0.320578231292517,0.92976147335391,34.13688499988624
10000000000509,Hirekoppa,0.7241612554112554,0.9702488687782808,6.979097765801019e-08,0.20030193895740114,0,0.6164374640380829,29.036959186763983
10000000000514,Lagameshwar,0.4694444444444444,1.0,0.08287547380479252,0.2,0,0.9928571428571429,25.632020995960772
10000000000532,Danod,0.5833333333333334,0.8450000000000002,0.1112643736557774,0.7083333333333334,1,0.8800310528251706,26.01063227150333
10000000000536,Palanghati,0.8333333333333334,0.891730009687756,0.12499999967735315,0.4089450721279452,0.8150047747720742,1.0,31.917616807143308
10000000000537,Jamuleibeda,0.8333333333333334,0.8833333333333335,0.33203125,0.27045391255917567,0.6882395382395382,1.0,34.89713541666667
10000000000538,Sadhangabahali,0.8333333333333334,0.8725940170940173,0.1428571343421936,0.3173354664659012,0.6292832824716882,0.9876068376068375,31.89843393820983
10000000018674,Halahedi,0.4166666666666667,0.6801948051948051,0.0031784618410939072,0.8181818181818182,0,1.0,18.58393233887182
10000000018676,Begur,0.30092592592592593,0.8278176552398006,0.012145777200075447,0.23529411764705882,0,0.9673202614379084,18.61797000511666
10000000019834,Dasanatti,0.7000000000000001,0.8134548611111113,0.023392828304047267,0.5229143813702638,0,0.9852430555555557,26.55271534122738
10000000019835,Kundaragi ,0.7261904761904762,0.8648717948717946,0.1666664642890535,0.4282051282051282,0,0.9974358974358976,29.996883411222246
10000000019841,Nelagantti,0.7708333333333334,0.9706845238095237,0.1428571343421936,0.03993055555555556,0,0.996031746031746,32.11979153894243
10000000019842,Kaitanal,0.8384920634920635,1.0,0.09090872789298204,0.30694217130387347,0,0.9757228587015819,33.133472188236
10000000019843,Davalatti,0.5416666666666666,0.8041666666666667,0.078125,0.5833333333333334,0,0.9857978279030911,24.067708333333332
10000000019854,Laojoda,0.25,1.0,0.19963563100137174,0.0,0,0.0,22.994534465020575
10000000019860,Dumuria,0.8064814814814815,0.882120888370888,0.0999999999996495,0.2361111111111111,0.7777777777777778,0.972933164346133,30.86144295518769
10000000019862,Badamahuladiha,0.7013888888888888,0.7806850012732367,0.1999957133058985,0.6150793650793651,0,0.9265958908816051,28.7379884964648
10000000019864,Ghatbalijodi,0.5952380952380952,0.8596490155313684,0.1111101001,0.24324324324324326,0.8228258228258228,0.9694239694239695,26.46614863923243
10000000019865,Tando,0.5842261904761905,0.8373684210526315,0.009090909086352671,0.19883040935672514,0.7597254004576659,0.9962522405083917,24.381413761608574
10000000019873,Tangar Pada,0.8333333333333334,0.817075579161177,0.0999999999996495,0.5230691183816184,0.734127140974967,0.9848039215686274,30.422800354079065
10000000019874,Malliposi,0.826388888888889,0.8439211361292452,0.09090909090908071,0.09737827715355807,0.2696629213483146,0.9705601252023487,30.55023118335267
10000000019880,Badagaon,0.4444444444444444,0.43287209114415,0.058487658998515525,0.03571428571428571,1,0.9021633906087688,16.259285141028872
10000000019882,Batagoudgaon,0.5833333333333334,0.75,1.0,0.125,0,0.9444444444444444,37.91666666666667
10000000019883,Sangaon,0.6041666666666666,0.8366402116402117,0.33203125,0.08333333333333333,0,0.9032634032634034,29.613405257936506
10000000019889,Jamid,0.7916666666666666,0.9068931193231305,0.19986711248285324,0.0790273556231003,0,0.1843971631205674,32.43473681042309
10000000019891,Tenkatola,0.5833333333333334,0.8336744639376218,0.2496,0.1,0,0.0,27.915783625730995
10000000019901,Dhummawad A,0.0,0,0.0,0,0,0,0.0
10000000019902,Dhummawad B,0.125,0.9535714285714285,1.801766031411519e-05,0.0,0,1.0,16.803841693476137
10000000019905,Muttagi,0.7222222222222223,0.876509853782581,5.503616407856012e-16,0.12244897959183673,0,1.0,27.592092251183168
10000000019909,Bhagojikoppa,0.7262205387205386,1.0,0.039999999999999716,0.24516369047619047,0,0.5124292300094434,30.124410774410766
10000000019913,Mugalihal,0.6346153846153846,0.9299680983504514,9.221675906642144e-09,0.08,0,0.7459794317910631,26.641829305889598
10000000019918,Setahaka,0.5833333333333334,0.9166666666666666,1.0,0.14743589743589744,0,0.0,40.41666666666667
10000000019922,Thessapid,0.7152777777777777,0.9208646616541355,0.2419047619047619,0.04511278195488722,0,0.10526315789473684,31.747096908939017
10000000019929,Biunria,0.0,0,0.0,0,0,0,0.0
10000000019942,Kundla,0.0,0,0.0,0,0,0,0.0
10000000019945,Ujjavani,0.0,0,0.0,0,0,0,0.0
10000000019946,JANTAPUT,0.5833333333333334,0.9195897435897435,0.75,0.2606060606060606,0.17413263065436976,0.9492530657748051,36.71051282051282
10000000019954,Jodo,0.4166666666666667,0.7685185185185185,1.0,0.1388888888888889,0,0.0,34.861111111111114
10000000019959,Ralayati,0.75,0.8150537634408606,0.328125,0.4755620723362658,0,1.0,32.14768145161291
10000000019967,Badagambharia,0.8148148148148149,0.7337764771460425,0.1111111018990909,0.7371678394704712,0.2651515151515152,0.9210271573016672,28.9696099819733
10000000019968,Kashipur,0.6686507936507936,0.6589739550514597,0.11863708594046293,0.28467908902691513,0,0.8135660125160732,25.037181487894713
10000000019969,Mahisamundi,0.6273809523809524,0.687843514510181,0.10443290596346153,0.34489892823226165,0,0.9185487311848965,24.431765354723687
10000000019975,BARABA,0.8333333333333334,0.9795273703384142,0.48148148148148145,0.5742018981880932,0.7213114754098361,0.9773384763741562,38.5817994439651
10000000019978,Toranipokhari,0.8333333333333334,0.8279884672289732,0.1666664642890535,0.26582278481012656,0,0.9972875226039782,31.58649063943707
10000000019985,Chhatia,0.7884615384615384,0.8108032708032705,0.005494505494505488,0.44047619047619047,0.4559067202995239,0.9976851851851852,28.013697413697408
10000000019988,Dimirimunda,0.8333333333333334,0.8482192670717261,0.1999957133058985,0.3466195221257902,0.7704918032786885,0.9829418411867786,32.389891372331036
10000000020020,GAYALPUT(BADEL),0.7361111111111112,0.9526041666666666,0.48148148148148145,0.14144736842105263,0.46875,0.938496158697397,36.23350694444444
10000000020029,BADIGAPUT,0.5833333333333334,0.976190476190476,0.33203125,0.14285714285714285,0.8509316770186336,1.0,31.28999255952381
10000000020036,PADALPUT,0.8333333333333334,0.9772727272727272,0.5,0.29854096520763185,0.5303030303030304,0.8047138047138049,38.82575757575758
10000000020040,BADAHANJAR,0.5,0.9437500000000001,1.0,0.125,0.75,0.9375,39.15625
10000000020047,CHUAPHUL,0.8333333333333334,0.9333333333333333,0.25,0.2631578947368421,0.5238095238095238,0.8562091503267973,34.41666666666667
10000000020078,EMLAGUDA,0.25,0.9732142857142857,0.48148148148148145,0.0,0.4155844155844156,1.0,26.820436507936506
10000000020079,KATALAPUT,0.4166666666666667,0.9099999999999999,1.0,0.2,0,1.0,36.983333333333334
10000000020082,SILPONDI,0.3333333333333333,0.969047619047619,0.33203125,0.0,0,0.7242063492063492,26.182849702380953
10000000020084,DATUNPUT,0.5,0.9791666666666667,1.0,0.25,0,1.0,39.6875
10000000020085,PANGIPUT,0.6666666666666666,0.9037037037037038,1.0,0.2,0.39410256410256406,0.976923076923077,41.888888888888886
10000000020090,PIPALGUDA,0.3333333333333333,1.0,0.5,0.25,0,1.0,29.166666666666664
10000000020092,KATARBA,0.75,0.9741532976827095,0.19162640901771336,0.5454545454545454,0,0.9949494949494949,32.486695600506344
10000000020093,KARANJAGUDA,0.75,0.993202614379085,0.75,0.44705882352941173,0,0.9809586056644879,41.148039215686275
10000000020104,Khajurijuani,0.7222222222222222,0.8201724137931033,0.24992,0.3103448275862069,0.7114494700701597,0.924660135186451,30.49583065134099
10000000020105,Manoharpur,0.7198412698412698,0.8155557557196902,0.12499999967735315,0.3711496391467881,0.7123603410132278,0.9540655353199899,28.505161727781047
10000000020106,Parsurampur,0.75,0.7574074074074073,0.33203125,0.19615384615384615,0.6998385672298716,0.9435132162299347,31.341579861111107
10000000020110,Otar(Hathia),0.4166666666666667,0.7857142857142857,1.0,0.0,0,0.14285714285714285,35.11904761904762
10000000020119,Dwarikapashi,0.5833333333333334,0.7795454545454545,0.4777777777777778,0.5,0,0.9801587301587302,30.526515151515152
10000000020120,Poipani,0.75,0.7388700713700713,1.5262762705483867e-05,0.6486486486486487,0,0.9845917345917345,26.083280011991654
10000000020154,MALISUBLAR,0.3888888888888889,0.8606238336443615,0.328125,0.045454545454545456,0,0.988835725677831,25.6090102824432
10000000020156,CHILIPUT,0.7916666666666666,0.9795454545454544,0.75,0.38636363636363635,0.7272727272727273,1.0,41.77651515151515
10000000020158,HANDIPUT,0.5,0.9642857142857144,1.0,0.25,0,0.625,39.464285714285715
10000000020183,SARIAPUT,0.25,0.9494736842105261,0.75,0.4,0,1.0,30.492105263157892
10000000020184,BHEJA,0.3888888888888889,0.9729273504273505,0.48148148148148145,0.3333333333333333,0,0.8666666666666667,29.593910256410258
10000000020198,Kalponi,0.7291666666666666,0.8150579150579151,0.28203125,0.34511434511434513,0,0.918918918918919,31.039670809202057
10000000020199,Paldyakhedi,0.75,0.7904761904761903,0.14814814814814814,0.37662337662337664,0,1.0,29.079365079365076
10000000020222,GORAKHPURA,0.75,0.6578231292517008,0.33203125,0.5714285714285714,0,0.9795918367346939,29.847815688775512
10000000020242,CHANDPURA,0.875,0.7641025641025642,0.14814814814814814,0.34615384615384615,0,1.0,31.18376068376068
10000000020243,CHANDPURI,0.7222222222222223,0.7691156462585035,0.47901234567901235,0.36883116883116884,0,0.9428571428571428,33.16636432350718
10000000020270,Nizalapur,0.5023148148148149,0.8527793112396618,0.058062316284538514,0.5349216805738545,0.9944444444444444,0.7379885814668424,23.7089207091593
10000000020271,Lingasanipally,0.6666666666666666,0.8565499592999597,0.09090909090908071,0.4944534632034633,0.7793518518518519,0.47941940104983594,27.54521908646894
10000000020274,Dharpally,0.39814814814814814,1.0,0.11111111010000001,0.20833333333333334,0,0.9254850088183422,24.629629614462964
10000000020276,Janampet,0.6087301587301587,0.8477520274306664,0.06780847913659394,0.19841390493564406,1,0.4026207287076853,25.90801077311208
10000000020345,SISAPUT,0.8333333333333334,0.9343434343434343,1.0,0.1111111111111111,0,0.9074074074074076,45.68181818181818
10000000020353,Bondaguda,0.6666666666666666,0.8025557775557778,0.31640625,0.4589630799308218,0.6718581268806157,1.0,30.11776374667
10000000020369,Bhanadariposi,0.75,0.9157894736842106,0.75,0.05263157894736842,0,1.0,39.98684210526316
10000000020370,Dhobapitana,0.5277777777777778,0.8908128908128907,0.48148148148148145,0.2222222222222222,0,0.9713804713804713,31.139971139971138
10000000020381,AKTAPUT,0.5833333333333334,0.99,1.0,0.1,0,1.0,41.516666666666666
10000000020390,MARTA,0.5833333333333334,0.9571428571428571,1.0,0.1,0,1.0,41.023809523809526
10000000020391,JAYAPULGUDA,0.08333333333333333,1.0,1.0,0.0,0,1.0,31.666666666666668
10000000020393,Mirzapur,0.7023809523809524,0.567917384100959,0.045453934437691065,0.19629629629629627,0,0.9448508549957825,23.248188825698804
10000000020394,Totagatti,0.875,0.9962065331928345,0.24832,0.13581690177434855,0,0.5304999414588455,36.16789799789252
10000000020411,GATANPUT,0.5,0.9523809523809524,1.0,0.2857142857142857,0,1.0,39.285714285714285
10000000020412,MAIPALPUT,0.5833333333333334,0.9047619047619048,1.0,0.14285714285714285,0,0.7142857142857143,40.23809523809524
10000000020439,Choudur,0.5736111111111112,0.9989177489177489,0.05555555555555556,0.24579983508554937,0.9978354978354977,0.9104517520666588,27.289321789321786
10000000020444,NUAPUT,0.8333333333333334,0.9967105263157895,1.0,0.5263157894736842,0,1.0,46.61732456140351
10000000020448,Bakala,0.3611111111111111,0.7311022311022312,0.13716920082660825,0.0,0,0.8888888888888888,20.246293701154816
10000000020452,Peddagudem,0.4646418396418397,0.8885381609395101,0.019230766839543077,0.27213191994168734,0.09538461538461539,0.3806322662844402,22.909370709522594
10000000020453,Kistagiri,0.5176767676767677,0.9534160496804175,0.09090909090908071,0.19887200921683684,0,0.5667073615523633,26.018412462377828
10000000020455,Nachahalli,0.376984126984127,0.8986071804901907,0.0625,0.08918918918918918,0,0.688737973967176,21.9562902470354
10000000020483,Busireddipally,0.6666666666666666,0.9981006647673314,0.1999957133058985,0.15384615384615385,0,0.358974358974359,31.30477900443178
10000000020484,Bandapally,0.6458333333333334,0.951132183908046,0.0999999999996495,0.121875,0,0.36666666666666664,28.6836494252821
10000000020485,Bahadurgudem,0.6666666666666666,0.9624675816650641,0.1999957133058985,0.17659932659932662,0,0.22746743596468222,30.770282757897768
10000000020487,Rainipally,0.4666666666666666,0.9010378209161172,0.09090909090908071,0.1207897793263647,0,0.4391057724391058,24.2125370107113
10000000020488,Annaram,0.20833333333333334,1.0,0.1999957133058985,0.0,0,0.5,22.166602366255145
10000000020489,Dawajipally,0.350140056022409,0.9326273453905034,0.058823529411764705,0.012531328320802004,0,0.7804646752015173,21.8745642424822
10000000020490,Dondaipally,0.6638888888888889,0.8106689775495043,0.09998620171773327,0.07852077001013172,0.035460992907801414,0.2978723404255319,26.93760546678634
10000000020492,Annaram thanda,0.725,0.8183849734225674,0.09999379078641892,0.10257787325456498,0.015698587127158554,0.5306122448979592,28.275681463134795
10000000020498,PC Thanda (Pamireddi Cheruvu Thanda),0.7333333333333334,0.5096429271995019,0.24915809523809523,0.26,0,0.36248148148148146,26.048682003230624
10000000020499,Bhaktimalla,0.6717032967032966,0.6147784754927612,0.06630850127232162,0.311624649859944,1,0.9946200702503224,23.650370585542174
10000000020500,Bogaram,0.6527777777777778,0.7464002664002666,0.08333333333333305,0.2550505050505051,0.8339882339882341,0.5933582954973331,25.50155955155955
10000000020506,Bhagyanagar Colony,0.6666666666666666,0.6163793103448275,0.75,0.6086956521739131,1,0.7561824246606855,33.82902298850574
10000000020508,Upparpally,0.5719507101086049,0.8730831122900087,0.041665472,0.14102564102564105,0.06296296296296296,0.5760748344385938,25.16024296652223
10000000020509,Solipur,0.5333385547201336,0.9727325509941183,0.034482758620689655,0.1979905437352246,0.07095343680709534,0.41495676861530517,25.77500073862479
10000000020510,Jangamaipally(Ghanapur),0.4884956374894456,0.9003124381748585,0.000711237553342413,0.1568627450980392,0.10317460317460318,0.3337081128747796,23.285267885711924
10000000020511,Venkatampally,0.6700320512820513,0.8540971940171024,0.02105542964268726,0.08739317098450225,0.09722943722943723,0.5084772537404116,26.527930380537875
10000000020517,Nirdavelly,0.25980392156862747,0.829923273657289,0.04004328743702562,0.19340463458110518,0.8158567774936062,1.0,18.245576847787266
10000000020519,Bodunampally,0.3182922741746271,0.8606140092346989,0.042998704268625856,0.0,1,0.98530514319988,19.920036186042413
10000000020538,Kakrlapad,0.08333333333333333,1.0,0.75,0.0,1,1.0,27.916666666666668
10000000020539,Kamaram,0.4466269841269841,0.9972222222222221,0.0625,0.21080368906455865,0.9984126984126984,0.9666666666666667,24.828373015873012
10000000020540,Lokirev (Nawabpet),0.566468253968254,0.9802288452614102,0.062499999999297284,0.19658119658119658,0.9474969474969475,0.8530526214220745,26.97029775827569
10000000020555,KATIYAPUT(BALDA),0.4166666666666667,0.9636363636363636,0.75,0.0,0.5454545454545454,0.9696969696969698,34.03787878787879
10000000020556,KUBAPUT(BALDA),0.16666666666666666,0.95,1.0,0.0,0,1.0,32.58333333333333
10000000020557,TAINTAR(BHEJA),0.8166666666666668,0.9120498614958449,0.24992,0.1576654053434239,0.03508771929824561,0.8875893437296946,33.76288125577101
10000000020562,BASKIBARI(HATIBARI),0.3333333333333333,0.9333333333333333,1.0,0.0,0,1.0,35.666666666666664
10000000020563,DUMURIBARI(HATIBARI),0.3333333333333333,0.9333333333333333,1.0,0.0,0,1.0,35.666666666666664
10000000020568,Pangal,0.5335648148148148,0.8661109210221899,0.03448274686290012,0.04081632653061224,0,0.3673469387755102,24.18020131457265
10000000020571,BAILIGUDA(CHATWA),0.3333333333333333,0.9625,1.0,0.25,0,1.0,36.104166666666664
10000000020572,KOTIAPUT(BHEJA),0.8333333333333334,0.9913043478260868,1.0,0.3695652173913043,0.782608695652174,1.0,46.53623188405797
10000000020594,Bharandia,0.4861111111111111,0.7786796536796537,0.48148148148148145,0.16666666666666666,0,0.9212962962962963,28.62463924963925
10000000020617,GODIPUT,0.8333333333333334,0.9248148148148149,0.75,0.020833333333333332,0,0.8808649955708782,41.78888888888889
10000000020625,Kaudia,0.8348214285714285,0.5861554701456178,0.1293518033295068,0.20634920634920634,1,0.9320890749462177,27.429037673555435
10000000020647,KHITABA,0.5833333333333334,0.9666666666666668,1.0,0.1111111111111111,0.5555555555555556,1.0,41.16666666666667
10000000020649,SINDHIPUT(BHEJA),0.8333333333333334,0.9962962962962963,1.0,0.5,0,1.0,46.611111111111114
26000001003,Nanagaw,0.75,0.8761904761904764,0.3333333333333333,0.5714285714285714,0,1.0,33.142857142857146
26000001007,Kherasi,0.8333333333333334,0.7140740740740744,0.75,0.4,0,0.9777777777777777,38.62777777777778
26000001009,Ambiota,0.46388888888888885,0.8687088274044796,0.0022316520864313297,0.6521739130434783,0,1.0,22.341884970141443
26000011729,Bargoliya,0.5833333333333334,0.7713272543059779,0.24458666666666667,0.1702127659574468,0,1.0,26.90537548125634
26000013020,koter ,0.8333333333333334,0.7727272727272724,0.3125,0.375,0,1.0,32.94507575757575
34000003805,Botlo,0.75,0.8183462779051011,0.24992,0.37589126559714797,0,1.0,31.023994168576515
37000001270,Bammigatti,0.5833333333333334,0.8995264314229832,0.049238040106811175,0.12903225806451613,0,0.986863711001642,25.89813373961358
46000001002,B.Bairapura,0.9166666666666666,0.9021112831097344,0.031477194787379974,0.2572242406444786,0,0.9578947368421052,32.337160501790045
46000001835,Appenahalli,0.4583333333333333,0.7412698412698412,0.18115809523809523,0.17777777777777778,0,1.0,23.003085714285714
47000001038,Kamagowdanahalli,0.6666666666666666,0.7053121203252896,0.0999999999996495,0.793440908179714,0,0.9422530206112295,25.413015138207417
47000001044,Yashodharapura,0.7916666666666666,0.7774772011614116,0.08396421646759639,0.29153605015673983,0,0.9832240533994918,28.754954597768453
47000001122,Nanjapura,0.3333333333333333,0.8870193038455693,0.18147719478737998,0.5789545991324379,0,0.8372093023255814,22.694114146160903
47000051353,Aichanahalli,0.8333333333333334,0.9133068520357498,0.1461988020054812,0.17022998026542102,0,0.8825732129992017,32.55925147728514
47000052364,Kirisodlu,0.7708333333333334,0.8285689430187035,0.3263494318181818,0.05151515151515152,0,0.5957700548609639,32.74044228921995
47000056970,Hagaranahalli,0.6667845022624435,0.8949865253753955,0.058823529411764705,0.10663029439180066,0,0.9457893330598464,27.64284086705627
47000062452,Thondalu,0.8356060606060606,0.9531688717310801,0.0999999999996495,0.24966906543985654,0,0.9353536778420402,32.50965428808215
7000001207,Dhatikabeda,0.7916666666666666,0.7276923076923079,0.32890625,0.09090909090909091,0.9076479076479077,0.9351478996380019,31.68231169871795
