,Date,Aggregator,Market_Real,Crop,Quantity_Real,Price,Amount,State,Av_Rate,Deviation,Max_Deviation,STD,D/Av,D/STD,Deviation_Factor,STD/Av,Flag
0,2016-11-12,2287,3,4,320.0,10.0,3200.0,1,9.11460348162,0.885396518375,5.88539651838,2.16009829622,0.0971404318531,0.4098871426,0.0398166140433,0.236993117756,0
1,2016-10-27,2286,3,4,38.0,20.0,760.0,1,28.26692607,8.26692607004,8.26692607004,4.23506249826,0.292459323294,1.95201985176,0.570886404901,0.149823949296,0
2,2016-10-31,2286,3,4,229.0,22.0,5038.0,1,25.7966527197,3.79665271967,3.79665271967,2.3105337482,0.147176176728,1.64319293004,0.24183885307,0.0895671920427,0
3,2016-11-03,2286,3,4,219.0,22.0,4818.0,1,24.0610169492,2.06101694915,5.93898305085,3.49862040361,0.0856579318118,0.589094188963,0.0504605898689,0.145406173438,0
4,2016-11-08,2286,3,4,226.0,18.0,4068.0,1,21.8323987539,3.83239875389,3.83239875389,2.07730883669,0.175537227819,1.8448863675,0.323846238592,0.0951479890096,0
5,2016-11-12,2287,3,4,105.0,10.0,1050.0,1,9.11460348162,0.885396518375,5.88539651838,2.16009829622,0.0971404318531,0.4098871426,0.0398166140433,0.236993117756,0
6,2016-11-08,2286,3,2,93.0,12.0,1116.0,1,13.1793278085,1.17932780847,4.17932780847,2.28954423583,0.0894831531327,0.515092825033,0.04609213014,0.173722383198,0
7,2016-11-08,2286,3,4,145.0,22.0,3190.0,1,21.8323987539,0.167601246106,3.83239875389,2.07730883669,0.00767672155475,0.080681910723,0.000619372563126,0.0951479890096,0
8,2016-10-27,2286,3,4,111.0,22.0,2442.0,1,28.26692607,6.26692607004,8.26692607004,4.23506249826,0.221705255623,1.47977180328,0.328073185909,0.149823949296,0
9,2016-10-31,2286,3,4,156.0,27.0,4212.0,1,25.7966527197,1.20334728033,3.79665271967,2.3105337482,0.0466474194699,0.520809220498,0.0242944061724,0.0895671920427,0
10,2016-11-02,2286,3,4,134.0,25.0,3350.0,1,33.8993670886,8.89936708861,8.89936708861,3.93756650473,0.262523104498,2.26011854731,0.593333337573,0.11615457287,0
11,2016-11-08,2286,3,2,48.0,10.0,480.0,1,13.1793278085,3.17932780847,4.17932780847,2.28954423583,0.241235960944,1.38862912483,0.334987281324,0.173722383198,0
12,2016-12-11,2287,3,4,800.0,7.0,5600.0,1,7.0,0.0,0.0,0.0,0.0,,,0.0,0
13,2016-11-08,2286,3,4,510.0,22.0,11220.0,1,21.8323987539,0.167601246106,3.83239875389,2.07730883669,0.00767672155475,0.080681910723,0.000619372563126,0.0951479890096,0
14,2016-10-31,2286,3,4,189.0,25.0,4725.0,1,25.7966527197,0.796652719665,3.79665271967,2.3105337482,0.0308820190093,0.344791639718,0.010647861972,0.0895671920427,0
15,2016-11-09,2286,3,4,53.0,20.0,1060.0,1,19.2672064777,0.732793522267,5.26720647773,3.16762748065,0.0380332002522,0.231338289223,0.00879853547999,0.164405124547,0
16,2016-11-12,2286,3,4,80.0,10.0,800.0,1,9.11460348162,0.885396518375,5.88539651838,2.16009829622,0.0971404318531,0.4098871426,0.0398166140433,0.236993117756,0
17,2016-11-12,2286,3,4,67.0,6.0,402.0,1,9.11460348162,3.11460348162,5.88539651838,2.16009829622,0.341715740888,1.44188043992,0.492713242799,0.236993117756,0
18,2016-11-09,2286,3,4,63.0,15.0,945.0,1,19.2672064777,4.26720647773,5.26720647773,3.16762748065,0.221475099811,1.34713014829,0.298355784051,0.164405124547,0
19,2016-11-12,2286,3,4,17.0,7.5,127.5,1,9.11460348162,1.61460348162,5.88539651838,2.16009829622,0.17714467611,0.747467596473,0.13240990528,0.236993117756,0
20,2016-11-08,2286,3,4,377.0,21.0,7917.0,1,21.8323987539,0.832398753894,3.83239875389,2.07730883669,0.0381267657886,0.400710158832,0.0152777823749,0.0951479890096,0
21,2016-10-31,2286,3,4,42.0,22.0,924.0,1,25.7966527197,3.79665271967,3.79665271967,2.3105337482,0.147176176728,1.64319293004,0.24183885307,0.0895671920427,0
22,2016-10-25,2286,3,2,141.0,17.0,2397.0,1,14.0233050847,2.97669491525,2.97669491525,1.40763929984,0.212267714156,2.11467164606,0.448876516501,0.100378569198,0
23,2016-11-03,2286,3,4,76.0,30.0,2280.0,1,24.0610169492,5.93898305085,5.93898305085,3.49862040361,0.246830092984,1.69752141293,0.418999368197,0.145406173438,0
24,2016-11-02,2286,3,4,15.0,25.0,375.0,1,33.8993670886,8.89936708861,8.89936708861,3.93756650473,0.262523104498,2.26011854731,0.593333337573,0.11615457287,0
25,2016-11-08,2286,3,2,322.0,13.0,4186.0,1,13.1793278085,0.179327808471,4.17932780847,2.28954423583,0.0136067492271,0.0783246751318,0.00106574421281,0.173722383198,0
26,2016-11-12,2286,3,4,114.0,6.0,684.0,1,9.11460348162,3.11460348162,5.88539651838,2.16009829622,0.341715740888,1.44188043992,0.492713242799,0.236993117756,0
27,2016-11-08,2286,3,4,154.0,25.0,3850.0,1,21.8323987539,3.16760124611,3.83239875389,2.07730883669,0.145087183585,1.52485811939,0.221237369909,0.0951479890096,0
28,2016-11-12,2286,3,4,117.0,10.0,1170.0,1,9.11460348162,0.885396518375,5.88539651838,2.16009829622,0.0971404318531,0.4098871426,0.0398166140433,0.236993117756,0
29,2016-11-12,2286,3,4,58.0,6.0,348.0,1,9.11460348162,3.11460348162,5.88539651838,2.16009829622,0.341715740888,1.44188043992,0.492713242799,0.236993117756,0
30,2016-11-12,2286,3,4,65.0,7.0,455.0,1,9.11460348162,2.11460348162,5.88539651838,2.16009829622,0.232001697703,0.978938544288,0.227115404222,0.236993117756,0
31,2016-11-08,2286,3,2,76.0,11.0,836.0,1,13.1793278085,2.17932780847,4.17932780847,2.28954423583,0.165359557038,0.951860974933,0.157399309177,0.173722383198,0
32,2016-11-08,2286,3,2,142.0,10.0,1420.0,1,13.1793278085,3.17932780847,4.17932780847,2.28954423583,0.241235960944,1.38862912483,0.334987281324,0.173722383198,0
33,2016-09-06,2584,3,5,82.0,27.0,2214.0,1,26.5808656036,0.419134396355,1.58086560364,0.988405760692,0.0157682749164,0.424050944485,0.00668655187121,0.0371848597947,0
34,2016-09-06,2584,3,5,196.0,27.0,5292.0,1,26.5808656036,0.419134396355,1.58086560364,0.988405760692,0.0157682749164,0.424050944485,0.00668655187121,0.0371848597947,0
35,2016-09-06,2584,3,5,46.0,28.0,1288.0,1,26.5808656036,1.41913439636,1.58086560364,0.988405760692,0.0533893221356,1.43578118703,0.0766553843106,0.0371848597947,0
36,2016-10-14,2585,3,17,102.0,22.0,2244.0,1,25.0509731233,3.05097312326,4.05097312326,2.68835343424,0.121790603034,1.13488542258,0.13821837999,0.107315329469,0
37,2016-10-15,2585,3,17,104.0,27.0,2808.0,1,25.8825301205,1.11746987952,1.88253012048,1.05055733157,0.0431746770627,1.06369242871,0.0459245771035,0.040589437226,0
38,2017-06-28,2585,3,18,50.0,17.0,850.0,1,15.6040609137,1.39593908629,1.60406091371,1.37253101131,0.0894599869876,1.0170546784,0.0909856982951,0.0879598598658,0
39,2017-07-12,2585,3,17,102.0,10.0,1020.0,1,10.7972210161,0.797221016066,4.20277898393,2.23910516275,0.0738357596718,0.356044472286,0.0262888140882,0.207377913208,0
40,2017-06-28,2585,3,18,32.0,17.0,544.0,1,15.6040609137,1.39593908629,1.60406091371,1.37253101131,0.0894599869876,1.0170546784,0.0909856982951,0.0879598598658,0
41,2017-08-09,2585,3,17,135.0,28.0,3780.0,1,29.5507614213,1.55076142132,2.44923857868,1.42715219217,0.0524778837069,1.08661250694,0.0570231247736,0.0482949380501,0
42,2017-06-06,2585,3,17,76.0,18.0,1368.0,1,22.0715036803,4.07150368034,5.07150368034,2.63502609339,0.184468794664,1.54514738603,0.28503147588,0.119385889224,0
43,2017-07-12,2585,3,17,135.0,12.0,1620.0,1,10.7972210161,1.20277898393,4.20277898393,2.23910516275,0.111397088394,0.537169492501,0.0598391174386,0.207377913208,0
44,2017-06-06,2585,3,17,26.0,17.0,442.0,1,22.0715036803,5.07150368034,5.07150368034,2.63502609339,0.229776083849,1.92465026933,0.442238601666,0.119385889224,0
45,2017-07-12,2585,3,17,195.0,9.0,1755.0,1,10.7972210161,1.79722101607,4.20277898393,2.23910516275,0.166452183705,0.80265145468,0.133603087385,0.207377913208,0
46,2017-06-06,2585,3,17,200.0,22.0,4400.0,1,22.0715036803,0.0715036803365,5.07150368034,2.63502609339,0.00323963792282,0.0271358528539,8.79103379735e-05,0.119385889224,0
47,2017-07-12,2585,3,17,192.0,13.0,2496.0,1,10.7972210161,2.20277898393,4.20277898393,2.23910516275,0.204013512427,0.983776474895,0.200703694086,0.207377913208,0
48,2017-07-12,2585,3,17,63.0,11.0,693.0,1,10.7972210161,0.202778983934,4.20277898393,2.23910516275,0.018780664361,0.0905625101076,0.00170082410602,0.207377913208,0
49,2017-05-11,2585,3,17,96.0,15.0,1440.0,1,14.2313787639,0.768621236133,2.23137876387,1.53264461808,0.054008908686,0.501499974011,0.0270854663024,0.107694738753,0
50,2017-07-18,2585,3,2,111.0,22.0,2442.0,1,20.2240161453,1.77598385469,1.77598385469,0.630752770313,0.0878155872667,2.81565763685,0.247258628922,0.0311883043299,0
51,2016-10-18,2585,3,2,269.0,16.0,4304.0,1,18.5807504078,2.58075040783,2.58075040783,1.64819979645,0.138893766462,1.56579949432,0.217479789291,0.0887046949276,0
52,2016-09-11,2585,3,6,115.0,16.0,1840.0,1,16.0,0.0,0.0,0.0,0.0,,,0.0,0
53,2016-10-13,2585,3,2,192.0,10.0,1920.0,1,13.9898785425,3.98987854251,5.01012145749,3.41849855549,0.285197511214,1.16714355081,0.332866435922,0.244355127538,0
54,2016-10-15,2585,3,17,75.0,27.0,2025.0,1,25.8825301205,1.11746987952,1.88253012048,1.05055733157,0.0431746770627,1.06369242871,0.0459245771035,0.040589437226,0
55,2016-10-17,2585,3,2,83.0,20.0,1660.0,1,15.8200620476,4.17993795243,4.17993795243,1.50170216977,0.264217544777,2.78346667972,0.735440732086,0.0949239115028,0
56,2016-10-26,2585,3,17,105.0,36.0,3780.0,1,33.5,2.5,2.5,2.5,0.0746268656716,1.0,0.0746268656716,0.0746268656716,0
57,2016-10-26,2585,3,14,111.0,17.0,1887.0,1,16.5906432749,0.409356725146,1.59064327485,0.598951468027,0.0246739513571,0.68345558363,0.0168635498252,0.0361017627891,0
58,2017-07-12,2585,3,17,59.0,11.0,649.0,1,10.7972210161,0.202778983934,4.20277898393,2.23910516275,0.018780664361,0.0905625101076,0.00170082410602,0.207377913208,0
59,2016-07-27,2585,3,18,24.0,17.0,408.0,1,12.3975903614,4.60240963855,4.60240963855,2.96542225213,0.371234207969,1.55202505655,0.576164792617,0.239193437246,0
60,2016-07-27,2585,3,18,31.0,11.0,341.0,1,12.3975903614,1.39759036145,4.60240963855,2.96542225213,0.112730806608,0.471295566911,0.0531295294088,0.239193437246,0
61,2016-07-27,2585,3,18,28.0,10.0,280.0,1,12.3975903614,2.39759036145,4.60240963855,2.96542225213,0.193391642371,0.808515670821,0.156360173463,0.239193437246,0
62,2016-10-13,2585,3,2,161.0,12.0,1932.0,1,13.9898785425,1.98987854251,5.01012145749,3.41849855549,0.142237013457,0.582091380238,0.0827949394841,0.244355127538,0
63,2016-10-13,2585,3,17,55.0,16.0,880.0,1,17.1143911439,1.11439114391,1.11439114391,0.993435788662,0.0651142733937,1.12175457803,0.0730422342745,0.058046808695,0
64,2016-10-17,2585,3,2,189.0,17.0,3213.0,1,15.8200620476,1.17993795243,4.17993795243,1.50170216977,0.0745849130605,0.785733666889,0.0586038772336,0.0949239115028,0
65,2016-11-01,2585,3,2,238.0,14.0,3332.0,1,15.1650211566,1.16502115656,4.83497884344,2.21346454267,0.0768229166667,0.526333778609,0.0404344960129,0.145958552897,0
66,2016-11-08,2585,3,2,132.0,12.0,1584.0,1,13.1793278085,1.17932780847,4.17932780847,2.28954423583,0.0894831531327,0.515092825033,0.04609213014,0.173722383198,0
67,2016-09-28,2585,3,17,55.0,21.0,1155.0,1,14.7774219376,6.22257806245,6.22257806245,2.09236732907,0.421086850517,2.973941514,1.25228766575,0.141592176085,0
68,2017-08-09,2585,3,17,174.0,28.0,4872.0,1,29.5507614213,1.55076142132,2.44923857868,1.42715219217,0.0524778837069,1.08661250694,0.0570231247736,0.0482949380501,0
69,2016-10-15,2585,3,17,60.0,27.0,1620.0,1,25.8825301205,1.11746987952,1.88253012048,1.05055733157,0.0431746770627,1.06369242871,0.0459245771035,0.040589437226,0
70,2016-10-13,2585,3,17,65.0,16.0,1040.0,1,17.1143911439,1.11439114391,1.11439114391,0.993435788662,0.0651142733937,1.12175457803,0.0730422342745,0.058046808695,0
71,2017-04-11,2585,3,17,84.0,18.0,1512.0,1,18.0,0.0,0.0,0.0,0.0,,,0.0,0
72,2017-06-17,2585,3,21,233.0,15.0,3495.0,1,15.8794520548,0.879452054795,2.12054794521,1.20580319439,0.0553830227743,0.729349581166,0.0403935844642,0.0759348112407,0
73,2017-08-05,2585,3,17,85.0,24.0,2040.0,1,26.389084507,2.38908450704,2.61091549296,2.02232797278,0.0905330575756,1.18135363759,0.106951556889,0.0766350182492,0
74,2016-08-22,2585,3,17,180.0,22.0,3960.0,1,17.2356020942,4.76439790576,4.76439790576,3.73773590074,0.276427703524,1.27467483854,0.352355438356,0.216861347825,0
75,2016-10-13,2585,3,2,249.0,12.0,2988.0,1,13.9898785425,1.98987854251,5.01012145749,3.41849855549,0.142237013457,0.582091380238,0.0827949394841,0.244355127538,0
76,2016-10-22,2585,3,17,72.0,28.0,2016.0,1,29.3587833644,1.35878336437,5.35878336437,2.54062256424,0.0462820052012,0.53482299319,0.0247526805525,0.0865370520537,0
77,2016-10-22,2585,3,17,194.0,26.0,5044.0,1,29.3587833644,3.35878336437,5.35878336437,2.54062256424,0.114404719115,1.32203161999,0.151246656146,0.0865370520537,0
78,2017-04-11,2585,3,17,115.0,18.0,2070.0,1,18.0,0.0,0.0,0.0,0.0,,,0.0,0
79,2017-07-12,2585,3,17,172.0,11.0,1892.0,1,10.7972210161,0.202778983934,4.20277898393,2.23910516275,0.018780664361,0.0905625101076,0.00170082410602,0.207377913208,0
80,2017-08-05,2585,3,17,136.0,24.0,3264.0,1,26.389084507,2.38908450704,2.61091549296,2.02232797278,0.0905330575756,1.18135363759,0.106951556889,0.0766350182492,0
81,2016-08-29,2585,3,17,55.0,16.0,880.0,1,16.7282608696,0.728260869565,2.27173913043,1.5043651042,0.043534762833,0.484098486154,0.0210751127825,0.0899295578858,0
82,2016-10-14,2585,3,17,84.0,22.0,1848.0,1,25.0509731233,3.05097312326,4.05097312326,2.68835343424,0.121790603034,1.13488542258,0.13821837999,0.107315329469,0
83,2016-09-21,2585,3,4,150.0,20.0,3000.0,1,24.6428571429,4.64285714286,5.35714285714,4.98722858706,0.188405797101,0.930949336251,0.175396251757,0.202380290489,0
84,2016-09-25,2585,3,4,15.0,15.0,225.0,1,20.9917664671,5.99176646707,5.99176646707,2.12993165516,0.28543412373,2.81312616419,0.802962201617,0.101465098638,0
85,2016-09-28,2585,3,4,266.0,20.0,5320.0,1,22.6354285714,2.63542857143,3.36457142857,2.78951131702,0.116429364839,0.944763534514,0.109998218246,0.123236514308,0
86,2016-10-15,2585,3,4,125.0,32.0,4000.0,1,33.2963625522,1.29636255218,6.29636255218,3.21313158098,0.0389340592428,0.403457661009,0.0157082444757,0.0965009789266,0
87,2016-10-15,2585,3,17,26.0,25.0,650.0,1,25.8825301205,0.882530120482,1.88253012048,1.05055733157,0.0340975212382,0.840058980084,0.0286439289148,0.040589437226,0
88,2016-10-22,2585,3,17,49.0,26.0,1274.0,1,29.3587833644,3.35878336437,5.35878336437,2.54062256424,0.114404719115,1.32203161999,0.151246656146,0.0865370520537,0
89,2016-10-22,2585,3,4,108.0,26.0,2808.0,1,31.3983050847,5.39830508475,5.39830508475,2.94048258033,0.171929824561,1.8358568491,0.315638545985,0.0936509971603,0
90,2016-11-02,2585,3,4,210.0,28.0,5880.0,1,33.8993670886,5.89936708861,8.89936708861,3.93756650473,0.174025877037,1.49822665383,0.260730207433,0.11615457287,0
91,2017-08-10,2585,3,17,83.0,24.0,1992.0,1,27.0894245723,3.08942457232,6.08942457232,3.45181406701,0.114045411488,0.895014769726,0.102072327701,0.127422937973,0
92,2016-09-14,2585,3,17,240.0,26.0,6240.0,1,23.3209580838,2.67904191617,3.32095808383,2.42442245324,0.114877009192,1.10502272926,0.126941706227,0.103958955911,0
93,2016-09-14,2585,3,17,184.0,25.0,4600.0,1,23.3209580838,1.67904191617,3.32095808383,2.42442245324,0.0719971242233,0.692553360048,0.0498618502946,0.103958955911,0
94,2016-09-14,2585,3,17,112.0,22.0,2464.0,1,23.3209580838,1.32095808383,3.32095808383,2.42442245324,0.0566425306835,0.544854747598,0.0308619517589,0.103958955911,0
95,2016-09-14,2585,3,17,69.0,21.0,1449.0,1,23.3209580838,2.32095808383,3.32095808383,2.42442245324,0.0995224156524,0.957324116814,0.0952752086677,0.103958955911,0
96,2016-10-28,2585,3,6,101.0,16.0,1616.0,1,16.0,0.0,0.0,0.0,0.0,,,0.0,0
97,2017-08-02,2585,3,17,141.0,21.0,2961.0,1,21.7402597403,0.74025974026,6.25974025974,3.66415631367,0.0340501792115,0.202027336415,0.00687906701056,0.168542434977,0
98,2016-09-14,2585,3,17,190.0,20.0,3800.0,1,23.3209580838,3.32095808383,3.32095808383,2.42442245324,0.142402300621,1.36979348603,0.195061743787,0.103958955911,0
99,2016-10-14,2585,3,4,130.0,20.0,2600.0,1,22.1573033708,2.15730337079,3.84269662921,2.87921211291,0.0973630831643,0.749268649265,0.0729511058108,0.129944157226,0
100,2016-10-18,2585,3,4,55.0,30.0,1650.0,1,26.64,3.36,3.36,2.97832167504,0.126126126126,1.12815214964,0.142289460314,0.111798861676,0
101,2016-10-27,2585,3,4,180.0,25.0,4500.0,1,28.26692607,3.26692607004,8.26692607004,4.23506249826,0.115574154117,0.771399730554,0.089153871345,0.149823949296,0
102,2016-11-05,2585,3,2,105.0,17.0,1785.0,1,12.4186390533,4.58136094675,4.58136094675,3.09860751984,0.368910065515,1.47852250322,0.54544183353,0.249512648411,0
103,2016-06-16,2585,3,9,405.0,8.0,3240.0,1,8.0,0.0,0.0,0.0,0.0,,,0.0,0
104,2016-09-28,2585,3,17,92.0,20.0,1840.0,1,14.7774219376,5.22257806245,6.22257806245,2.09236732907,0.353416048112,2.49601395983,0.882131389717,0.141592176085,0
105,2016-10-12,2585,3,2,116.0,18.0,2088.0,1,16.2951849267,1.70481507327,5.70481507327,3.24291452399,0.104620787118,0.525704597103,0.0549996287406,0.199010599669,0
106,2016-10-25,2585,3,2,181.0,13.0,2353.0,1,14.0233050847,1.02330508475,2.97669491525,1.40763929984,0.0729717479982,0.726965412846,0.0530479369096,0.100378569198,0
107,2016-10-15,2585,3,17,40.0,26.0,1040.0,1,25.8825301205,0.117469879518,1.88253012048,1.05055733157,0.00453857791225,0.111816724312,0.000507488915181,0.040589437226,0
108,2016-11-08,2585,3,2,86.0,16.0,1376.0,1,13.1793278085,2.82067219153,4.17932780847,2.28954423583,0.21402246249,1.23197977457,0.263671345091,0.173722383198,0
109,2016-08-29,2585,3,17,98.0,15.0,1470.0,1,16.7282608696,1.72826086957,2.27173913043,1.5043651042,0.103313840156,1.1488307358,0.118690115004,0.0899295578858,0
110,2016-08-29,2585,3,17,302.0,16.0,4832.0,1,16.7282608696,0.728260869565,2.27173913043,1.5043651042,0.043534762833,0.484098486154,0.0210751127825,0.0899295578858,0
111,2016-10-14,2585,3,17,201.0,25.0,5025.0,1,25.0509731233,0.0509731232623,4.05097312326,2.68835343424,0.00203477617462,0.0189607224307,3.85808262555e-05,0.107315329469,0
112,2016-10-15,2585,3,17,161.0,26.0,4186.0,1,25.8825301205,0.117469879518,1.88253012048,1.05055733157,0.00453857791225,0.111816724312,0.000507488915181,0.040589437226,0
113,2016-10-22,2585,3,17,156.0,30.0,4680.0,1,29.3587833644,0.64121663563,5.35878336437,2.54062256424,0.021840708713,0.252385633607,0.00551228110696,0.0865370520537,0
114,2017-08-02,2585,3,17,166.0,16.0,2656.0,1,21.7402597403,5.74025974026,6.25974025974,3.66415631367,0.26403823178,1.56659794203,0.413641750524,0.168542434977,0
115,2016-09-25,2585,3,4,201.0,20.0,4020.0,1,20.9917664671,0.991766467066,5.99176646707,2.12993165516,0.0472454983063,0.465633000319,0.0219990631279,0.101465098638,0
116,2016-10-13,2585,3,2,210.0,19.0,3990.0,1,13.9898785425,5.01012145749,5.01012145749,3.41849855549,0.358124728693,1.46559121678,0.524864456883,0.244355127538,0
117,2016-10-13,2585,3,2,176.0,17.0,2992.0,1,13.9898785425,3.01012145749,5.01012145749,3.41849855549,0.215164230936,0.8805390462,0.189460506685,0.244355127538,0
118,2017-05-07,2585,3,9,210.0,1.0,210.0,1,3.51834862385,2.51834862385,2.51834862385,1.1013473931,0.715775749674,2.28660696854,1.63669781712,0.313029637153,0
119,2016-10-31,2585,3,4,142.0,26.0,3692.0,1,25.7966527197,0.203347280335,3.79665271967,2.3105337482,0.00788270023032,0.0880087903902,0.000693746912278,0.0895671920427,0
120,2016-06-16,2585,3,9,209.0,8.0,1672.0,1,8.0,0.0,0.0,0.0,0.0,,,0.0,0
121,2017-06-22,2585,3,2,406.0,4.0,1624.0,1,4.0,0.0,0.0,0.0,0.0,,,0.0,0
122,2017-08-10,2585,3,17,132.0,24.0,3168.0,1,27.0894245723,3.08942457232,6.08942457232,3.45181406701,0.114045411488,0.895014769726,0.102072327701,0.127422937973,0
123,2016-10-14,2585,3,4,120.0,20.0,2400.0,1,22.1573033708,2.15730337079,3.84269662921,2.87921211291,0.0973630831643,0.749268649265,0.0729511058108,0.129944157226,0
124,2016-08-22,2585,3,17,324.0,14.0,4536.0,1,17.2356020942,3.23560209424,4.76439790576,3.73773590074,0.18772782503,0.865658296939,0.162508149304,0.216861347825,0
125,2016-11-01,2585,3,2,116.0,20.0,2320.0,1,15.1650211566,4.83497884344,4.83497884344,2.21346454267,0.318824404762,2.18434890202,0.69642373848,0.145958552897,0
126,2017-04-11,2585,3,17,165.0,18.0,2970.0,1,18.0,0.0,0.0,0.0,0.0,,,0.0,0
127,2017-08-02,2585,3,17,17.0,17.0,289.0,1,21.7402597403,4.74025974026,6.25974025974,3.66415631367,0.218040621266,1.29368382091,0.282075624033,0.168542434977,0
128,2017-07-12,2585,3,17,71.0,11.0,781.0,1,10.7972210161,0.202778983934,4.20277898393,2.23910516275,0.018780664361,0.0905625101076,0.00170082410602,0.207377913208,0
129,2016-10-30,2585,3,2,160.0,10.0,1600.0,1,10.0,0.0,0.0,0.0,0.0,,,0.0,0
130,2016-11-01,2585,3,2,290.0,14.0,4060.0,1,15.1650211566,1.16502115656,4.83497884344,2.21346454267,0.0768229166667,0.526333778609,0.0404344960129,0.145958552897,0
131,2016-11-05,2585,3,2,307.0,10.0,3070.0,1,12.4186390533,2.41863905325,4.58136094675,3.09860751984,0.194758784991,0.780556762277,0.152020286638,0.249512648411,0
132,2016-08-22,2585,3,17,69.0,20.0,1380.0,1,17.2356020942,2.76439790576,4.76439790576,3.73773590074,0.160388821385,0.739591554667,0.118622217759,0.216861347825,0
133,2016-09-14,2585,3,17,40.0,23.0,920.0,1,23.3209580838,0.320958083832,3.32095808383,2.42442245324,0.0137626457146,0.132385378383,0.00182197306047,0.103958955911,0
134,2016-11-08,2585,3,2,50.0,15.0,750.0,1,13.1793278085,1.82067219153,4.17932780847,2.28954423583,0.138146058584,0.79521162467,0.109855351688,0.173722383198,0
135,2016-08-07,2585,3,6,136.0,25.0,3400.0,1,23.5838150289,1.4161849711,8.5838150289,2.92293569474,0.0600490196078,0.484507741188,0.0290942148507,0.123938204704,0
136,2016-08-07,2585,3,6,25.0,20.0,500.0,1,23.5838150289,3.5838150289,8.5838150289,2.92293569474,0.151960784314,1.2261012226,0.186319303434,0.123938204704,0
137,2016-08-07,2585,3,6,12.0,15.0,180.0,1,23.5838150289,8.5838150289,8.5838150289,2.92293569474,0.363970588235,2.93671018638,1.06887613401,0.123938204704,0
138,2016-08-09,2585,3,6,72.0,22.0,1584.0,1,20.730964467,1.26903553299,1.26903553299,0.963130251828,0.0612144955926,1.31761569174,0.0806571799545,0.0464585356538,0
139,2016-08-09,2585,3,6,125.0,20.0,2500.0,1,20.730964467,0.730964467005,1.26903553299,0.963130251828,0.0352595494613,0.75894663844,0.0267601165366,0.0464585356538,0
140,2016-09-10,2585,3,6,105.0,12.0,1260.0,1,12.0,0.0,0.0,0.0,0.0,,,0.0,0
141,2016-09-14,2585,3,6,43.0,20.0,860.0,1,20.5567010309,0.556701030928,0.556701030928,0.496774589821,0.0270812437312,1.12063105146,0.0303480826372,0.0241660658037,0
142,2016-09-14,2585,3,6,54.0,21.0,1134.0,1,20.5567010309,0.443298969072,0.556701030928,0.496774589821,0.0215646940822,0.892354355789,0.0192433486956,0.0241660658037,0
143,2016-10-12,2585,3,2,277.0,18.0,4986.0,1,16.2951849267,1.70481507327,5.70481507327,3.24291452399,0.104620787118,0.525704597103,0.0549996287406,0.199010599669,0
144,2016-10-18,2585,3,2,212.0,17.0,3604.0,1,18.5807504078,1.58075040783,2.58075040783,1.64819979645,0.0850746268657,0.959076934261,0.0815931123177,0.0887046949276,0
145,2016-10-25,2585,3,2,354.0,13.0,4602.0,1,14.0233050847,1.02330508475,2.97669491525,1.40763929984,0.0729717479982,0.726965412846,0.0530479369096,0.100378569198,0
146,2016-11-08,2585,3,2,221.0,16.0,3536.0,1,13.1793278085,2.82067219153,4.17932780847,2.28954423583,0.21402246249,1.23197977457,0.263671345091,0.173722383198,0
147,2016-11-08,2585,3,2,73.0,15.0,1095.0,1,13.1793278085,1.82067219153,4.17932780847,2.28954423583,0.138146058584,0.79521162467,0.109855351688,0.173722383198,0
148,2016-10-22,2585,3,17,258.0,32.0,8256.0,1,29.3587833644,2.64121663563,5.35878336437,2.54062256424,0.0899634226272,1.0395942604,0.0935254578095,0.0865370520537,0
149,2016-10-12,2585,3,17,158.0,30.0,4740.0,1,30.0,0.0,0.0,0.0,0.0,,,0.0,0
150,2016-10-14,2585,3,17,51.0,26.0,1326.0,1,25.0509731233,0.949026876738,4.05097312326,2.68835343424,0.0378838327784,0.353014177618,0.0133735300733,0.107315329469,0
151,2016-10-14,2585,3,6,35.0,20.0,700.0,1,20.0,0.0,0.0,0.0,0.0,,,0.0,0
152,2016-11-08,2585,3,6,23.0,20.0,460.0,1,20.0,0.0,0.0,0.0,0.0,,,0.0,0
153,2017-07-19,2585,3,17,66.0,17.0,1122.0,1,21.2178533475,4.2178533475,4.2178533475,1.4255673829,0.198787939497,2.95871903222,0.588157659966,0.0671871635435,0
154,2016-10-17,2585,3,2,254.0,15.0,3810.0,1,15.8200620476,0.82006204757,4.17993795243,1.50170216977,0.0518368414172,0.546088341668,0.0283074947668,0.0949239115028,0
155,2016-10-18,2585,3,4,70.0,24.0,1680.0,1,26.64,2.64,3.36,2.97832167504,0.0990990990991,0.886405260428,0.0878419627451,0.111798861676,0
156,2016-10-30,2585,3,2,280.0,10.0,2800.0,1,10.0,0.0,0.0,0.0,0.0,,,0.0,0
157,2016-10-12,2585,3,2,296.0,18.0,5328.0,1,16.2951849267,1.70481507327,5.70481507327,3.24291452399,0.104620787118,0.525704597103,0.0549996287406,0.199010599669,0
158,2016-10-14,2585,3,17,90.0,27.0,2430.0,1,25.0509731233,1.94902687674,4.05097312326,2.68835343424,0.0778024417314,0.724989077668,0.0564059204711,0.107315329469,0
159,2016-08-12,2585,3,2,152.0,6.0,912.0,1,6.0,0.0,0.0,0.0,0.0,,,0.0,0
160,2016-09-21,2585,3,4,150.0,20.0,3000.0,1,24.6428571429,4.64285714286,5.35714285714,4.98722858706,0.188405797101,0.930949336251,0.175396251757,0.202380290489,0
161,2016-09-25,2585,3,4,120.0,15.0,1800.0,1,20.9917664671,5.99176646707,5.99176646707,2.12993165516,0.28543412373,2.81312616419,0.802962201617,0.101465098638,0
162,2016-10-14,2585,3,4,20.0,20.0,400.0,1,22.1573033708,2.15730337079,3.84269662921,2.87921211291,0.0973630831643,0.749268649265,0.0729511058108,0.129944157226,0
163,2016-09-27,2585,3,4,151.0,16.0,2416.0,1,23.8712624585,7.87126245847,7.87126245847,2.98070284264,0.329738004941,2.64074041393,0.870752475656,0.124865739624,0
164,2016-10-25,2585,3,2,268.0,14.5,3886.0,1,14.0233050847,0.476694915254,2.97669491525,1.40763929984,0.0339930503097,0.338648484245,0.0115116949623,0.100378569198,0
165,2016-10-30,2585,3,2,420.0,10.0,4200.0,1,10.0,0.0,0.0,0.0,0.0,,,0.0,0
166,2016-11-05,2585,3,2,120.0,10.0,1200.0,1,12.4186390533,2.41863905325,4.58136094675,3.09860751984,0.194758784991,0.780556762277,0.152020286638,0.249512648411,0
167,2016-11-08,2585,3,2,339.0,14.0,4746.0,1,13.1793278085,0.820672191529,4.17932780847,2.28954423583,0.0622696546785,0.358443474769,0.0223201513956,0.173722383198,0
168,2016-08-29,2585,3,17,189.0,19.0,3591.0,1,16.7282608696,2.27173913043,2.27173913043,1.5043651042,0.135802469136,1.51009826278,0.205075072723,0.0899295578858,0
169,2016-09-21,2585,3,4,260.0,30.0,7800.0,1,24.6428571429,5.35714285714,5.35714285714,4.98722858706,0.217391304348,1.07417231106,0.233515719795,0.202380290489,0
170,2016-09-28,2585,3,4,193.0,20.0,3860.0,1,22.6354285714,2.63542857143,3.36457142857,2.78951131702,0.116429364839,0.944763534514,0.109998218246,0.123236514308,0
171,2017-06-07,2585,3,81,156.0,16.0,2496.0,1,11.7080924855,4.29190751445,4.70809248555,4.03794049156,0.366576154036,1.06289518714,0.389632029846,0.344884574199,0
172,2017-06-07,2585,3,81,75.0,10.0,750.0,1,11.7080924855,1.70809248555,4.70809248555,4.03794049156,0.145889903727,0.423010811853,0.0617130066169,0.344884574199,0
173,2017-06-07,2585,3,81,115.0,7.0,805.0,1,11.7080924855,4.70809248555,4.70809248555,4.03794049156,0.402122932609,1.16596381135,0.468860787136,0.344884574199,0
174,2017-08-05,2585,3,17,115.0,29.0,3335.0,1,26.389084507,2.61091549296,2.61091549296,2.02232797278,0.0989392220962,1.29104454278,0.127734942754,0.0766350182492,0
175,2017-04-27,2585,3,17,240.0,20.0,4800.0,1,15.8982035928,4.10179640719,4.10179640719,1.91943957184,0.258003766478,2.13697605664,0.551347871488,0.120733110545,0
176,2017-07-23,2585,3,2,30.0,25.0,750.0,1,14.6126429052,10.3873570948,10.3873570948,1.56733689157,0.710847254821,6.62739271354,4.71106391704,0.107258960733,0
177,2017-08-09,2585,3,17,201.0,30.0,6030.0,1,29.5507614213,0.44923857868,2.44923857868,1.42715219217,0.0152022674568,0.314779727869,0.00478536561305,0.0482949380501,0
178,2017-06-29,2585,3,18,21.6,13.0,280.8,1,6.62101313321,6.37898686679,6.37898686679,3.2156525757,0.963445735336,1.98373011904,1.91121632325,0.485673795084,0
179,2016-11-08,2584,3,2,345.0,17.0,5865.0,1,13.1793278085,3.82067219153,4.17932780847,2.28954423583,0.289898866395,1.66874792447,0.483768131604,0.173722383198,0
180,2016-11-08,2584,3,2,321.0,14.0,4494.0,1,13.1793278085,0.820672191529,4.17932780847,2.28954423583,0.0622696546785,0.358443474769,0.0223201513956,0.173722383198,0
181,2016-09-06,2584,3,5,115.0,25.0,2875.0,1,26.5808656036,1.58086560364,1.58086560364,0.988405760692,0.0594738195218,1.59940954061,0.0951229943597,0.0371848597947,0
182,2016-10-27,2586,3,4,155.0,32.0,4960.0,1,28.26692607,3.73307392996,8.26692607004,4.23506249826,0.13206508273,0.88146843913,0.116411202338,0.149823949296,0
183,2016-11-02,2586,3,4,105.0,36.0,3780.0,1,33.8993670886,2.10063291139,8.89936708861,3.93756650473,0.0619667295233,0.533485062124,0.0330583245494,0.11615457287,0
184,2017-04-30,2586,3,21,302.0,6.0,1812.0,1,6.09475119291,0.0947511929107,3.90524880709,2.59732128945,0.0155463594676,0.0364803512356,0.000567136653814,0.426157066505,0
185,2016-09-29,2586,3,4,327.0,26.0,8502.0,1,25.561452514,0.438547486034,1.56145251397,0.999508321434,0.0171565949077,0.438763216502,0.00752768276591,0.0391021723389,0
186,2016-09-27,2586,3,4,260.0,25.0,6500.0,1,23.8712624585,1.12873754153,7.87126245847,2.98070284264,0.0472843672802,0.378681673793,0.0179057233459,0.124865739624,0
187,2016-10-09,2586,3,4,385.0,36.0,13860.0,1,35.8962573867,0.103742613263,0.896257386737,0.304926357432,0.0028900676788,0.340221862541,0.000983264208551,0.00849465597894,0
188,2016-09-27,2586,3,4,111.0,25.0,2775.0,1,23.8712624585,1.12873754153,7.87126245847,2.98070284264,0.0472843672802,0.378681673793,0.0179057233459,0.124865739624,0
189,2016-09-28,2586,3,4,226.0,26.0,5876.0,1,22.6354285714,3.36457142857,3.36457142857,2.78951131702,0.148641825709,1.20615084372,0.179284463491,0.123236514308,0
190,2016-09-29,2586,3,4,277.0,27.0,7479.0,1,25.561452514,1.43854748603,1.56145251397,0.999508321434,0.0562780024041,1.43925513693,0.0809984040565,0.0391021723389,0
191,2016-10-09,2586,3,4,265.0,36.0,9540.0,1,35.8962573867,0.103742613263,0.896257386737,0.304926357432,0.0028900676788,0.340221862541,0.000983264208551,0.00849465597894,0
192,2016-10-13,2586,3,4,187.0,35.0,6545.0,1,34.5445544554,0.455445544554,0.544554455446,0.498010944157,0.0131842934938,0.914529188361,0.012057421228,0.0144164819031,0
193,2016-09-28,2586,3,17,185.0,14.0,2590.0,1,14.7774219376,0.77742193755,6.22257806245,2.09236732907,0.0526087663217,0.371551365169,0.0195468589467,0.141592176085,0
194,2017-04-30,2586,3,21,273.0,7.0,1911.0,1,6.09475119291,0.905248807089,3.90524880709,2.59732128945,0.148529247288,0.348531701014,0.0517671512075,0.426157066505,0
195,2016-09-27,2586,3,4,92.0,25.0,2300.0,1,23.8712624585,1.12873754153,7.87126245847,2.98070284264,0.0472843672802,0.378681673793,0.0179057233459,0.124865739624,0
196,2016-09-29,2586,3,4,196.0,24.0,4704.0,1,25.561452514,1.56145251397,1.56145251397,0.999508321434,0.0610862200852,1.56222062436,0.0954301528815,0.0391021723389,0
197,2016-10-09,2586,3,4,158.0,35.0,5530.0,1,35.8962573867,0.896257386737,0.896257386737,0.304926357432,0.0249679897567,2.939258496,0.0733873760206,0.00849465597894,0
198,2016-09-28,2586,3,17,172.0,14.0,2408.0,1,14.7774219376,0.77742193755,6.22257806245,2.09236732907,0.0526087663217,0.371551365169,0.0195468589467,0.141592176085,0
199,2016-10-15,2586,3,4,178.0,35.0,6230.0,1,33.2963625522,1.70363744782,6.29636255218,3.21313158098,0.0511658727032,0.530210918815,0.0271287043779,0.0965009789266,0
200,2016-09-29,2586,3,4,79.0,25.0,1975.0,1,25.561452514,0.561452513966,1.56145251397,0.999508321434,0.0219648125888,0.56172870393,0.0123382657076,0.0391021723389,0
201,2016-09-29,2586,3,4,139.0,25.0,3475.0,1,25.561452514,0.561452513966,1.56145251397,0.999508321434,0.0219648125888,0.56172870393,0.0123382657076,0.0391021723389,0
202,2016-10-15,2586,3,4,110.0,35.0,3850.0,1,33.2963625522,1.70363744782,6.29636255218,3.21313158098,0.0511658727032,0.530210918815,0.0271287043779,0.0965009789266,0
203,2016-09-29,2586,3,4,111.0,26.0,2886.0,1,25.561452514,0.438547486034,1.56145251397,0.999508321434,0.0171565949077,0.438763216502,0.00752768276591,0.0391021723389,0
204,2016-09-28,2586,3,4,190.0,25.0,4750.0,1,22.6354285714,2.36457142857,3.36457142857,2.78951131702,0.104463293951,0.847665114011,0.0885498899772,0.123236514308,0
205,2016-10-15,2586,3,4,96.0,35.0,3360.0,1,33.2963625522,1.70363744782,6.29636255218,3.21313158098,0.0511658727032,0.530210918815,0.0271287043779,0.0965009789266,0
206,2016-09-27,2586,3,4,210.0,25.0,5250.0,1,23.8712624585,1.12873754153,7.87126245847,2.98070284264,0.0472843672802,0.378681673793,0.0179057233459,0.124865739624,0
207,2016-10-09,2586,3,4,265.0,36.0,9540.0,1,35.8962573867,0.103742613263,0.896257386737,0.304926357432,0.0028900676788,0.340221862541,0.000983264208551,0.00849465597894,0
208,2016-10-13,2586,3,4,368.0,35.0,12880.0,1,34.5445544554,0.455445544554,0.544554455446,0.498010944157,0.0131842934938,0.914529188361,0.012057421228,0.0144164819031,0
209,2016-10-15,2586,3,4,345.0,35.0,12075.0,1,33.2963625522,1.70363744782,6.29636255218,3.21313158098,0.0511658727032,0.530210918815,0.0271287043779,0.0965009789266,0
210,2016-10-27,2586,3,4,147.0,32.0,4704.0,1,28.26692607,3.73307392996,8.26692607004,4.23506249826,0.13206508273,0.88146843913,0.116411202338,0.149823949296,0
211,2016-10-27,2586,3,4,59.0,25.0,1475.0,1,28.26692607,3.26692607004,8.26692607004,4.23506249826,0.115574154117,0.771399730554,0.089153871345,0.149823949296,0
212,2016-11-02,2586,3,4,245.0,36.0,8820.0,1,33.8993670886,2.10063291139,8.89936708861,3.93756650473,0.0619667295233,0.533485062124,0.0330583245494,0.11615457287,0
213,2017-04-29,2586,3,21,425.0,14.0,5950.0,1,9.24,4.76,4.76,4.00912053723,0.515151515152,1.18729281293,0.611635691507,0.433887504029,0
214,2017-04-29,2586,3,21,378.5,13.0,4920.5,1,9.24,3.76,4.76,4.00912053723,0.406926406926,0.937861549706,0.381640630616,0.433887504029,0
215,2016-09-27,2586,3,4,170.0,25.0,4250.0,1,23.8712624585,1.12873754153,7.87126245847,2.98070284264,0.0472843672802,0.378681673793,0.0179057233459,0.124865739624,0
216,2016-10-09,2586,3,4,264.0,36.0,9504.0,1,35.8962573867,0.103742613263,0.896257386737,0.304926357432,0.0028900676788,0.340221862541,0.000983264208551,0.00849465597894,0
217,2016-10-13,2586,3,4,359.0,34.0,12206.0,1,34.5445544554,0.544554455446,0.544554455446,0.498010944157,0.0157638291774,1.09345881217,0.0172370979276,0.0144164819031,0
218,2016-10-15,2586,3,4,293.0,35.0,10255.0,1,33.2963625522,1.70363744782,6.29636255218,3.21313158098,0.0511658727032,0.530210918815,0.0271287043779,0.0965009789266,0
219,2016-10-27,2586,3,4,224.0,30.0,6720.0,1,28.26692607,1.73307392996,8.26692607004,4.23506249826,0.0613110150593,0.409220390649,0.0250897175337,0.149823949296,0
220,2016-10-27,2586,3,4,89.0,22.0,1958.0,1,28.26692607,6.26692607004,8.26692607004,4.23506249826,0.221705255623,1.47977180328,0.328073185909,0.149823949296,0
221,2016-11-02,2586,3,4,359.0,36.0,12924.0,1,33.8993670886,2.10063291139,8.89936708861,3.93756650473,0.0619667295233,0.533485062124,0.0330583245494,0.11615457287,0
222,2016-09-27,2586,3,4,210.0,25.0,5250.0,1,23.8712624585,1.12873754153,7.87126245847,2.98070284264,0.0472843672802,0.378681673793,0.0179057233459,0.124865739624,0
223,2016-10-13,2586,3,4,285.0,34.0,9690.0,1,34.5445544554,0.544554455446,0.544554455446,0.498010944157,0.0157638291774,1.09345881217,0.0172370979276,0.0144164819031,0
224,2016-10-15,2586,3,4,185.0,36.0,6660.0,1,33.2963625522,2.70363744782,6.29636255218,3.21313158098,0.0811991833518,0.841433778756,0.0683237356796,0.0965009789266,0
225,2016-10-27,2586,3,4,124.0,33.0,4092.0,1,28.26692607,4.73307392996,8.26692607004,4.23506249826,0.167442116565,1.11759246337,0.187132047524,0.149823949296,0
226,2016-11-02,2586,3,4,297.0,36.0,10692.0,1,33.8993670886,2.10063291139,8.89936708861,3.93756650473,0.0619667295233,0.533485062124,0.0330583245494,0.11615457287,0
227,2016-09-29,2586,3,4,66.0,24.0,1584.0,1,25.561452514,1.56145251397,1.56145251397,0.999508321434,0.0610862200852,1.56222062436,0.0954301528815,0.0391021723389,0
228,2016-09-28,2586,3,17,80.0,14.0,1120.0,1,14.7774219376,0.77742193755,6.22257806245,2.09236732907,0.0526087663217,0.371551365169,0.0195468589467,0.141592176085,0
229,2016-09-28,2586,3,17,189.0,14.0,2646.0,1,14.7774219376,0.77742193755,6.22257806245,2.09236732907,0.0526087663217,0.371551365169,0.0195468589467,0.141592176085,0
230,2016-09-29,2586,3,4,74.0,26.0,1924.0,1,25.561452514,0.438547486034,1.56145251397,0.999508321434,0.0171565949077,0.438763216502,0.00752768276591,0.0391021723389,0
231,2016-09-29,2586,3,4,58.0,25.0,1450.0,1,25.561452514,0.561452513966,1.56145251397,0.999508321434,0.0219648125888,0.56172870393,0.0123382657076,0.0391021723389,0
232,2016-09-29,2586,3,4,105.0,25.0,2625.0,1,25.561452514,0.561452513966,1.56145251397,0.999508321434,0.0219648125888,0.56172870393,0.0123382657076,0.0391021723389,0
233,2016-09-28,2586,3,17,91.0,13.0,1183.0,1,14.7774219376,1.77742193755,6.22257806245,2.09236732907,0.120279568727,0.849478919337,0.102174958061,0.141592176085,0
234,2016-10-13,2586,3,4,215.0,35.0,7525.0,1,34.5445544554,0.455445544554,0.544554455446,0.498010944157,0.0131842934938,0.914529188361,0.012057421228,0.0144164819031,0
235,2016-10-27,2586,3,4,115.0,32.0,3680.0,1,28.26692607,3.73307392996,8.26692607004,4.23506249826,0.13206508273,0.88146843913,0.116411202338,0.149823949296,0
236,2016-11-02,2586,3,4,215.0,36.0,7740.0,1,33.8993670886,2.10063291139,8.89936708861,3.93756650473,0.0619667295233,0.533485062124,0.0330583245494,0.11615457287,0
237,2016-09-28,2586,3,17,125.0,15.0,1875.0,1,14.7774219376,0.22257806245,6.22257806245,2.09236732907,0.0150620360839,0.106376188998,0.00160224199715,0.141592176085,0
238,2016-10-09,2586,3,4,186.0,36.0,6696.0,1,35.8962573867,0.103742613263,0.896257386737,0.304926357432,0.0028900676788,0.340221862541,0.000983264208551,0.00849465597894,0
239,2016-09-28,2586,3,17,260.0,14.0,3640.0,1,14.7774219376,0.77742193755,6.22257806245,2.09236732907,0.0526087663217,0.371551365169,0.0195468589467,0.141592176085,0
240,2016-10-18,2749,3,2,100.0,17.0,1700.0,1,18.5807504078,1.58075040783,2.58075040783,1.64819979645,0.0850746268657,0.959076934261,0.0815931123177,0.0887046949276,0
241,2016-10-18,2749,3,2,115.0,20.0,2300.0,1,18.5807504078,1.41924959217,2.58075040783,1.64819979645,0.0763827919227,0.861090745931,0.065772515273,0.0887046949276,0
242,2016-10-27,2749,3,4,43.0,24.0,1032.0,1,28.26692607,4.26692607004,8.26692607004,4.23506249826,0.150951187953,1.00752375479,0.152086907677,0.149823949296,0
243,2016-10-14,2749,3,17,41.0,27.0,1107.0,1,25.0509731233,1.94902687674,4.05097312326,2.68835343424,0.0778024417314,0.724989077668,0.0564059204711,0.107315329469,0
244,2016-10-18,2749,3,2,61.0,20.0,1220.0,1,18.5807504078,1.41924959217,2.58075040783,1.64819979645,0.0763827919227,0.861090745931,0.065772515273,0.0887046949276,0
245,2016-11-09,2749,3,4,16.0,14.0,224.0,1,19.2672064777,5.26720647773,5.26720647773,3.16762748065,0.273376759823,1.66282383579,0.454577392386,0.164405124547,0
246,2016-10-22,2749,3,17,181.0,28.0,5068.0,1,29.3587833644,1.35878336437,5.35878336437,2.54062256424,0.0462820052012,0.53482299319,0.0247526805525,0.0865370520537,0
247,2016-10-18,2749,3,2,260.0,20.0,5200.0,1,18.5807504078,1.41924959217,2.58075040783,1.64819979645,0.0763827919227,0.861090745931,0.065772515273,0.0887046949276,0
248,2016-10-18,2749,3,2,116.0,20.0,2320.0,1,18.5807504078,1.41924959217,2.58075040783,1.64819979645,0.0763827919227,0.861090745931,0.065772515273,0.0887046949276,0
249,2016-10-18,2749,3,2,18.0,20.0,360.0,1,18.5807504078,1.41924959217,2.58075040783,1.64819979645,0.0763827919227,0.861090745931,0.065772515273,0.0887046949276,0
250,2016-10-18,2749,3,2,26.0,20.0,520.0,1,18.5807504078,1.41924959217,2.58075040783,1.64819979645,0.0763827919227,0.861090745931,0.065772515273,0.0887046949276,0
251,2016-11-08,2749,3,2,161.0,12.0,1932.0,1,13.1793278085,1.17932780847,4.17932780847,2.28954423583,0.0894831531327,0.515092825033,0.04609213014,0.173722383198,0
252,2016-10-26,2749,3,14,50.0,16.0,800.0,1,16.5906432749,0.590643274854,1.59064327485,0.598951468027,0.0356009869581,0.986128770666,0.0351071575034,0.0361017627891,0
253,2016-10-26,2749,3,14,10.0,15.0,150.0,1,16.5906432749,1.59064327485,1.59064327485,0.598951468027,0.0958759252732,2.65571312496,0.254618953116,0.0361017627891,0
254,2016-11-08,2749,3,2,78.0,12.0,936.0,1,13.1793278085,1.17932780847,4.17932780847,2.28954423583,0.0894831531327,0.515092825033,0.04609213014,0.173722383198,0
255,2016-10-18,2749,3,2,6.0,20.0,120.0,1,18.5807504078,1.41924959217,2.58075040783,1.64819979645,0.0763827919227,0.861090745931,0.065772515273,0.0887046949276,0
256,2016-10-18,2749,3,2,191.0,20.0,3820.0,1,18.5807504078,1.41924959217,2.58075040783,1.64819979645,0.0763827919227,0.861090745931,0.065772515273,0.0887046949276,0
257,2017-07-17,2586,3,17,211.0,18.0,3798.0,1,14.8380706288,3.16192937123,4.16192937123,1.93333272704,0.213095721832,1.63548122215,0.348514051576,0.130295425558,0
258,2017-07-19,2586,3,17,454.0,22.0,9988.0,1,21.2178533475,0.782146652497,4.2178533475,1.4255673829,0.0368626665331,0.548656388943,0.0202249375069,0.0671871635435,0
259,2017-07-17,2586,3,17,184.0,18.0,3312.0,1,14.8380706288,3.16192937123,4.16192937123,1.93333272704,0.213095721832,1.63548122215,0.348514051576,0.130295425558,0
260,2017-07-17,2586,3,17,123.0,17.0,2091.0,1,14.8380706288,2.16192937123,4.16192937123,1.93333272704,0.145701515064,1.11823968063,0.162929215672,0.130295425558,0
261,2017-07-17,2586,3,17,140.0,16.0,2240.0,1,14.8380706288,1.16192937123,4.16192937123,1.93333272704,0.0783073082951,0.600998139111,0.0470625465642,0.130295425558,0
262,2017-07-17,2586,3,17,68.0,19.0,1292.0,1,14.8380706288,4.16192937123,4.16192937123,1.93333272704,0.2804899286,2.15272276367,0.603817054278,0.130295425558,0
263,2017-07-19,2586,3,17,86.0,20.0,1720.0,1,21.2178533475,1.2178533475,4.2178533475,1.4255673829,0.057397575879,0.854293779523,0.0490343920331,0.0671871635435,0
264,2017-07-19,2586,3,17,102.0,20.0,2040.0,1,21.2178533475,1.2178533475,4.2178533475,1.4255673829,0.057397575879,0.854293779523,0.0490343920331,0.0671871635435,0
265,2017-07-19,2586,3,17,58.0,21.0,1218.0,1,21.2178533475,0.217853347503,4.2178533475,1.4255673829,0.0102674546729,0.15281869529,0.00156905902707,0.0671871635435,0
266,2017-07-19,2586,3,17,147.0,22.0,3234.0,1,21.2178533475,0.782146652497,4.2178533475,1.4255673829,0.0368626665331,0.548656388943,0.0202249375069,0.0671871635435,0
267,2016-12-08,2749,3,4,660.0,13.0,8580.0,1,12.6537622683,0.346237731734,4.65376226827,1.26937310976,0.0273624337484,0.272762774846,0.00746345335576,0.100315865183,0
268,2016-12-08,2749,3,4,63.0,13.0,819.0,1,12.6537622683,0.346237731734,4.65376226827,1.26937310976,0.0273624337484,0.272762774846,0.00746345335576,0.100315865183,0
269,2016-12-08,2749,3,4,396.0,13.0,5148.0,1,12.6537622683,0.346237731734,4.65376226827,1.26937310976,0.0273624337484,0.272762774846,0.00746345335576,0.100315865183,0
270,2016-12-08,2749,3,4,209.0,13.0,2717.0,1,12.6537622683,0.346237731734,4.65376226827,1.26937310976,0.0273624337484,0.272762774846,0.00746345335576,0.100315865183,0
271,2016-12-08,2749,3,4,127.0,8.0,1016.0,1,12.6537622683,4.65376226827,4.65376226827,1.26937310976,0.367776963847,3.66618942253,1.34834001471,0.100315865183,0
272,2016-12-08,2749,3,4,154.0,13.0,2002.0,1,12.6537622683,0.346237731734,4.65376226827,1.26937310976,0.0273624337484,0.272762774846,0.00746345335576,0.100315865183,0
273,2016-11-12,2749,3,4,31.0,12.0,372.0,1,9.11460348162,2.88539651838,5.88539651838,2.16009829622,0.316568518224,1.33577093386,0.422863025218,0.236993117756,0
274,2016-11-12,2749,3,4,39.0,15.0,585.0,1,9.11460348162,5.88539651838,5.88539651838,2.16009829622,0.64571064778,2.72459662075,1.75930104892,0.236993117756,0
275,2016-11-12,2749,3,4,21.0,11.0,231.0,1,9.11460348162,1.88539651838,5.88539651838,2.16009829622,0.206854475038,0.87282903823,0.180548592501,0.236993117756,0
276,2016-11-09,2749,3,4,115.0,22.0,2530.0,1,19.2672064777,2.73279352227,5.26720647773,3.16762748065,0.141836520277,0.862725664228,0.122366006168,0.164405124547,0
277,2016-10-14,2749,3,17,71.0,26.0,1846.0,1,25.0509731233,0.949026876738,4.05097312326,2.68835343424,0.0378838327784,0.353014177618,0.0133735300733,0.107315329469,0
278,2016-10-22,2749,3,17,41.0,28.0,1148.0,1,29.3587833644,1.35878336437,5.35878336437,2.54062256424,0.0462820052012,0.53482299319,0.0247526805525,0.0865370520537,0
279,2016-11-27,2749,3,40,10.0,5.0,50.0,1,4.0,1.0,1.0,1.0,0.25,1.0,0.25,0.25,0
280,2016-11-27,2749,3,40,10.0,3.0,30.0,1,4.0,1.0,1.0,1.0,0.25,1.0,0.25,0.25,0
281,2016-10-14,2749,3,17,12.0,25.0,300.0,1,25.0509731233,0.0509731232623,4.05097312326,2.68835343424,0.00203477617462,0.0189607224307,3.85808262555e-05,0.107315329469,0
282,2016-10-22,2749,3,17,12.0,24.0,288.0,1,29.3587833644,5.35878336437,5.35878336437,2.54062256424,0.18252743303,2.10924024678,0.384994207888,0.0865370520537,0
283,2016-10-14,2585,3,17,160.0,28.0,4480.0,1,25.0509731233,2.94902687674,4.05097312326,2.68835343424,0.117721050684,1.09696397772,0.12913575202,0.107315329469,0
284,2016-10-26,2585,3,17,105.0,31.0,3255.0,1,33.5,2.5,2.5,2.5,0.0746268656716,1.0,0.0746268656716,0.0746268656716,0
285,2016-11-08,2585,3,2,120.0,12.0,1440.0,1,13.1793278085,1.17932780847,4.17932780847,2.28954423583,0.0894831531327,0.515092825033,0.04609213014,0.173722383198,0
286,2016-10-15,2585,3,17,93.0,24.0,2232.0,1,25.8825301205,1.88253012048,1.88253012048,1.05055733157,0.0727336203887,1.79193468448,0.130333897102,0.040589437226,0
287,2016-11-05,2585,3,2,223.0,10.0,2230.0,1,12.4186390533,2.41863905325,4.58136094675,3.09860751984,0.194758784991,0.780556762277,0.152020286638,0.249512648411,0
288,2016-11-05,2585,3,2,92.0,10.0,920.0,1,12.4186390533,2.41863905325,4.58136094675,3.09860751984,0.194758784991,0.780556762277,0.152020286638,0.249512648411,0
289,2016-11-08,2585,3,2,155.0,16.0,2480.0,1,13.1793278085,2.82067219153,4.17932780847,2.28954423583,0.21402246249,1.23197977457,0.263671345091,0.173722383198,0
290,2016-11-08,2585,3,2,293.0,16.0,4688.0,1,13.1793278085,2.82067219153,4.17932780847,2.28954423583,0.21402246249,1.23197977457,0.263671345091,0.173722383198,0
291,2016-11-08,2585,3,2,94.0,13.0,1222.0,1,13.1793278085,0.179327808471,4.17932780847,2.28954423583,0.0136067492271,0.0783246751318,0.00106574421281,0.173722383198,0
292,2017-05-11,2585,3,17,195.0,12.0,2340.0,1,14.2313787639,2.23137876387,2.23137876387,1.53264461808,0.156792873051,1.45590095548,0.228274893688,0.107694738753,0
293,2016-10-12,2585,3,2,152.0,22.0,3344.0,1,16.2951849267,5.70481507327,5.70481507327,3.24291452399,0.350092073145,1.75916294773,0.615869003372,0.199010599669,0
294,2017-08-05,2585,3,17,146.0,27.0,3942.0,1,26.389084507,0.610915492958,2.61091549296,2.02232797278,0.0231503102275,0.302085270629,0.00699336773023,0.0766350182492,0
295,2016-10-22,2585,3,17,186.0,26.0,4836.0,1,29.3587833644,3.35878336437,5.35878336437,2.54062256424,0.114404719115,1.32203161999,0.151246656146,0.0865370520537,0
296,2016-11-08,2585,3,2,110.0,9.0,990.0,1,13.1793278085,4.17932780847,4.17932780847,2.28954423583,0.31711236485,1.82539727474,0.578856046581,0.173722383198,0
297,2017-07-12,2585,3,17,86.0,8.0,688.0,1,10.7972210161,2.79722101607,4.20277898393,2.23910516275,0.259068607737,1.24925843707,0.323643643997,0.207377913208,0
298,2017-08-05,2585,3,17,86.0,28.0,2408.0,1,26.389084507,1.61091549296,2.61091549296,2.02232797278,0.0610447661619,0.796564906703,0.0486261184624,0.0766350182492,0
299,2016-10-13,2585,3,17,151.0,18.0,2718.0,1,17.1143911439,0.885608856089,1.11439114391,0.993435788662,0.0517464424321,0.891460591813,0.0461299141947,0.058046808695,0
300,2016-11-08,2585,3,2,95.0,12.0,1140.0,1,13.1793278085,1.17932780847,4.17932780847,2.28954423583,0.0894831531327,0.515092825033,0.04609213014,0.173722383198,0
301,2016-10-14,2950,3,17,33.0,22.0,726.0,1,25.0509731233,3.05097312326,4.05097312326,2.68835343424,0.121790603034,1.13488542258,0.13821837999,0.107315329469,0
302,2016-10-17,2950,3,2,87.0,15.0,1305.0,1,15.8200620476,0.82006204757,4.17993795243,1.50170216977,0.0518368414172,0.546088341668,0.0283074947668,0.0949239115028,0
303,2016-10-22,2950,3,17,217.0,32.0,6944.0,1,29.3587833644,2.64121663563,5.35878336437,2.54062256424,0.0899634226272,1.0395942604,0.0935254578095,0.0865370520537,0
304,2016-11-01,2950,3,2,65.0,16.0,1040.0,1,15.1650211566,0.834978843441,4.83497884344,2.21346454267,0.0550595238095,0.377227114935,0.0207699453164,0.145958552897,0
305,2016-11-08,2950,3,2,90.0,11.0,990.0,1,13.1793278085,2.17932780847,4.17932780847,2.28954423583,0.165359557038,0.951860974933,0.157399309177,0.173722383198,0
306,2016-10-14,2950,3,4,300.0,20.0,6000.0,1,22.1573033708,2.15730337079,3.84269662921,2.87921211291,0.0973630831643,0.749268649265,0.0729511058108,0.129944157226,0
307,2016-10-15,2950,3,4,31.0,30.0,930.0,1,33.2963625522,3.29636255218,6.29636255218,3.21313158098,0.0990006805401,1.02590338089,0.101565132877,0.0965009789266,0
308,2016-09-25,2950,3,4,1000.0,22.0,22000.0,1,20.9917664671,1.00823353293,5.99176646707,2.12993165516,0.0480299518631,0.47336426523,0.0227356628727,0.101465098638,0
309,2016-10-14,2950,3,4,320.0,26.0,8320.0,1,22.1573033708,3.84269662921,3.84269662921,2.87921211291,0.173427991886,1.3346347815,0.231463030058,0.129944157226,0
310,2016-10-15,2950,3,4,314.0,27.0,8478.0,1,33.2963625522,6.29636255218,6.29636255218,3.21313158098,0.189100612486,1.95957196072,0.370556257982,0.0965009789266,0
311,2016-10-14,2950,3,17,136.0,21.0,2856.0,1,25.0509731233,4.05097312326,4.05097312326,2.68835343424,0.161709211987,1.50686032263,0.243673195346,0.107315329469,0
312,2016-10-17,2950,3,2,135.0,15.0,2025.0,1,15.8200620476,0.82006204757,4.17993795243,1.50170216977,0.0518368414172,0.546088341668,0.0283074947668,0.0949239115028,0
313,2016-10-22,2950,3,17,148.0,32.0,4736.0,1,29.3587833644,2.64121663563,5.35878336437,2.54062256424,0.0899634226272,1.0395942604,0.0935254578095,0.0865370520537,0
314,2016-11-05,2950,3,2,200.0,12.0,2400.0,1,12.4186390533,0.418639053254,4.58136094675,3.09860751984,0.0337105419893,0.135105543562,0.00455448109924,0.249512648411,0
315,2016-10-12,2950,3,2,167.0,15.0,2505.0,1,16.2951849267,1.29518492673,5.70481507327,3.24291452399,0.0794826774014,0.399389165871,0.0317445202285,0.199010599669,0
316,2016-10-12,2950,3,2,425.0,12.0,5100.0,1,16.2951849267,4.29518492673,5.70481507327,3.24291452399,0.263586141921,1.32448292884,0.349115345255,0.199010599669,0
317,2016-11-08,2950,3,2,276.0,11.0,3036.0,1,13.1793278085,2.17932780847,4.17932780847,2.28954423583,0.165359557038,0.951860974933,0.157399309177,0.173722383198,0
318,2016-10-22,2950,3,4,364.0,33.0,12012.0,1,31.3983050847,1.60169491525,5.39830508475,2.94048258033,0.051012145749,0.544704779402,0.027786559597,0.0936509971603,0
319,2016-10-24,2950,3,4,337.0,30.0,10110.0,1,27.0301204819,2.96987951807,2.96987951807,2.45544562931,0.109872966347,1.20950734263,0.132892159553,0.0908410908102,0
320,2016-10-31,2950,3,4,437.0,28.0,12236.0,1,25.7966527197,2.20334728033,3.79665271967,2.3105337482,0.0854121387096,0.953609650606,0.0814498397524,0.0895671920427,0
321,2016-11-05,2950,3,2,205.0,17.0,3485.0,1,12.4186390533,4.58136094675,4.58136094675,3.09860751984,0.368910065515,1.47852250322,0.54544183353,0.249512648411,0
322,2016-10-18,2950,3,2,165.0,17.0,2805.0,1,18.5807504078,1.58075040783,2.58075040783,1.64819979645,0.0850746268657,0.959076934261,0.0815931123177,0.0887046949276,0
323,2016-11-05,2950,3,2,100.0,17.0,1700.0,1,12.4186390533,4.58136094675,4.58136094675,3.09860751984,0.368910065515,1.47852250322,0.54544183353,0.249512648411,0
324,2016-10-18,2950,3,2,103.0,19.0,1957.0,1,18.5807504078,0.41924959217,2.58075040783,1.64819979645,0.0225636523266,0.254368185867,0.00573947530885,0.0887046949276,0
325,2016-11-08,2950,3,2,309.0,11.0,3399.0,1,13.1793278085,2.17932780847,4.17932780847,2.28954423583,0.165359557038,0.951860974933,0.157399309177,0.173722383198,0
326,2016-10-24,2950,3,4,493.0,25.0,12325.0,1,27.0301204819,2.03012048193,2.96987951807,2.45544562931,0.0751058613773,0.826782909666,0.0620962426025,0.0908410908102,0
327,2016-10-15,2950,3,17,105.0,25.0,2625.0,1,25.8825301205,0.882530120482,1.88253012048,1.05055733157,0.0340975212382,0.840058980084,0.0286439289148,0.040589437226,0
328,2016-10-18,2950,3,2,197.0,20.0,3940.0,1,18.5807504078,1.41924959217,2.58075040783,1.64819979645,0.0763827919227,0.861090745931,0.065772515273,0.0887046949276,0
329,2017-01-17,2950,3,5,350.0,15.0,5250.0,1,11.6431924883,3.35680751174,3.35680751174,2.34859125602,0.288306451613,1.4292855358,0.412072241169,0.201713684488,0
330,2016-10-22,2950,3,17,87.0,31.0,2697.0,1,29.3587833644,1.64121663563,5.35878336437,2.54062256424,0.0559020656701,0.645989947005,0.0361121724397,0.0865370520537,0
331,2016-10-22,2950,3,17,10.0,31.0,310.0,1,29.3587833644,1.64121663563,5.35878336437,2.54062256424,0.0559020656701,0.645989947005,0.0361121724397,0.0865370520537,0
332,2017-01-17,2950,3,30,300.0,15.0,4500.0,1,16.9801980198,1.9801980198,2.0198019802,1.99990196799,0.116618075802,0.990147542977,0.115469101222,0.117778483246,0
333,2017-01-17,2950,3,5,205.0,10.0,2050.0,1,11.6431924883,1.64319248826,3.35680751174,2.34859125602,0.141129032258,0.699650262281,0.0987409644349,0.201713684488,0
334,2016-10-14,2950,3,17,98.0,29.0,2842.0,1,25.0509731233,3.94902687674,4.05097312326,2.68835343424,0.157639659637,1.46893887777,0.231563024719,0.107315329469,0
335,2016-10-17,2950,3,2,219.0,15.0,3285.0,1,15.8200620476,0.82006204757,4.17993795243,1.50170216977,0.0518368414172,0.546088341668,0.0283074947668,0.0949239115028,0
336,2016-11-08,2950,3,4,164.0,25.0,4100.0,1,21.8323987539,3.16760124611,3.83239875389,2.07730883669,0.145087183585,1.52485811939,0.221237369909,0.0951479890096,0
337,2016-11-08,2950,3,2,68.0,12.0,816.0,1,13.1793278085,1.17932780847,4.17932780847,2.28954423583,0.0894831531327,0.515092825033,0.04609213014,0.173722383198,0
338,2016-11-08,2950,3,2,209.0,10.0,2090.0,1,13.1793278085,3.17932780847,4.17932780847,2.28954423583,0.241235960944,1.38862912483,0.334987281324,0.173722383198,0
339,2016-11-08,2950,3,4,29.0,24.0,696.0,1,21.8323987539,2.16760124611,3.83239875389,2.07730883669,0.0992836962415,1.04346604983,0.10359916633,0.0951479890096,0
340,2016-11-08,2950,3,2,38.0,16.0,608.0,1,13.1793278085,2.82067219153,4.17932780847,2.28954423583,0.21402246249,1.23197977457,0.263671345091,0.173722383198,0
341,2017-01-17,2950,3,5,510.0,10.0,5100.0,1,11.6431924883,1.64319248826,3.35680751174,2.34859125602,0.141129032258,0.699650262281,0.0987409644349,0.201713684488,0
342,2017-01-17,2950,3,30,210.0,15.0,3150.0,1,16.9801980198,1.9801980198,2.0198019802,1.99990196799,0.116618075802,0.990147542977,0.115469101222,0.117778483246,0
343,2017-01-17,2950,3,30,500.0,19.0,9500.0,1,16.9801980198,2.0198019802,2.0198019802,1.99990196799,0.118950437318,1.00995049384,0.120134052911,0.117778483246,0
344,2016-12-08,2749,3,4,225.0,13.0,2925.0,1,12.6537622683,0.346237731734,4.65376226827,1.26937310976,0.0273624337484,0.272762774846,0.00746345335576,0.100315865183,0
345,2017-08-03,2947,3,2,593.0,20.0,11860.0,1,18.2464246425,1.75357535754,3.24642464246,1.97364396362,0.0961051489208,0.888496299159,0.0853890691462,0.108166065533,0
346,2017-07-18,2947,3,2,380.0,20.0,7600.0,1,20.2240161453,0.224016145308,1.77598385469,0.630752770313,0.0110767388484,0.355156815557,0.00393397929616,0.0311883043299,0
347,2017-08-03,2947,3,2,385.0,20.0,7700.0,1,18.2464246425,1.75357535754,3.24642464246,1.97364396362,0.0961051489208,0.888496299159,0.0853890691462,0.108166065533,0
348,2017-08-03,2947,3,2,345.0,20.0,6900.0,1,18.2464246425,1.75357535754,3.24642464246,1.97364396362,0.0961051489208,0.888496299159,0.0853890691462,0.108166065533,0
349,2017-07-18,2947,3,2,335.0,20.0,6700.0,1,20.2240161453,0.224016145308,1.77598385469,0.630752770313,0.0110767388484,0.355156815557,0.00393397929616,0.0311883043299,0
350,2017-07-18,2947,3,2,165.0,20.0,3300.0,1,20.2240161453,0.224016145308,1.77598385469,0.630752770313,0.0110767388484,0.355156815557,0.00393397929616,0.0311883043299,0
351,2017-04-28,3916,3,17,387.0,20.0,7740.0,1,21.9245499809,1.92454998085,2.07545001915,1.7726091991,0.0877805921915,1.08571589374,0.0953047841039,0.080850425694,0
352,2017-08-03,3916,3,2,143.0,15.0,2145.0,1,18.2464246425,3.24642464246,3.24642464246,1.97364396362,0.177921138309,1.64488869436,0.292660468894,0.108166065533,0
353,2017-06-06,3916,3,17,60.0,20.0,1200.0,1,22.0715036803,2.07150368034,5.07150368034,2.63502609339,0.0938542162935,0.786141619443,0.0737827055885,0.119385889224,0
354,2017-07-17,3916,3,17,973.0,14.0,13622.0,1,14.8380706288,0.838070628768,4.16192937123,1.93333272704,0.0564811052418,0.433484943925,0.0244837087386,0.130295425558,0
355,2017-08-03,3916,3,2,153.0,16.0,2448.0,1,18.2464246425,2.24642464246,3.24642464246,1.97364396362,0.123115880863,1.13821169566,0.14013193552,0.108166065533,0
356,2017-07-22,3916,3,2,680.0,15.0,10200.0,1,15.0782152231,0.0782152230971,1.0782152231,0.798077062882,0.00518729981897,0.0980045997246,0.000508379242409,0.0529291465252,0
357,2017-08-03,3916,3,2,151.0,18.0,2718.0,1,18.2464246425,0.246424642464,3.24642464246,1.97364396362,0.0135053659713,0.124857698251,0.00168624890921,0.108166065533,0
358,2017-08-03,3916,3,2,352.0,16.0,5632.0,1,18.2464246425,2.24642464246,3.24642464246,1.97364396362,0.123115880863,1.13821169566,0.14013193552,0.108166065533,0
359,2017-04-27,3916,3,17,420.0,15.0,6300.0,1,15.8982035928,0.898203592814,4.10179640719,1.91943957184,0.0564971751412,0.467950961309,0.0264379074186,0.120733110545,0
360,2017-05-11,3916,3,17,100.0,16.0,1600.0,1,14.2313787639,1.76862123613,2.23137876387,1.53264461808,0.124276169265,1.15396695051,0.143410592068,0.107694738753,0
361,2017-07-11,3916,3,17,469.0,9.0,4221.0,1,7.78828365879,1.21171634121,1.21171634121,0.774543440125,0.155581947743,1.56442657499,0.243396533638,0.099449824128,0
362,2017-07-17,3916,3,17,623.0,13.0,8099.0,1,14.8380706288,1.83807062877,4.16192937123,1.93333272704,0.12387531201,0.950726485444,0.117771540021,0.130295425558,0
363,2017-08-09,3916,3,17,146.0,30.0,4380.0,1,29.5507614213,0.44923857868,2.44923857868,1.42715219217,0.0152022674568,0.314779727869,0.00478536561305,0.0482949380501,0
364,2017-04-27,3916,3,17,676.0,15.0,10140.0,1,15.8982035928,0.898203592814,4.10179640719,1.91943957184,0.0564971751412,0.467950961309,0.0264379074186,0.120733110545,0
365,2017-04-28,3916,3,17,498.0,20.0,9960.0,1,21.9245499809,1.92454998085,2.07545001915,1.7726091991,0.0877805921915,1.08571589374,0.0953047841039,0.080850425694,0
366,2017-04-28,3916,3,17,280.0,24.0,6720.0,1,21.9245499809,2.07545001915,2.07545001915,1.7726091991,0.0946632893703,1.17084466232,0.110836007077,0.080850425694,0
367,2017-05-11,3916,3,17,240.0,15.0,3600.0,1,14.2313787639,0.768621236133,2.23137876387,1.53264461808,0.054008908686,0.501499974011,0.0270854663024,0.107694738753,0
368,2017-08-10,3916,3,17,187.0,21.0,3927.0,1,27.0894245723,6.08942457232,6.08942457232,3.45181406701,0.224789735052,1.76412299565,0.396556740791,0.127422937973,0
369,2017-04-30,3916,3,21,140.0,5.0,700.0,1,6.09475119291,1.09475119291,3.90524880709,2.59732128945,0.179621966223,0.421492403485,0.075709294262,0.426157066505,0
370,2017-07-11,3916,3,17,1250.0,7.0,8750.0,1,7.78828365879,0.788283658787,1.21171634121,0.774543440125,0.101214040644,1.01773976507,0.103009553946,0.099449824128,0
371,2017-08-09,3916,3,17,132.0,32.0,4224.0,1,29.5507614213,2.44923857868,2.44923857868,1.42715219217,0.0828824186206,1.71617196268,0.142240483035,0.0482949380501,0
372,2017-07-23,3916,3,2,876.0,14.0,12264.0,1,14.6126429052,0.612642905178,10.3873570948,1.56733689157,0.0419255373004,0.390881442576,0.0163879145008,0.107258960733,0
373,2017-07-22,3916,3,2,538.0,14.0,7532.0,1,15.0782152231,1.0782152231,1.0782152231,0.798077062882,0.0715081464977,1.35101642842,0.0966086806841,0.0529291465252,0
374,2017-08-03,3916,3,2,187.0,19.0,3553.0,1,18.2464246425,0.753575357536,3.24642464246,1.97364396362,0.0412998914747,0.381819300454,0.0157690956717,0.108166065533,0
375,2017-07-11,3916,3,17,987.0,8.0,7896.0,1,7.78828365879,0.211716341213,1.21171634121,0.774543440125,0.0271839535497,0.273343404959,0.00743055442355,0.099449824128,0
376,2017-07-12,3916,3,17,843.0,9.0,7587.0,1,10.7972210161,1.79722101607,4.20277898393,2.23910516275,0.166452183705,0.80265145468,0.133603087385,0.207377913208,0
377,2017-04-29,3916,3,21,514.0,6.0,3084.0,1,9.24,3.24,4.76,4.00912053723,0.350649350649,0.808157292831,0.283379829954,0.433887504029,0
378,2017-04-30,3916,3,21,980.0,3.0,2940.0,1,6.09475119291,3.09475119291,3.90524880709,2.59732128945,0.507773179734,1.19151650798,0.605020125964,0.426157066505,0
379,2017-04-29,3916,3,21,420.0,5.0,2100.0,1,9.24,4.24,4.76,4.00912053723,0.458874458874,1.05758855605,0.48530037637,0.433887504029,0
380,2017-07-22,3916,3,2,687.0,16.0,10992.0,1,15.0782152231,0.921784776903,1.0782152231,0.798077062882,0.0611335468598,1.15500722897,0.0706096885555,0.0529291465252,0
381,2017-07-23,3916,3,2,581.0,15.0,8715.0,1,14.6126429052,0.387357094822,10.3873570948,1.56733689157,0.0265083528924,0.247143480707,0.00655136660164,0.107258960733,0
382,2017-05-07,3916,3,9,346.0,4.0,1384.0,1,3.51834862385,0.481651376147,2.51834862385,1.1013473931,0.136897001304,0.437329201633,0.0598690562862,0.313029637153,0
383,2017-04-28,3916,3,17,55.0,22.0,1210.0,1,21.9245499809,0.0754500191498,2.07545001915,1.7726091991,0.0034413485894,0.0425643842918,0.000146478883841,0.080850425694,0
384,2017-04-30,3916,3,21,946.0,10.0,9460.0,1,6.09475119291,3.90524880709,3.90524880709,2.59732128945,0.640756067554,1.50356785776,0.96342022784,0.426157066505,0
385,2017-05-07,3916,3,9,670.0,4.0,2680.0,1,3.51834862385,0.481651376147,2.51834862385,1.1013473931,0.136897001304,0.437329201633,0.0598690562862,0.313029637153,0
386,2017-05-07,3916,3,9,82.0,4.0,328.0,1,3.51834862385,0.481651376147,2.51834862385,1.1013473931,0.136897001304,0.437329201633,0.0598690562862,0.313029637153,0
387,2017-08-03,3916,3,2,186.0,15.0,2790.0,1,18.2464246425,3.24642464246,3.24642464246,1.97364396362,0.177921138309,1.64488869436,0.292660468894,0.108166065533,0
388,2017-04-30,3916,3,21,1520.0,5.0,7600.0,1,6.09475119291,1.09475119291,3.90524880709,2.59732128945,0.179621966223,0.421492403485,0.075709294262,0.426157066505,0
389,2017-04-30,3916,3,21,240.0,10.0,2400.0,1,6.09475119291,3.90524880709,3.90524880709,2.59732128945,0.640756067554,1.50356785776,0.96342022784,0.426157066505,0
390,2017-08-10,4004,3,17,230.0,30.0,6900.0,1,27.0894245723,2.91057542768,6.08942457232,3.45181406701,0.10744323564,0.843201682125,0.0905963170249,0.127422937973,0
391,2017-06-06,4004,3,17,219.0,25.0,5475.0,1,22.0715036803,2.92849631966,5.07150368034,2.63502609339,0.132682229633,1.11137279703,0.147459420664,0.119385889224,0
392,2017-08-08,4004,3,17,180.0,32.5,5850.0,1,32.4514742015,0.0485257985258,0.451474201474,0.148014006568,0.0014953341788,0.327845990058,0.000490239314316,0.00456108729142,0
393,2017-08-02,4004,3,17,155.0,23.0,3565.0,1,21.7402597403,1.25974025974,6.25974025974,3.66415631367,0.057945041816,0.34380090583,0.0199215578647,0.168542434977,0
394,2017-08-10,4004,3,17,90.0,30.0,2700.0,1,27.0894245723,2.91057542768,6.08942457232,3.45181406701,0.10744323564,0.843201682125,0.0905963170249,0.127422937973,0
395,2017-08-08,4004,3,17,151.0,32.5,4907.5,1,32.4514742015,0.0485257985258,0.451474201474,0.148014006568,0.0014953341788,0.327845990058,0.000490239314316,0.00456108729142,0
396,2017-08-02,4004,3,17,114.0,24.0,2736.0,1,21.7402597403,2.25974025974,6.25974025974,3.66415631367,0.10394265233,0.616715026952,0.064102995633,0.168542434977,0
397,2017-08-10,4004,3,17,306.0,30.0,9180.0,1,27.0894245723,2.91057542768,6.08942457232,3.45181406701,0.10744323564,0.843201682125,0.0905963170249,0.127422937973,0
398,2017-07-11,4004,3,17,70.0,9.0,630.0,1,7.78828365879,1.21171634121,1.21171634121,0.774543440125,0.155581947743,1.56442657499,0.243396533638,0.099449824128,0
399,2017-08-02,4004,3,17,73.0,23.0,1679.0,1,21.7402597403,1.25974025974,6.25974025974,3.66415631367,0.057945041816,0.34380090583,0.0199215578647,0.168542434977,0
400,2017-08-10,4004,3,17,78.0,30.0,2340.0,1,27.0894245723,2.91057542768,6.08942457232,3.45181406701,0.10744323564,0.843201682125,0.0905963170249,0.127422937973,0
401,2017-08-18,4005,3,17,548.0,30.0,16440.0,1,29.3912568306,0.608743169399,5.3912568306,1.54987397853,0.0207117093667,0.39276946244,0.00813492695419,0.0527324839311,0
402,2017-07-16,4005,3,16,107.0,17.0,1819.0,1,17.0,0.0,0.0,0.0,0.0,,,0.0,0
403,2017-08-18,4005,3,17,62.0,30.0,1860.0,1,29.3912568306,0.608743169399,5.3912568306,1.54987397853,0.0207117093667,0.39276946244,0.00813492695419,0.0527324839311,0
404,2017-08-18,4005,3,17,95.0,30.0,2850.0,1,29.3912568306,0.608743169399,5.3912568306,1.54987397853,0.0207117093667,0.39276946244,0.00813492695419,0.0527324839311,0
405,2017-06-06,4004,3,17,66.0,25.0,1650.0,1,22.0715036803,2.92849631966,5.07150368034,2.63502609339,0.132682229633,1.11137279703,0.147459420664,0.119385889224,0
406,2017-06-06,4004,3,17,68.0,21.0,1428.0,1,22.0715036803,1.07150368034,5.07150368034,2.63502609339,0.0485469271081,0.406638736149,0.0197410610832,0.119385889224,0
407,2017-08-08,4004,3,17,117.0,32.5,3802.5,1,32.4514742015,0.0485257985258,0.451474201474,0.148014006568,0.0014953341788,0.327845990058,0.000490239314316,0.00456108729142,0
408,2017-06-06,4004,3,17,71.0,18.0,1278.0,1,22.0715036803,4.07150368034,5.07150368034,2.63502609339,0.184468794664,1.54514738603,0.28503147588,0.119385889224,0
409,2017-06-06,4004,3,17,53.0,21.0,1113.0,1,22.0715036803,1.07150368034,5.07150368034,2.63502609339,0.0485469271081,0.406638736149,0.0197410610832,0.119385889224,0
410,2017-08-08,4004,3,17,73.0,32.5,2372.5,1,32.4514742015,0.0485257985258,0.451474201474,0.148014006568,0.0014953341788,0.327845990058,0.000490239314316,0.00456108729142,0
411,2017-06-06,4004,3,17,41.0,21.0,861.0,1,22.0715036803,1.07150368034,5.07150368034,2.63502609339,0.0485469271081,0.406638736149,0.0197410610832,0.119385889224,0
412,2017-08-08,4004,3,17,29.0,32.5,942.5,1,32.4514742015,0.0485257985258,0.451474201474,0.148014006568,0.0014953341788,0.327845990058,0.000490239314316,0.00456108729142,0
413,2017-06-06,4004,3,17,71.0,25.0,1775.0,1,22.0715036803,2.92849631966,5.07150368034,2.63502609339,0.132682229633,1.11137279703,0.147459420664,0.119385889224,0
414,2017-08-08,4004,3,17,88.0,32.5,2860.0,1,32.4514742015,0.0485257985258,0.451474201474,0.148014006568,0.0014953341788,0.327845990058,0.000490239314316,0.00456108729142,0
415,2017-08-08,4004,3,17,27.0,32.5,877.5,1,32.4514742015,0.0485257985258,0.451474201474,0.148014006568,0.0014953341788,0.327845990058,0.000490239314316,0.00456108729142,0
416,2017-08-08,4004,3,17,70.0,32.5,2275.0,1,32.4514742015,0.0485257985258,0.451474201474,0.148014006568,0.0014953341788,0.327845990058,0.000490239314316,0.00456108729142,0
417,2017-04-28,3916,3,17,762.0,24.0,18288.0,1,21.9245499809,2.07545001915,2.07545001915,1.7726091991,0.0946632893703,1.17084466232,0.110836007077,0.080850425694,0
418,2017-04-28,3916,3,17,181.0,21.0,3801.0,1,21.9245499809,0.92454998085,2.07545001915,1.7726091991,0.042169621801,0.521575754723,0.0219946523172,0.080850425694,0
419,2017-04-28,3916,3,17,258.0,21.0,5418.0,1,21.9245499809,0.92454998085,2.07545001915,1.7726091991,0.042169621801,0.521575754723,0.0219946523172,0.080850425694,0
420,2017-04-28,3916,3,17,72.0,21.0,1512.0,1,21.9245499809,0.92454998085,2.07545001915,1.7726091991,0.042169621801,0.521575754723,0.0219946523172,0.080850425694,0
421,2017-04-28,3916,3,17,118.0,22.0,2596.0,1,21.9245499809,0.0754500191498,2.07545001915,1.7726091991,0.0034413485894,0.0425643842918,0.000146478883841,0.080850425694,0
422,2017-06-17,4269,3,21,30.0,18.0,540.0,1,15.8794520548,2.12054794521,2.12054794521,1.20580319439,0.133540372671,1.75861861627,0.234846585403,0.0759348112407,0
423,2017-07-27,4269,3,6,25.0,23.0,575.0,1,23.198019802,0.19801980198,2.80198019802,1.55442391341,0.00853606487409,0.127391119161,0.00108741885754,0.0670067500018,0
424,2017-07-21,4269,3,6,20.0,26.0,520.0,1,25.6808510638,0.31914893617,7.68085106383,4.45357319119,0.0124275062138,0.0716613205777,0.000890571506765,0.173419999988,0
425,2017-07-23,4269,3,6,21.0,26.0,546.0,1,29.0147058824,3.01470588235,3.01470588235,1.49501767704,0.103902686265,2.01650183048,0.209519957044,0.051526204784,0
426,2017-06-17,4269,3,21,75.0,17.0,1275.0,1,15.8794520548,1.12054794521,2.12054794521,1.20580319439,0.0705659075224,0.929295883791,0.0655766073966,0.0759348112407,0
427,2017-07-12,4269,3,17,65.0,15.0,975.0,1,10.7972210161,4.20277898393,4.20277898393,2.23910516275,0.389246360492,1.87699043968,0.730611697325,0.207377913208,0
428,2017-07-17,4269,3,82,30.0,14.0,420.0,1,13.3529411765,0.647058823529,0.647058823529,0.477884612037,0.0484581497797,1.35400640077,0.0656126449714,0.0357887154389,0
429,2017-07-19,4269,3,17,28.0,23.0,644.0,1,21.2178533475,1.7821466525,4.2178533475,1.4255673829,0.0839927877392,1.25013147318,0.105002027473,0.0671871635435,0
430,2017-06-17,4269,3,21,27.0,18.0,486.0,1,15.8794520548,2.12054794521,2.12054794521,1.20580319439,0.133540372671,1.75861861627,0.234846585403,0.0759348112407,0
431,2017-07-22,4269,3,6,35.0,26.0,910.0,1,25.8606557377,0.139344262295,5.8606557377,2.70493045203,0.0053882725832,0.0515149149918,0.000277576404076,0.104596359793,0
432,2017-07-27,4269,3,6,90.0,26.0,2340.0,1,23.198019802,2.80198019802,2.80198019802,1.55442391341,0.120785317968,1.80258433613,0.217725722205,0.0670067500018,0
433,2017-07-29,4269,3,6,20.0,20.0,400.0,1,20.7274969174,0.727496917386,4.72749691739,2.62933672506,0.0350981558596,0.276684576172,0.00971111837843,0.126852592744,0
434,2017-07-21,4269,3,6,25.0,25.0,625.0,1,25.6808510638,0.68085106383,7.68085106383,4.45357319119,0.026512013256,0.152877483899,0.00405308987968,0.173419999988,0
435,2017-07-23,4269,3,6,25.0,28.0,700.0,1,29.0147058824,1.01470588235,3.01470588235,1.49501767704,0.0349721236695,0.678725006356,0.0237364548599,0.051526204784,0
436,2017-06-28,4269,3,18,35.0,16.0,560.0,1,15.6040609137,0.395939086294,1.60406091371,1.37253101131,0.0253741054001,0.2884736906,0.00731976183044,0.0879598598658,0
437,2017-07-21,4269,3,6,30.0,18.0,540.0,1,25.6808510638,7.68085106383,7.68085106383,4.45357319119,0.299088649544,1.72464911524,0.515822974814,0.173419999988,0
438,2017-07-29,4269,3,6,35.0,24.0,840.0,1,20.7274969174,3.27250308261,4.72749691739,2.62933672506,0.157882212968,1.24461163586,0.196502039357,0.126852592744,0
439,2017-07-16,4269,3,6,65.0,21.0,1365.0,1,21.0806451613,0.0806451612903,1.08064516129,0.789004826364,0.00382555470543,0.102211239521,0.000391014688296,0.0374279259637,0
440,2017-06-28,4269,3,18,55.0,14.0,770.0,1,15.6040609137,1.60406091371,1.60406091371,1.37253101131,0.102797657775,1.16868828499,0.120138418366,0.0879598598658,0
441,2017-07-29,4269,3,6,35.0,24.0,840.0,1,20.7274969174,3.27250308261,4.72749691739,2.62933672506,0.157882212968,1.24461163586,0.196502039357,0.126852592744,0
442,2017-08-18,4269,3,17,12.0,24.0,288.0,1,29.3912568306,5.3912568306,5.3912568306,1.54987397853,0.183430632507,3.47851303091,0.638065845442,0.0527324839311,0
443,2017-07-17,4269,3,82,55.0,13.0,715.0,1,13.3529411765,0.352941176471,0.647058823529,0.477884612037,0.0264317180617,0.738548945876,0.0195211175121,0.0357887154389,0
444,2017-07-24,4269,3,16,35.0,16.0,560.0,1,16.0,0.0,0.0,0.0,0.0,,,0.0,0
445,2017-07-29,4269,3,6,25.0,24.0,600.0,1,20.7274969174,3.27250308261,4.72749691739,2.62933672506,0.157882212968,1.24461163586,0.196502039357,0.126852592744,0
446,2017-08-16,4269,3,6,75.0,21.0,1575.0,1,18.1890547264,2.81094527363,3.18905472637,2.36770972782,0.1545404814,1.18720012027,0.183470478105,0.130172225189,0
447,2017-08-10,4269,3,17,31.0,26.0,806.0,1,27.0894245723,1.08942457232,6.08942457232,3.45181406701,0.0402158624451,0.315609285775,0.0126924996231,0.127422937973,0
448,2017-07-27,4269,3,6,65.0,23.0,1495.0,1,23.198019802,0.19801980198,2.80198019802,1.55442391341,0.00853606487409,0.127391119161,0.00108741885754,0.0670067500018,0
449,2017-07-27,4269,3,6,35.0,25.0,875.0,1,23.198019802,1.80198019802,2.80198019802,1.55442391341,0.0776781903542,1.15925918437,0.0900491555932,0.0670067500018,0
450,2017-08-08,4269,3,17,29.0,32.0,928.0,1,32.4514742015,0.451474201474,0.451474201474,0.148014006568,0.013912286347,3.05021269231,0.0424354323948,0.00456108729142,0
451,2017-08-18,4269,3,17,85.0,30.0,2550.0,1,29.3912568306,0.608743169399,5.3912568306,1.54987397853,0.0207117093667,0.39276946244,0.00813492695419,0.0527324839311,0
452,2017-07-29,4269,3,6,65.0,20.0,1300.0,1,20.7274969174,0.727496917386,4.72749691739,2.62933672506,0.0350981558596,0.276684576172,0.00971111837843,0.126852592744,0
453,2017-07-29,4269,3,6,20.0,16.0,320.0,1,20.7274969174,4.72749691739,4.72749691739,2.62933672506,0.228078524688,1.79798078821,0.410080805591,0.126852592744,0
454,2017-08-16,4269,3,6,47.0,21.0,987.0,1,18.1890547264,2.81094527363,3.18905472637,2.36770972782,0.1545404814,1.18720012027,0.183470478105,0.130172225189,0
455,2017-07-16,4269,3,6,25.0,20.0,500.0,1,21.0806451613,1.08064516129,1.08064516129,0.789004826364,0.0512624330528,1.36963060958,0.0702105974304,0.0374279259637,0
456,2017-07-21,4269,3,6,15.0,20.0,300.0,1,25.6808510638,5.68085106383,7.68085106383,4.45357319119,0.221209610605,1.27557150628,0.282168676203,0.173419999988,0
457,2017-06-28,4269,3,18,25.0,14.0,350.0,1,15.6040609137,1.60406091371,1.60406091371,1.37253101131,0.102797657775,1.16868828499,0.120138418366,0.0879598598658,0
458,2017-07-12,4269,3,17,30.0,12.0,360.0,1,10.7972210161,1.20277898393,4.20277898393,2.23910516275,0.111397088394,0.537169492501,0.0598391174386,0.207377913208,0
459,2017-07-16,4269,3,6,35.0,20.0,700.0,1,21.0806451613,1.08064516129,1.08064516129,0.789004826364,0.0512624330528,1.36963060958,0.0702105974304,0.0374279259637,0
460,2017-07-27,4269,3,6,35.0,22.0,770.0,1,23.198019802,1.19801980198,2.80198019802,1.55442391341,0.0516431924883,0.770716270926,0.0398022487332,0.0670067500018,0
461,2017-07-29,4269,3,6,40.0,22.0,880.0,1,20.7274969174,1.27250308261,4.72749691739,2.62933672506,0.0613920285544,0.483963529846,0.0297115028436,0.126852592744,0
462,2017-07-16,4269,3,6,30.0,21.0,630.0,1,21.0806451613,0.0806451612903,1.08064516129,0.789004826364,0.00382555470543,0.102211239521,0.000391014688296,0.0374279259637,0
463,2017-07-27,4269,3,6,30.0,22.0,660.0,1,23.198019802,1.19801980198,2.80198019802,1.55442391341,0.0516431924883,0.770716270926,0.0398022487332,0.0670067500018,0
464,2017-07-22,4269,3,6,15.0,28.0,420.0,1,25.8606557377,2.1393442623,5.8606557377,2.70493045203,0.0827258320127,0.790905459579,0.0654283121871,0.104596359793,0
465,2017-07-27,4269,3,6,45.0,22.0,990.0,1,23.198019802,1.19801980198,2.80198019802,1.55442391341,0.0516431924883,0.770716270926,0.0398022487332,0.0670067500018,0
466,2017-07-23,4269,3,6,15.0,30.0,450.0,1,29.0147058824,0.985294117647,3.01470588235,1.49501767704,0.0339584389255,0.659051817766,0.0223803709023,0.051526204784,0
467,2017-07-27,4269,3,6,25.0,24.0,600.0,1,23.198019802,0.80198019802,2.80198019802,1.55442391341,0.0345710627401,0.515934032603,0.0178363878109,0.0670067500018,0
468,2017-07-16,4269,3,6,25.0,20.0,500.0,1,21.0806451613,1.08064516129,1.08064516129,0.789004826364,0.0512624330528,1.36963060958,0.0702105974304,0.0374279259637,0
469,2017-07-29,4269,3,6,48.0,22.0,1056.0,1,20.7274969174,1.27250308261,4.72749691739,2.62933672506,0.0613920285544,0.483963529846,0.0297115028436,0.126852592744,0
470,2017-07-29,4269,3,6,15.0,16.0,240.0,1,20.7274969174,4.72749691739,4.72749691739,2.62933672506,0.228078524688,1.79798078821,0.410080805591,0.126852592744,0
471,2017-07-21,4269,3,6,45.0,30.0,1350.0,1,25.6808510638,4.31914893617,7.68085106383,4.45357319119,0.168185584093,0.969816538485,0.163109160988,0.173419999988,0
472,2017-07-21,4269,3,6,10.0,28.0,280.0,1,25.6808510638,2.31914893617,7.68085106383,4.45357319119,0.0903065451533,0.520738929531,0.0470261336528,0.173419999988,0
473,2017-08-10,4269,3,17,50.0,25.0,1250.0,1,27.0894245723,2.08942457232,6.08942457232,3.45181406701,0.0771306369664,0.605312027751,0.0466881022639,0.127422937973,0
474,2017-08-16,4269,3,6,50.0,16.0,800.0,1,18.1890547264,2.18905472637,3.18905472637,2.36770972782,0.120350109409,0.924545226405,0.111269119152,0.130172225189,0
475,2017-08-18,4269,3,17,33.0,25.0,825.0,1,29.3912568306,4.3912568306,5.3912568306,1.54987397853,0.149406908861,2.83329928202,0.423314487605,0.0527324839311,0
476,2017-07-22,4269,3,6,16.0,27.0,432.0,1,25.8606557377,1.1393442623,5.8606557377,2.70493045203,0.0440570522979,0.421210187285,0.0185572792497,0.104596359793,0
477,2017-07-29,4269,3,6,30.0,22.0,660.0,1,20.7274969174,1.27250308261,4.72749691739,2.62933672506,0.0613920285544,0.483963529846,0.0297115028436,0.126852592744,0
478,2017-08-10,4269,3,17,50.0,26.0,1300.0,1,27.0894245723,1.08942457232,6.08942457232,3.45181406701,0.0402158624451,0.315609285775,0.0126924996231,0.127422937973,0
479,2017-07-21,4269,3,6,15.0,22.0,330.0,1,25.6808510638,3.68085106383,7.68085106383,4.45357319119,0.143330571665,0.826493897329,0.118461842782,0.173419999988,0
480,2017-08-08,4269,3,17,20.0,32.0,640.0,1,32.4514742015,0.451474201474,0.451474201474,0.148014006568,0.013912286347,3.05021269231,0.0424354323948,0.00456108729142,0
481,2017-07-16,4269,3,6,25.0,22.0,550.0,1,21.0806451613,0.91935483871,1.08064516129,0.789004826364,0.0436113236419,1.16520813053,0.0508162688909,0.0374279259637,0
482,2017-07-22,4269,3,6,20.0,20.0,400.0,1,25.8606557377,5.8606557377,5.8606557377,2.70493045203,0.226624405705,2.16665671877,0.491017291259,0.104596359793,0
483,2017-07-16,4269,3,6,40.0,22.0,880.0,1,21.0806451613,0.91935483871,1.08064516129,0.789004826364,0.0436113236419,1.16520813053,0.0508162688909,0.0374279259637,0
484,2017-07-24,4269,3,16,35.0,16.0,560.0,1,16.0,0.0,0.0,0.0,0.0,,,0.0,0
485,2017-07-27,4269,3,6,45.0,22.0,990.0,1,23.198019802,1.19801980198,2.80198019802,1.55442391341,0.0516431924883,0.770716270926,0.0398022487332,0.0670067500018,0
486,2017-07-12,4269,3,17,35.0,15.0,525.0,1,10.7972210161,4.20277898393,4.20277898393,2.23910516275,0.389246360492,1.87699043968,0.730611697325,0.207377913208,0
487,2017-07-21,4269,3,6,55.0,30.0,1650.0,1,25.6808510638,4.31914893617,7.68085106383,4.45357319119,0.168185584093,0.969816538485,0.163109160988,0.173419999988,0
488,2017-08-16,4269,3,6,40.0,16.0,640.0,1,18.1890547264,2.18905472637,3.18905472637,2.36770972782,0.120350109409,0.924545226405,0.111269119152,0.130172225189,0
489,2017-07-29,4269,3,6,55.0,20.0,1100.0,1,20.7274969174,0.727496917386,4.72749691739,2.62933672506,0.0350981558596,0.276684576172,0.00971111837843,0.126852592744,0
490,2017-07-16,4269,3,6,45.0,22.0,990.0,1,21.0806451613,0.91935483871,1.08064516129,0.789004826364,0.0436113236419,1.16520813053,0.0508162688909,0.0374279259637,0
491,2017-07-23,4269,3,6,20.0,30.0,600.0,1,29.0147058824,0.985294117647,3.01470588235,1.49501767704,0.0339584389255,0.659051817766,0.0223803709023,0.051526204784,0
492,2017-07-22,4269,3,6,15.0,27.0,405.0,1,25.8606557377,1.1393442623,5.8606557377,2.70493045203,0.0440570522979,0.421210187285,0.0185572792497,0.104596359793,0
493,2017-07-23,4269,3,6,10.0,30.0,300.0,1,29.0147058824,0.985294117647,3.01470588235,1.49501767704,0.0339584389255,0.659051817766,0.0223803709023,0.051526204784,0
494,2017-07-21,4269,3,6,20.0,22.0,440.0,1,25.6808510638,3.68085106383,7.68085106383,4.45357319119,0.143330571665,0.826493897329,0.118461842782,0.173419999988,0
495,2017-07-27,4269,3,6,30.0,22.0,660.0,1,23.198019802,1.19801980198,2.80198019802,1.55442391341,0.0516431924883,0.770716270926,0.0398022487332,0.0670067500018,0
496,2017-07-29,4269,3,6,50.0,24.0,1200.0,1,20.7274969174,3.27250308261,4.72749691739,2.62933672506,0.157882212968,1.24461163586,0.196502039357,0.126852592744,0
497,2017-07-29,4269,3,6,20.0,16.0,320.0,1,20.7274969174,4.72749691739,4.72749691739,2.62933672506,0.228078524688,1.79798078821,0.410080805591,0.126852592744,0
498,2017-07-22,4269,3,6,21.0,28.0,588.0,1,25.8606557377,2.1393442623,5.8606557377,2.70493045203,0.0827258320127,0.790905459579,0.0654283121871,0.104596359793,0
499,2017-07-27,4269,3,6,35.0,22.0,770.0,1,23.198019802,1.19801980198,2.80198019802,1.55442391341,0.0516431924883,0.770716270926,0.0398022487332,0.0670067500018,0
500,2017-07-29,4269,3,6,40.0,20.0,800.0,1,20.7274969174,0.727496917386,4.72749691739,2.62933672506,0.0350981558596,0.276684576172,0.00971111837843,0.126852592744,0
501,2017-08-08,4269,3,17,30.0,32.0,960.0,1,32.4514742015,0.451474201474,0.451474201474,0.148014006568,0.013912286347,3.05021269231,0.0424354323948,0.00456108729142,0
502,2017-08-16,4269,3,6,20.0,16.0,320.0,1,18.1890547264,2.18905472637,3.18905472637,2.36770972782,0.120350109409,0.924545226405,0.111269119152,0.130172225189,0
503,2017-07-16,4269,3,6,20.0,21.0,420.0,1,21.0806451613,0.0806451612903,1.08064516129,0.789004826364,0.00382555470543,0.102211239521,0.000391014688296,0.0374279259637,0
504,2017-07-23,4269,3,6,25.0,30.0,750.0,1,29.0147058824,0.985294117647,3.01470588235,1.49501767704,0.0339584389255,0.659051817766,0.0223803709023,0.051526204784,0
505,2017-07-27,4269,3,6,45.0,22.0,990.0,1,23.198019802,1.19801980198,2.80198019802,1.55442391341,0.0516431924883,0.770716270926,0.0398022487332,0.0670067500018,0
506,2017-08-16,4269,3,6,40.0,15.0,600.0,1,18.1890547264,3.18905472637,3.18905472637,2.36770972782,0.175328227571,1.34689429574,0.236148589598,0.130172225189,0
507,2017-08-16,4269,3,6,50.0,19.0,950.0,1,18.1890547264,0.810945273632,3.18905472637,2.36770972782,0.0445842450766,0.3425019816,0.0152701922869,0.130172225189,0
508,2017-07-23,4269,3,6,20.0,30.0,600.0,1,29.0147058824,0.985294117647,3.01470588235,1.49501767704,0.0339584389255,0.659051817766,0.0223803709023,0.051526204784,0
509,2017-07-29,4269,3,6,20.0,22.0,440.0,1,20.7274969174,1.27250308261,4.72749691739,2.62933672506,0.0613920285544,0.483963529846,0.0297115028436,0.126852592744,0
510,2017-07-29,4269,3,6,60.0,20.0,1200.0,1,20.7274969174,0.727496917386,4.72749691739,2.62933672506,0.0350981558596,0.276684576172,0.00971111837843,0.126852592744,0
511,2017-07-29,4269,3,6,55.0,22.0,1210.0,1,20.7274969174,1.27250308261,4.72749691739,2.62933672506,0.0613920285544,0.483963529846,0.0297115028436,0.126852592744,0
512,2017-07-29,4269,3,6,15.0,16.0,240.0,1,20.7274969174,4.72749691739,4.72749691739,2.62933672506,0.228078524688,1.79798078821,0.410080805591,0.126852592744,0
513,2017-07-29,4269,3,6,45.0,24.0,1080.0,1,20.7274969174,3.27250308261,4.72749691739,2.62933672506,0.157882212968,1.24461163586,0.196502039357,0.126852592744,0
514,2017-07-29,4269,3,6,69.0,16.0,1104.0,1,20.7274969174,4.72749691739,4.72749691739,2.62933672506,0.228078524688,1.79798078821,0.410080805591,0.126852592744,0
515,2017-08-02,4269,3,17,75.0,28.0,2100.0,1,21.7402597403,6.25974025974,6.25974025974,3.66415631367,0.287933094385,1.70837151144,0.491896695648,0.168542434977,0
516,2017-07-29,4269,3,6,49.0,20.0,980.0,1,20.7274969174,0.727496917386,4.72749691739,2.62933672506,0.0350981558596,0.276684576172,0.00971111837843,0.126852592744,0
517,2017-08-03,4269,3,2,150.0,18.0,2700.0,1,18.2464246425,0.246424642464,3.24642464246,1.97364396362,0.0135053659713,0.124857698251,0.00168624890921,0.108166065533,0
518,2017-08-03,4269,3,2,82.0,16.0,1312.0,1,18.2464246425,2.24642464246,3.24642464246,1.97364396362,0.123115880863,1.13821169566,0.14013193552,0.108166065533,0
519,2017-08-16,4269,3,6,15.0,16.0,240.0,1,18.1890547264,2.18905472637,3.18905472637,2.36770972782,0.120350109409,0.924545226405,0.111269119152,0.130172225189,0
520,2017-08-02,4269,3,17,29.0,26.0,754.0,1,21.7402597403,4.25974025974,6.25974025974,3.66415631367,0.195937873357,1.1625432692,0.227786255852,0.168542434977,0
521,2017-08-10,4269,3,17,49.0,26.0,1274.0,1,27.0894245723,1.08942457232,6.08942457232,3.45181406701,0.0402158624451,0.315609285775,0.0126924996231,0.127422937973,0
522,2017-08-16,4269,3,6,25.0,16.0,400.0,1,18.1890547264,2.18905472637,3.18905472637,2.36770972782,0.120350109409,0.924545226405,0.111269119152,0.130172225189,0
523,2017-08-16,4269,3,6,40.0,20.0,800.0,1,18.1890547264,1.81094527363,3.18905472637,2.36770972782,0.0995623632385,0.764851050935,0.0761503781565,0.130172225189,0
524,2017-08-18,4269,3,17,80.0,26.0,2080.0,1,29.3912568306,3.3912568306,5.3912568306,1.54987397853,0.115383185215,2.18808553313,0.252468278336,0.0527324839311,0
525,2017-06-29,4535,3,18,85.0,5.0,425.0,1,6.62101313321,1.62101313321,6.37898686679,3.2156525757,0.244828563332,0.50410083025,0.123418282045,0.485673795084,0
526,2017-07-12,4536,3,17,103.0,15.0,1545.0,1,10.7972210161,4.20277898393,4.20277898393,2.23910516275,0.389246360492,1.87699043968,0.730611697325,0.207377913208,0
527,2017-07-12,4536,3,17,152.0,15.0,2280.0,1,10.7972210161,4.20277898393,4.20277898393,2.23910516275,0.389246360492,1.87699043968,0.730611697325,0.207377913208,0
528,2017-07-11,4536,3,17,50.0,8.0,400.0,1,7.78828365879,0.211716341213,1.21171634121,0.774543440125,0.0271839535497,0.273343404959,0.00743055442355,0.099449824128,0
529,2017-07-11,4536,3,17,93.0,9.0,837.0,1,7.78828365879,1.21171634121,1.21171634121,0.774543440125,0.155581947743,1.56442657499,0.243396533638,0.099449824128,0
